2026-10-04 00:19:05.454 Thread 'MainThread': missing ScriptRunContext! This warning can be ignored when running in bare mode.
2026-10-04 00:19:05.850 Thread 'MainThread': missing ScriptRunContext! This warning can be ignored when running in bare mode.
2026-10-04 00:19:06.524 Thread 'MainThread': missing ScriptRunContext! This warning can be ignored when running in bare mode.
2026-10-04 00:19:06.598 Thread 'MainThread': missing ScriptRunContext! This warning can be ignored when running in bare mode.
test_explicit_build_switch_focus_slider_compare_zero_additional_calls (test_analogy.AnalogyAppTests.test_explicit_build_switch_focus_slider_compare_zero_additional_calls) ... 2026-10-04 00:19:06.805 Thread 'MainThread': missing ScriptRunContext! This warning can be ignored when running in bare mode.
2026-10-04 00:19:06.805 Thread 'MainThread': missing ScriptRunContext! This warning can be ignored when running in bare mode.
2026-10-04 00:19:06.805 Thread 'MainThread': missing ScriptRunContext! This warning can be ignored when running in bare mode.
2026-10-04 00:19:06.805 Thread 'MainThread': missing ScriptRunContext! This warning can be ignored when running in bare mode.
2026-10-04 00:19:06.805 Thread 'MainThread': missing ScriptRunContext! This warning can be ignored when running in bare mode.
2026-10-04 00:19:06.806 Thread 'MainThread': missing ScriptRunContext! This warning can be ignored when running in bare mode.
2026-10-04 00:19:06.806 Thread 'MainThread': missing ScriptRunContext! This warning can be ignored when running in bare mode.
2026-10-04 00:19:06.806 Thread 'MainThread': missing ScriptRunContext! This warning can be ignored when running in bare mode.
2026-10-04 00:19:08.666 Please replace `use_container_width` with `width`.

`use_container_width` will be removed after 2025-12-31.

For `use_container_width=True`, use `width='stretch'`. For `use_container_width=False`, use `width='content'`.
2026-10-04 00:19:08.863 Please replace `use_container_width` with `width`.

`use_container_width` will be removed after 2025-12-31.

For `use_container_width=True`, use `width='stretch'`. For `use_container_width=False`, use `width='content'`.
ok
test_frontend_failure_retains_static_controls_and_mappings (test_analogy.AnalogyAppTests.test_frontend_failure_retains_static_controls_and_mappings) ... 2026-10-04 00:19:10.132 Thread 'MainThread': missing ScriptRunContext! This warning can be ignored when running in bare mode.
2026-10-04 00:19:10.132 Thread 'MainThread': missing ScriptRunContext! This warning can be ignored when running in bare mode.
2026-10-04 00:19:10.132 Thread 'MainThread': missing ScriptRunContext! This warning can be ignored when running in bare mode.
2026-10-04 00:19:10.132 Thread 'MainThread': missing ScriptRunContext! This warning can be ignored when running in bare mode.
2026-10-04 00:19:10.133 Thread 'MainThread': missing ScriptRunContext! This warning can be ignored when running in bare mode.
2026-10-04 00:19:10.133 Thread 'MainThread': missing ScriptRunContext! This warning can be ignored when running in bare mode.
2026-10-04 00:19:10.133 Thread 'MainThread': missing ScriptRunContext! This warning can be ignored when running in bare mode.
2026-10-04 00:19:10.133 Thread 'MainThread': missing ScriptRunContext! This warning can be ignored when running in bare mode.
2026-10-04 00:19:11.018 Please replace `use_container_width` with `width`.

`use_container_width` will be removed after 2025-12-31.

For `use_container_width=True`, use `width='stretch'`. For `use_container_width=False`, use `width='content'`.
2026-10-04 00:19:11.235 Please replace `use_container_width` with `width`.

`use_container_width` will be removed after 2025-12-31.

For `use_container_width=True`, use `width='stretch'`. For `use_container_width=False`, use `width='content'`.
ok
test_non_electrical_and_unsuitable_views (test_analogy.AnalogyAppTests.test_non_electrical_and_unsuitable_views) ... 2026-10-04 00:19:11.242 Thread 'MainThread': missing ScriptRunContext! This warning can be ignored when running in bare mode.
2026-10-04 00:19:11.242 Thread 'MainThread': missing ScriptRunContext! This warning can be ignored when running in bare mode.
2026-10-04 00:19:11.242 Thread 'MainThread': missing ScriptRunContext! This warning can be ignored when running in bare mode.
2026-10-04 00:19:11.242 Thread 'MainThread': missing ScriptRunContext! This warning can be ignored when running in bare mode.
2026-10-04 00:19:11.242 Thread 'MainThread': missing ScriptRunContext! This warning can be ignored when running in bare mode.
2026-10-04 00:19:11.242 Thread 'MainThread': missing ScriptRunContext! This warning can be ignored when running in bare mode.
2026-10-04 00:19:11.242 Thread 'MainThread': missing ScriptRunContext! This warning can be ignored when running in bare mode.
ok
test_normal_pdf_source_analogy_source_shared_focus_no_compilers (test_analogy.AnalogyAppTests.test_normal_pdf_source_analogy_source_shared_focus_no_compilers) ... 2026-10-04 00:19:12.485 Thread 'MainThread': missing ScriptRunContext! This warning can be ignored when running in bare mode.
2026-10-04 00:19:12.486 Thread 'MainThread': missing ScriptRunContext! This warning can be ignored when running in bare mode.
2026-10-04 00:19:12.486 Thread 'MainThread': missing ScriptRunContext! This warning can be ignored when running in bare mode.
2026-10-04 00:19:12.486 Thread 'MainThread': missing ScriptRunContext! This warning can be ignored when running in bare mode.
2026-10-04 00:19:12.486 Thread 'MainThread': missing ScriptRunContext! This warning can be ignored when running in bare mode.
2026-10-04 00:19:12.486 Thread 'MainThread': missing ScriptRunContext! This warning can be ignored when running in bare mode.
2026-10-04 00:19:12.486 Thread 'MainThread': missing ScriptRunContext! This warning can be ignored when running in bare mode.
2026-10-04 00:19:12.486 Thread 'MainThread': missing ScriptRunContext! This warning can be ignored when running in bare mode.
2026-10-04 00:19:12.494 Thread 'MainThread': missing ScriptRunContext! This warning can be ignored when running in bare mode.
2026-10-04 00:19:12.494 Thread 'MainThread': missing ScriptRunContext! This warning can be ignored when running in bare mode.
2026-10-04 00:19:12.494 Thread 'MainThread': missing ScriptRunContext! This warning can be ignored when running in bare mode.
ok
test_actual_changes_fail_atomically (test_analogy.AnalogyLogicTests.test_actual_changes_fail_atomically) ... ok
test_bidirectional_shared_focus_without_shadow (test_analogy.AnalogyLogicTests.test_bidirectional_shared_focus_without_shadow) ... ok
test_binding_must_have_matching_ranges_and_semantics (test_analogy.AnalogyLogicTests.test_binding_must_have_matching_ranges_and_semantics) ... ok
test_cache_bounded_and_identity_excludes_local_values (test_analogy.AnalogyLogicTests.test_cache_bounded_and_identity_excludes_local_values) ... ok
test_compiler_one_request_cache_and_retry (test_analogy.AnalogyLogicTests.test_compiler_one_request_cache_and_retry) ... ok
test_gesture_updates_formal_and_preserves_recording (test_analogy.AnalogyLogicTests.test_gesture_updates_formal_and_preserves_recording) ... ok
test_lab_binding_uses_validated_lesson_ids_and_canonical_values (test_analogy.AnalogyLogicTests.test_lab_binding_uses_validated_lesson_ids_and_canonical_values) ... ok
test_limitations_fidelity_and_markup_required (test_analogy.AnalogyLogicTests.test_limitations_fidelity_and_markup_required) ... ok
test_local_event_stale_duplicate_and_hostile_ignore (test_analogy.AnalogyLogicTests.test_local_event_stale_duplicate_and_hostile_ignore) ... ok
test_missing_source_and_oversized_response_isolate_existing_spec (test_analogy.AnalogyLogicTests.test_missing_source_and_oversized_response_isolate_existing_spec) ... ok
test_numeric_payload_contains_no_model_expression (test_analogy.AnalogyLogicTests.test_numeric_payload_contains_no_model_expression) ... ok
test_payload_count_numeric_and_slider_bounds (test_analogy.AnalogyLogicTests.test_payload_count_numeric_and_slider_bounds) ... ok
test_phase_updates_pointer_and_wave (test_analogy.AnalogyLogicTests.test_phase_updates_pointer_and_wave) ... ok
test_provenance_pages_and_missing_formal_are_rejected (test_analogy.AnalogyLogicTests.test_provenance_pages_and_missing_formal_are_rejected) ... ok
test_queue_is_qualitative_and_uses_generic_tokens (test_analogy.AnalogyLogicTests.test_queue_is_qualitative_and_uses_generic_tokens) ... ok
test_static_fallback_and_frontend_clock_transport (test_analogy.AnalogyLogicTests.test_static_fallback_and_frontend_clock_transport) ... ok
test_three_sources_same_strict_schema_and_runtime (test_analogy.AnalogyLogicTests.test_three_sources_same_strict_schema_and_runtime) ... ok
test_unknown_duplicate_ids_and_broken_refs (test_analogy.AnalogyLogicTests.test_unknown_duplicate_ids_and_broken_refs) ... ok
test_unsafe_expressions_are_rejected (test_analogy.AnalogyLogicTests.test_unsafe_expressions_are_rejected) ... ok
test_unsuitable_is_cached_and_no_scene (test_analogy.AnalogyLogicTests.test_unsuitable_is_cached_and_no_scene) ... ok
test_unsupported_wrap_and_reserved_focus_rejected (test_analogy.AnalogyLogicTests.test_unsupported_wrap_and_reserved_focus_rejected) ... ok
test_voltage_resistance_flow_are_bidirectional_and_local (test_analogy.AnalogyLogicTests.test_voltage_resistance_flow_are_bidirectional_and_local) ... ok
test_cache_eviction_and_ambiguous_native_text (test_day14.LocalLogicTests.test_cache_eviction_and_ambiguous_native_text) ... ok
test_component_conversion_and_readonly_flags (test_day14.LocalLogicTests.test_component_conversion_and_readonly_flags) ... ok
test_conservative_text_matching_and_real_highlights (test_day14.LocalLogicTests.test_conservative_text_matching_and_real_highlights) ... ok
test_existing_inputs_page_validation_and_graph_builders (test_day14.LocalLogicTests.test_existing_inputs_page_validation_and_graph_builders) ... ok
test_inspector_reuses_existing_explanation_context_for_all_types (test_day14.LocalLogicTests.test_inspector_reuses_existing_explanation_context_for_all_types) ... ok
test_lesson_review_focused_highlights_and_priority (test_day14.LocalLogicTests.test_lesson_review_focused_highlights_and_priority) ... ok
test_material_reset_preserves_other_features_on_click (test_day14.LocalLogicTests.test_material_reset_preserves_other_features_on_click) ... ok
test_model_labels_are_escaped_in_component_html (test_day14.LocalLogicTests.test_model_labels_are_escaped_in_component_html) ... ok
test_no_new_api_sites_or_api_imports_in_navigation_modules (test_day14.LocalLogicTests.test_no_new_api_sites_or_api_imports_in_navigation_modules) ... ok
test_pdf_render_cache_source_identity_and_invalid_pages (test_day14.LocalLogicTests.test_pdf_render_cache_source_identity_and_invalid_pages) ... ok
test_quiz_queue_focused_context_retry_and_cache_regressions (test_day14.LocalLogicTests.test_quiz_queue_focused_context_retry_and_cache_regressions) ... ok
test_selection_event_and_ack_settle_without_loop (test_day14.LocalLogicTests.test_selection_event_and_ack_settle_without_loop) ... ok
test_strict_schema_and_all_fixture_types (test_day14.LocalLogicTests.test_strict_schema_and_all_fixture_types) ... ok
test_visual_refs_filter_bad_ids_types_duplicates_without_losing_lesson (test_day14.LocalLogicTests.test_visual_refs_filter_bad_ids_types_duplicates_without_losing_lesson) ... ok
test_accessible_selection_and_explicit_explanation_cache (test_day14.StreamlitInteractionTests.test_accessible_selection_and_explicit_explanation_cache) ... 2026-10-04 00:19:17.026 Thread 'MainThread': missing ScriptRunContext! This warning can be ignored when running in bare mode.
2026-10-04 00:19:17.026 Thread 'MainThread': missing ScriptRunContext! This warning can be ignored when running in bare mode.
2026-10-04 00:19:17.026 Thread 'MainThread': missing ScriptRunContext! This warning can be ignored when running in bare mode.
2026-10-04 00:19:17.026 Thread 'MainThread': missing ScriptRunContext! This warning can be ignored when running in bare mode.
2026-10-04 00:19:17.026 Thread 'MainThread': missing ScriptRunContext! This warning can be ignored when running in bare mode.
2026-10-04 00:19:17.026 Thread 'MainThread': missing ScriptRunContext! This warning can be ignored when running in bare mode.
2026-10-04 00:19:17.026 Thread 'MainThread': missing ScriptRunContext! This warning can be ignored when running in bare mode.
ok
test_comparison_direct_buttons_and_text_source (test_day14.StreamlitInteractionTests.test_comparison_direct_buttons_and_text_source) ... 2026-10-04 00:19:18.190 Thread 'MainThread': missing ScriptRunContext! This warning can be ignored when running in bare mode.
2026-10-04 00:19:18.190 Thread 'MainThread': missing ScriptRunContext! This warning can be ignored when running in bare mode.
2026-10-04 00:19:18.191 Thread 'MainThread': missing ScriptRunContext! This warning can be ignored when running in bare mode.
2026-10-04 00:19:18.191 Thread 'MainThread': missing ScriptRunContext! This warning can be ignored when running in bare mode.
2026-10-04 00:19:18.191 Thread 'MainThread': missing ScriptRunContext! This warning can be ignored when running in bare mode.
2026-10-04 00:19:18.191 Thread 'MainThread': missing ScriptRunContext! This warning can be ignored when running in bare mode.
2026-10-04 00:19:18.191 Thread 'MainThread': missing ScriptRunContext! This warning can be ignored when running in bare mode.
ok
test_component_error_graphviz_and_list_remain_usable (test_day14.StreamlitInteractionTests.test_component_error_graphviz_and_list_remain_usable) ... 2026-10-04 00:19:19.430 Thread 'MainThread': missing ScriptRunContext! This warning can be ignored when running in bare mode.
2026-10-04 00:19:19.430 Thread 'MainThread': missing ScriptRunContext! This warning can be ignored when running in bare mode.
2026-10-04 00:19:19.430 Thread 'MainThread': missing ScriptRunContext! This warning can be ignored when running in bare mode.
2026-10-04 00:19:19.430 Thread 'MainThread': missing ScriptRunContext! This warning can be ignored when running in bare mode.
2026-10-04 00:19:19.430 Thread 'MainThread': missing ScriptRunContext! This warning can be ignored when running in bare mode.
2026-10-04 00:19:19.430 Thread 'MainThread': missing ScriptRunContext! This warning can be ignored when running in bare mode.
2026-10-04 00:19:19.430 Thread 'MainThread': missing ScriptRunContext! This warning can be ignored when running in bare mode.
2026-10-04 00:19:20.032 Please replace `use_container_width` with `width`.

`use_container_width` will be removed after 2025-12-31.

For `use_container_width=True`, use `width='stretch'`. For `use_container_width=False`, use `width='content'`.
2026-10-04 00:19:20.221 Please replace `use_container_width` with `width`.

`use_container_width` will be removed after 2025-12-31.

For `use_container_width=True`, use `width='stretch'`. For `use_container_width=False`, use `width='content'`.
ok
test_focused_failure_keeps_queue_and_all_correct_needs_no_call (test_day14.StreamlitInteractionTests.test_focused_failure_keeps_queue_and_all_correct_needs_no_call) ... 2026-10-04 00:19:20.231 Thread 'MainThread': missing ScriptRunContext! This warning can be ignored when running in bare mode.
2026-10-04 00:19:20.231 Thread 'MainThread': missing ScriptRunContext! This warning can be ignored when running in bare mode.
2026-10-04 00:19:20.231 Thread 'MainThread': missing ScriptRunContext! This warning can be ignored when running in bare mode.
2026-10-04 00:19:20.231 Thread 'MainThread': missing ScriptRunContext! This warning can be ignored when running in bare mode.
2026-10-04 00:19:20.231 Thread 'MainThread': missing ScriptRunContext! This warning can be ignored when running in bare mode.
2026-10-04 00:19:20.231 Thread 'MainThread': missing ScriptRunContext! This warning can be ignored when running in bare mode.
2026-10-04 00:19:20.231 Thread 'MainThread': missing ScriptRunContext! This warning can be ignored when running in bare mode.
2026-10-04 00:19:20.848 Thread 'MainThread': missing ScriptRunContext! This warning can be ignored when running in bare mode.
2026-10-04 00:19:20.848 Thread 'MainThread': missing ScriptRunContext! This warning can be ignored when running in bare mode.
2026-10-04 00:19:20.848 Thread 'MainThread': missing ScriptRunContext! This warning can be ignored when running in bare mode.
2026-10-04 00:19:20.848 Thread 'MainThread': missing ScriptRunContext! This warning can be ignored when running in bare mode.
ok
test_knowledge_review_focused_cache_retry_and_cross_navigation (test_day14.StreamlitInteractionTests.test_knowledge_review_focused_cache_retry_and_cross_navigation) ... 2026-10-04 00:19:21.585 Thread 'MainThread': missing ScriptRunContext! This warning can be ignored when running in bare mode.
2026-10-04 00:19:21.585 Thread 'MainThread': missing ScriptRunContext! This warning can be ignored when running in bare mode.
2026-10-04 00:19:21.585 Thread 'MainThread': missing ScriptRunContext! This warning can be ignored when running in bare mode.
2026-10-04 00:19:21.585 Thread 'MainThread': missing ScriptRunContext! This warning can be ignored when running in bare mode.
2026-10-04 00:19:21.585 Thread 'MainThread': missing ScriptRunContext! This warning can be ignored when running in bare mode.
2026-10-04 00:19:21.585 Thread 'MainThread': missing ScriptRunContext! This warning can be ignored when running in bare mode.
2026-10-04 00:19:21.585 Thread 'MainThread': missing ScriptRunContext! This warning can be ignored when running in bare mode.
ok
test_missing_pdf_bytes_and_sparse_page_fallback (test_day14.StreamlitInteractionTests.test_missing_pdf_bytes_and_sparse_page_fallback) ... 2026-10-04 00:19:25.581 Thread 'MainThread': missing ScriptRunContext! This warning can be ignored when running in bare mode.
2026-10-04 00:19:25.581 Thread 'MainThread': missing ScriptRunContext! This warning can be ignored when running in bare mode.
2026-10-04 00:19:25.581 Thread 'MainThread': missing ScriptRunContext! This warning can be ignored when running in bare mode.
2026-10-04 00:19:25.581 Thread 'MainThread': missing ScriptRunContext! This warning can be ignored when running in bare mode.
2026-10-04 00:19:25.581 Thread 'MainThread': missing ScriptRunContext! This warning can be ignored when running in bare mode.
2026-10-04 00:19:25.581 Thread 'MainThread': missing ScriptRunContext! This warning can be ignored when running in bare mode.
2026-10-04 00:19:25.581 Thread 'MainThread': missing ScriptRunContext! This warning can be ignored when running in bare mode.
ok
test_new_analysis_resets_canvas_source_quiz_and_review (test_day14.StreamlitInteractionTests.test_new_analysis_resets_canvas_source_quiz_and_review) ... 2026-10-04 00:19:26.800 Thread 'MainThread': missing ScriptRunContext! This warning can be ignored when running in bare mode.
2026-10-04 00:19:26.801 Thread 'MainThread': missing ScriptRunContext! This warning can be ignored when running in bare mode.
2026-10-04 00:19:26.801 Thread 'MainThread': missing ScriptRunContext! This warning can be ignored when running in bare mode.
2026-10-04 00:19:26.801 Thread 'MainThread': missing ScriptRunContext! This warning can be ignored when running in bare mode.
2026-10-04 00:19:26.801 Thread 'MainThread': missing ScriptRunContext! This warning can be ignored when running in bare mode.
2026-10-04 00:19:26.801 Thread 'MainThread': missing ScriptRunContext! This warning can be ignored when running in bare mode.
2026-10-04 00:19:26.801 Thread 'MainThread': missing ScriptRunContext! This warning can be ignored when running in bare mode.
2026-10-04 00:19:27.869 Thread 'MainThread': missing ScriptRunContext! This warning can be ignored when running in bare mode.
ok
test_node_click_source_pages_and_lesson_navigation_are_local (test_day14.StreamlitInteractionTests.test_node_click_source_pages_and_lesson_navigation_are_local) ... 2026-10-04 00:19:28.043 Thread 'MainThread': missing ScriptRunContext! This warning can be ignored when running in bare mode.
2026-10-04 00:19:28.043 Thread 'MainThread': missing ScriptRunContext! This warning can be ignored when running in bare mode.
2026-10-04 00:19:28.044 Thread 'MainThread': missing ScriptRunContext! This warning can be ignored when running in bare mode.
2026-10-04 00:19:28.044 Thread 'MainThread': missing ScriptRunContext! This warning can be ignored when running in bare mode.
2026-10-04 00:19:28.044 Thread 'MainThread': missing ScriptRunContext! This warning can be ignored when running in bare mode.
2026-10-04 00:19:28.044 Thread 'MainThread': missing ScriptRunContext! This warning can be ignored when running in bare mode.
2026-10-04 00:19:28.044 Thread 'MainThread': missing ScriptRunContext! This warning can be ignored when running in bare mode.
ok
test_source_failure_text_fallback_does_not_clear_selection (test_day14.StreamlitInteractionTests.test_source_failure_text_fallback_does_not_clear_selection) ... 2026-10-04 00:19:29.901 Thread 'MainThread': missing ScriptRunContext! This warning can be ignored when running in bare mode.
2026-10-04 00:19:29.901 Thread 'MainThread': missing ScriptRunContext! This warning can be ignored when running in bare mode.
2026-10-04 00:19:29.901 Thread 'MainThread': missing ScriptRunContext! This warning can be ignored when running in bare mode.
2026-10-04 00:19:29.902 Thread 'MainThread': missing ScriptRunContext! This warning can be ignored when running in bare mode.
2026-10-04 00:19:29.902 Thread 'MainThread': missing ScriptRunContext! This warning can be ignored when running in bare mode.
2026-10-04 00:19:29.902 Thread 'MainThread': missing ScriptRunContext! This warning can be ignored when running in bare mode.
2026-10-04 00:19:29.902 Thread 'MainThread': missing ScriptRunContext! This warning can be ignored when running in bare mode.
ok
test_default_language_switch_and_main_prompt (test_day15.Day15InteractionTests.test_default_language_switch_and_main_prompt) ... 2026-10-04 00:19:30.924 Thread 'MainThread': missing ScriptRunContext! This warning can be ignored when running in bare mode.
ok
test_failures_stay_local_and_new_material_resets (test_day15.Day15InteractionTests.test_failures_stay_local_and_new_material_resets) ... 2026-10-04 00:19:32.246 Thread 'MainThread': missing ScriptRunContext! This warning can be ignored when running in bare mode.
2026-10-04 00:19:32.246 Thread 'MainThread': missing ScriptRunContext! This warning can be ignored when running in bare mode.
2026-10-04 00:19:32.246 Thread 'MainThread': missing ScriptRunContext! This warning can be ignored when running in bare mode.
2026-10-04 00:19:32.246 Thread 'MainThread': missing ScriptRunContext! This warning can be ignored when running in bare mode.
2026-10-04 00:19:32.246 Thread 'MainThread': missing ScriptRunContext! This warning can be ignored when running in bare mode.
2026-10-04 00:19:32.246 Thread 'MainThread': missing ScriptRunContext! This warning can be ignored when running in bare mode.
2026-10-04 00:19:32.246 Thread 'MainThread': missing ScriptRunContext! This warning can be ignored when running in bare mode.
2026-10-04 00:19:33.404 Please replace `use_container_width` with `width`.

`use_container_width` will be removed after 2025-12-31.

For `use_container_width=True`, use `width='stretch'`. For `use_container_width=False`, use `width='content'`.
2026-10-04 00:19:34.367 Thread 'MainThread': missing ScriptRunContext! This warning can be ignored when running in bare mode.
2026-10-04 00:19:34.368 Thread 'MainThread': missing ScriptRunContext! This warning can be ignored when running in bare mode.
2026-10-04 00:19:34.755 Please replace `use_container_width` with `width`.

`use_container_width` will be removed after 2025-12-31.

For `use_container_width=True`, use `width='stretch'`. For `use_container_width=False`, use `width='content'`.
ok
test_lesson_inspector_review_links_select_real_demo (test_day15.Day15InteractionTests.test_lesson_inspector_review_links_select_real_demo) ... 2026-10-04 00:19:35.299 Thread 'MainThread': missing ScriptRunContext! This warning can be ignored when running in bare mode.
2026-10-04 00:19:35.299 Thread 'MainThread': missing ScriptRunContext! This warning can be ignored when running in bare mode.
2026-10-04 00:19:35.299 Thread 'MainThread': missing ScriptRunContext! This warning can be ignored when running in bare mode.
2026-10-04 00:19:35.299 Thread 'MainThread': missing ScriptRunContext! This warning can be ignored when running in bare mode.
2026-10-04 00:19:35.299 Thread 'MainThread': missing ScriptRunContext! This warning can be ignored when running in bare mode.
2026-10-04 00:19:35.299 Thread 'MainThread': missing ScriptRunContext! This warning can be ignored when running in bare mode.
2026-10-04 00:19:35.299 Thread 'MainThread': missing ScriptRunContext! This warning can be ignored when running in bare mode.
2026-10-04 00:19:36.079 Please replace `use_container_width` with `width`.

`use_container_width` will be removed after 2025-12-31.

For `use_container_width=True`, use `width='stretch'`. For `use_container_width=False`, use `width='content'`.
2026-10-04 00:19:36.832 Please replace `use_container_width` with `width`.

`use_container_width` will be removed after 2025-12-31.

For `use_container_width=True`, use `width='stretch'`. For `use_container_width=False`, use `width='content'`.
2026-10-04 00:19:37.045 Please replace `use_container_width` with `width`.

`use_container_width` will be removed after 2025-12-31.

For `use_container_width=True`, use `width='stretch'`. For `use_container_width=False`, use `width='content'`.
2026-10-04 00:19:37.278 Please replace `use_container_width` with `width`.

`use_container_width` will be removed after 2025-12-31.

For `use_container_width=True`, use `width='stretch'`. For `use_container_width=False`, use `width='content'`.
2026-10-04 00:19:37.506 Please replace `use_container_width` with `width`.

`use_container_width` will be removed after 2025-12-31.

For `use_container_width=True`, use `width='stretch'`. For `use_container_width=False`, use `width='content'`.
2026-10-04 00:19:37.723 Please replace `use_container_width` with `width`.

`use_container_width` will be removed after 2025-12-31.

For `use_container_width=True`, use `width='stretch'`. For `use_container_width=False`, use `width='content'`.
2026-10-04 00:19:39.571 Please replace `use_container_width` with `width`.

`use_container_width` will be removed after 2025-12-31.

For `use_container_width=True`, use `width='stretch'`. For `use_container_width=False`, use `width='content'`.
2026-10-04 00:19:39.982 Please replace `use_container_width` with `width`.

`use_container_width` will be removed after 2025-12-31.

For `use_container_width=True`, use `width='stretch'`. For `use_container_width=False`, use `width='content'`.
ok
test_slider_reset_baseline_and_full_learning_state_preserved (test_day15.Day15InteractionTests.test_slider_reset_baseline_and_full_learning_state_preserved) ... 2026-10-04 00:19:39.994 Thread 'MainThread': missing ScriptRunContext! This warning can be ignored when running in bare mode.
2026-10-04 00:19:39.994 Thread 'MainThread': missing ScriptRunContext! This warning can be ignored when running in bare mode.
2026-10-04 00:19:39.994 Thread 'MainThread': missing ScriptRunContext! This warning can be ignored when running in bare mode.
2026-10-04 00:19:39.994 Thread 'MainThread': missing ScriptRunContext! This warning can be ignored when running in bare mode.
2026-10-04 00:19:39.994 Thread 'MainThread': missing ScriptRunContext! This warning can be ignored when running in bare mode.
2026-10-04 00:19:39.994 Thread 'MainThread': missing ScriptRunContext! This warning can be ignored when running in bare mode.
2026-10-04 00:19:39.994 Thread 'MainThread': missing ScriptRunContext! This warning can be ignored when running in bare mode.
2026-10-04 00:19:40.637 Please replace `use_container_width` with `width`.

`use_container_width` will be removed after 2025-12-31.

For `use_container_width=True`, use `width='stretch'`. For `use_container_width=False`, use `width='content'`.
2026-10-04 00:19:40.854 Please replace `use_container_width` with `width`.

`use_container_width` will be removed after 2025-12-31.

For `use_container_width=True`, use `width='stretch'`. For `use_container_width=False`, use `width='content'`.
2026-10-04 00:19:40.865 Thread 'MainThread': missing ScriptRunContext! This warning can be ignored when running in bare mode.
2026-10-04 00:19:40.865 Thread 'MainThread': missing ScriptRunContext! This warning can be ignored when running in bare mode.
2026-10-04 00:19:40.865 Thread 'MainThread': missing ScriptRunContext! This warning can be ignored when running in bare mode.
2026-10-04 00:19:40.865 Thread 'MainThread': missing ScriptRunContext! This warning can be ignored when running in bare mode.
2026-10-04 00:19:40.865 Thread 'MainThread': missing ScriptRunContext! This warning can be ignored when running in bare mode.
2026-10-04 00:19:40.865 Thread 'MainThread': missing ScriptRunContext! This warning can be ignored when running in bare mode.
2026-10-04 00:19:40.865 Thread 'MainThread': missing ScriptRunContext! This warning can be ignored when running in bare mode.
2026-10-04 00:19:41.069 Please replace `use_container_width` with `width`.

`use_container_width` will be removed after 2025-12-31.

For `use_container_width=True`, use `width='stretch'`. For `use_container_width=False`, use `width='content'`.
2026-10-04 00:19:41.283 Please replace `use_container_width` with `width`.

`use_container_width` will be removed after 2025-12-31.

For `use_container_width=True`, use `width='stretch'`. For `use_container_width=False`, use `width='content'`.
2026-10-04 00:19:41.498 Please replace `use_container_width` with `width`.

`use_container_width` will be removed after 2025-12-31.

For `use_container_width=True`, use `width='stretch'`. For `use_container_width=False`, use `width='content'`.
2026-10-04 00:19:41.706 Please replace `use_container_width` with `width`.

`use_container_width` will be removed after 2025-12-31.

For `use_container_width=True`, use `width='stretch'`. For `use_container_width=False`, use `width='content'`.
2026-10-04 00:19:41.923 Please replace `use_container_width` with `width`.

`use_container_width` will be removed after 2025-12-31.

For `use_container_width=True`, use `width='stretch'`. For `use_container_width=False`, use `width='content'`.
2026-10-04 00:19:42.138 Please replace `use_container_width` with `width`.

`use_container_width` will be removed after 2025-12-31.

For `use_container_width=True`, use `width='stretch'`. For `use_container_width=False`, use `width='content'`.
ok
test_source_original_and_explanation_review_language_stays_active (test_day15.Day15InteractionTests.test_source_original_and_explanation_review_language_stays_active) ... 2026-10-04 00:19:42.149 Thread 'MainThread': missing ScriptRunContext! This warning can be ignored when running in bare mode.
2026-10-04 00:19:42.149 Thread 'MainThread': missing ScriptRunContext! This warning can be ignored when running in bare mode.
2026-10-04 00:19:42.149 Thread 'MainThread': missing ScriptRunContext! This warning can be ignored when running in bare mode.
2026-10-04 00:19:42.149 Thread 'MainThread': missing ScriptRunContext! This warning can be ignored when running in bare mode.
2026-10-04 00:19:42.149 Thread 'MainThread': missing ScriptRunContext! This warning can be ignored when running in bare mode.
2026-10-04 00:19:42.149 Thread 'MainThread': missing ScriptRunContext! This warning can be ignored when running in bare mode.
2026-10-04 00:19:42.149 Thread 'MainThread': missing ScriptRunContext! This warning can be ignored when running in bare mode.
2026-10-04 00:19:42.786 Please replace `use_container_width` with `width`.

`use_container_width` will be removed after 2025-12-31.

For `use_container_width=True`, use `width='stretch'`. For `use_container_width=False`, use `width='content'`.
2026-10-04 00:19:43.008 Please replace `use_container_width` with `width`.

`use_container_width` will be removed after 2025-12-31.

For `use_container_width=True`, use `width='stretch'`. For `use_container_width=False`, use `width='content'`.
2026-10-04 00:19:43.233 Please replace `use_container_width` with `width`.

`use_container_width` will be removed after 2025-12-31.

For `use_container_width=True`, use `width='stretch'`. For `use_container_width=False`, use `width='content'`.
2026-10-04 00:19:43.459 Please replace `use_container_width` with `width`.

`use_container_width` will be removed after 2025-12-31.

For `use_container_width=True`, use `width='stretch'`. For `use_container_width=False`, use `width='content'`.
2026-10-04 00:19:43.682 Please replace `use_container_width` with `width`.

`use_container_width` will be removed after 2025-12-31.

For `use_container_width=True`, use `width='stretch'`. For `use_container_width=False`, use `width='content'`.
2026-10-04 00:19:43.692 Thread 'MainThread': missing ScriptRunContext! This warning can be ignored when running in bare mode.
2026-10-04 00:19:43.692 Thread 'MainThread': missing ScriptRunContext! This warning can be ignored when running in bare mode.
2026-10-04 00:19:43.692 Thread 'MainThread': missing ScriptRunContext! This warning can be ignored when running in bare mode.
2026-10-04 00:19:43.692 Thread 'MainThread': missing ScriptRunContext! This warning can be ignored when running in bare mode.
2026-10-04 00:19:44.296 Please replace `use_container_width` with `width`.

`use_container_width` will be removed after 2025-12-31.

For `use_container_width=True`, use `width='stretch'`. For `use_container_width=False`, use `width='content'`.
2026-10-04 00:19:44.523 Please replace `use_container_width` with `width`.

`use_container_width` will be removed after 2025-12-31.

For `use_container_width=True`, use `width='stretch'`. For `use_container_width=False`, use `width='content'`.
ok
test_language_identity_and_context_use_analysis_not_selector (test_day15.LabLogicTests.test_language_identity_and_context_use_analysis_not_selector) ... ok
test_malformed_demos_drop_independently (test_day15.LabLogicTests.test_malformed_demos_drop_independently) ... ok
test_material_spec_state_and_local_mapping (test_day15.LabLogicTests.test_material_spec_state_and_local_mapping) ... ok
test_sinusoid_amplitude_frequency_phase_period_and_fixed_baseline (test_day15.LabLogicTests.test_sinusoid_amplitude_frequency_phase_period_and_fixed_baseline) ... ok
test_strict_schema_pages_and_step_ids (test_day15.LabLogicTests.test_strict_schema_pages_and_step_ids) ... ok
test_complexity_and_numeric_limits (test_day15.SafeMathTests.test_complexity_and_numeric_limits) ... ok
test_no_dynamic_execution_or_external_calls (test_day15.SafeMathTests.test_no_dynamic_execution_or_external_calls) ... ok
test_rejects_code_and_non_math_syntax (test_day15.SafeMathTests.test_rejects_code_and_non_math_syntax) ... ok
test_valid_arithmetic_and_requested_formulas (test_day15.SafeMathTests.test_valid_arithmetic_and_requested_formulas) ... ok
test_bad_objects_drop_independently_duplicate_ids_trails_pages_and_steps (test_day16.SceneTests.test_bad_objects_drop_independently_duplicate_ids_trails_pages_and_steps) ... ok
test_cache_lru_material_language_spec_identity_and_parameter_separation (test_day16.SceneTests.test_cache_lru_material_language_spec_identity_and_parameter_separation) ... ok
test_context_is_bounded_source_honest_and_uses_analysis_language (test_day16.SceneTests.test_context_is_bounded_source_honest_and_uses_analysis_language) ... ok
test_damped_oscillation_decay_frequency_phase_amplitude_and_linked_graph (test_day16.SceneTests.test_damped_oscillation_decay_frequency_phase_amplitude_and_linked_graph) ... ok
test_html_contains_only_data_for_model_strings_no_cdn_or_autoplay (test_day16.SceneTests.test_html_contains_only_data_for_model_strings_no_cdn_or_autoplay) ... 2026-10-04 00:19:44.734 Thread 'MainThread': missing ScriptRunContext! This warning can be ignored when running in bare mode.
2026-10-04 00:19:44.734 Session state does not function when running a script without `streamlit run`
2026-10-04 00:19:44.757 Thread 'MainThread': missing ScriptRunContext! This warning can be ignored when running in bare mode.
2026-10-04 00:19:44.760 Thread 'MainThread': missing ScriptRunContext! This warning can be ignored when running in bare mode.
2026-10-04 00:19:44.762 Thread 'MainThread': missing ScriptRunContext! This warning can be ignored when running in bare mode.
2026-10-04 00:19:44.765 Thread 'MainThread': missing ScriptRunContext! This warning can be ignored when running in bare mode.
2026-10-04 00:19:44.767 Thread 'MainThread': missing ScriptRunContext! This warning can be ignored when running in bare mode.
2026-10-04 00:19:44.769 Thread 'MainThread': missing ScriptRunContext! This warning can be ignored when running in bare mode.
2026-10-04 00:19:44.771 Thread 'MainThread': missing ScriptRunContext! This warning can be ignored when running in bare mode.
2026-10-04 00:19:44.773 Thread 'MainThread': missing ScriptRunContext! This warning can be ignored when running in bare mode.
2026-10-04 00:19:44.775 Thread 'MainThread': missing ScriptRunContext! This warning can be ignored when running in bare mode.
2026-10-04 00:19:44.778 Thread 'MainThread': missing ScriptRunContext! This warning can be ignored when running in bare mode.
2026-10-04 00:19:44.780 Thread 'MainThread': missing ScriptRunContext! This warning can be ignored when running in bare mode.
2026-10-04 00:19:44.783 Thread 'MainThread': missing ScriptRunContext! This warning can be ignored when running in bare mode.
2026-10-04 00:19:44.785 Thread 'MainThread': missing ScriptRunContext! This warning can be ignored when running in bare mode.
2026-10-04 00:19:44.787 Thread 'MainThread': missing ScriptRunContext! This warning can be ignored when running in bare mode.
2026-10-04 00:19:44.789 Thread 'MainThread': missing ScriptRunContext! This warning can be ignored when running in bare mode.
2026-10-04 00:19:44.791 Thread 'MainThread': missing ScriptRunContext! This warning can be ignored when running in bare mode.
2026-10-04 00:19:44.793 Thread 'MainThread': missing ScriptRunContext! This warning can be ignored when running in bare mode.
2026-10-04 00:19:44.796 Thread 'MainThread': missing ScriptRunContext! This warning can be ignored when running in bare mode.
2026-10-04 00:19:44.798 Thread 'MainThread': missing ScriptRunContext! This warning can be ignored when running in bare mode.
2026-10-04 00:19:44.800 Thread 'MainThread': missing ScriptRunContext! This warning can be ignored when running in bare mode.
2026-10-04 00:19:44.803 Thread 'MainThread': missing ScriptRunContext! This warning can be ignored when running in bare mode.
2026-10-04 00:19:44.805 Thread 'MainThread': missing ScriptRunContext! This warning can be ignored when running in bare mode.
2026-10-04 00:19:44.807 Thread 'MainThread': missing ScriptRunContext! This warning can be ignored when running in bare mode.
2026-10-04 00:19:44.810 Thread 'MainThread': missing ScriptRunContext! This warning can be ignored when running in bare mode.
2026-10-04 00:19:44.812 Thread 'MainThread': missing ScriptRunContext! This warning can be ignored when running in bare mode.
2026-10-04 00:19:44.814 Thread 'MainThread': missing ScriptRunContext! This warning can be ignored when running in bare mode.
2026-10-04 00:19:44.817 Thread 'MainThread': missing ScriptRunContext! This warning can be ignored when running in bare mode.
2026-10-04 00:19:44.819 Thread 'MainThread': missing ScriptRunContext! This warning can be ignored when running in bare mode.
2026-10-04 00:19:44.821 Thread 'MainThread': missing ScriptRunContext! This warning can be ignored when running in bare mode.
2026-10-04 00:19:44.823 Thread 'MainThread': missing ScriptRunContext! This warning can be ignored when running in bare mode.
2026-10-04 00:19:44.826 Thread 'MainThread': missing ScriptRunContext! This warning can be ignored when running in bare mode.
2026-10-04 00:19:44.828 Thread 'MainThread': missing ScriptRunContext! This warning can be ignored when running in bare mode.
2026-10-04 00:19:44.830 Thread 'MainThread': missing ScriptRunContext! This warning can be ignored when running in bare mode.
2026-10-04 00:19:44.833 Thread 'MainThread': missing ScriptRunContext! This warning can be ignored when running in bare mode.
2026-10-04 00:19:44.835 Thread 'MainThread': missing ScriptRunContext! This warning can be ignored when running in bare mode.
2026-10-04 00:19:44.837 Thread 'MainThread': missing ScriptRunContext! This warning can be ignored when running in bare mode.
2026-10-04 00:19:44.839 Thread 'MainThread': missing ScriptRunContext! This warning can be ignored when running in bare mode.
2026-10-04 00:19:44.841 Thread 'MainThread': missing ScriptRunContext! This warning can be ignored when running in bare mode.
2026-10-04 00:19:44.844 Thread 'MainThread': missing ScriptRunContext! This warning can be ignored when running in bare mode.
2026-10-04 00:19:44.846 Thread 'MainThread': missing ScriptRunContext! This warning can be ignored when running in bare mode.
2026-10-04 00:19:44.849 Thread 'MainThread': missing ScriptRunContext! This warning can be ignored when running in bare mode.
2026-10-04 00:19:44.851 Thread 'MainThread': missing ScriptRunContext! This warning can be ignored when running in bare mode.
2026-10-04 00:19:44.853 Thread 'MainThread': missing ScriptRunContext! This warning can be ignored when running in bare mode.
2026-10-04 00:19:44.855 Thread 'MainThread': missing ScriptRunContext! This warning can be ignored when running in bare mode.
2026-10-04 00:19:44.857 Thread 'MainThread': missing ScriptRunContext! This warning can be ignored when running in bare mode.
2026-10-04 00:19:44.860 Thread 'MainThread': missing ScriptRunContext! This warning can be ignored when running in bare mode.
2026-10-04 00:19:44.862 Thread 'MainThread': missing ScriptRunContext! This warning can be ignored when running in bare mode.
2026-10-04 00:19:44.865 Thread 'MainThread': missing ScriptRunContext! This warning can be ignored when running in bare mode.
2026-10-04 00:19:44.867 Thread 'MainThread': missing ScriptRunContext! This warning can be ignored when running in bare mode.
2026-10-04 00:19:44.869 Thread 'MainThread': missing ScriptRunContext! This warning can be ignored when running in bare mode.
2026-10-04 00:19:44.872 Thread 'MainThread': missing ScriptRunContext! This warning can be ignored when running in bare mode.
2026-10-04 00:19:44.874 Thread 'MainThread': missing ScriptRunContext! This warning can be ignored when running in bare mode.
2026-10-04 00:19:44.876 Thread 'MainThread': missing ScriptRunContext! This warning can be ignored when running in bare mode.
2026-10-04 00:19:44.878 Thread 'MainThread': missing ScriptRunContext! This warning can be ignored when running in bare mode.
2026-10-04 00:19:44.881 Thread 'MainThread': missing ScriptRunContext! This warning can be ignored when running in bare mode.
2026-10-04 00:19:44.883 Thread 'MainThread': missing ScriptRunContext! This warning can be ignored when running in bare mode.
2026-10-04 00:19:44.886 Thread 'MainThread': missing ScriptRunContext! This warning can be ignored when running in bare mode.
2026-10-04 00:19:44.888 Thread 'MainThread': missing ScriptRunContext! This warning can be ignored when running in bare mode.
2026-10-04 00:19:44.890 Thread 'MainThread': missing ScriptRunContext! This warning can be ignored when running in bare mode.
2026-10-04 00:19:44.893 Thread 'MainThread': missing ScriptRunContext! This warning can be ignored when running in bare mode.
2026-10-04 00:19:44.895 Thread 'MainThread': missing ScriptRunContext! This warning can be ignored when running in bare mode.
2026-10-04 00:19:44.898 Thread 'MainThread': missing ScriptRunContext! This warning can be ignored when running in bare mode.
2026-10-04 00:19:44.900 Thread 'MainThread': missing ScriptRunContext! This warning can be ignored when running in bare mode.
2026-10-04 00:19:44.903 Thread 'MainThread': missing ScriptRunContext! This warning can be ignored when running in bare mode.
2026-10-04 00:19:44.905 Thread 'MainThread': missing ScriptRunContext! This warning can be ignored when running in bare mode.
2026-10-04 00:19:44.908 Thread 'MainThread': missing ScriptRunContext! This warning can be ignored when running in bare mode.
2026-10-04 00:19:44.910 Thread 'MainThread': missing ScriptRunContext! This warning can be ignored when running in bare mode.
2026-10-04 00:19:44.912 Thread 'MainThread': missing ScriptRunContext! This warning can be ignored when running in bare mode.
2026-10-04 00:19:44.915 Thread 'MainThread': missing ScriptRunContext! This warning can be ignored when running in bare mode.
2026-10-04 00:19:44.917 Thread 'MainThread': missing ScriptRunContext! This warning can be ignored when running in bare mode.
2026-10-04 00:19:44.920 Thread 'MainThread': missing ScriptRunContext! This warning can be ignored when running in bare mode.
2026-10-04 00:19:44.923 Thread 'MainThread': missing ScriptRunContext! This warning can be ignored when running in bare mode.
2026-10-04 00:19:44.925 Thread 'MainThread': missing ScriptRunContext! This warning can be ignored when running in bare mode.
2026-10-04 00:19:44.927 Thread 'MainThread': missing ScriptRunContext! This warning can be ignored when running in bare mode.
2026-10-04 00:19:44.930 Thread 'MainThread': missing ScriptRunContext! This warning can be ignored when running in bare mode.
2026-10-04 00:19:44.932 Thread 'MainThread': missing ScriptRunContext! This warning can be ignored when running in bare mode.
2026-10-04 00:19:44.935 Thread 'MainThread': missing ScriptRunContext! This warning can be ignored when running in bare mode.
2026-10-04 00:19:44.937 Thread 'MainThread': missing ScriptRunContext! This warning can be ignored when running in bare mode.
2026-10-04 00:19:44.940 Thread 'MainThread': missing ScriptRunContext! This warning can be ignored when running in bare mode.
2026-10-04 00:19:44.942 Thread 'MainThread': missing ScriptRunContext! This warning can be ignored when running in bare mode.
2026-10-04 00:19:44.945 Thread 'MainThread': missing ScriptRunContext! This warning can be ignored when running in bare mode.
2026-10-04 00:19:44.947 Thread 'MainThread': missing ScriptRunContext! This warning can be ignored when running in bare mode.
2026-10-04 00:19:44.950 Thread 'MainThread': missing ScriptRunContext! This warning can be ignored when running in bare mode.
2026-10-04 00:19:44.953 Thread 'MainThread': missing ScriptRunContext! This warning can be ignored when running in bare mode.
2026-10-04 00:19:44.955 Thread 'MainThread': missing ScriptRunContext! This warning can be ignored when running in bare mode.
2026-10-04 00:19:44.958 Thread 'MainThread': missing ScriptRunContext! This warning can be ignored when running in bare mode.
2026-10-04 00:19:44.960 Thread 'MainThread': missing ScriptRunContext! This warning can be ignored when running in bare mode.
2026-10-04 00:19:44.963 Thread 'MainThread': missing ScriptRunContext! This warning can be ignored when running in bare mode.
2026-10-04 00:19:44.965 Thread 'MainThread': missing ScriptRunContext! This warning can be ignored when running in bare mode.
2026-10-04 00:19:44.968 Thread 'MainThread': missing ScriptRunContext! This warning can be ignored when running in bare mode.
2026-10-04 00:19:44.970 Thread 'MainThread': missing ScriptRunContext! This warning can be ignored when running in bare mode.
2026-10-04 00:19:44.973 Thread 'MainThread': missing ScriptRunContext! This warning can be ignored when running in bare mode.
2026-10-04 00:19:44.975 Thread 'MainThread': missing ScriptRunContext! This warning can be ignored when running in bare mode.
2026-10-04 00:19:44.977 Thread 'MainThread': missing ScriptRunContext! This warning can be ignored when running in bare mode.
2026-10-04 00:19:44.980 Thread 'MainThread': missing ScriptRunContext! This warning can be ignored when running in bare mode.
2026-10-04 00:19:44.983 Thread 'MainThread': missing ScriptRunContext! This warning can be ignored when running in bare mode.
2026-10-04 00:19:44.985 Thread 'MainThread': missing ScriptRunContext! This warning can be ignored when running in bare mode.
2026-10-04 00:19:44.988 Thread 'MainThread': missing ScriptRunContext! This warning can be ignored when running in bare mode.
2026-10-04 00:19:44.990 Thread 'MainThread': missing ScriptRunContext! This warning can be ignored when running in bare mode.
2026-10-04 00:19:44.993 Thread 'MainThread': missing ScriptRunContext! This warning can be ignored when running in bare mode.
2026-10-04 00:19:44.995 Thread 'MainThread': missing ScriptRunContext! This warning can be ignored when running in bare mode.
2026-10-04 00:19:44.997 Thread 'MainThread': missing ScriptRunContext! This warning can be ignored when running in bare mode.
2026-10-04 00:19:45.000 Thread 'MainThread': missing ScriptRunContext! This warning can be ignored when running in bare mode.
2026-10-04 00:19:45.002 Thread 'MainThread': missing ScriptRunContext! This warning can be ignored when running in bare mode.
2026-10-04 00:19:45.005 Thread 'MainThread': missing ScriptRunContext! This warning can be ignored when running in bare mode.
2026-10-04 00:19:45.007 Thread 'MainThread': missing ScriptRunContext! This warning can be ignored when running in bare mode.
2026-10-04 00:19:45.010 Thread 'MainThread': missing ScriptRunContext! This warning can be ignored when running in bare mode.
2026-10-04 00:19:45.015 Thread 'MainThread': missing ScriptRunContext! This warning can be ignored when running in bare mode.
2026-10-04 00:19:45.018 Thread 'MainThread': missing ScriptRunContext! This warning can be ignored when running in bare mode.
2026-10-04 00:19:45.020 Thread 'MainThread': missing ScriptRunContext! This warning can be ignored when running in bare mode.
2026-10-04 00:19:45.022 Thread 'MainThread': missing ScriptRunContext! This warning can be ignored when running in bare mode.
2026-10-04 00:19:45.025 Thread 'MainThread': missing ScriptRunContext! This warning can be ignored when running in bare mode.
2026-10-04 00:19:45.027 Thread 'MainThread': missing ScriptRunContext! This warning can be ignored when running in bare mode.
2026-10-04 00:19:45.029 Thread 'MainThread': missing ScriptRunContext! This warning can be ignored when running in bare mode.
2026-10-04 00:19:45.032 Thread 'MainThread': missing ScriptRunContext! This warning can be ignored when running in bare mode.
2026-10-04 00:19:45.035 Thread 'MainThread': missing ScriptRunContext! This warning can be ignored when running in bare mode.
2026-10-04 00:19:45.037 Thread 'MainThread': missing ScriptRunContext! This warning can be ignored when running in bare mode.
2026-10-04 00:19:45.040 Thread 'MainThread': missing ScriptRunContext! This warning can be ignored when running in bare mode.
2026-10-04 00:19:45.042 Thread 'MainThread': missing ScriptRunContext! This warning can be ignored when running in bare mode.
2026-10-04 00:19:45.045 Thread 'MainThread': missing ScriptRunContext! This warning can be ignored when running in bare mode.
2026-10-04 00:19:45.049 Thread 'MainThread': missing ScriptRunContext! This warning can be ignored when running in bare mode.
2026-10-04 00:19:45.227 Thread 'MainThread': missing ScriptRunContext! This warning can be ignored when running in bare mode.
2026-10-04 00:19:45.227 Thread 'MainThread': missing ScriptRunContext! This warning can be ignored when running in bare mode.
2026-10-04 00:19:45.227 Thread 'MainThread': missing ScriptRunContext! This warning can be ignored when running in bare mode.
2026-10-04 00:19:45.227 Thread 'MainThread': missing ScriptRunContext! This warning can be ignored when running in bare mode.
ok
test_phasor_radius_rotation_projection_and_3d_helix (test_day16.SceneTests.test_phasor_radius_rotation_projection_and_3d_helix) ... 2026-10-04 00:19:45.436 Thread 'MainThread': missing ScriptRunContext! This warning can be ignored when running in bare mode.
2026-10-04 00:19:45.452 Thread 'MainThread': missing ScriptRunContext! This warning can be ignored when running in bare mode.
2026-10-04 00:19:45.454 Thread 'MainThread': missing ScriptRunContext! This warning can be ignored when running in bare mode.
2026-10-04 00:19:45.456 Thread 'MainThread': missing ScriptRunContext! This warning can be ignored when running in bare mode.
2026-10-04 00:19:45.457 Thread 'MainThread': missing ScriptRunContext! This warning can be ignored when running in bare mode.
2026-10-04 00:19:45.459 Thread 'MainThread': missing ScriptRunContext! This warning can be ignored when running in bare mode.
2026-10-04 00:19:45.461 Thread 'MainThread': missing ScriptRunContext! This warning can be ignored when running in bare mode.
2026-10-04 00:19:45.462 Thread 'MainThread': missing ScriptRunContext! This warning can be ignored when running in bare mode.
2026-10-04 00:19:45.465 Thread 'MainThread': missing ScriptRunContext! This warning can be ignored when running in bare mode.
2026-10-04 00:19:45.466 Thread 'MainThread': missing ScriptRunContext! This warning can be ignored when running in bare mode.
2026-10-04 00:19:45.469 Thread 'MainThread': missing ScriptRunContext! This warning can be ignored when running in bare mode.
2026-10-04 00:19:45.471 Thread 'MainThread': missing ScriptRunContext! This warning can be ignored when running in bare mode.
2026-10-04 00:19:45.473 Thread 'MainThread': missing ScriptRunContext! This warning can be ignored when running in bare mode.
2026-10-04 00:19:45.475 Thread 'MainThread': missing ScriptRunContext! This warning can be ignored when running in bare mode.
2026-10-04 00:19:45.476 Thread 'MainThread': missing ScriptRunContext! This warning can be ignored when running in bare mode.
2026-10-04 00:19:45.478 Thread 'MainThread': missing ScriptRunContext! This warning can be ignored when running in bare mode.
2026-10-04 00:19:45.481 Thread 'MainThread': missing ScriptRunContext! This warning can be ignored when running in bare mode.
2026-10-04 00:19:45.483 Thread 'MainThread': missing ScriptRunContext! This warning can be ignored when running in bare mode.
2026-10-04 00:19:45.485 Thread 'MainThread': missing ScriptRunContext! This warning can be ignored when running in bare mode.
2026-10-04 00:19:45.488 Thread 'MainThread': missing ScriptRunContext! This warning can be ignored when running in bare mode.
2026-10-04 00:19:45.490 Thread 'MainThread': missing ScriptRunContext! This warning can be ignored when running in bare mode.
2026-10-04 00:19:45.491 Thread 'MainThread': missing ScriptRunContext! This warning can be ignored when running in bare mode.
2026-10-04 00:19:45.493 Thread 'MainThread': missing ScriptRunContext! This warning can be ignored when running in bare mode.
2026-10-04 00:19:45.496 Thread 'MainThread': missing ScriptRunContext! This warning can be ignored when running in bare mode.
2026-10-04 00:19:45.498 Thread 'MainThread': missing ScriptRunContext! This warning can be ignored when running in bare mode.
2026-10-04 00:19:45.500 Thread 'MainThread': missing ScriptRunContext! This warning can be ignored when running in bare mode.
2026-10-04 00:19:45.502 Thread 'MainThread': missing ScriptRunContext! This warning can be ignored when running in bare mode.
2026-10-04 00:19:45.504 Thread 'MainThread': missing ScriptRunContext! This warning can be ignored when running in bare mode.
2026-10-04 00:19:45.506 Thread 'MainThread': missing ScriptRunContext! This warning can be ignored when running in bare mode.
2026-10-04 00:19:45.508 Thread 'MainThread': missing ScriptRunContext! This warning can be ignored when running in bare mode.
2026-10-04 00:19:45.511 Thread 'MainThread': missing ScriptRunContext! This warning can be ignored when running in bare mode.
2026-10-04 00:19:45.513 Thread 'MainThread': missing ScriptRunContext! This warning can be ignored when running in bare mode.
2026-10-04 00:19:45.515 Thread 'MainThread': missing ScriptRunContext! This warning can be ignored when running in bare mode.
2026-10-04 00:19:45.517 Thread 'MainThread': missing ScriptRunContext! This warning can be ignored when running in bare mode.
2026-10-04 00:19:45.519 Thread 'MainThread': missing ScriptRunContext! This warning can be ignored when running in bare mode.
2026-10-04 00:19:45.521 Thread 'MainThread': missing ScriptRunContext! This warning can be ignored when running in bare mode.
2026-10-04 00:19:45.523 Thread 'MainThread': missing ScriptRunContext! This warning can be ignored when running in bare mode.
2026-10-04 00:19:45.525 Thread 'MainThread': missing ScriptRunContext! This warning can be ignored when running in bare mode.
2026-10-04 00:19:45.528 Thread 'MainThread': missing ScriptRunContext! This warning can be ignored when running in bare mode.
2026-10-04 00:19:45.530 Thread 'MainThread': missing ScriptRunContext! This warning can be ignored when running in bare mode.
2026-10-04 00:19:45.532 Thread 'MainThread': missing ScriptRunContext! This warning can be ignored when running in bare mode.
2026-10-04 00:19:45.535 Thread 'MainThread': missing ScriptRunContext! This warning can be ignored when running in bare mode.
2026-10-04 00:19:45.537 Thread 'MainThread': missing ScriptRunContext! This warning can be ignored when running in bare mode.
2026-10-04 00:19:45.539 Thread 'MainThread': missing ScriptRunContext! This warning can be ignored when running in bare mode.
2026-10-04 00:19:45.541 Thread 'MainThread': missing ScriptRunContext! This warning can be ignored when running in bare mode.
2026-10-04 00:19:45.543 Thread 'MainThread': missing ScriptRunContext! This warning can be ignored when running in bare mode.
2026-10-04 00:19:45.545 Thread 'MainThread': missing ScriptRunContext! This warning can be ignored when running in bare mode.
2026-10-04 00:19:45.548 Thread 'MainThread': missing ScriptRunContext! This warning can be ignored when running in bare mode.
2026-10-04 00:19:45.550 Thread 'MainThread': missing ScriptRunContext! This warning can be ignored when running in bare mode.
2026-10-04 00:19:45.552 Thread 'MainThread': missing ScriptRunContext! This warning can be ignored when running in bare mode.
2026-10-04 00:19:45.554 Thread 'MainThread': missing ScriptRunContext! This warning can be ignored when running in bare mode.
2026-10-04 00:19:45.556 Thread 'MainThread': missing ScriptRunContext! This warning can be ignored when running in bare mode.
2026-10-04 00:19:45.558 Thread 'MainThread': missing ScriptRunContext! This warning can be ignored when running in bare mode.
2026-10-04 00:19:45.560 Thread 'MainThread': missing ScriptRunContext! This warning can be ignored when running in bare mode.
2026-10-04 00:19:45.562 Thread 'MainThread': missing ScriptRunContext! This warning can be ignored when running in bare mode.
2026-10-04 00:19:45.564 Thread 'MainThread': missing ScriptRunContext! This warning can be ignored when running in bare mode.
2026-10-04 00:19:45.566 Thread 'MainThread': missing ScriptRunContext! This warning can be ignored when running in bare mode.
2026-10-04 00:19:45.568 Thread 'MainThread': missing ScriptRunContext! This warning can be ignored when running in bare mode.
2026-10-04 00:19:45.570 Thread 'MainThread': missing ScriptRunContext! This warning can be ignored when running in bare mode.
2026-10-04 00:19:45.572 Thread 'MainThread': missing ScriptRunContext! This warning can be ignored when running in bare mode.
2026-10-04 00:19:45.574 Thread 'MainThread': missing ScriptRunContext! This warning can be ignored when running in bare mode.
2026-10-04 00:19:45.576 Thread 'MainThread': missing ScriptRunContext! This warning can be ignored when running in bare mode.
2026-10-04 00:19:45.578 Thread 'MainThread': missing ScriptRunContext! This warning can be ignored when running in bare mode.
2026-10-04 00:19:45.581 Thread 'MainThread': missing ScriptRunContext! This warning can be ignored when running in bare mode.
2026-10-04 00:19:45.583 Thread 'MainThread': missing ScriptRunContext! This warning can be ignored when running in bare mode.
2026-10-04 00:19:45.585 Thread 'MainThread': missing ScriptRunContext! This warning can be ignored when running in bare mode.
2026-10-04 00:19:45.587 Thread 'MainThread': missing ScriptRunContext! This warning can be ignored when running in bare mode.
2026-10-04 00:19:45.589 Thread 'MainThread': missing ScriptRunContext! This warning can be ignored when running in bare mode.
2026-10-04 00:19:45.591 Thread 'MainThread': missing ScriptRunContext! This warning can be ignored when running in bare mode.
2026-10-04 00:19:45.593 Thread 'MainThread': missing ScriptRunContext! This warning can be ignored when running in bare mode.
2026-10-04 00:19:45.595 Thread 'MainThread': missing ScriptRunContext! This warning can be ignored when running in bare mode.
2026-10-04 00:19:45.597 Thread 'MainThread': missing ScriptRunContext! This warning can be ignored when running in bare mode.
2026-10-04 00:19:45.599 Thread 'MainThread': missing ScriptRunContext! This warning can be ignored when running in bare mode.
2026-10-04 00:19:45.602 Thread 'MainThread': missing ScriptRunContext! This warning can be ignored when running in bare mode.
2026-10-04 00:19:45.605 Thread 'MainThread': missing ScriptRunContext! This warning can be ignored when running in bare mode.
2026-10-04 00:19:45.607 Thread 'MainThread': missing ScriptRunContext! This warning can be ignored when running in bare mode.
2026-10-04 00:19:45.609 Thread 'MainThread': missing ScriptRunContext! This warning can be ignored when running in bare mode.
2026-10-04 00:19:45.611 Thread 'MainThread': missing ScriptRunContext! This warning can be ignored when running in bare mode.
2026-10-04 00:19:45.613 Thread 'MainThread': missing ScriptRunContext! This warning can be ignored when running in bare mode.
2026-10-04 00:19:45.615 Thread 'MainThread': missing ScriptRunContext! This warning can be ignored when running in bare mode.
2026-10-04 00:19:45.617 Thread 'MainThread': missing ScriptRunContext! This warning can be ignored when running in bare mode.
2026-10-04 00:19:45.620 Thread 'MainThread': missing ScriptRunContext! This warning can be ignored when running in bare mode.
2026-10-04 00:19:45.622 Thread 'MainThread': missing ScriptRunContext! This warning can be ignored when running in bare mode.
2026-10-04 00:19:45.624 Thread 'MainThread': missing ScriptRunContext! This warning can be ignored when running in bare mode.
2026-10-04 00:19:45.626 Thread 'MainThread': missing ScriptRunContext! This warning can be ignored when running in bare mode.
2026-10-04 00:19:45.628 Thread 'MainThread': missing ScriptRunContext! This warning can be ignored when running in bare mode.
2026-10-04 00:19:45.631 Thread 'MainThread': missing ScriptRunContext! This warning can be ignored when running in bare mode.
2026-10-04 00:19:45.633 Thread 'MainThread': missing ScriptRunContext! This warning can be ignored when running in bare mode.
2026-10-04 00:19:45.635 Thread 'MainThread': missing ScriptRunContext! This warning can be ignored when running in bare mode.
2026-10-04 00:19:45.638 Thread 'MainThread': missing ScriptRunContext! This warning can be ignored when running in bare mode.
2026-10-04 00:19:45.640 Thread 'MainThread': missing ScriptRunContext! This warning can be ignored when running in bare mode.
2026-10-04 00:19:45.642 Thread 'MainThread': missing ScriptRunContext! This warning can be ignored when running in bare mode.
2026-10-04 00:19:45.644 Thread 'MainThread': missing ScriptRunContext! This warning can be ignored when running in bare mode.
2026-10-04 00:19:45.647 Thread 'MainThread': missing ScriptRunContext! This warning can be ignored when running in bare mode.
2026-10-04 00:19:45.649 Thread 'MainThread': missing ScriptRunContext! This warning can be ignored when running in bare mode.
2026-10-04 00:19:45.651 Thread 'MainThread': missing ScriptRunContext! This warning can be ignored when running in bare mode.
2026-10-04 00:19:45.653 Thread 'MainThread': missing ScriptRunContext! This warning can be ignored when running in bare mode.
2026-10-04 00:19:45.655 Thread 'MainThread': missing ScriptRunContext! This warning can be ignored when running in bare mode.
2026-10-04 00:19:45.658 Thread 'MainThread': missing ScriptRunContext! This warning can be ignored when running in bare mode.
2026-10-04 00:19:45.660 Thread 'MainThread': missing ScriptRunContext! This warning can be ignored when running in bare mode.
2026-10-04 00:19:45.662 Thread 'MainThread': missing ScriptRunContext! This warning can be ignored when running in bare mode.
2026-10-04 00:19:45.664 Thread 'MainThread': missing ScriptRunContext! This warning can be ignored when running in bare mode.
2026-10-04 00:19:45.667 Thread 'MainThread': missing ScriptRunContext! This warning can be ignored when running in bare mode.
2026-10-04 00:19:45.669 Thread 'MainThread': missing ScriptRunContext! This warning can be ignored when running in bare mode.
2026-10-04 00:19:45.671 Thread 'MainThread': missing ScriptRunContext! This warning can be ignored when running in bare mode.
2026-10-04 00:19:45.673 Thread 'MainThread': missing ScriptRunContext! This warning can be ignored when running in bare mode.
2026-10-04 00:19:45.676 Thread 'MainThread': missing ScriptRunContext! This warning can be ignored when running in bare mode.
2026-10-04 00:19:45.678 Thread 'MainThread': missing ScriptRunContext! This warning can be ignored when running in bare mode.
2026-10-04 00:19:45.680 Thread 'MainThread': missing ScriptRunContext! This warning can be ignored when running in bare mode.
2026-10-04 00:19:45.683 Thread 'MainThread': missing ScriptRunContext! This warning can be ignored when running in bare mode.
2026-10-04 00:19:45.685 Thread 'MainThread': missing ScriptRunContext! This warning can be ignored when running in bare mode.
2026-10-04 00:19:45.687 Thread 'MainThread': missing ScriptRunContext! This warning can be ignored when running in bare mode.
2026-10-04 00:19:45.689 Thread 'MainThread': missing ScriptRunContext! This warning can be ignored when running in bare mode.
2026-10-04 00:19:45.691 Thread 'MainThread': missing ScriptRunContext! This warning can be ignored when running in bare mode.
2026-10-04 00:19:45.693 Thread 'MainThread': missing ScriptRunContext! This warning can be ignored when running in bare mode.
2026-10-04 00:19:45.695 Thread 'MainThread': missing ScriptRunContext! This warning can be ignored when running in bare mode.
2026-10-04 00:19:45.700 Thread 'MainThread': missing ScriptRunContext! This warning can be ignored when running in bare mode.
2026-10-04 00:19:45.703 Thread 'MainThread': missing ScriptRunContext! This warning can be ignored when running in bare mode.
2026-10-04 00:19:45.705 Thread 'MainThread': missing ScriptRunContext! This warning can be ignored when running in bare mode.
2026-10-04 00:19:45.707 Thread 'MainThread': missing ScriptRunContext! This warning can be ignored when running in bare mode.
2026-10-04 00:19:45.709 Thread 'MainThread': missing ScriptRunContext! This warning can be ignored when running in bare mode.
2026-10-04 00:19:45.712 Thread 'MainThread': missing ScriptRunContext! This warning can be ignored when running in bare mode.
2026-10-04 00:19:45.862 Thread 'MainThread': missing ScriptRunContext! This warning can be ignored when running in bare mode.
2026-10-04 00:19:45.862 Thread 'MainThread': missing ScriptRunContext! This warning can be ignored when running in bare mode.
2026-10-04 00:19:45.863 Thread 'MainThread': missing ScriptRunContext! This warning can be ignored when running in bare mode.
2026-10-04 00:19:45.863 Thread 'MainThread': missing ScriptRunContext! This warning can be ignored when running in bare mode.
ok
test_plotly_clock_trail_metrics_speed_and_static_primitives (test_day16.SceneTests.test_plotly_clock_trail_metrics_speed_and_static_primitives) ... 2026-10-04 00:19:45.961 Thread 'MainThread': missing ScriptRunContext! This warning can be ignored when running in bare mode.
2026-10-04 00:19:45.976 Thread 'MainThread': missing ScriptRunContext! This warning can be ignored when running in bare mode.
2026-10-04 00:19:45.978 Thread 'MainThread': missing ScriptRunContext! This warning can be ignored when running in bare mode.
2026-10-04 00:19:45.980 Thread 'MainThread': missing ScriptRunContext! This warning can be ignored when running in bare mode.
2026-10-04 00:19:45.982 Thread 'MainThread': missing ScriptRunContext! This warning can be ignored when running in bare mode.
2026-10-04 00:19:45.984 Thread 'MainThread': missing ScriptRunContext! This warning can be ignored when running in bare mode.
2026-10-04 00:19:45.986 Thread 'MainThread': missing ScriptRunContext! This warning can be ignored when running in bare mode.
2026-10-04 00:19:45.988 Thread 'MainThread': missing ScriptRunContext! This warning can be ignored when running in bare mode.
2026-10-04 00:19:45.991 Thread 'MainThread': missing ScriptRunContext! This warning can be ignored when running in bare mode.
2026-10-04 00:19:45.992 Thread 'MainThread': missing ScriptRunContext! This warning can be ignored when running in bare mode.
2026-10-04 00:19:45.995 Thread 'MainThread': missing ScriptRunContext! This warning can be ignored when running in bare mode.
2026-10-04 00:19:45.997 Thread 'MainThread': missing ScriptRunContext! This warning can be ignored when running in bare mode.
2026-10-04 00:19:45.999 Thread 'MainThread': missing ScriptRunContext! This warning can be ignored when running in bare mode.
2026-10-04 00:19:46.001 Thread 'MainThread': missing ScriptRunContext! This warning can be ignored when running in bare mode.
2026-10-04 00:19:46.003 Thread 'MainThread': missing ScriptRunContext! This warning can be ignored when running in bare mode.
2026-10-04 00:19:46.005 Thread 'MainThread': missing ScriptRunContext! This warning can be ignored when running in bare mode.
2026-10-04 00:19:46.007 Thread 'MainThread': missing ScriptRunContext! This warning can be ignored when running in bare mode.
2026-10-04 00:19:46.010 Thread 'MainThread': missing ScriptRunContext! This warning can be ignored when running in bare mode.
2026-10-04 00:19:46.012 Thread 'MainThread': missing ScriptRunContext! This warning can be ignored when running in bare mode.
2026-10-04 00:19:46.014 Thread 'MainThread': missing ScriptRunContext! This warning can be ignored when running in bare mode.
2026-10-04 00:19:46.017 Thread 'MainThread': missing ScriptRunContext! This warning can be ignored when running in bare mode.
2026-10-04 00:19:46.021 Thread 'MainThread': missing ScriptRunContext! This warning can be ignored when running in bare mode.
2026-10-04 00:19:46.024 Thread 'MainThread': missing ScriptRunContext! This warning can be ignored when running in bare mode.
2026-10-04 00:19:46.026 Thread 'MainThread': missing ScriptRunContext! This warning can be ignored when running in bare mode.
2026-10-04 00:19:46.028 Thread 'MainThread': missing ScriptRunContext! This warning can be ignored when running in bare mode.
2026-10-04 00:19:46.030 Thread 'MainThread': missing ScriptRunContext! This warning can be ignored when running in bare mode.
2026-10-04 00:19:46.032 Thread 'MainThread': missing ScriptRunContext! This warning can be ignored when running in bare mode.
2026-10-04 00:19:46.036 Thread 'MainThread': missing ScriptRunContext! This warning can be ignored when running in bare mode.
2026-10-04 00:19:46.038 Thread 'MainThread': missing ScriptRunContext! This warning can be ignored when running in bare mode.
2026-10-04 00:19:46.040 Thread 'MainThread': missing ScriptRunContext! This warning can be ignored when running in bare mode.
2026-10-04 00:19:46.042 Thread 'MainThread': missing ScriptRunContext! This warning can be ignored when running in bare mode.
2026-10-04 00:19:46.044 Thread 'MainThread': missing ScriptRunContext! This warning can be ignored when running in bare mode.
2026-10-04 00:19:46.047 Thread 'MainThread': missing ScriptRunContext! This warning can be ignored when running in bare mode.
2026-10-04 00:19:46.049 Thread 'MainThread': missing ScriptRunContext! This warning can be ignored when running in bare mode.
2026-10-04 00:19:46.052 Thread 'MainThread': missing ScriptRunContext! This warning can be ignored when running in bare mode.
2026-10-04 00:19:46.054 Thread 'MainThread': missing ScriptRunContext! This warning can be ignored when running in bare mode.
2026-10-04 00:19:46.057 Thread 'MainThread': missing ScriptRunContext! This warning can be ignored when running in bare mode.
2026-10-04 00:19:46.059 Thread 'MainThread': missing ScriptRunContext! This warning can be ignored when running in bare mode.
2026-10-04 00:19:46.062 Thread 'MainThread': missing ScriptRunContext! This warning can be ignored when running in bare mode.
2026-10-04 00:19:46.064 Thread 'MainThread': missing ScriptRunContext! This warning can be ignored when running in bare mode.
2026-10-04 00:19:46.066 Thread 'MainThread': missing ScriptRunContext! This warning can be ignored when running in bare mode.
2026-10-04 00:19:46.069 Thread 'MainThread': missing ScriptRunContext! This warning can be ignored when running in bare mode.
2026-10-04 00:19:46.071 Thread 'MainThread': missing ScriptRunContext! This warning can be ignored when running in bare mode.
2026-10-04 00:19:46.073 Thread 'MainThread': missing ScriptRunContext! This warning can be ignored when running in bare mode.
2026-10-04 00:19:46.075 Thread 'MainThread': missing ScriptRunContext! This warning can be ignored when running in bare mode.
2026-10-04 00:19:46.078 Thread 'MainThread': missing ScriptRunContext! This warning can be ignored when running in bare mode.
2026-10-04 00:19:46.080 Thread 'MainThread': missing ScriptRunContext! This warning can be ignored when running in bare mode.
2026-10-04 00:19:46.083 Thread 'MainThread': missing ScriptRunContext! This warning can be ignored when running in bare mode.
2026-10-04 00:19:46.085 Thread 'MainThread': missing ScriptRunContext! This warning can be ignored when running in bare mode.
2026-10-04 00:19:46.087 Thread 'MainThread': missing ScriptRunContext! This warning can be ignored when running in bare mode.
2026-10-04 00:19:46.089 Thread 'MainThread': missing ScriptRunContext! This warning can be ignored when running in bare mode.
2026-10-04 00:19:46.092 Thread 'MainThread': missing ScriptRunContext! This warning can be ignored when running in bare mode.
2026-10-04 00:19:46.094 Thread 'MainThread': missing ScriptRunContext! This warning can be ignored when running in bare mode.
2026-10-04 00:19:46.096 Thread 'MainThread': missing ScriptRunContext! This warning can be ignored when running in bare mode.
2026-10-04 00:19:46.099 Thread 'MainThread': missing ScriptRunContext! This warning can be ignored when running in bare mode.
2026-10-04 00:19:46.101 Thread 'MainThread': missing ScriptRunContext! This warning can be ignored when running in bare mode.
2026-10-04 00:19:46.104 Thread 'MainThread': missing ScriptRunContext! This warning can be ignored when running in bare mode.
2026-10-04 00:19:46.107 Thread 'MainThread': missing ScriptRunContext! This warning can be ignored when running in bare mode.
2026-10-04 00:19:46.110 Thread 'MainThread': missing ScriptRunContext! This warning can be ignored when running in bare mode.
2026-10-04 00:19:46.112 Thread 'MainThread': missing ScriptRunContext! This warning can be ignored when running in bare mode.
2026-10-04 00:19:46.114 Thread 'MainThread': missing ScriptRunContext! This warning can be ignored when running in bare mode.
2026-10-04 00:19:46.117 Thread 'MainThread': missing ScriptRunContext! This warning can be ignored when running in bare mode.
2026-10-04 00:19:46.119 Thread 'MainThread': missing ScriptRunContext! This warning can be ignored when running in bare mode.
2026-10-04 00:19:46.122 Thread 'MainThread': missing ScriptRunContext! This warning can be ignored when running in bare mode.
2026-10-04 00:19:46.124 Thread 'MainThread': missing ScriptRunContext! This warning can be ignored when running in bare mode.
2026-10-04 00:19:46.126 Thread 'MainThread': missing ScriptRunContext! This warning can be ignored when running in bare mode.
2026-10-04 00:19:46.129 Thread 'MainThread': missing ScriptRunContext! This warning can be ignored when running in bare mode.
2026-10-04 00:19:46.131 Thread 'MainThread': missing ScriptRunContext! This warning can be ignored when running in bare mode.
2026-10-04 00:19:46.134 Thread 'MainThread': missing ScriptRunContext! This warning can be ignored when running in bare mode.
2026-10-04 00:19:46.136 Thread 'MainThread': missing ScriptRunContext! This warning can be ignored when running in bare mode.
2026-10-04 00:19:46.139 Thread 'MainThread': missing ScriptRunContext! This warning can be ignored when running in bare mode.
2026-10-04 00:19:46.141 Thread 'MainThread': missing ScriptRunContext! This warning can be ignored when running in bare mode.
2026-10-04 00:19:46.143 Thread 'MainThread': missing ScriptRunContext! This warning can be ignored when running in bare mode.
2026-10-04 00:19:46.146 Thread 'MainThread': missing ScriptRunContext! This warning can be ignored when running in bare mode.
2026-10-04 00:19:46.148 Thread 'MainThread': missing ScriptRunContext! This warning can be ignored when running in bare mode.
2026-10-04 00:19:46.151 Thread 'MainThread': missing ScriptRunContext! This warning can be ignored when running in bare mode.
2026-10-04 00:19:46.153 Thread 'MainThread': missing ScriptRunContext! This warning can be ignored when running in bare mode.
2026-10-04 00:19:46.156 Thread 'MainThread': missing ScriptRunContext! This warning can be ignored when running in bare mode.
2026-10-04 00:19:46.159 Thread 'MainThread': missing ScriptRunContext! This warning can be ignored when running in bare mode.
2026-10-04 00:19:46.161 Thread 'MainThread': missing ScriptRunContext! This warning can be ignored when running in bare mode.
2026-10-04 00:19:46.164 Thread 'MainThread': missing ScriptRunContext! This warning can be ignored when running in bare mode.
2026-10-04 00:19:46.166 Thread 'MainThread': missing ScriptRunContext! This warning can be ignored when running in bare mode.
2026-10-04 00:19:46.169 Thread 'MainThread': missing ScriptRunContext! This warning can be ignored when running in bare mode.
2026-10-04 00:19:46.171 Thread 'MainThread': missing ScriptRunContext! This warning can be ignored when running in bare mode.
2026-10-04 00:19:46.174 Thread 'MainThread': missing ScriptRunContext! This warning can be ignored when running in bare mode.
2026-10-04 00:19:46.176 Thread 'MainThread': missing ScriptRunContext! This warning can be ignored when running in bare mode.
2026-10-04 00:19:46.179 Thread 'MainThread': missing ScriptRunContext! This warning can be ignored when running in bare mode.
2026-10-04 00:19:46.181 Thread 'MainThread': missing ScriptRunContext! This warning can be ignored when running in bare mode.
2026-10-04 00:19:46.184 Thread 'MainThread': missing ScriptRunContext! This warning can be ignored when running in bare mode.
2026-10-04 00:19:46.186 Thread 'MainThread': missing ScriptRunContext! This warning can be ignored when running in bare mode.
2026-10-04 00:19:46.189 Thread 'MainThread': missing ScriptRunContext! This warning can be ignored when running in bare mode.
2026-10-04 00:19:46.191 Thread 'MainThread': missing ScriptRunContext! This warning can be ignored when running in bare mode.
2026-10-04 00:19:46.194 Thread 'MainThread': missing ScriptRunContext! This warning can be ignored when running in bare mode.
2026-10-04 00:19:46.196 Thread 'MainThread': missing ScriptRunContext! This warning can be ignored when running in bare mode.
2026-10-04 00:19:46.200 Thread 'MainThread': missing ScriptRunContext! This warning can be ignored when running in bare mode.
2026-10-04 00:19:46.202 Thread 'MainThread': missing ScriptRunContext! This warning can be ignored when running in bare mode.
2026-10-04 00:19:46.204 Thread 'MainThread': missing ScriptRunContext! This warning can be ignored when running in bare mode.
2026-10-04 00:19:46.207 Thread 'MainThread': missing ScriptRunContext! This warning can be ignored when running in bare mode.
2026-10-04 00:19:46.209 Thread 'MainThread': missing ScriptRunContext! This warning can be ignored when running in bare mode.
2026-10-04 00:19:46.212 Thread 'MainThread': missing ScriptRunContext! This warning can be ignored when running in bare mode.
2026-10-04 00:19:46.215 Thread 'MainThread': missing ScriptRunContext! This warning can be ignored when running in bare mode.
2026-10-04 00:19:46.217 Thread 'MainThread': missing ScriptRunContext! This warning can be ignored when running in bare mode.
2026-10-04 00:19:46.219 Thread 'MainThread': missing ScriptRunContext! This warning can be ignored when running in bare mode.
2026-10-04 00:19:46.222 Thread 'MainThread': missing ScriptRunContext! This warning can be ignored when running in bare mode.
2026-10-04 00:19:46.224 Thread 'MainThread': missing ScriptRunContext! This warning can be ignored when running in bare mode.
2026-10-04 00:19:46.227 Thread 'MainThread': missing ScriptRunContext! This warning can be ignored when running in bare mode.
2026-10-04 00:19:46.230 Thread 'MainThread': missing ScriptRunContext! This warning can be ignored when running in bare mode.
2026-10-04 00:19:46.232 Thread 'MainThread': missing ScriptRunContext! This warning can be ignored when running in bare mode.
2026-10-04 00:19:46.235 Thread 'MainThread': missing ScriptRunContext! This warning can be ignored when running in bare mode.
2026-10-04 00:19:46.237 Thread 'MainThread': missing ScriptRunContext! This warning can be ignored when running in bare mode.
2026-10-04 00:19:46.239 Thread 'MainThread': missing ScriptRunContext! This warning can be ignored when running in bare mode.
2026-10-04 00:19:46.242 Thread 'MainThread': missing ScriptRunContext! This warning can be ignored when running in bare mode.
2026-10-04 00:19:46.244 Thread 'MainThread': missing ScriptRunContext! This warning can be ignored when running in bare mode.
2026-10-04 00:19:46.247 Thread 'MainThread': missing ScriptRunContext! This warning can be ignored when running in bare mode.
2026-10-04 00:19:46.249 Thread 'MainThread': missing ScriptRunContext! This warning can be ignored when running in bare mode.
2026-10-04 00:19:46.252 Thread 'MainThread': missing ScriptRunContext! This warning can be ignored when running in bare mode.
2026-10-04 00:19:46.254 Thread 'MainThread': missing ScriptRunContext! This warning can be ignored when running in bare mode.
2026-10-04 00:19:46.256 Thread 'MainThread': missing ScriptRunContext! This warning can be ignored when running in bare mode.
2026-10-04 00:19:46.260 Thread 'MainThread': missing ScriptRunContext! This warning can be ignored when running in bare mode.
2026-10-04 00:19:46.262 Thread 'MainThread': missing ScriptRunContext! This warning can be ignored when running in bare mode.
2026-10-04 00:19:46.265 Thread 'MainThread': missing ScriptRunContext! This warning can be ignored when running in bare mode.
2026-10-04 00:19:46.268 Thread 'MainThread': missing ScriptRunContext! This warning can be ignored when running in bare mode.
2026-10-04 00:19:46.629 Thread 'MainThread': missing ScriptRunContext! This warning can be ignored when running in bare mode.
2026-10-04 00:19:46.629 Thread 'MainThread': missing ScriptRunContext! This warning can be ignored when running in bare mode.
2026-10-04 00:19:46.629 Thread 'MainThread': missing ScriptRunContext! This warning can be ignored when running in bare mode.
2026-10-04 00:19:46.629 Thread 'MainThread': missing ScriptRunContext! This warning can be ignored when running in bare mode.
2026-10-04 00:19:46.751 Thread 'MainThread': missing ScriptRunContext! This warning can be ignored when running in bare mode.
2026-10-04 00:19:46.765 Thread 'MainThread': missing ScriptRunContext! This warning can be ignored when running in bare mode.
2026-10-04 00:19:46.767 Thread 'MainThread': missing ScriptRunContext! This warning can be ignored when running in bare mode.
2026-10-04 00:19:46.768 Thread 'MainThread': missing ScriptRunContext! This warning can be ignored when running in bare mode.
2026-10-04 00:19:46.770 Thread 'MainThread': missing ScriptRunContext! This warning can be ignored when running in bare mode.
2026-10-04 00:19:46.771 Thread 'MainThread': missing ScriptRunContext! This warning can be ignored when running in bare mode.
2026-10-04 00:19:46.772 Thread 'MainThread': missing ScriptRunContext! This warning can be ignored when running in bare mode.
2026-10-04 00:19:46.774 Thread 'MainThread': missing ScriptRunContext! This warning can be ignored when running in bare mode.
2026-10-04 00:19:46.775 Thread 'MainThread': missing ScriptRunContext! This warning can be ignored when running in bare mode.
2026-10-04 00:19:46.776 Thread 'MainThread': missing ScriptRunContext! This warning can be ignored when running in bare mode.
2026-10-04 00:19:46.778 Thread 'MainThread': missing ScriptRunContext! This warning can be ignored when running in bare mode.
2026-10-04 00:19:46.779 Thread 'MainThread': missing ScriptRunContext! This warning can be ignored when running in bare mode.
2026-10-04 00:19:46.781 Thread 'MainThread': missing ScriptRunContext! This warning can be ignored when running in bare mode.
2026-10-04 00:19:46.782 Thread 'MainThread': missing ScriptRunContext! This warning can be ignored when running in bare mode.
2026-10-04 00:19:46.784 Thread 'MainThread': missing ScriptRunContext! This warning can be ignored when running in bare mode.
2026-10-04 00:19:46.785 Thread 'MainThread': missing ScriptRunContext! This warning can be ignored when running in bare mode.
2026-10-04 00:19:46.787 Thread 'MainThread': missing ScriptRunContext! This warning can be ignored when running in bare mode.
2026-10-04 00:19:46.788 Thread 'MainThread': missing ScriptRunContext! This warning can be ignored when running in bare mode.
2026-10-04 00:19:46.789 Thread 'MainThread': missing ScriptRunContext! This warning can be ignored when running in bare mode.
2026-10-04 00:19:46.791 Thread 'MainThread': missing ScriptRunContext! This warning can be ignored when running in bare mode.
2026-10-04 00:19:46.792 Thread 'MainThread': missing ScriptRunContext! This warning can be ignored when running in bare mode.
2026-10-04 00:19:46.793 Thread 'MainThread': missing ScriptRunContext! This warning can be ignored when running in bare mode.
2026-10-04 00:19:46.795 Thread 'MainThread': missing ScriptRunContext! This warning can be ignored when running in bare mode.
2026-10-04 00:19:46.796 Thread 'MainThread': missing ScriptRunContext! This warning can be ignored when running in bare mode.
2026-10-04 00:19:46.798 Thread 'MainThread': missing ScriptRunContext! This warning can be ignored when running in bare mode.
2026-10-04 00:19:46.799 Thread 'MainThread': missing ScriptRunContext! This warning can be ignored when running in bare mode.
2026-10-04 00:19:46.801 Thread 'MainThread': missing ScriptRunContext! This warning can be ignored when running in bare mode.
2026-10-04 00:19:46.803 Thread 'MainThread': missing ScriptRunContext! This warning can be ignored when running in bare mode.
2026-10-04 00:19:46.804 Thread 'MainThread': missing ScriptRunContext! This warning can be ignored when running in bare mode.
2026-10-04 00:19:46.806 Thread 'MainThread': missing ScriptRunContext! This warning can be ignored when running in bare mode.
2026-10-04 00:19:46.807 Thread 'MainThread': missing ScriptRunContext! This warning can be ignored when running in bare mode.
2026-10-04 00:19:46.809 Thread 'MainThread': missing ScriptRunContext! This warning can be ignored when running in bare mode.
2026-10-04 00:19:46.810 Thread 'MainThread': missing ScriptRunContext! This warning can be ignored when running in bare mode.
2026-10-04 00:19:46.811 Thread 'MainThread': missing ScriptRunContext! This warning can be ignored when running in bare mode.
2026-10-04 00:19:46.813 Thread 'MainThread': missing ScriptRunContext! This warning can be ignored when running in bare mode.
2026-10-04 00:19:46.814 Thread 'MainThread': missing ScriptRunContext! This warning can be ignored when running in bare mode.
2026-10-04 00:19:46.816 Thread 'MainThread': missing ScriptRunContext! This warning can be ignored when running in bare mode.
2026-10-04 00:19:46.817 Thread 'MainThread': missing ScriptRunContext! This warning can be ignored when running in bare mode.
2026-10-04 00:19:46.819 Thread 'MainThread': missing ScriptRunContext! This warning can be ignored when running in bare mode.
2026-10-04 00:19:46.820 Thread 'MainThread': missing ScriptRunContext! This warning can be ignored when running in bare mode.
2026-10-04 00:19:46.822 Thread 'MainThread': missing ScriptRunContext! This warning can be ignored when running in bare mode.
2026-10-04 00:19:46.823 Thread 'MainThread': missing ScriptRunContext! This warning can be ignored when running in bare mode.
2026-10-04 00:19:46.824 Thread 'MainThread': missing ScriptRunContext! This warning can be ignored when running in bare mode.
2026-10-04 00:19:46.826 Thread 'MainThread': missing ScriptRunContext! This warning can be ignored when running in bare mode.
2026-10-04 00:19:46.827 Thread 'MainThread': missing ScriptRunContext! This warning can be ignored when running in bare mode.
2026-10-04 00:19:46.828 Thread 'MainThread': missing ScriptRunContext! This warning can be ignored when running in bare mode.
2026-10-04 00:19:46.830 Thread 'MainThread': missing ScriptRunContext! This warning can be ignored when running in bare mode.
2026-10-04 00:19:46.832 Thread 'MainThread': missing ScriptRunContext! This warning can be ignored when running in bare mode.
2026-10-04 00:19:46.834 Thread 'MainThread': missing ScriptRunContext! This warning can be ignored when running in bare mode.
2026-10-04 00:19:46.835 Thread 'MainThread': missing ScriptRunContext! This warning can be ignored when running in bare mode.
2026-10-04 00:19:46.837 Thread 'MainThread': missing ScriptRunContext! This warning can be ignored when running in bare mode.
2026-10-04 00:19:46.838 Thread 'MainThread': missing ScriptRunContext! This warning can be ignored when running in bare mode.
2026-10-04 00:19:46.840 Thread 'MainThread': missing ScriptRunContext! This warning can be ignored when running in bare mode.
2026-10-04 00:19:46.841 Thread 'MainThread': missing ScriptRunContext! This warning can be ignored when running in bare mode.
2026-10-04 00:19:46.843 Thread 'MainThread': missing ScriptRunContext! This warning can be ignored when running in bare mode.
2026-10-04 00:19:46.844 Thread 'MainThread': missing ScriptRunContext! This warning can be ignored when running in bare mode.
2026-10-04 00:19:46.846 Thread 'MainThread': missing ScriptRunContext! This warning can be ignored when running in bare mode.
2026-10-04 00:19:46.847 Thread 'MainThread': missing ScriptRunContext! This warning can be ignored when running in bare mode.
2026-10-04 00:19:46.849 Thread 'MainThread': missing ScriptRunContext! This warning can be ignored when running in bare mode.
2026-10-04 00:19:46.850 Thread 'MainThread': missing ScriptRunContext! This warning can be ignored when running in bare mode.
2026-10-04 00:19:46.851 Thread 'MainThread': missing ScriptRunContext! This warning can be ignored when running in bare mode.
2026-10-04 00:19:46.853 Thread 'MainThread': missing ScriptRunContext! This warning can be ignored when running in bare mode.
2026-10-04 00:19:46.854 Thread 'MainThread': missing ScriptRunContext! This warning can be ignored when running in bare mode.
2026-10-04 00:19:46.856 Thread 'MainThread': missing ScriptRunContext! This warning can be ignored when running in bare mode.
2026-10-04 00:19:46.857 Thread 'MainThread': missing ScriptRunContext! This warning can be ignored when running in bare mode.
2026-10-04 00:19:46.859 Thread 'MainThread': missing ScriptRunContext! This warning can be ignored when running in bare mode.
2026-10-04 00:19:46.860 Thread 'MainThread': missing ScriptRunContext! This warning can be ignored when running in bare mode.
2026-10-04 00:19:46.862 Thread 'MainThread': missing ScriptRunContext! This warning can be ignored when running in bare mode.
2026-10-04 00:19:46.863 Thread 'MainThread': missing ScriptRunContext! This warning can be ignored when running in bare mode.
2026-10-04 00:19:46.865 Thread 'MainThread': missing ScriptRunContext! This warning can be ignored when running in bare mode.
2026-10-04 00:19:46.866 Thread 'MainThread': missing ScriptRunContext! This warning can be ignored when running in bare mode.
2026-10-04 00:19:46.868 Thread 'MainThread': missing ScriptRunContext! This warning can be ignored when running in bare mode.
2026-10-04 00:19:46.869 Thread 'MainThread': missing ScriptRunContext! This warning can be ignored when running in bare mode.
2026-10-04 00:19:46.870 Thread 'MainThread': missing ScriptRunContext! This warning can be ignored when running in bare mode.
2026-10-04 00:19:46.872 Thread 'MainThread': missing ScriptRunContext! This warning can be ignored when running in bare mode.
2026-10-04 00:19:46.873 Thread 'MainThread': missing ScriptRunContext! This warning can be ignored when running in bare mode.
2026-10-04 00:19:46.874 Thread 'MainThread': missing ScriptRunContext! This warning can be ignored when running in bare mode.
2026-10-04 00:19:46.876 Thread 'MainThread': missing ScriptRunContext! This warning can be ignored when running in bare mode.
2026-10-04 00:19:46.877 Thread 'MainThread': missing ScriptRunContext! This warning can be ignored when running in bare mode.
2026-10-04 00:19:46.879 Thread 'MainThread': missing ScriptRunContext! This warning can be ignored when running in bare mode.
2026-10-04 00:19:46.880 Thread 'MainThread': missing ScriptRunContext! This warning can be ignored when running in bare mode.
2026-10-04 00:19:46.885 Thread 'MainThread': missing ScriptRunContext! This warning can be ignored when running in bare mode.
2026-10-04 00:19:46.886 Thread 'MainThread': missing ScriptRunContext! This warning can be ignored when running in bare mode.
2026-10-04 00:19:46.888 Thread 'MainThread': missing ScriptRunContext! This warning can be ignored when running in bare mode.
2026-10-04 00:19:46.889 Thread 'MainThread': missing ScriptRunContext! This warning can be ignored when running in bare mode.
2026-10-04 00:19:46.891 Thread 'MainThread': missing ScriptRunContext! This warning can be ignored when running in bare mode.
2026-10-04 00:19:46.892 Thread 'MainThread': missing ScriptRunContext! This warning can be ignored when running in bare mode.
2026-10-04 00:19:46.893 Thread 'MainThread': missing ScriptRunContext! This warning can be ignored when running in bare mode.
2026-10-04 00:19:46.895 Thread 'MainThread': missing ScriptRunContext! This warning can be ignored when running in bare mode.
2026-10-04 00:19:46.896 Thread 'MainThread': missing ScriptRunContext! This warning can be ignored when running in bare mode.
2026-10-04 00:19:46.898 Thread 'MainThread': missing ScriptRunContext! This warning can be ignored when running in bare mode.
2026-10-04 00:19:46.899 Thread 'MainThread': missing ScriptRunContext! This warning can be ignored when running in bare mode.
2026-10-04 00:19:46.901 Thread 'MainThread': missing ScriptRunContext! This warning can be ignored when running in bare mode.
2026-10-04 00:19:46.902 Thread 'MainThread': missing ScriptRunContext! This warning can be ignored when running in bare mode.
2026-10-04 00:19:46.904 Thread 'MainThread': missing ScriptRunContext! This warning can be ignored when running in bare mode.
2026-10-04 00:19:46.905 Thread 'MainThread': missing ScriptRunContext! This warning can be ignored when running in bare mode.
2026-10-04 00:19:46.906 Thread 'MainThread': missing ScriptRunContext! This warning can be ignored when running in bare mode.
2026-10-04 00:19:46.908 Thread 'MainThread': missing ScriptRunContext! This warning can be ignored when running in bare mode.
2026-10-04 00:19:46.909 Thread 'MainThread': missing ScriptRunContext! This warning can be ignored when running in bare mode.
2026-10-04 00:19:46.911 Thread 'MainThread': missing ScriptRunContext! This warning can be ignored when running in bare mode.
2026-10-04 00:19:46.912 Thread 'MainThread': missing ScriptRunContext! This warning can be ignored when running in bare mode.
2026-10-04 00:19:46.914 Thread 'MainThread': missing ScriptRunContext! This warning can be ignored when running in bare mode.
2026-10-04 00:19:46.915 Thread 'MainThread': missing ScriptRunContext! This warning can be ignored when running in bare mode.
2026-10-04 00:19:46.917 Thread 'MainThread': missing ScriptRunContext! This warning can be ignored when running in bare mode.
2026-10-04 00:19:46.919 Thread 'MainThread': missing ScriptRunContext! This warning can be ignored when running in bare mode.
2026-10-04 00:19:46.920 Thread 'MainThread': missing ScriptRunContext! This warning can be ignored when running in bare mode.
2026-10-04 00:19:46.921 Thread 'MainThread': missing ScriptRunContext! This warning can be ignored when running in bare mode.
2026-10-04 00:19:46.923 Thread 'MainThread': missing ScriptRunContext! This warning can be ignored when running in bare mode.
2026-10-04 00:19:46.924 Thread 'MainThread': missing ScriptRunContext! This warning can be ignored when running in bare mode.
2026-10-04 00:19:46.926 Thread 'MainThread': missing ScriptRunContext! This warning can be ignored when running in bare mode.
2026-10-04 00:19:46.927 Thread 'MainThread': missing ScriptRunContext! This warning can be ignored when running in bare mode.
2026-10-04 00:19:46.929 Thread 'MainThread': missing ScriptRunContext! This warning can be ignored when running in bare mode.
2026-10-04 00:19:46.930 Thread 'MainThread': missing ScriptRunContext! This warning can be ignored when running in bare mode.
2026-10-04 00:19:46.931 Thread 'MainThread': missing ScriptRunContext! This warning can be ignored when running in bare mode.
2026-10-04 00:19:46.933 Thread 'MainThread': missing ScriptRunContext! This warning can be ignored when running in bare mode.
2026-10-04 00:19:46.935 Thread 'MainThread': missing ScriptRunContext! This warning can be ignored when running in bare mode.
2026-10-04 00:19:46.936 Thread 'MainThread': missing ScriptRunContext! This warning can be ignored when running in bare mode.
2026-10-04 00:19:46.937 Thread 'MainThread': missing ScriptRunContext! This warning can be ignored when running in bare mode.
2026-10-04 00:19:46.939 Thread 'MainThread': missing ScriptRunContext! This warning can be ignored when running in bare mode.
2026-10-04 00:19:46.940 Thread 'MainThread': missing ScriptRunContext! This warning can be ignored when running in bare mode.
2026-10-04 00:19:46.941 Thread 'MainThread': missing ScriptRunContext! This warning can be ignored when running in bare mode.
2026-10-04 00:19:46.943 Thread 'MainThread': missing ScriptRunContext! This warning can be ignored when running in bare mode.
2026-10-04 00:19:47.062 Thread 'MainThread': missing ScriptRunContext! This warning can be ignored when running in bare mode.
2026-10-04 00:19:47.062 Thread 'MainThread': missing ScriptRunContext! This warning can be ignored when running in bare mode.
2026-10-04 00:19:47.062 Thread 'MainThread': missing ScriptRunContext! This warning can be ignored when running in bare mode.
2026-10-04 00:19:47.063 Thread 'MainThread': missing ScriptRunContext! This warning can be ignored when running in bare mode.
2026-10-04 00:19:47.150 Thread 'MainThread': missing ScriptRunContext! This warning can be ignored when running in bare mode.
2026-10-04 00:19:47.165 Thread 'MainThread': missing ScriptRunContext! This warning can be ignored when running in bare mode.
2026-10-04 00:19:47.167 Thread 'MainThread': missing ScriptRunContext! This warning can be ignored when running in bare mode.
2026-10-04 00:19:47.168 Thread 'MainThread': missing ScriptRunContext! This warning can be ignored when running in bare mode.
2026-10-04 00:19:47.170 Thread 'MainThread': missing ScriptRunContext! This warning can be ignored when running in bare mode.
2026-10-04 00:19:47.172 Thread 'MainThread': missing ScriptRunContext! This warning can be ignored when running in bare mode.
2026-10-04 00:19:47.174 Thread 'MainThread': missing ScriptRunContext! This warning can be ignored when running in bare mode.
2026-10-04 00:19:47.176 Thread 'MainThread': missing ScriptRunContext! This warning can be ignored when running in bare mode.
2026-10-04 00:19:47.178 Thread 'MainThread': missing ScriptRunContext! This warning can be ignored when running in bare mode.
2026-10-04 00:19:47.180 Thread 'MainThread': missing ScriptRunContext! This warning can be ignored when running in bare mode.
2026-10-04 00:19:47.182 Thread 'MainThread': missing ScriptRunContext! This warning can be ignored when running in bare mode.
2026-10-04 00:19:47.184 Thread 'MainThread': missing ScriptRunContext! This warning can be ignored when running in bare mode.
2026-10-04 00:19:47.186 Thread 'MainThread': missing ScriptRunContext! This warning can be ignored when running in bare mode.
2026-10-04 00:19:47.188 Thread 'MainThread': missing ScriptRunContext! This warning can be ignored when running in bare mode.
2026-10-04 00:19:47.190 Thread 'MainThread': missing ScriptRunContext! This warning can be ignored when running in bare mode.
2026-10-04 00:19:47.191 Thread 'MainThread': missing ScriptRunContext! This warning can be ignored when running in bare mode.
2026-10-04 00:19:47.193 Thread 'MainThread': missing ScriptRunContext! This warning can be ignored when running in bare mode.
2026-10-04 00:19:47.195 Thread 'MainThread': missing ScriptRunContext! This warning can be ignored when running in bare mode.
2026-10-04 00:19:47.197 Thread 'MainThread': missing ScriptRunContext! This warning can be ignored when running in bare mode.
2026-10-04 00:19:47.199 Thread 'MainThread': missing ScriptRunContext! This warning can be ignored when running in bare mode.
2026-10-04 00:19:47.201 Thread 'MainThread': missing ScriptRunContext! This warning can be ignored when running in bare mode.
2026-10-04 00:19:47.203 Thread 'MainThread': missing ScriptRunContext! This warning can be ignored when running in bare mode.
2026-10-04 00:19:47.205 Thread 'MainThread': missing ScriptRunContext! This warning can be ignored when running in bare mode.
2026-10-04 00:19:47.207 Thread 'MainThread': missing ScriptRunContext! This warning can be ignored when running in bare mode.
2026-10-04 00:19:47.209 Thread 'MainThread': missing ScriptRunContext! This warning can be ignored when running in bare mode.
2026-10-04 00:19:47.211 Thread 'MainThread': missing ScriptRunContext! This warning can be ignored when running in bare mode.
2026-10-04 00:19:47.214 Thread 'MainThread': missing ScriptRunContext! This warning can be ignored when running in bare mode.
2026-10-04 00:19:47.216 Thread 'MainThread': missing ScriptRunContext! This warning can be ignored when running in bare mode.
2026-10-04 00:19:47.217 Thread 'MainThread': missing ScriptRunContext! This warning can be ignored when running in bare mode.
2026-10-04 00:19:47.219 Thread 'MainThread': missing ScriptRunContext! This warning can be ignored when running in bare mode.
2026-10-04 00:19:47.221 Thread 'MainThread': missing ScriptRunContext! This warning can be ignored when running in bare mode.
2026-10-04 00:19:47.223 Thread 'MainThread': missing ScriptRunContext! This warning can be ignored when running in bare mode.
2026-10-04 00:19:47.225 Thread 'MainThread': missing ScriptRunContext! This warning can be ignored when running in bare mode.
2026-10-04 00:19:47.227 Thread 'MainThread': missing ScriptRunContext! This warning can be ignored when running in bare mode.
2026-10-04 00:19:47.228 Thread 'MainThread': missing ScriptRunContext! This warning can be ignored when running in bare mode.
2026-10-04 00:19:47.230 Thread 'MainThread': missing ScriptRunContext! This warning can be ignored when running in bare mode.
2026-10-04 00:19:47.232 Thread 'MainThread': missing ScriptRunContext! This warning can be ignored when running in bare mode.
2026-10-04 00:19:47.234 Thread 'MainThread': missing ScriptRunContext! This warning can be ignored when running in bare mode.
2026-10-04 00:19:47.236 Thread 'MainThread': missing ScriptRunContext! This warning can be ignored when running in bare mode.
2026-10-04 00:19:47.238 Thread 'MainThread': missing ScriptRunContext! This warning can be ignored when running in bare mode.
2026-10-04 00:19:47.240 Thread 'MainThread': missing ScriptRunContext! This warning can be ignored when running in bare mode.
2026-10-04 00:19:47.242 Thread 'MainThread': missing ScriptRunContext! This warning can be ignored when running in bare mode.
2026-10-04 00:19:47.245 Thread 'MainThread': missing ScriptRunContext! This warning can be ignored when running in bare mode.
2026-10-04 00:19:47.247 Thread 'MainThread': missing ScriptRunContext! This warning can be ignored when running in bare mode.
2026-10-04 00:19:47.249 Thread 'MainThread': missing ScriptRunContext! This warning can be ignored when running in bare mode.
2026-10-04 00:19:47.251 Thread 'MainThread': missing ScriptRunContext! This warning can be ignored when running in bare mode.
2026-10-04 00:19:47.253 Thread 'MainThread': missing ScriptRunContext! This warning can be ignored when running in bare mode.
2026-10-04 00:19:47.255 Thread 'MainThread': missing ScriptRunContext! This warning can be ignored when running in bare mode.
2026-10-04 00:19:47.257 Thread 'MainThread': missing ScriptRunContext! This warning can be ignored when running in bare mode.
2026-10-04 00:19:47.259 Thread 'MainThread': missing ScriptRunContext! This warning can be ignored when running in bare mode.
2026-10-04 00:19:47.261 Thread 'MainThread': missing ScriptRunContext! This warning can be ignored when running in bare mode.
2026-10-04 00:19:47.263 Thread 'MainThread': missing ScriptRunContext! This warning can be ignored when running in bare mode.
2026-10-04 00:19:47.265 Thread 'MainThread': missing ScriptRunContext! This warning can be ignored when running in bare mode.
2026-10-04 00:19:47.267 Thread 'MainThread': missing ScriptRunContext! This warning can be ignored when running in bare mode.
2026-10-04 00:19:47.269 Thread 'MainThread': missing ScriptRunContext! This warning can be ignored when running in bare mode.
2026-10-04 00:19:47.271 Thread 'MainThread': missing ScriptRunContext! This warning can be ignored when running in bare mode.
2026-10-04 00:19:47.273 Thread 'MainThread': missing ScriptRunContext! This warning can be ignored when running in bare mode.
2026-10-04 00:19:47.275 Thread 'MainThread': missing ScriptRunContext! This warning can be ignored when running in bare mode.
2026-10-04 00:19:47.276 Thread 'MainThread': missing ScriptRunContext! This warning can be ignored when running in bare mode.
2026-10-04 00:19:47.278 Thread 'MainThread': missing ScriptRunContext! This warning can be ignored when running in bare mode.
2026-10-04 00:19:47.280 Thread 'MainThread': missing ScriptRunContext! This warning can be ignored when running in bare mode.
2026-10-04 00:19:47.282 Thread 'MainThread': missing ScriptRunContext! This warning can be ignored when running in bare mode.
2026-10-04 00:19:47.284 Thread 'MainThread': missing ScriptRunContext! This warning can be ignored when running in bare mode.
2026-10-04 00:19:47.286 Thread 'MainThread': missing ScriptRunContext! This warning can be ignored when running in bare mode.
2026-10-04 00:19:47.288 Thread 'MainThread': missing ScriptRunContext! This warning can be ignored when running in bare mode.
2026-10-04 00:19:47.290 Thread 'MainThread': missing ScriptRunContext! This warning can be ignored when running in bare mode.
2026-10-04 00:19:47.292 Thread 'MainThread': missing ScriptRunContext! This warning can be ignored when running in bare mode.
2026-10-04 00:19:47.294 Thread 'MainThread': missing ScriptRunContext! This warning can be ignored when running in bare mode.
2026-10-04 00:19:47.296 Thread 'MainThread': missing ScriptRunContext! This warning can be ignored when running in bare mode.
2026-10-04 00:19:47.298 Thread 'MainThread': missing ScriptRunContext! This warning can be ignored when running in bare mode.
2026-10-04 00:19:47.299 Thread 'MainThread': missing ScriptRunContext! This warning can be ignored when running in bare mode.
2026-10-04 00:19:47.302 Thread 'MainThread': missing ScriptRunContext! This warning can be ignored when running in bare mode.
2026-10-04 00:19:47.304 Thread 'MainThread': missing ScriptRunContext! This warning can be ignored when running in bare mode.
2026-10-04 00:19:47.305 Thread 'MainThread': missing ScriptRunContext! This warning can be ignored when running in bare mode.
2026-10-04 00:19:47.307 Thread 'MainThread': missing ScriptRunContext! This warning can be ignored when running in bare mode.
2026-10-04 00:19:47.309 Thread 'MainThread': missing ScriptRunContext! This warning can be ignored when running in bare mode.
2026-10-04 00:19:47.311 Thread 'MainThread': missing ScriptRunContext! This warning can be ignored when running in bare mode.
2026-10-04 00:19:47.312 Thread 'MainThread': missing ScriptRunContext! This warning can be ignored when running in bare mode.
2026-10-04 00:19:47.315 Thread 'MainThread': missing ScriptRunContext! This warning can be ignored when running in bare mode.
2026-10-04 00:19:47.318 Thread 'MainThread': missing ScriptRunContext! This warning can be ignored when running in bare mode.
2026-10-04 00:19:47.321 Thread 'MainThread': missing ScriptRunContext! This warning can be ignored when running in bare mode.
2026-10-04 00:19:47.323 Thread 'MainThread': missing ScriptRunContext! This warning can be ignored when running in bare mode.
2026-10-04 00:19:47.325 Thread 'MainThread': missing ScriptRunContext! This warning can be ignored when running in bare mode.
2026-10-04 00:19:47.326 Thread 'MainThread': missing ScriptRunContext! This warning can be ignored when running in bare mode.
2026-10-04 00:19:47.328 Thread 'MainThread': missing ScriptRunContext! This warning can be ignored when running in bare mode.
2026-10-04 00:19:47.330 Thread 'MainThread': missing ScriptRunContext! This warning can be ignored when running in bare mode.
2026-10-04 00:19:47.332 Thread 'MainThread': missing ScriptRunContext! This warning can be ignored when running in bare mode.
2026-10-04 00:19:47.334 Thread 'MainThread': missing ScriptRunContext! This warning can be ignored when running in bare mode.
2026-10-04 00:19:47.336 Thread 'MainThread': missing ScriptRunContext! This warning can be ignored when running in bare mode.
2026-10-04 00:19:47.338 Thread 'MainThread': missing ScriptRunContext! This warning can be ignored when running in bare mode.
2026-10-04 00:19:47.340 Thread 'MainThread': missing ScriptRunContext! This warning can be ignored when running in bare mode.
2026-10-04 00:19:47.342 Thread 'MainThread': missing ScriptRunContext! This warning can be ignored when running in bare mode.
2026-10-04 00:19:47.344 Thread 'MainThread': missing ScriptRunContext! This warning can be ignored when running in bare mode.
2026-10-04 00:19:47.346 Thread 'MainThread': missing ScriptRunContext! This warning can be ignored when running in bare mode.
2026-10-04 00:19:47.349 Thread 'MainThread': missing ScriptRunContext! This warning can be ignored when running in bare mode.
2026-10-04 00:19:47.351 Thread 'MainThread': missing ScriptRunContext! This warning can be ignored when running in bare mode.
2026-10-04 00:19:47.352 Thread 'MainThread': missing ScriptRunContext! This warning can be ignored when running in bare mode.
2026-10-04 00:19:47.354 Thread 'MainThread': missing ScriptRunContext! This warning can be ignored when running in bare mode.
2026-10-04 00:19:47.356 Thread 'MainThread': missing ScriptRunContext! This warning can be ignored when running in bare mode.
2026-10-04 00:19:47.358 Thread 'MainThread': missing ScriptRunContext! This warning can be ignored when running in bare mode.
2026-10-04 00:19:47.360 Thread 'MainThread': missing ScriptRunContext! This warning can be ignored when running in bare mode.
2026-10-04 00:19:47.362 Thread 'MainThread': missing ScriptRunContext! This warning can be ignored when running in bare mode.
2026-10-04 00:19:47.364 Thread 'MainThread': missing ScriptRunContext! This warning can be ignored when running in bare mode.
2026-10-04 00:19:47.366 Thread 'MainThread': missing ScriptRunContext! This warning can be ignored when running in bare mode.
2026-10-04 00:19:47.368 Thread 'MainThread': missing ScriptRunContext! This warning can be ignored when running in bare mode.
2026-10-04 00:19:47.370 Thread 'MainThread': missing ScriptRunContext! This warning can be ignored when running in bare mode.
2026-10-04 00:19:47.372 Thread 'MainThread': missing ScriptRunContext! This warning can be ignored when running in bare mode.
2026-10-04 00:19:47.374 Thread 'MainThread': missing ScriptRunContext! This warning can be ignored when running in bare mode.
2026-10-04 00:19:47.376 Thread 'MainThread': missing ScriptRunContext! This warning can be ignored when running in bare mode.
2026-10-04 00:19:47.378 Thread 'MainThread': missing ScriptRunContext! This warning can be ignored when running in bare mode.
2026-10-04 00:19:47.380 Thread 'MainThread': missing ScriptRunContext! This warning can be ignored when running in bare mode.
2026-10-04 00:19:47.382 Thread 'MainThread': missing ScriptRunContext! This warning can be ignored when running in bare mode.
2026-10-04 00:19:47.383 Thread 'MainThread': missing ScriptRunContext! This warning can be ignored when running in bare mode.
2026-10-04 00:19:47.385 Thread 'MainThread': missing ScriptRunContext! This warning can be ignored when running in bare mode.
2026-10-04 00:19:47.387 Thread 'MainThread': missing ScriptRunContext! This warning can be ignored when running in bare mode.
2026-10-04 00:19:47.389 Thread 'MainThread': missing ScriptRunContext! This warning can be ignored when running in bare mode.
2026-10-04 00:19:47.391 Thread 'MainThread': missing ScriptRunContext! This warning can be ignored when running in bare mode.
2026-10-04 00:19:47.393 Thread 'MainThread': missing ScriptRunContext! This warning can be ignored when running in bare mode.
2026-10-04 00:19:47.395 Thread 'MainThread': missing ScriptRunContext! This warning can be ignored when running in bare mode.
2026-10-04 00:19:47.397 Thread 'MainThread': missing ScriptRunContext! This warning can be ignored when running in bare mode.
2026-10-04 00:19:47.399 Thread 'MainThread': missing ScriptRunContext! This warning can be ignored when running in bare mode.
2026-10-04 00:19:47.401 Thread 'MainThread': missing ScriptRunContext! This warning can be ignored when running in bare mode.
2026-10-04 00:19:47.556 Thread 'MainThread': missing ScriptRunContext! This warning can be ignored when running in bare mode.
2026-10-04 00:19:47.556 Thread 'MainThread': missing ScriptRunContext! This warning can be ignored when running in bare mode.
2026-10-04 00:19:47.556 Thread 'MainThread': missing ScriptRunContext! This warning can be ignored when running in bare mode.
2026-10-04 00:19:47.556 Thread 'MainThread': missing ScriptRunContext! This warning can be ignored when running in bare mode.
ok
test_projectile_equivalence_landing_parameter_changes_and_boundary (test_day16.SceneTests.test_projectile_equivalence_landing_parameter_changes_and_boundary) ... ok
test_rejects_malicious_expressions_and_unknown_time_aliases (test_day16.SceneTests.test_rejects_malicious_expressions_and_unknown_time_aliases) ... ok
test_strict_schema_all_scenes_and_unsuitable (test_day16.SceneTests.test_strict_schema_all_scenes_and_unsuitable) ... ok
test_whitelisted_shape_bounds_symbols_and_exact_parameters (test_day16.SceneTests.test_whitelisted_shape_bounds_symbols_and_exact_parameters) ... ok
test_api_failure_malformed_scene_and_unsuitable_cached_preserve_analysis (test_day16.SimulationInteractionTests.test_api_failure_malformed_scene_and_unsuitable_cached_preserve_analysis) ... 2026-10-04 00:19:48.018 Thread 'MainThread': missing ScriptRunContext! This warning can be ignored when running in bare mode.
2026-10-04 00:19:48.018 Thread 'MainThread': missing ScriptRunContext! This warning can be ignored when running in bare mode.
2026-10-04 00:19:48.018 Thread 'MainThread': missing ScriptRunContext! This warning can be ignored when running in bare mode.
2026-10-04 00:19:48.018 Thread 'MainThread': missing ScriptRunContext! This warning can be ignored when running in bare mode.
2026-10-04 00:19:48.019 Thread 'MainThread': missing ScriptRunContext! This warning can be ignored when running in bare mode.
2026-10-04 00:19:48.019 Thread 'MainThread': missing ScriptRunContext! This warning can be ignored when running in bare mode.
2026-10-04 00:19:48.019 Thread 'MainThread': missing ScriptRunContext! This warning can be ignored when running in bare mode.
2026-10-04 00:19:48.669 Please replace `use_container_width` with `width`.

`use_container_width` will be removed after 2025-12-31.

For `use_container_width=True`, use `width='stretch'`. For `use_container_width=False`, use `width='content'`.
2026-10-04 00:19:48.907 Please replace `use_container_width` with `width`.

`use_container_width` will be removed after 2025-12-31.

For `use_container_width=True`, use `width='stretch'`. For `use_container_width=False`, use `width='content'`.
2026-10-04 00:19:49.170 Please replace `use_container_width` with `width`.

`use_container_width` will be removed after 2025-12-31.

For `use_container_width=True`, use `width='stretch'`. For `use_container_width=False`, use `width='content'`.
2026-10-04 00:19:49.409 Please replace `use_container_width` with `width`.

`use_container_width` will be removed after 2025-12-31.

For `use_container_width=True`, use `width='stretch'`. For `use_container_width=False`, use `width='content'`.
2026-10-04 00:19:49.653 Please replace `use_container_width` with `width`.

`use_container_width` will be removed after 2025-12-31.

For `use_container_width=True`, use `width='stretch'`. For `use_container_width=False`, use `width='content'`.
ok
test_build_one_cached_zero_local_options_and_shared_sliders_preserve_learning (test_day16.SimulationInteractionTests.test_build_one_cached_zero_local_options_and_shared_sliders_preserve_learning) ... 2026-10-04 00:19:49.844 Thread 'MainThread': missing ScriptRunContext! This warning can be ignored when running in bare mode.
2026-10-04 00:19:49.844 Thread 'MainThread': missing ScriptRunContext! This warning can be ignored when running in bare mode.
2026-10-04 00:19:49.844 Thread 'MainThread': missing ScriptRunContext! This warning can be ignored when running in bare mode.
2026-10-04 00:19:49.844 Thread 'MainThread': missing ScriptRunContext! This warning can be ignored when running in bare mode.
2026-10-04 00:19:49.844 Thread 'MainThread': missing ScriptRunContext! This warning can be ignored when running in bare mode.
2026-10-04 00:19:49.844 Thread 'MainThread': missing ScriptRunContext! This warning can be ignored when running in bare mode.
2026-10-04 00:19:49.844 Thread 'MainThread': missing ScriptRunContext! This warning can be ignored when running in bare mode.
2026-10-04 00:19:50.503 Please replace `use_container_width` with `width`.

`use_container_width` will be removed after 2025-12-31.

For `use_container_width=True`, use `width='stretch'`. For `use_container_width=False`, use `width='content'`.
2026-10-04 00:19:50.735 Please replace `use_container_width` with `width`.

`use_container_width` will be removed after 2025-12-31.

For `use_container_width=True`, use `width='stretch'`. For `use_container_width=False`, use `width='content'`.
2026-10-04 00:19:50.744 Thread 'MainThread': missing ScriptRunContext! This warning can be ignored when running in bare mode.
2026-10-04 00:19:50.744 Thread 'MainThread': missing ScriptRunContext! This warning can be ignored when running in bare mode.
2026-10-04 00:19:50.744 Thread 'MainThread': missing ScriptRunContext! This warning can be ignored when running in bare mode.
2026-10-04 00:19:50.744 Thread 'MainThread': missing ScriptRunContext! This warning can be ignored when running in bare mode.
2026-10-04 00:19:50.744 Thread 'MainThread': missing ScriptRunContext! This warning can be ignored when running in bare mode.
2026-10-04 00:19:50.744 Thread 'MainThread': missing ScriptRunContext! This warning can be ignored when running in bare mode.
2026-10-04 00:19:50.961 Please replace `use_container_width` with `width`.

`use_container_width` will be removed after 2025-12-31.

For `use_container_width=True`, use `width='stretch'`. For `use_container_width=False`, use `width='content'`.
2026-10-04 00:19:52.454 Please replace `use_container_width` with `width`.

`use_container_width` will be removed after 2025-12-31.

For `use_container_width=True`, use `width='stretch'`. For `use_container_width=False`, use `width='content'`.
2026-10-04 00:19:53.355 Please replace `use_container_width` with `width`.

`use_container_width` will be removed after 2025-12-31.

For `use_container_width=True`, use `width='stretch'`. For `use_container_width=False`, use `width='content'`.
2026-10-04 00:19:54.246 Please replace `use_container_width` with `width`.

`use_container_width` will be removed after 2025-12-31.

For `use_container_width=True`, use `width='stretch'`. For `use_container_width=False`, use `width='content'`.
2026-10-04 00:19:54.942 Please replace `use_container_width` with `width`.

`use_container_width` will be removed after 2025-12-31.

For `use_container_width=True`, use `width='stretch'`. For `use_container_width=False`, use `width='content'`.
2026-10-04 00:19:54.975 Please replace `use_container_width` with `width`.

`use_container_width` will be removed after 2025-12-31.

For `use_container_width=True`, use `width='stretch'`. For `use_container_width=False`, use `width='content'`.
2026-10-04 00:19:55.183 Please replace `use_container_width` with `width`.

`use_container_width` will be removed after 2025-12-31.

For `use_container_width=True`, use `width='stretch'`. For `use_container_width=False`, use `width='content'`.
2026-10-04 00:19:55.217 Please replace `use_container_width` with `width`.

`use_container_width` will be removed after 2025-12-31.

For `use_container_width=True`, use `width='stretch'`. For `use_container_width=False`, use `width='content'`.
2026-10-04 00:19:55.431 Please replace `use_container_width` with `width`.

`use_container_width` will be removed after 2025-12-31.

For `use_container_width=True`, use `width='stretch'`. For `use_container_width=False`, use `width='content'`.
2026-10-04 00:19:55.464 Please replace `use_container_width` with `width`.

`use_container_width` will be removed after 2025-12-31.

For `use_container_width=True`, use `width='stretch'`. For `use_container_width=False`, use `width='content'`.
2026-10-04 00:19:55.675 Please replace `use_container_width` with `width`.

`use_container_width` will be removed after 2025-12-31.

For `use_container_width=True`, use `width='stretch'`. For `use_container_width=False`, use `width='content'`.
2026-10-04 00:19:55.708 Please replace `use_container_width` with `width`.

`use_container_width` will be removed after 2025-12-31.

For `use_container_width=True`, use `width='stretch'`. For `use_container_width=False`, use `width='content'`.
ok
test_damped_phasor_helix_render_and_api_site_is_isolated (test_day16.SimulationInteractionTests.test_damped_phasor_helix_render_and_api_site_is_isolated) ... 2026-10-04 00:19:55.717 Thread 'MainThread': missing ScriptRunContext! This warning can be ignored when running in bare mode.
2026-10-04 00:19:55.722 Thread 'MainThread': missing ScriptRunContext! This warning can be ignored when running in bare mode.
2026-10-04 00:19:55.722 Thread 'MainThread': missing ScriptRunContext! This warning can be ignored when running in bare mode.
2026-10-04 00:19:55.722 Thread 'MainThread': missing ScriptRunContext! This warning can be ignored when running in bare mode.
2026-10-04 00:19:55.722 Thread 'MainThread': missing ScriptRunContext! This warning can be ignored when running in bare mode.
2026-10-04 00:19:55.722 Thread 'MainThread': missing ScriptRunContext! This warning can be ignored when running in bare mode.
2026-10-04 00:19:55.722 Thread 'MainThread': missing ScriptRunContext! This warning can be ignored when running in bare mode.
2026-10-04 00:19:56.363 Please replace `use_container_width` with `width`.

`use_container_width` will be removed after 2025-12-31.

For `use_container_width=True`, use `width='stretch'`. For `use_container_width=False`, use `width='content'`.
2026-10-04 00:19:56.569 Please replace `use_container_width` with `width`.

`use_container_width` will be removed after 2025-12-31.

For `use_container_width=True`, use `width='stretch'`. For `use_container_width=False`, use `width='content'`.
2026-10-04 00:19:57.175 Thread 'MainThread': missing ScriptRunContext! This warning can be ignored when running in bare mode.
2026-10-04 00:19:57.175 Thread 'MainThread': missing ScriptRunContext! This warning can be ignored when running in bare mode.
2026-10-04 00:19:57.175 Thread 'MainThread': missing ScriptRunContext! This warning can be ignored when running in bare mode.
2026-10-04 00:19:57.175 Thread 'MainThread': missing ScriptRunContext! This warning can be ignored when running in bare mode.
2026-10-04 00:19:57.175 Thread 'MainThread': missing ScriptRunContext! This warning can be ignored when running in bare mode.
2026-10-04 00:19:57.175 Thread 'MainThread': missing ScriptRunContext! This warning can be ignored when running in bare mode.
2026-10-04 00:19:57.175 Thread 'MainThread': missing ScriptRunContext! This warning can be ignored when running in bare mode.
2026-10-04 00:19:57.853 Please replace `use_container_width` with `width`.

`use_container_width` will be removed after 2025-12-31.

For `use_container_width=True`, use `width='stretch'`. For `use_container_width=False`, use `width='content'`.
2026-10-04 00:19:58.066 Please replace `use_container_width` with `width`.

`use_container_width` will be removed after 2025-12-31.

For `use_container_width=True`, use `width='stretch'`. For `use_container_width=False`, use `width='content'`.
2026-10-04 00:19:58.913 Thread 'MainThread': missing ScriptRunContext! This warning can be ignored when running in bare mode.
2026-10-04 00:19:58.913 Thread 'MainThread': missing ScriptRunContext! This warning can be ignored when running in bare mode.
2026-10-04 00:19:58.913 Thread 'MainThread': missing ScriptRunContext! This warning can be ignored when running in bare mode.
2026-10-04 00:19:58.913 Thread 'MainThread': missing ScriptRunContext! This warning can be ignored when running in bare mode.
2026-10-04 00:19:58.913 Thread 'MainThread': missing ScriptRunContext! This warning can be ignored when running in bare mode.
2026-10-04 00:19:58.914 Thread 'MainThread': missing ScriptRunContext! This warning can be ignored when running in bare mode.
2026-10-04 00:19:58.914 Thread 'MainThread': missing ScriptRunContext! This warning can be ignored when running in bare mode.
2026-10-04 00:19:59.535 Please replace `use_container_width` with `width`.

`use_container_width` will be removed after 2025-12-31.

For `use_container_width=True`, use `width='stretch'`. For `use_container_width=False`, use `width='content'`.
2026-10-04 00:19:59.734 Please replace `use_container_width` with `width`.

`use_container_width` will be removed after 2025-12-31.

For `use_container_width=True`, use `width='stretch'`. For `use_container_width=False`, use `width='content'`.
ok
test_lesson_inspector_review_and_focused_review_use_existing_mapping (test_day16.SimulationInteractionTests.test_lesson_inspector_review_and_focused_review_use_existing_mapping) ... 2026-10-04 00:20:00.673 Thread 'MainThread': missing ScriptRunContext! This warning can be ignored when running in bare mode.
2026-10-04 00:20:00.673 Thread 'MainThread': missing ScriptRunContext! This warning can be ignored when running in bare mode.
2026-10-04 00:20:00.673 Thread 'MainThread': missing ScriptRunContext! This warning can be ignored when running in bare mode.
2026-10-04 00:20:00.673 Thread 'MainThread': missing ScriptRunContext! This warning can be ignored when running in bare mode.
2026-10-04 00:20:00.673 Thread 'MainThread': missing ScriptRunContext! This warning can be ignored when running in bare mode.
2026-10-04 00:20:00.674 Thread 'MainThread': missing ScriptRunContext! This warning can be ignored when running in bare mode.
2026-10-04 00:20:00.674 Thread 'MainThread': missing ScriptRunContext! This warning can be ignored when running in bare mode.
2026-10-04 00:20:01.346 Please replace `use_container_width` with `width`.

`use_container_width` will be removed after 2025-12-31.

For `use_container_width=True`, use `width='stretch'`. For `use_container_width=False`, use `width='content'`.
2026-10-04 00:20:01.925 Please replace `use_container_width` with `width`.

`use_container_width` will be removed after 2025-12-31.

For `use_container_width=True`, use `width='stretch'`. For `use_container_width=False`, use `width='content'`.
2026-10-04 00:20:02.836 Please replace `use_container_width` with `width`.

`use_container_width` will be removed after 2025-12-31.

For `use_container_width=True`, use `width='stretch'`. For `use_container_width=False`, use `width='content'`.
2026-10-04 00:20:03.733 Please replace `use_container_width` with `width`.

`use_container_width` will be removed after 2025-12-31.

For `use_container_width=True`, use `width='stretch'`. For `use_container_width=False`, use `width='content'`.
2026-10-04 00:20:04.660 Please replace `use_container_width` with `width`.

`use_container_width` will be removed after 2025-12-31.

For `use_container_width=True`, use `width='stretch'`. For `use_container_width=False`, use `width='content'`.
2026-10-04 00:20:05.671 Please replace `use_container_width` with `width`.

`use_container_width` will be removed after 2025-12-31.

For `use_container_width=True`, use `width='stretch'`. For `use_container_width=False`, use `width='content'`.
2026-10-04 00:20:08.451 Please replace `use_container_width` with `width`.

`use_container_width` will be removed after 2025-12-31.

For `use_container_width=True`, use `width='stretch'`. For `use_container_width=False`, use `width='content'`.
2026-10-04 00:20:09.555 Please replace `use_container_width` with `width`.

`use_container_width` will be removed after 2025-12-31.

For `use_container_width=True`, use `width='stretch'`. For `use_container_width=False`, use `width='content'`.
ok
test_numeric_and_plot_failures_fallback_and_new_material_clear_only_simulation (test_day16.SimulationInteractionTests.test_numeric_and_plot_failures_fallback_and_new_material_clear_only_simulation) ... 2026-10-04 00:20:10.256 Thread 'MainThread': missing ScriptRunContext! This warning can be ignored when running in bare mode.
2026-10-04 00:20:10.256 Thread 'MainThread': missing ScriptRunContext! This warning can be ignored when running in bare mode.
2026-10-04 00:20:10.256 Thread 'MainThread': missing ScriptRunContext! This warning can be ignored when running in bare mode.
2026-10-04 00:20:10.256 Thread 'MainThread': missing ScriptRunContext! This warning can be ignored when running in bare mode.
2026-10-04 00:20:10.256 Thread 'MainThread': missing ScriptRunContext! This warning can be ignored when running in bare mode.
2026-10-04 00:20:10.256 Thread 'MainThread': missing ScriptRunContext! This warning can be ignored when running in bare mode.
2026-10-04 00:20:10.256 Thread 'MainThread': missing ScriptRunContext! This warning can be ignored when running in bare mode.
2026-10-04 00:20:10.887 Please replace `use_container_width` with `width`.

`use_container_width` will be removed after 2025-12-31.

For `use_container_width=True`, use `width='stretch'`. For `use_container_width=False`, use `width='content'`.
2026-10-04 00:20:11.106 Please replace `use_container_width` with `width`.

`use_container_width` will be removed after 2025-12-31.

For `use_container_width=True`, use `width='stretch'`. For `use_container_width=False`, use `width='content'`.
2026-10-04 00:20:12.005 Please replace `use_container_width` with `width`.

`use_container_width` will be removed after 2025-12-31.

For `use_container_width=True`, use `width='stretch'`. For `use_container_width=False`, use `width='content'`.
2026-10-04 00:20:12.039 Please replace `use_container_width` with `width`.

`use_container_width` will be removed after 2025-12-31.

For `use_container_width=True`, use `width='stretch'`. For `use_container_width=False`, use `width='content'`.
2026-10-04 00:20:12.248 Please replace `use_container_width` with `width`.

`use_container_width` will be removed after 2025-12-31.

For `use_container_width=True`, use `width='stretch'`. For `use_container_width=False`, use `width='content'`.
2026-10-04 00:20:12.262 Thread 'MainThread': missing ScriptRunContext! This warning can be ignored when running in bare mode.
2026-10-04 00:20:12.625 Please replace `use_container_width` with `width`.

`use_container_width` will be removed after 2025-12-31.

For `use_container_width=True`, use `width='stretch'`. For `use_container_width=False`, use `width='content'`.
ok
test_explicit_build_once_then_all_scene_interactions_are_local (test_day17.LearningSceneAppTests.test_explicit_build_once_then_all_scene_interactions_are_local) ... 2026-10-04 00:20:12.635 Thread 'MainThread': missing ScriptRunContext! This warning can be ignored when running in bare mode.
2026-10-04 00:20:12.635 Thread 'MainThread': missing ScriptRunContext! This warning can be ignored when running in bare mode.
2026-10-04 00:20:12.635 Thread 'MainThread': missing ScriptRunContext! This warning can be ignored when running in bare mode.
2026-10-04 00:20:12.635 Thread 'MainThread': missing ScriptRunContext! This warning can be ignored when running in bare mode.
2026-10-04 00:20:12.635 Thread 'MainThread': missing ScriptRunContext! This warning can be ignored when running in bare mode.
2026-10-04 00:20:12.635 Thread 'MainThread': missing ScriptRunContext! This warning can be ignored when running in bare mode.
2026-10-04 00:20:12.635 Thread 'MainThread': missing ScriptRunContext! This warning can be ignored when running in bare mode.
2026-10-04 00:20:13.655 Please replace `use_container_width` with `width`.

`use_container_width` will be removed after 2025-12-31.

For `use_container_width=True`, use `width='stretch'`. For `use_container_width=False`, use `width='content'`.
2026-10-04 00:20:13.660 Please replace `use_container_width` with `width`.

`use_container_width` will be removed after 2025-12-31.

For `use_container_width=True`, use `width='stretch'`. For `use_container_width=False`, use `width='content'`.
2026-10-04 00:20:13.682 Please replace `use_container_width` with `width`.

`use_container_width` will be removed after 2025-12-31.

For `use_container_width=True`, use `width='stretch'`. For `use_container_width=False`, use `width='content'`.
2026-10-04 00:20:13.912 Please replace `use_container_width` with `width`.

`use_container_width` will be removed after 2025-12-31.

For `use_container_width=True`, use `width='stretch'`. For `use_container_width=False`, use `width='content'`.
2026-10-04 00:20:13.915 Please replace `use_container_width` with `width`.

`use_container_width` will be removed after 2025-12-31.

For `use_container_width=True`, use `width='stretch'`. For `use_container_width=False`, use `width='content'`.
2026-10-04 00:20:13.933 Please replace `use_container_width` with `width`.

`use_container_width` will be removed after 2025-12-31.

For `use_container_width=True`, use `width='stretch'`. For `use_container_width=False`, use `width='content'`.
2026-10-04 00:20:14.145 Please replace `use_container_width` with `width`.

`use_container_width` will be removed after 2025-12-31.

For `use_container_width=True`, use `width='stretch'`. For `use_container_width=False`, use `width='content'`.
2026-10-04 00:20:14.149 Please replace `use_container_width` with `width`.

`use_container_width` will be removed after 2025-12-31.

For `use_container_width=True`, use `width='stretch'`. For `use_container_width=False`, use `width='content'`.
2026-10-04 00:20:14.165 Please replace `use_container_width` with `width`.

`use_container_width` will be removed after 2025-12-31.

For `use_container_width=True`, use `width='stretch'`. For `use_container_width=False`, use `width='content'`.
2026-10-04 00:20:14.360 Please replace `use_container_width` with `width`.

`use_container_width` will be removed after 2025-12-31.

For `use_container_width=True`, use `width='stretch'`. For `use_container_width=False`, use `width='content'`.
2026-10-04 00:20:14.563 Please replace `use_container_width` with `width`.

`use_container_width` will be removed after 2025-12-31.

For `use_container_width=True`, use `width='stretch'`. For `use_container_width=False`, use `width='content'`.
2026-10-04 00:20:14.786 Please replace `use_container_width` with `width`.

`use_container_width` will be removed after 2025-12-31.

For `use_container_width=True`, use `width='stretch'`. For `use_container_width=False`, use `width='content'`.
2026-10-04 00:20:14.792 Please replace `use_container_width` with `width`.

`use_container_width` will be removed after 2025-12-31.

For `use_container_width=True`, use `width='stretch'`. For `use_container_width=False`, use `width='content'`.
2026-10-04 00:20:14.815 Please replace `use_container_width` with `width`.

`use_container_width` will be removed after 2025-12-31.

For `use_container_width=True`, use `width='stretch'`. For `use_container_width=False`, use `width='content'`.
2026-10-04 00:20:15.051 Please replace `use_container_width` with `width`.

`use_container_width` will be removed after 2025-12-31.

For `use_container_width=True`, use `width='stretch'`. For `use_container_width=False`, use `width='content'`.
2026-10-04 00:20:15.054 Please replace `use_container_width` with `width`.

`use_container_width` will be removed after 2025-12-31.

For `use_container_width=True`, use `width='stretch'`. For `use_container_width=False`, use `width='content'`.
2026-10-04 00:20:15.074 Please replace `use_container_width` with `width`.

`use_container_width` will be removed after 2025-12-31.

For `use_container_width=True`, use `width='stretch'`. For `use_container_width=False`, use `width='content'`.
2026-10-04 00:20:15.299 Please replace `use_container_width` with `width`.

`use_container_width` will be removed after 2025-12-31.

For `use_container_width=True`, use `width='stretch'`. For `use_container_width=False`, use `width='content'`.
2026-10-04 00:20:15.302 Please replace `use_container_width` with `width`.

`use_container_width` will be removed after 2025-12-31.

For `use_container_width=True`, use `width='stretch'`. For `use_container_width=False`, use `width='content'`.
2026-10-04 00:20:15.326 Please replace `use_container_width` with `width`.

`use_container_width` will be removed after 2025-12-31.

For `use_container_width=True`, use `width='stretch'`. For `use_container_width=False`, use `width='content'`.
2026-10-04 00:20:15.531 Please replace `use_container_width` with `width`.

`use_container_width` will be removed after 2025-12-31.

For `use_container_width=True`, use `width='stretch'`. For `use_container_width=False`, use `width='content'`.
2026-10-04 00:20:15.535 Please replace `use_container_width` with `width`.

`use_container_width` will be removed after 2025-12-31.

For `use_container_width=True`, use `width='stretch'`. For `use_container_width=False`, use `width='content'`.
2026-10-04 00:20:15.555 Please replace `use_container_width` with `width`.

`use_container_width` will be removed after 2025-12-31.

For `use_container_width=True`, use `width='stretch'`. For `use_container_width=False`, use `width='content'`.
ok
test_malformed_scene_is_isolated_from_existing_learning_features (test_day17.LearningSceneAppTests.test_malformed_scene_is_isolated_from_existing_learning_features) ... 2026-10-04 00:20:15.564 Thread 'MainThread': missing ScriptRunContext! This warning can be ignored when running in bare mode.
2026-10-04 00:20:15.564 Thread 'MainThread': missing ScriptRunContext! This warning can be ignored when running in bare mode.
2026-10-04 00:20:15.564 Thread 'MainThread': missing ScriptRunContext! This warning can be ignored when running in bare mode.
2026-10-04 00:20:15.564 Thread 'MainThread': missing ScriptRunContext! This warning can be ignored when running in bare mode.
2026-10-04 00:20:15.565 Thread 'MainThread': missing ScriptRunContext! This warning can be ignored when running in bare mode.
2026-10-04 00:20:15.565 Thread 'MainThread': missing ScriptRunContext! This warning can be ignored when running in bare mode.
2026-10-04 00:20:15.565 Thread 'MainThread': missing ScriptRunContext! This warning can be ignored when running in bare mode.
Learning Scene validator rejected domain=probability_sets reason=Unsupported Learning Scene version or domain.
ok
test_realistic_probability_pdf_exposes_early_localized_entry_and_collapses_relationships (test_day17.LearningSceneAppTests.test_realistic_probability_pdf_exposes_early_localized_entry_and_collapses_relationships) ... 2026-10-04 00:20:16.566 Thread 'MainThread': missing ScriptRunContext! This warning can be ignored when running in bare mode.
2026-10-04 00:20:16.566 Thread 'MainThread': missing ScriptRunContext! This warning can be ignored when running in bare mode.
2026-10-04 00:20:16.566 Thread 'MainThread': missing ScriptRunContext! This warning can be ignored when running in bare mode.
2026-10-04 00:20:16.566 Thread 'MainThread': missing ScriptRunContext! This warning can be ignored when running in bare mode.
2026-10-04 00:20:16.566 Thread 'MainThread': missing ScriptRunContext! This warning can be ignored when running in bare mode.
2026-10-04 00:20:16.566 Thread 'MainThread': missing ScriptRunContext! This warning can be ignored when running in bare mode.
2026-10-04 00:20:17.554 Please replace `use_container_width` with `width`.

`use_container_width` will be removed after 2025-12-31.

For `use_container_width=True`, use `width='stretch'`. For `use_container_width=False`, use `width='content'`.
2026-10-04 00:20:17.557 Please replace `use_container_width` with `width`.

`use_container_width` will be removed after 2025-12-31.

For `use_container_width=True`, use `width='stretch'`. For `use_container_width=False`, use `width='content'`.
2026-10-04 00:20:17.572 Please replace `use_container_width` with `width`.

`use_container_width` will be removed after 2025-12-31.

For `use_container_width=True`, use `width='stretch'`. For `use_container_width=False`, use `width='content'`.
2026-10-04 00:20:17.769 Please replace `use_container_width` with `width`.

`use_container_width` will be removed after 2025-12-31.

For `use_container_width=True`, use `width='stretch'`. For `use_container_width=False`, use `width='content'`.
2026-10-04 00:20:17.772 Please replace `use_container_width` with `width`.

`use_container_width` will be removed after 2025-12-31.

For `use_container_width=True`, use `width='stretch'`. For `use_container_width=False`, use `width='content'`.
2026-10-04 00:20:17.787 Please replace `use_container_width` with `width`.

`use_container_width` will be removed after 2025-12-31.

For `use_container_width=True`, use `width='stretch'`. For `use_container_width=False`, use `width='content'`.
ok
test_context_is_bounded_grounded_and_cache_identity_excludes_local_state (test_day17.LearningSceneCoreTests.test_context_is_bounded_grounded_and_cache_identity_excludes_local_state) ... ok
test_de_morgan_both_laws_and_inclusion_exclusion_are_derived (test_day17.LearningSceneCoreTests.test_de_morgan_both_laws_and_inclusion_exclusion_are_derived) ... ok
test_duplicate_ids_broken_bindings_unknown_events_pages_and_limits (test_day17.LearningSceneCoreTests.test_duplicate_ids_broken_bindings_unknown_events_pages_and_limits) ... ok
test_event_membership_union_intersection_complement_difference (test_day17.LearningSceneCoreTests.test_event_membership_union_intersection_complement_difference) ... ok
test_expression_parser_valid_and_malicious_inputs (test_day17.LearningSceneCoreTests.test_expression_parser_valid_and_malicious_inputs) ... ok
test_human_labels_hide_internal_ids_and_inclusion_exclusion_is_exact (test_day17.LearningSceneCoreTests.test_human_labels_hide_internal_ids_and_inclusion_exclusion_is_exact) ... ok
test_incomplete_tuple_product_does_not_invent_a_tree (test_day17.LearningSceneCoreTests.test_incomplete_tuple_product_does_not_invent_a_tree) ... ok
test_malformed_specs_gracefully_reject_and_no_execution_calls (test_day17.LearningSceneCoreTests.test_malformed_specs_gracefully_reject_and_no_execution_calls) ... ok
test_monte_carlo_is_deterministic_bounded_and_converges (test_day17.LearningSceneCoreTests.test_monte_carlo_is_deterministic_bounded_and_converges) ... ok
test_mutually_exclusive_events_and_false_declaration (test_day17.LearningSceneCoreTests.test_mutually_exclusive_events_and_false_declaration) ... ok
test_one_semantic_focus_drives_set_tree_formula_and_monte_carlo_targets (test_day17.LearningSceneCoreTests.test_one_semantic_focus_drives_set_tree_formula_and_monte_carlo_targets) ... ok
test_pdf_candidate_uses_extracted_pages_and_requires_probability_structure (test_day17.LearningSceneCoreTests.test_pdf_candidate_uses_extracted_pages_and_requires_probability_structure) ... ok
test_selected_outcome_maps_to_tree_path_and_membership_zone (test_day17.LearningSceneCoreTests.test_selected_outcome_maps_to_tree_path_and_membership_zone) ... 2026-10-04 00:20:17.889 Thread 'MainThread': missing ScriptRunContext! This warning can be ignored when running in bare mode.
ok
test_strict_schema_and_finite_sample_space_normalization (test_day17.LearningSceneCoreTests.test_strict_schema_and_finite_sample_space_normalization) ... ok
test_tuple_outcomes_restore_complete_two_stage_tree (test_day17.LearningSceneCoreTests.test_tuple_outcomes_restore_complete_two_stage_tree) ... ok
test_universe_is_not_an_event_or_peer_circle (test_day17.LearningSceneCoreTests.test_universe_is_not_an_event_or_peer_circle) ... ok
test_fixed_component_code_and_numeric_state_transitions (test_day18.WorldFrontendTests.test_fixed_component_code_and_numeric_state_transitions) ... 2026-10-04 00:20:18.156 Thread 'MainThread': missing ScriptRunContext! This warning can be ignored when running in bare mode.
2026-10-04 00:20:18.159 Thread 'MainThread': missing ScriptRunContext! This warning can be ignored when running in bare mode.
2026-10-04 00:20:18.159 Thread 'MainThread': missing ScriptRunContext! This warning can be ignored when running in bare mode.
2026-10-04 00:20:18.160 Thread 'MainThread': missing ScriptRunContext! This warning can be ignored when running in bare mode.
2026-10-04 00:20:18.160 Thread 'MainThread': missing ScriptRunContext! This warning can be ignored when running in bare mode.
2026-10-04 00:20:18.160 Thread 'MainThread': missing ScriptRunContext! This warning can be ignored when running in bare mode.
2026-10-04 00:20:18.160 Thread 'MainThread': missing ScriptRunContext! This warning can be ignored when running in bare mode.
2026-10-04 00:20:18.160 Thread 'MainThread': missing ScriptRunContext! This warning can be ignored when running in bare mode.
2026-10-04 00:20:18.160 Thread 'MainThread': missing ScriptRunContext! This warning can be ignored when running in bare mode.
2026-10-04 00:20:18.160 Thread 'MainThread': missing ScriptRunContext! This warning can be ignored when running in bare mode.
2026-10-04 00:20:18.160 Thread 'MainThread': missing ScriptRunContext! This warning can be ignored when running in bare mode.
2026-10-04 00:20:18.160 Thread 'MainThread': missing ScriptRunContext! This warning can be ignored when running in bare mode.
2026-10-04 00:20:18.160 Thread 'MainThread': missing ScriptRunContext! This warning can be ignored when running in bare mode.
2026-10-04 00:20:18.160 Thread 'MainThread': missing ScriptRunContext! This warning can be ignored when running in bare mode.
2026-10-04 00:20:18.160 Thread 'MainThread': missing ScriptRunContext! This warning can be ignored when running in bare mode.
2026-10-04 00:20:18.160 Thread 'MainThread': missing ScriptRunContext! This warning can be ignored when running in bare mode.
2026-10-04 00:20:18.160 Thread 'MainThread': missing ScriptRunContext! This warning can be ignored when running in bare mode.
2026-10-04 00:20:18.160 Thread 'MainThread': missing ScriptRunContext! This warning can be ignored when running in bare mode.
2026-10-04 00:20:18.160 Thread 'MainThread': missing ScriptRunContext! This warning can be ignored when running in bare mode.
2026-10-04 00:20:18.161 Thread 'MainThread': missing ScriptRunContext! This warning can be ignored when running in bare mode.
2026-10-04 00:20:18.161 Thread 'MainThread': missing ScriptRunContext! This warning can be ignored when running in bare mode.
2026-10-04 00:20:18.161 Thread 'MainThread': missing ScriptRunContext! This warning can be ignored when running in bare mode.
2026-10-04 00:20:18.161 Thread 'MainThread': missing ScriptRunContext! This warning can be ignored when running in bare mode.
2026-10-04 00:20:18.161 Thread 'MainThread': missing ScriptRunContext! This warning can be ignored when running in bare mode.
2026-10-04 00:20:18.161 Thread 'MainThread': missing ScriptRunContext! This warning can be ignored when running in bare mode.
2026-10-04 00:20:18.161 Thread 'MainThread': missing ScriptRunContext! This warning can be ignored when running in bare mode.
2026-10-04 00:20:18.161 Thread 'MainThread': missing ScriptRunContext! This warning can be ignored when running in bare mode.
2026-10-04 00:20:18.161 Thread 'MainThread': missing ScriptRunContext! This warning can be ignored when running in bare mode.
2026-10-04 00:20:18.161 Thread 'MainThread': missing ScriptRunContext! This warning can be ignored when running in bare mode.
2026-10-04 00:20:18.161 Thread 'MainThread': missing ScriptRunContext! This warning can be ignored when running in bare mode.
2026-10-04 00:20:18.161 Thread 'MainThread': missing ScriptRunContext! This warning can be ignored when running in bare mode.
2026-10-04 00:20:18.161 Thread 'MainThread': missing ScriptRunContext! This warning can be ignored when running in bare mode.
2026-10-04 00:20:18.161 Thread 'MainThread': missing ScriptRunContext! This warning can be ignored when running in bare mode.
2026-10-04 00:20:18.161 Thread 'MainThread': missing ScriptRunContext! This warning can be ignored when running in bare mode.
2026-10-04 00:20:18.161 Thread 'MainThread': missing ScriptRunContext! This warning can be ignored when running in bare mode.
2026-10-04 00:20:18.162 Thread 'MainThread': missing ScriptRunContext! This warning can be ignored when running in bare mode.
2026-10-04 00:20:18.162 Thread 'MainThread': missing ScriptRunContext! This warning can be ignored when running in bare mode.
2026-10-04 00:20:18.162 Thread 'MainThread': missing ScriptRunContext! This warning can be ignored when running in bare mode.
2026-10-04 00:20:18.162 Thread 'MainThread': missing ScriptRunContext! This warning can be ignored when running in bare mode.
2026-10-04 00:20:18.162 Thread 'MainThread': missing ScriptRunContext! This warning can be ignored when running in bare mode.
2026-10-04 00:20:18.162 Thread 'MainThread': missing ScriptRunContext! This warning can be ignored when running in bare mode.
2026-10-04 00:20:18.162 Thread 'MainThread': missing ScriptRunContext! This warning can be ignored when running in bare mode.
2026-10-04 00:20:18.162 Thread 'MainThread': missing ScriptRunContext! This warning can be ignored when running in bare mode.
2026-10-04 00:20:18.162 Thread 'MainThread': missing ScriptRunContext! This warning can be ignored when running in bare mode.
2026-10-04 00:20:18.238 Thread 'MainThread': missing ScriptRunContext! This warning can be ignored when running in bare mode.
2026-10-04 00:20:18.240 Thread 'MainThread': missing ScriptRunContext! This warning can be ignored when running in bare mode.
2026-10-04 00:20:18.241 Thread 'MainThread': missing ScriptRunContext! This warning can be ignored when running in bare mode.
2026-10-04 00:20:18.241 Thread 'MainThread': missing ScriptRunContext! This warning can be ignored when running in bare mode.
2026-10-04 00:20:18.241 Thread 'MainThread': missing ScriptRunContext! This warning can be ignored when running in bare mode.
2026-10-04 00:20:18.241 Thread 'MainThread': missing ScriptRunContext! This warning can be ignored when running in bare mode.
2026-10-04 00:20:18.241 Thread 'MainThread': missing ScriptRunContext! This warning can be ignored when running in bare mode.
2026-10-04 00:20:18.241 Thread 'MainThread': missing ScriptRunContext! This warning can be ignored when running in bare mode.
2026-10-04 00:20:18.241 Thread 'MainThread': missing ScriptRunContext! This warning can be ignored when running in bare mode.
2026-10-04 00:20:18.241 Thread 'MainThread': missing ScriptRunContext! This warning can be ignored when running in bare mode.
2026-10-04 00:20:18.241 Thread 'MainThread': missing ScriptRunContext! This warning can be ignored when running in bare mode.
2026-10-04 00:20:18.241 Thread 'MainThread': missing ScriptRunContext! This warning can be ignored when running in bare mode.
2026-10-04 00:20:18.241 Thread 'MainThread': missing ScriptRunContext! This warning can be ignored when running in bare mode.
2026-10-04 00:20:18.241 Thread 'MainThread': missing ScriptRunContext! This warning can be ignored when running in bare mode.
2026-10-04 00:20:18.241 Thread 'MainThread': missing ScriptRunContext! This warning can be ignored when running in bare mode.
2026-10-04 00:20:18.241 Thread 'MainThread': missing ScriptRunContext! This warning can be ignored when running in bare mode.
2026-10-04 00:20:18.241 Thread 'MainThread': missing ScriptRunContext! This warning can be ignored when running in bare mode.
2026-10-04 00:20:18.241 Thread 'MainThread': missing ScriptRunContext! This warning can be ignored when running in bare mode.
2026-10-04 00:20:18.241 Thread 'MainThread': missing ScriptRunContext! This warning can be ignored when running in bare mode.
2026-10-04 00:20:18.241 Thread 'MainThread': missing ScriptRunContext! This warning can be ignored when running in bare mode.
2026-10-04 00:20:18.241 Thread 'MainThread': missing ScriptRunContext! This warning can be ignored when running in bare mode.
2026-10-04 00:20:18.241 Thread 'MainThread': missing ScriptRunContext! This warning can be ignored when running in bare mode.
2026-10-04 00:20:18.241 Thread 'MainThread': missing ScriptRunContext! This warning can be ignored when running in bare mode.
2026-10-04 00:20:18.242 Thread 'MainThread': missing ScriptRunContext! This warning can be ignored when running in bare mode.
2026-10-04 00:20:18.242 Thread 'MainThread': missing ScriptRunContext! This warning can be ignored when running in bare mode.
2026-10-04 00:20:18.242 Thread 'MainThread': missing ScriptRunContext! This warning can be ignored when running in bare mode.
2026-10-04 00:20:18.242 Thread 'MainThread': missing ScriptRunContext! This warning can be ignored when running in bare mode.
2026-10-04 00:20:18.242 Thread 'MainThread': missing ScriptRunContext! This warning can be ignored when running in bare mode.
2026-10-04 00:20:18.242 Thread 'MainThread': missing ScriptRunContext! This warning can be ignored when running in bare mode.
2026-10-04 00:20:18.242 Thread 'MainThread': missing ScriptRunContext! This warning can be ignored when running in bare mode.
2026-10-04 00:20:18.242 Thread 'MainThread': missing ScriptRunContext! This warning can be ignored when running in bare mode.
2026-10-04 00:20:18.242 Thread 'MainThread': missing ScriptRunContext! This warning can be ignored when running in bare mode.
2026-10-04 00:20:18.242 Thread 'MainThread': missing ScriptRunContext! This warning can be ignored when running in bare mode.
2026-10-04 00:20:18.242 Thread 'MainThread': missing ScriptRunContext! This warning can be ignored when running in bare mode.
2026-10-04 00:20:18.242 Thread 'MainThread': missing ScriptRunContext! This warning can be ignored when running in bare mode.
2026-10-04 00:20:18.242 Thread 'MainThread': missing ScriptRunContext! This warning can be ignored when running in bare mode.
2026-10-04 00:20:18.242 Thread 'MainThread': missing ScriptRunContext! This warning can be ignored when running in bare mode.
2026-10-04 00:20:18.242 Thread 'MainThread': missing ScriptRunContext! This warning can be ignored when running in bare mode.
2026-10-04 00:20:18.242 Thread 'MainThread': missing ScriptRunContext! This warning can be ignored when running in bare mode.
2026-10-04 00:20:18.242 Thread 'MainThread': missing ScriptRunContext! This warning can be ignored when running in bare mode.
2026-10-04 00:20:18.243 Thread 'MainThread': missing ScriptRunContext! This warning can be ignored when running in bare mode.
2026-10-04 00:20:18.243 Thread 'MainThread': missing ScriptRunContext! This warning can be ignored when running in bare mode.
2026-10-04 00:20:18.243 Thread 'MainThread': missing ScriptRunContext! This warning can be ignored when running in bare mode.
2026-10-04 00:20:18.243 Thread 'MainThread': missing ScriptRunContext! This warning can be ignored when running in bare mode.
2026-10-04 00:20:18.249 Thread 'MainThread': missing ScriptRunContext! This warning can be ignored when running in bare mode.
2026-10-04 00:20:18.255 Thread 'MainThread': missing ScriptRunContext! This warning can be ignored when running in bare mode.
2026-10-04 00:20:18.309 Thread 'MainThread': missing ScriptRunContext! This warning can be ignored when running in bare mode.
2026-10-04 00:20:18.310 Thread 'MainThread': missing ScriptRunContext! This warning can be ignored when running in bare mode.
2026-10-04 00:20:18.310 Thread 'MainThread': missing ScriptRunContext! This warning can be ignored when running in bare mode.
2026-10-04 00:20:18.310 Thread 'MainThread': missing ScriptRunContext! This warning can be ignored when running in bare mode.
2026-10-04 00:20:18.310 Thread 'MainThread': missing ScriptRunContext! This warning can be ignored when running in bare mode.
2026-10-04 00:20:18.310 Thread 'MainThread': missing ScriptRunContext! This warning can be ignored when running in bare mode.
2026-10-04 00:20:18.310 Thread 'MainThread': missing ScriptRunContext! This warning can be ignored when running in bare mode.
2026-10-04 00:20:18.310 Thread 'MainThread': missing ScriptRunContext! This warning can be ignored when running in bare mode.
2026-10-04 00:20:18.310 Thread 'MainThread': missing ScriptRunContext! This warning can be ignored when running in bare mode.
2026-10-04 00:20:18.310 Thread 'MainThread': missing ScriptRunContext! This warning can be ignored when running in bare mode.
2026-10-04 00:20:18.310 Thread 'MainThread': missing ScriptRunContext! This warning can be ignored when running in bare mode.
2026-10-04 00:20:18.310 Thread 'MainThread': missing ScriptRunContext! This warning can be ignored when running in bare mode.
2026-10-04 00:20:18.310 Thread 'MainThread': missing ScriptRunContext! This warning can be ignored when running in bare mode.
2026-10-04 00:20:18.310 Thread 'MainThread': missing ScriptRunContext! This warning can be ignored when running in bare mode.
2026-10-04 00:20:18.310 Thread 'MainThread': missing ScriptRunContext! This warning can be ignored when running in bare mode.
2026-10-04 00:20:18.310 Thread 'MainThread': missing ScriptRunContext! This warning can be ignored when running in bare mode.
2026-10-04 00:20:18.311 Thread 'MainThread': missing ScriptRunContext! This warning can be ignored when running in bare mode.
2026-10-04 00:20:18.311 Thread 'MainThread': missing ScriptRunContext! This warning can be ignored when running in bare mode.
2026-10-04 00:20:18.311 Thread 'MainThread': missing ScriptRunContext! This warning can be ignored when running in bare mode.
2026-10-04 00:20:18.311 Thread 'MainThread': missing ScriptRunContext! This warning can be ignored when running in bare mode.
2026-10-04 00:20:18.311 Thread 'MainThread': missing ScriptRunContext! This warning can be ignored when running in bare mode.
2026-10-04 00:20:18.311 Thread 'MainThread': missing ScriptRunContext! This warning can be ignored when running in bare mode.
2026-10-04 00:20:18.311 Thread 'MainThread': missing ScriptRunContext! This warning can be ignored when running in bare mode.
2026-10-04 00:20:18.311 Thread 'MainThread': missing ScriptRunContext! This warning can be ignored when running in bare mode.
2026-10-04 00:20:18.311 Thread 'MainThread': missing ScriptRunContext! This warning can be ignored when running in bare mode.
2026-10-04 00:20:18.311 Thread 'MainThread': missing ScriptRunContext! This warning can be ignored when running in bare mode.
2026-10-04 00:20:18.311 Thread 'MainThread': missing ScriptRunContext! This warning can be ignored when running in bare mode.
2026-10-04 00:20:18.311 Thread 'MainThread': missing ScriptRunContext! This warning can be ignored when running in bare mode.
2026-10-04 00:20:18.311 Thread 'MainThread': missing ScriptRunContext! This warning can be ignored when running in bare mode.
2026-10-04 00:20:18.311 Thread 'MainThread': missing ScriptRunContext! This warning can be ignored when running in bare mode.
2026-10-04 00:20:18.311 Thread 'MainThread': missing ScriptRunContext! This warning can be ignored when running in bare mode.
2026-10-04 00:20:18.311 Thread 'MainThread': missing ScriptRunContext! This warning can be ignored when running in bare mode.
2026-10-04 00:20:18.311 Thread 'MainThread': missing ScriptRunContext! This warning can be ignored when running in bare mode.
2026-10-04 00:20:18.311 Thread 'MainThread': missing ScriptRunContext! This warning can be ignored when running in bare mode.
2026-10-04 00:20:18.311 Thread 'MainThread': missing ScriptRunContext! This warning can be ignored when running in bare mode.
2026-10-04 00:20:18.311 Thread 'MainThread': missing ScriptRunContext! This warning can be ignored when running in bare mode.
2026-10-04 00:20:18.312 Thread 'MainThread': missing ScriptRunContext! This warning can be ignored when running in bare mode.
2026-10-04 00:20:18.312 Thread 'MainThread': missing ScriptRunContext! This warning can be ignored when running in bare mode.
2026-10-04 00:20:18.312 Thread 'MainThread': missing ScriptRunContext! This warning can be ignored when running in bare mode.
2026-10-04 00:20:18.312 Thread 'MainThread': missing ScriptRunContext! This warning can be ignored when running in bare mode.
2026-10-04 00:20:18.312 Thread 'MainThread': missing ScriptRunContext! This warning can be ignored when running in bare mode.
2026-10-04 00:20:18.312 Thread 'MainThread': missing ScriptRunContext! This warning can be ignored when running in bare mode.
2026-10-04 00:20:18.312 Thread 'MainThread': missing ScriptRunContext! This warning can be ignored when running in bare mode.
2026-10-04 00:20:18.312 Thread 'MainThread': missing ScriptRunContext! This warning can be ignored when running in bare mode.
2026-10-04 00:20:18.333 Thread 'MainThread': missing ScriptRunContext! This warning can be ignored when running in bare mode.
2026-10-04 00:20:18.334 Thread 'MainThread': missing ScriptRunContext! This warning can be ignored when running in bare mode.
2026-10-04 00:20:18.334 Thread 'MainThread': missing ScriptRunContext! This warning can be ignored when running in bare mode.
2026-10-04 00:20:18.334 Thread 'MainThread': missing ScriptRunContext! This warning can be ignored when running in bare mode.
2026-10-04 00:20:18.334 Thread 'MainThread': missing ScriptRunContext! This warning can be ignored when running in bare mode.
2026-10-04 00:20:18.334 Thread 'MainThread': missing ScriptRunContext! This warning can be ignored when running in bare mode.
2026-10-04 00:20:18.334 Thread 'MainThread': missing ScriptRunContext! This warning can be ignored when running in bare mode.
2026-10-04 00:20:18.334 Thread 'MainThread': missing ScriptRunContext! This warning can be ignored when running in bare mode.
2026-10-04 00:20:18.334 Thread 'MainThread': missing ScriptRunContext! This warning can be ignored when running in bare mode.
2026-10-04 00:20:18.334 Thread 'MainThread': missing ScriptRunContext! This warning can be ignored when running in bare mode.
2026-10-04 00:20:18.334 Thread 'MainThread': missing ScriptRunContext! This warning can be ignored when running in bare mode.
2026-10-04 00:20:18.335 Thread 'MainThread': missing ScriptRunContext! This warning can be ignored when running in bare mode.
2026-10-04 00:20:18.335 Thread 'MainThread': missing ScriptRunContext! This warning can be ignored when running in bare mode.
2026-10-04 00:20:18.335 Thread 'MainThread': missing ScriptRunContext! This warning can be ignored when running in bare mode.
2026-10-04 00:20:18.335 Thread 'MainThread': missing ScriptRunContext! This warning can be ignored when running in bare mode.
2026-10-04 00:20:18.335 Thread 'MainThread': missing ScriptRunContext! This warning can be ignored when running in bare mode.
2026-10-04 00:20:18.335 Thread 'MainThread': missing ScriptRunContext! This warning can be ignored when running in bare mode.
2026-10-04 00:20:18.335 Thread 'MainThread': missing ScriptRunContext! This warning can be ignored when running in bare mode.
2026-10-04 00:20:18.335 Thread 'MainThread': missing ScriptRunContext! This warning can be ignored when running in bare mode.
2026-10-04 00:20:18.335 Thread 'MainThread': missing ScriptRunContext! This warning can be ignored when running in bare mode.
2026-10-04 00:20:18.335 Thread 'MainThread': missing ScriptRunContext! This warning can be ignored when running in bare mode.
2026-10-04 00:20:18.335 Thread 'MainThread': missing ScriptRunContext! This warning can be ignored when running in bare mode.
2026-10-04 00:20:18.335 Thread 'MainThread': missing ScriptRunContext! This warning can be ignored when running in bare mode.
2026-10-04 00:20:18.335 Thread 'MainThread': missing ScriptRunContext! This warning can be ignored when running in bare mode.
2026-10-04 00:20:18.335 Thread 'MainThread': missing ScriptRunContext! This warning can be ignored when running in bare mode.
2026-10-04 00:20:18.335 Thread 'MainThread': missing ScriptRunContext! This warning can be ignored when running in bare mode.
2026-10-04 00:20:18.335 Thread 'MainThread': missing ScriptRunContext! This warning can be ignored when running in bare mode.
2026-10-04 00:20:18.335 Thread 'MainThread': missing ScriptRunContext! This warning can be ignored when running in bare mode.
2026-10-04 00:20:18.335 Thread 'MainThread': missing ScriptRunContext! This warning can be ignored when running in bare mode.
2026-10-04 00:20:18.335 Thread 'MainThread': missing ScriptRunContext! This warning can be ignored when running in bare mode.
2026-10-04 00:20:18.335 Thread 'MainThread': missing ScriptRunContext! This warning can be ignored when running in bare mode.
2026-10-04 00:20:18.336 Thread 'MainThread': missing ScriptRunContext! This warning can be ignored when running in bare mode.
2026-10-04 00:20:18.336 Thread 'MainThread': missing ScriptRunContext! This warning can be ignored when running in bare mode.
2026-10-04 00:20:18.336 Thread 'MainThread': missing ScriptRunContext! This warning can be ignored when running in bare mode.
2026-10-04 00:20:18.336 Thread 'MainThread': missing ScriptRunContext! This warning can be ignored when running in bare mode.
2026-10-04 00:20:18.336 Thread 'MainThread': missing ScriptRunContext! This warning can be ignored when running in bare mode.
2026-10-04 00:20:18.336 Thread 'MainThread': missing ScriptRunContext! This warning can be ignored when running in bare mode.
2026-10-04 00:20:18.336 Thread 'MainThread': missing ScriptRunContext! This warning can be ignored when running in bare mode.
2026-10-04 00:20:18.336 Thread 'MainThread': missing ScriptRunContext! This warning can be ignored when running in bare mode.
2026-10-04 00:20:18.336 Thread 'MainThread': missing ScriptRunContext! This warning can be ignored when running in bare mode.
2026-10-04 00:20:18.336 Thread 'MainThread': missing ScriptRunContext! This warning can be ignored when running in bare mode.
2026-10-04 00:20:18.336 Thread 'MainThread': missing ScriptRunContext! This warning can be ignored when running in bare mode.
2026-10-04 00:20:18.336 Thread 'MainThread': missing ScriptRunContext! This warning can be ignored when running in bare mode.
2026-10-04 00:20:18.336 Thread 'MainThread': missing ScriptRunContext! This warning can be ignored when running in bare mode.
2026-10-04 00:20:18.339 Thread 'MainThread': missing ScriptRunContext! This warning can be ignored when running in bare mode.
2026-10-04 00:20:18.341 Thread 'MainThread': missing ScriptRunContext! This warning can be ignored when running in bare mode.
2026-10-04 00:20:18.362 Thread 'MainThread': missing ScriptRunContext! This warning can be ignored when running in bare mode.
2026-10-04 00:20:18.363 Thread 'MainThread': missing ScriptRunContext! This warning can be ignored when running in bare mode.
2026-10-04 00:20:18.363 Thread 'MainThread': missing ScriptRunContext! This warning can be ignored when running in bare mode.
2026-10-04 00:20:18.363 Thread 'MainThread': missing ScriptRunContext! This warning can be ignored when running in bare mode.
2026-10-04 00:20:18.363 Thread 'MainThread': missing ScriptRunContext! This warning can be ignored when running in bare mode.
2026-10-04 00:20:18.363 Thread 'MainThread': missing ScriptRunContext! This warning can be ignored when running in bare mode.
2026-10-04 00:20:18.363 Thread 'MainThread': missing ScriptRunContext! This warning can be ignored when running in bare mode.
2026-10-04 00:20:18.363 Thread 'MainThread': missing ScriptRunContext! This warning can be ignored when running in bare mode.
2026-10-04 00:20:18.363 Thread 'MainThread': missing ScriptRunContext! This warning can be ignored when running in bare mode.
2026-10-04 00:20:18.363 Thread 'MainThread': missing ScriptRunContext! This warning can be ignored when running in bare mode.
2026-10-04 00:20:18.363 Thread 'MainThread': missing ScriptRunContext! This warning can be ignored when running in bare mode.
2026-10-04 00:20:18.364 Thread 'MainThread': missing ScriptRunContext! This warning can be ignored when running in bare mode.
2026-10-04 00:20:18.364 Thread 'MainThread': missing ScriptRunContext! This warning can be ignored when running in bare mode.
2026-10-04 00:20:18.364 Thread 'MainThread': missing ScriptRunContext! This warning can be ignored when running in bare mode.
2026-10-04 00:20:18.364 Thread 'MainThread': missing ScriptRunContext! This warning can be ignored when running in bare mode.
2026-10-04 00:20:18.364 Thread 'MainThread': missing ScriptRunContext! This warning can be ignored when running in bare mode.
2026-10-04 00:20:18.364 Thread 'MainThread': missing ScriptRunContext! This warning can be ignored when running in bare mode.
2026-10-04 00:20:18.364 Thread 'MainThread': missing ScriptRunContext! This warning can be ignored when running in bare mode.
2026-10-04 00:20:18.364 Thread 'MainThread': missing ScriptRunContext! This warning can be ignored when running in bare mode.
2026-10-04 00:20:18.364 Thread 'MainThread': missing ScriptRunContext! This warning can be ignored when running in bare mode.
2026-10-04 00:20:18.364 Thread 'MainThread': missing ScriptRunContext! This warning can be ignored when running in bare mode.
2026-10-04 00:20:18.364 Thread 'MainThread': missing ScriptRunContext! This warning can be ignored when running in bare mode.
2026-10-04 00:20:18.364 Thread 'MainThread': missing ScriptRunContext! This warning can be ignored when running in bare mode.
2026-10-04 00:20:18.364 Thread 'MainThread': missing ScriptRunContext! This warning can be ignored when running in bare mode.
2026-10-04 00:20:18.364 Thread 'MainThread': missing ScriptRunContext! This warning can be ignored when running in bare mode.
2026-10-04 00:20:18.364 Thread 'MainThread': missing ScriptRunContext! This warning can be ignored when running in bare mode.
2026-10-04 00:20:18.364 Thread 'MainThread': missing ScriptRunContext! This warning can be ignored when running in bare mode.
2026-10-04 00:20:18.364 Thread 'MainThread': missing ScriptRunContext! This warning can be ignored when running in bare mode.
2026-10-04 00:20:18.364 Thread 'MainThread': missing ScriptRunContext! This warning can be ignored when running in bare mode.
2026-10-04 00:20:18.364 Thread 'MainThread': missing ScriptRunContext! This warning can be ignored when running in bare mode.
2026-10-04 00:20:18.364 Thread 'MainThread': missing ScriptRunContext! This warning can be ignored when running in bare mode.
2026-10-04 00:20:18.364 Thread 'MainThread': missing ScriptRunContext! This warning can be ignored when running in bare mode.
2026-10-04 00:20:18.364 Thread 'MainThread': missing ScriptRunContext! This warning can be ignored when running in bare mode.
2026-10-04 00:20:18.364 Thread 'MainThread': missing ScriptRunContext! This warning can be ignored when running in bare mode.
2026-10-04 00:20:18.365 Thread 'MainThread': missing ScriptRunContext! This warning can be ignored when running in bare mode.
2026-10-04 00:20:18.365 Thread 'MainThread': missing ScriptRunContext! This warning can be ignored when running in bare mode.
2026-10-04 00:20:18.365 Thread 'MainThread': missing ScriptRunContext! This warning can be ignored when running in bare mode.
2026-10-04 00:20:18.365 Thread 'MainThread': missing ScriptRunContext! This warning can be ignored when running in bare mode.
2026-10-04 00:20:18.365 Thread 'MainThread': missing ScriptRunContext! This warning can be ignored when running in bare mode.
2026-10-04 00:20:18.365 Thread 'MainThread': missing ScriptRunContext! This warning can be ignored when running in bare mode.
2026-10-04 00:20:18.365 Thread 'MainThread': missing ScriptRunContext! This warning can be ignored when running in bare mode.
2026-10-04 00:20:18.365 Thread 'MainThread': missing ScriptRunContext! This warning can be ignored when running in bare mode.
2026-10-04 00:20:18.365 Thread 'MainThread': missing ScriptRunContext! This warning can be ignored when running in bare mode.
2026-10-04 00:20:18.365 Thread 'MainThread': missing ScriptRunContext! This warning can be ignored when running in bare mode.
2026-10-04 00:20:18.374 Thread 'MainThread': missing ScriptRunContext! This warning can be ignored when running in bare mode.
2026-10-04 00:20:18.375 Thread 'MainThread': missing ScriptRunContext! This warning can be ignored when running in bare mode.
2026-10-04 00:20:18.375 Thread 'MainThread': missing ScriptRunContext! This warning can be ignored when running in bare mode.
2026-10-04 00:20:18.375 Thread 'MainThread': missing ScriptRunContext! This warning can be ignored when running in bare mode.
2026-10-04 00:20:18.375 Thread 'MainThread': missing ScriptRunContext! This warning can be ignored when running in bare mode.
2026-10-04 00:20:18.375 Thread 'MainThread': missing ScriptRunContext! This warning can be ignored when running in bare mode.
2026-10-04 00:20:18.375 Thread 'MainThread': missing ScriptRunContext! This warning can be ignored when running in bare mode.
2026-10-04 00:20:18.375 Thread 'MainThread': missing ScriptRunContext! This warning can be ignored when running in bare mode.
2026-10-04 00:20:18.375 Thread 'MainThread': missing ScriptRunContext! This warning can be ignored when running in bare mode.
2026-10-04 00:20:18.375 Thread 'MainThread': missing ScriptRunContext! This warning can be ignored when running in bare mode.
2026-10-04 00:20:18.375 Thread 'MainThread': missing ScriptRunContext! This warning can be ignored when running in bare mode.
2026-10-04 00:20:18.375 Thread 'MainThread': missing ScriptRunContext! This warning can be ignored when running in bare mode.
2026-10-04 00:20:18.376 Thread 'MainThread': missing ScriptRunContext! This warning can be ignored when running in bare mode.
2026-10-04 00:20:18.376 Thread 'MainThread': missing ScriptRunContext! This warning can be ignored when running in bare mode.
2026-10-04 00:20:18.376 Thread 'MainThread': missing ScriptRunContext! This warning can be ignored when running in bare mode.
2026-10-04 00:20:18.376 Thread 'MainThread': missing ScriptRunContext! This warning can be ignored when running in bare mode.
2026-10-04 00:20:18.376 Thread 'MainThread': missing ScriptRunContext! This warning can be ignored when running in bare mode.
2026-10-04 00:20:18.376 Thread 'MainThread': missing ScriptRunContext! This warning can be ignored when running in bare mode.
2026-10-04 00:20:18.376 Thread 'MainThread': missing ScriptRunContext! This warning can be ignored when running in bare mode.
2026-10-04 00:20:18.376 Thread 'MainThread': missing ScriptRunContext! This warning can be ignored when running in bare mode.
2026-10-04 00:20:18.376 Thread 'MainThread': missing ScriptRunContext! This warning can be ignored when running in bare mode.
2026-10-04 00:20:18.376 Thread 'MainThread': missing ScriptRunContext! This warning can be ignored when running in bare mode.
2026-10-04 00:20:18.376 Thread 'MainThread': missing ScriptRunContext! This warning can be ignored when running in bare mode.
2026-10-04 00:20:18.376 Thread 'MainThread': missing ScriptRunContext! This warning can be ignored when running in bare mode.
2026-10-04 00:20:18.376 Thread 'MainThread': missing ScriptRunContext! This warning can be ignored when running in bare mode.
2026-10-04 00:20:18.376 Thread 'MainThread': missing ScriptRunContext! This warning can be ignored when running in bare mode.
2026-10-04 00:20:18.376 Thread 'MainThread': missing ScriptRunContext! This warning can be ignored when running in bare mode.
2026-10-04 00:20:18.376 Thread 'MainThread': missing ScriptRunContext! This warning can be ignored when running in bare mode.
2026-10-04 00:20:18.376 Thread 'MainThread': missing ScriptRunContext! This warning can be ignored when running in bare mode.
2026-10-04 00:20:18.376 Thread 'MainThread': missing ScriptRunContext! This warning can be ignored when running in bare mode.
2026-10-04 00:20:18.377 Thread 'MainThread': missing ScriptRunContext! This warning can be ignored when running in bare mode.
2026-10-04 00:20:18.377 Thread 'MainThread': missing ScriptRunContext! This warning can be ignored when running in bare mode.
2026-10-04 00:20:18.377 Thread 'MainThread': missing ScriptRunContext! This warning can be ignored when running in bare mode.
2026-10-04 00:20:18.377 Thread 'MainThread': missing ScriptRunContext! This warning can be ignored when running in bare mode.
2026-10-04 00:20:18.377 Thread 'MainThread': missing ScriptRunContext! This warning can be ignored when running in bare mode.
2026-10-04 00:20:18.377 Thread 'MainThread': missing ScriptRunContext! This warning can be ignored when running in bare mode.
2026-10-04 00:20:18.377 Thread 'MainThread': missing ScriptRunContext! This warning can be ignored when running in bare mode.
2026-10-04 00:20:18.377 Thread 'MainThread': missing ScriptRunContext! This warning can be ignored when running in bare mode.
2026-10-04 00:20:18.377 Thread 'MainThread': missing ScriptRunContext! This warning can be ignored when running in bare mode.
2026-10-04 00:20:18.377 Thread 'MainThread': missing ScriptRunContext! This warning can be ignored when running in bare mode.
2026-10-04 00:20:18.377 Thread 'MainThread': missing ScriptRunContext! This warning can be ignored when running in bare mode.
2026-10-04 00:20:18.377 Thread 'MainThread': missing ScriptRunContext! This warning can be ignored when running in bare mode.
2026-10-04 00:20:18.377 Thread 'MainThread': missing ScriptRunContext! This warning can be ignored when running in bare mode.
2026-10-04 00:20:18.377 Thread 'MainThread': missing ScriptRunContext! This warning can be ignored when running in bare mode.
2026-10-04 00:20:18.379 Thread 'MainThread': missing ScriptRunContext! This warning can be ignored when running in bare mode.
2026-10-04 00:20:18.381 Thread 'MainThread': missing ScriptRunContext! This warning can be ignored when running in bare mode.
2026-10-04 00:20:18.480 Thread 'MainThread': missing ScriptRunContext! This warning can be ignored when running in bare mode.
2026-10-04 00:20:18.481 Thread 'MainThread': missing ScriptRunContext! This warning can be ignored when running in bare mode.
2026-10-04 00:20:18.481 Thread 'MainThread': missing ScriptRunContext! This warning can be ignored when running in bare mode.
2026-10-04 00:20:18.481 Thread 'MainThread': missing ScriptRunContext! This warning can be ignored when running in bare mode.
2026-10-04 00:20:18.481 Thread 'MainThread': missing ScriptRunContext! This warning can be ignored when running in bare mode.
2026-10-04 00:20:18.481 Thread 'MainThread': missing ScriptRunContext! This warning can be ignored when running in bare mode.
2026-10-04 00:20:18.481 Thread 'MainThread': missing ScriptRunContext! This warning can be ignored when running in bare mode.
2026-10-04 00:20:18.481 Thread 'MainThread': missing ScriptRunContext! This warning can be ignored when running in bare mode.
2026-10-04 00:20:18.481 Thread 'MainThread': missing ScriptRunContext! This warning can be ignored when running in bare mode.
2026-10-04 00:20:18.481 Thread 'MainThread': missing ScriptRunContext! This warning can be ignored when running in bare mode.
2026-10-04 00:20:18.481 Thread 'MainThread': missing ScriptRunContext! This warning can be ignored when running in bare mode.
2026-10-04 00:20:18.481 Thread 'MainThread': missing ScriptRunContext! This warning can be ignored when running in bare mode.
2026-10-04 00:20:18.482 Thread 'MainThread': missing ScriptRunContext! This warning can be ignored when running in bare mode.
2026-10-04 00:20:18.482 Thread 'MainThread': missing ScriptRunContext! This warning can be ignored when running in bare mode.
2026-10-04 00:20:18.482 Thread 'MainThread': missing ScriptRunContext! This warning can be ignored when running in bare mode.
2026-10-04 00:20:18.482 Thread 'MainThread': missing ScriptRunContext! This warning can be ignored when running in bare mode.
2026-10-04 00:20:18.482 Thread 'MainThread': missing ScriptRunContext! This warning can be ignored when running in bare mode.
2026-10-04 00:20:18.482 Thread 'MainThread': missing ScriptRunContext! This warning can be ignored when running in bare mode.
2026-10-04 00:20:18.482 Thread 'MainThread': missing ScriptRunContext! This warning can be ignored when running in bare mode.
2026-10-04 00:20:18.482 Thread 'MainThread': missing ScriptRunContext! This warning can be ignored when running in bare mode.
2026-10-04 00:20:18.482 Thread 'MainThread': missing ScriptRunContext! This warning can be ignored when running in bare mode.
2026-10-04 00:20:18.482 Thread 'MainThread': missing ScriptRunContext! This warning can be ignored when running in bare mode.
2026-10-04 00:20:18.482 Thread 'MainThread': missing ScriptRunContext! This warning can be ignored when running in bare mode.
2026-10-04 00:20:18.482 Thread 'MainThread': missing ScriptRunContext! This warning can be ignored when running in bare mode.
2026-10-04 00:20:18.482 Thread 'MainThread': missing ScriptRunContext! This warning can be ignored when running in bare mode.
2026-10-04 00:20:18.482 Thread 'MainThread': missing ScriptRunContext! This warning can be ignored when running in bare mode.
2026-10-04 00:20:18.482 Thread 'MainThread': missing ScriptRunContext! This warning can be ignored when running in bare mode.
2026-10-04 00:20:18.482 Thread 'MainThread': missing ScriptRunContext! This warning can be ignored when running in bare mode.
2026-10-04 00:20:18.482 Thread 'MainThread': missing ScriptRunContext! This warning can be ignored when running in bare mode.
2026-10-04 00:20:18.482 Thread 'MainThread': missing ScriptRunContext! This warning can be ignored when running in bare mode.
2026-10-04 00:20:18.482 Thread 'MainThread': missing ScriptRunContext! This warning can be ignored when running in bare mode.
2026-10-04 00:20:18.482 Thread 'MainThread': missing ScriptRunContext! This warning can be ignored when running in bare mode.
2026-10-04 00:20:18.482 Thread 'MainThread': missing ScriptRunContext! This warning can be ignored when running in bare mode.
2026-10-04 00:20:18.483 Thread 'MainThread': missing ScriptRunContext! This warning can be ignored when running in bare mode.
2026-10-04 00:20:18.483 Thread 'MainThread': missing ScriptRunContext! This warning can be ignored when running in bare mode.
2026-10-04 00:20:18.483 Thread 'MainThread': missing ScriptRunContext! This warning can be ignored when running in bare mode.
2026-10-04 00:20:18.483 Thread 'MainThread': missing ScriptRunContext! This warning can be ignored when running in bare mode.
2026-10-04 00:20:18.483 Thread 'MainThread': missing ScriptRunContext! This warning can be ignored when running in bare mode.
2026-10-04 00:20:18.483 Thread 'MainThread': missing ScriptRunContext! This warning can be ignored when running in bare mode.
2026-10-04 00:20:18.483 Thread 'MainThread': missing ScriptRunContext! This warning can be ignored when running in bare mode.
2026-10-04 00:20:18.483 Thread 'MainThread': missing ScriptRunContext! This warning can be ignored when running in bare mode.
2026-10-04 00:20:18.483 Thread 'MainThread': missing ScriptRunContext! This warning can be ignored when running in bare mode.
2026-10-04 00:20:18.483 Thread 'MainThread': missing ScriptRunContext! This warning can be ignored when running in bare mode.
2026-10-04 00:20:18.483 Thread 'MainThread': missing ScriptRunContext! This warning can be ignored when running in bare mode.
2026-10-04 00:20:18.508 Thread 'MainThread': missing ScriptRunContext! This warning can be ignored when running in bare mode.
2026-10-04 00:20:18.509 Thread 'MainThread': missing ScriptRunContext! This warning can be ignored when running in bare mode.
2026-10-04 00:20:18.509 Thread 'MainThread': missing ScriptRunContext! This warning can be ignored when running in bare mode.
2026-10-04 00:20:18.509 Thread 'MainThread': missing ScriptRunContext! This warning can be ignored when running in bare mode.
2026-10-04 00:20:18.509 Thread 'MainThread': missing ScriptRunContext! This warning can be ignored when running in bare mode.
2026-10-04 00:20:18.509 Thread 'MainThread': missing ScriptRunContext! This warning can be ignored when running in bare mode.
2026-10-04 00:20:18.509 Thread 'MainThread': missing ScriptRunContext! This warning can be ignored when running in bare mode.
2026-10-04 00:20:18.509 Thread 'MainThread': missing ScriptRunContext! This warning can be ignored when running in bare mode.
2026-10-04 00:20:18.509 Thread 'MainThread': missing ScriptRunContext! This warning can be ignored when running in bare mode.
2026-10-04 00:20:18.509 Thread 'MainThread': missing ScriptRunContext! This warning can be ignored when running in bare mode.
2026-10-04 00:20:18.509 Thread 'MainThread': missing ScriptRunContext! This warning can be ignored when running in bare mode.
2026-10-04 00:20:18.510 Thread 'MainThread': missing ScriptRunContext! This warning can be ignored when running in bare mode.
2026-10-04 00:20:18.510 Thread 'MainThread': missing ScriptRunContext! This warning can be ignored when running in bare mode.
2026-10-04 00:20:18.510 Thread 'MainThread': missing ScriptRunContext! This warning can be ignored when running in bare mode.
2026-10-04 00:20:18.510 Thread 'MainThread': missing ScriptRunContext! This warning can be ignored when running in bare mode.
2026-10-04 00:20:18.510 Thread 'MainThread': missing ScriptRunContext! This warning can be ignored when running in bare mode.
2026-10-04 00:20:18.510 Thread 'MainThread': missing ScriptRunContext! This warning can be ignored when running in bare mode.
2026-10-04 00:20:18.510 Thread 'MainThread': missing ScriptRunContext! This warning can be ignored when running in bare mode.
2026-10-04 00:20:18.510 Thread 'MainThread': missing ScriptRunContext! This warning can be ignored when running in bare mode.
2026-10-04 00:20:18.510 Thread 'MainThread': missing ScriptRunContext! This warning can be ignored when running in bare mode.
2026-10-04 00:20:18.510 Thread 'MainThread': missing ScriptRunContext! This warning can be ignored when running in bare mode.
2026-10-04 00:20:18.510 Thread 'MainThread': missing ScriptRunContext! This warning can be ignored when running in bare mode.
2026-10-04 00:20:18.510 Thread 'MainThread': missing ScriptRunContext! This warning can be ignored when running in bare mode.
2026-10-04 00:20:18.510 Thread 'MainThread': missing ScriptRunContext! This warning can be ignored when running in bare mode.
2026-10-04 00:20:18.510 Thread 'MainThread': missing ScriptRunContext! This warning can be ignored when running in bare mode.
2026-10-04 00:20:18.510 Thread 'MainThread': missing ScriptRunContext! This warning can be ignored when running in bare mode.
2026-10-04 00:20:18.510 Thread 'MainThread': missing ScriptRunContext! This warning can be ignored when running in bare mode.
2026-10-04 00:20:18.510 Thread 'MainThread': missing ScriptRunContext! This warning can be ignored when running in bare mode.
2026-10-04 00:20:18.510 Thread 'MainThread': missing ScriptRunContext! This warning can be ignored when running in bare mode.
2026-10-04 00:20:18.510 Thread 'MainThread': missing ScriptRunContext! This warning can be ignored when running in bare mode.
2026-10-04 00:20:18.510 Thread 'MainThread': missing ScriptRunContext! This warning can be ignored when running in bare mode.
2026-10-04 00:20:18.510 Thread 'MainThread': missing ScriptRunContext! This warning can be ignored when running in bare mode.
2026-10-04 00:20:18.510 Thread 'MainThread': missing ScriptRunContext! This warning can be ignored when running in bare mode.
2026-10-04 00:20:18.511 Thread 'MainThread': missing ScriptRunContext! This warning can be ignored when running in bare mode.
2026-10-04 00:20:18.511 Thread 'MainThread': missing ScriptRunContext! This warning can be ignored when running in bare mode.
2026-10-04 00:20:18.511 Thread 'MainThread': missing ScriptRunContext! This warning can be ignored when running in bare mode.
2026-10-04 00:20:18.511 Thread 'MainThread': missing ScriptRunContext! This warning can be ignored when running in bare mode.
2026-10-04 00:20:18.511 Thread 'MainThread': missing ScriptRunContext! This warning can be ignored when running in bare mode.
2026-10-04 00:20:18.511 Thread 'MainThread': missing ScriptRunContext! This warning can be ignored when running in bare mode.
2026-10-04 00:20:18.511 Thread 'MainThread': missing ScriptRunContext! This warning can be ignored when running in bare mode.
2026-10-04 00:20:18.511 Thread 'MainThread': missing ScriptRunContext! This warning can be ignored when running in bare mode.
2026-10-04 00:20:18.511 Thread 'MainThread': missing ScriptRunContext! This warning can be ignored when running in bare mode.
2026-10-04 00:20:18.511 Thread 'MainThread': missing ScriptRunContext! This warning can be ignored when running in bare mode.
2026-10-04 00:20:18.511 Thread 'MainThread': missing ScriptRunContext! This warning can be ignored when running in bare mode.
2026-10-04 00:20:18.514 Thread 'MainThread': missing ScriptRunContext! This warning can be ignored when running in bare mode.
2026-10-04 00:20:18.518 Thread 'MainThread': missing ScriptRunContext! This warning can be ignored when running in bare mode.
ok
test_120_degree_spatial_axes_and_phase_offsets (test_day18.WorldLogicTests.test_120_degree_spatial_axes_and_phase_offsets) ... ok
test_an_unsampled_bad_local_state_cannot_enter_runtime (test_day18.WorldLogicTests.test_an_unsampled_bad_local_state_cannot_enter_runtime) ... ok
test_baseline_is_immutable_and_change_lens_is_numeric (test_day18.WorldLogicTests.test_baseline_is_immutable_and_change_lens_is_numeric) ... ok
test_browser_focus_baseline_and_parameter_use_displayed_time (test_day18.WorldLogicTests.test_browser_focus_baseline_and_parameter_use_displayed_time) ... ok
test_browser_patches_are_scoped_deduplicated_and_atomic (test_day18.WorldLogicTests.test_browser_patches_are_scoped_deduplicated_and_atomic) ... ok
test_cache_excludes_local_state_and_separates_domains (test_day18.WorldLogicTests.test_cache_excludes_local_state_and_separates_domains) ... ok
test_conservative_source_routing_not_title_specific (test_day18.WorldLogicTests.test_conservative_source_routing_not_title_specific) ... ok
test_current_sum_phase_separation_and_resultant (test_day18.WorldLogicTests.test_current_sum_phase_separation_and_resultant) ... ok
test_every_forward_binding_uses_exact_quantity (test_day18.WorldLogicTests.test_every_forward_binding_uses_exact_quantity) ... ok
test_experiment_atomic_local_state_operations (test_day18.WorldLogicTests.test_experiment_atomic_local_state_operations) ... ok
test_inverse_uses_active_cycle_time_and_selects_manipulated_entity (test_day18.WorldLogicTests.test_inverse_uses_active_cycle_time_and_selects_manipulated_entity) ... ok
test_malformed_recorded_patch_and_unknown_replay_id (test_day18.WorldLogicTests.test_malformed_recorded_patch_and_unknown_replay_id) ... ok
test_payload_contains_numeric_projections_no_executable_expressions (test_day18.WorldLogicTests.test_payload_contains_numeric_projections_no_executable_expressions) ... 2026-10-04 00:20:23.158 Thread 'MainThread': missing ScriptRunContext! This warning can be ignored when running in bare mode.
2026-10-04 00:20:23.160 Thread 'MainThread': missing ScriptRunContext! This warning can be ignored when running in bare mode.
2026-10-04 00:20:23.160 Thread 'MainThread': missing ScriptRunContext! This warning can be ignored when running in bare mode.
2026-10-04 00:20:23.160 Thread 'MainThread': missing ScriptRunContext! This warning can be ignored when running in bare mode.
2026-10-04 00:20:23.161 Thread 'MainThread': missing ScriptRunContext! This warning can be ignored when running in bare mode.
2026-10-04 00:20:23.161 Thread 'MainThread': missing ScriptRunContext! This warning can be ignored when running in bare mode.
2026-10-04 00:20:23.161 Thread 'MainThread': missing ScriptRunContext! This warning can be ignored when running in bare mode.
2026-10-04 00:20:23.161 Thread 'MainThread': missing ScriptRunContext! This warning can be ignored when running in bare mode.
2026-10-04 00:20:23.161 Thread 'MainThread': missing ScriptRunContext! This warning can be ignored when running in bare mode.
2026-10-04 00:20:23.161 Thread 'MainThread': missing ScriptRunContext! This warning can be ignored when running in bare mode.
2026-10-04 00:20:23.161 Thread 'MainThread': missing ScriptRunContext! This warning can be ignored when running in bare mode.
2026-10-04 00:20:23.161 Thread 'MainThread': missing ScriptRunContext! This warning can be ignored when running in bare mode.
2026-10-04 00:20:23.161 Thread 'MainThread': missing ScriptRunContext! This warning can be ignored when running in bare mode.
2026-10-04 00:20:23.161 Thread 'MainThread': missing ScriptRunContext! This warning can be ignored when running in bare mode.
2026-10-04 00:20:23.161 Thread 'MainThread': missing ScriptRunContext! This warning can be ignored when running in bare mode.
2026-10-04 00:20:23.161 Thread 'MainThread': missing ScriptRunContext! This warning can be ignored when running in bare mode.
2026-10-04 00:20:23.161 Thread 'MainThread': missing ScriptRunContext! This warning can be ignored when running in bare mode.
2026-10-04 00:20:23.161 Thread 'MainThread': missing ScriptRunContext! This warning can be ignored when running in bare mode.
2026-10-04 00:20:23.161 Thread 'MainThread': missing ScriptRunContext! This warning can be ignored when running in bare mode.
2026-10-04 00:20:23.161 Thread 'MainThread': missing ScriptRunContext! This warning can be ignored when running in bare mode.
2026-10-04 00:20:23.162 Thread 'MainThread': missing ScriptRunContext! This warning can be ignored when running in bare mode.
2026-10-04 00:20:23.162 Thread 'MainThread': missing ScriptRunContext! This warning can be ignored when running in bare mode.
2026-10-04 00:20:23.162 Thread 'MainThread': missing ScriptRunContext! This warning can be ignored when running in bare mode.
2026-10-04 00:20:23.162 Thread 'MainThread': missing ScriptRunContext! This warning can be ignored when running in bare mode.
2026-10-04 00:20:23.162 Thread 'MainThread': missing ScriptRunContext! This warning can be ignored when running in bare mode.
2026-10-04 00:20:23.162 Thread 'MainThread': missing ScriptRunContext! This warning can be ignored when running in bare mode.
2026-10-04 00:20:23.162 Thread 'MainThread': missing ScriptRunContext! This warning can be ignored when running in bare mode.
2026-10-04 00:20:23.162 Thread 'MainThread': missing ScriptRunContext! This warning can be ignored when running in bare mode.
2026-10-04 00:20:23.162 Thread 'MainThread': missing ScriptRunContext! This warning can be ignored when running in bare mode.
2026-10-04 00:20:23.162 Thread 'MainThread': missing ScriptRunContext! This warning can be ignored when running in bare mode.
2026-10-04 00:20:23.162 Thread 'MainThread': missing ScriptRunContext! This warning can be ignored when running in bare mode.
2026-10-04 00:20:23.162 Thread 'MainThread': missing ScriptRunContext! This warning can be ignored when running in bare mode.
2026-10-04 00:20:23.162 Thread 'MainThread': missing ScriptRunContext! This warning can be ignored when running in bare mode.
2026-10-04 00:20:23.162 Thread 'MainThread': missing ScriptRunContext! This warning can be ignored when running in bare mode.
2026-10-04 00:20:23.162 Thread 'MainThread': missing ScriptRunContext! This warning can be ignored when running in bare mode.
2026-10-04 00:20:23.162 Thread 'MainThread': missing ScriptRunContext! This warning can be ignored when running in bare mode.
2026-10-04 00:20:23.162 Thread 'MainThread': missing ScriptRunContext! This warning can be ignored when running in bare mode.
2026-10-04 00:20:23.162 Thread 'MainThread': missing ScriptRunContext! This warning can be ignored when running in bare mode.
2026-10-04 00:20:23.162 Thread 'MainThread': missing ScriptRunContext! This warning can be ignored when running in bare mode.
2026-10-04 00:20:23.163 Thread 'MainThread': missing ScriptRunContext! This warning can be ignored when running in bare mode.
2026-10-04 00:20:23.163 Thread 'MainThread': missing ScriptRunContext! This warning can be ignored when running in bare mode.
2026-10-04 00:20:23.163 Thread 'MainThread': missing ScriptRunContext! This warning can be ignored when running in bare mode.
2026-10-04 00:20:23.163 Thread 'MainThread': missing ScriptRunContext! This warning can be ignored when running in bare mode.
2026-10-04 00:20:23.163 Thread 'MainThread': missing ScriptRunContext! This warning can be ignored when running in bare mode.
ok
test_projectile_uses_same_projection_and_dynamic_origin (test_day18.WorldLogicTests.test_projectile_uses_same_projection_and_dynamic_origin) ... ok
test_record_replay_exact_semantic_sequence_and_baseline (test_day18.WorldLogicTests.test_record_replay_exact_semantic_sequence_and_baseline) ... ok
test_recording_is_bounded (test_day18.WorldLogicTests.test_recording_is_bounded) ... ok
test_replay_payload_deduplicates_numeric_tables_and_cache_is_bounded (test_day18.WorldLogicTests.test_replay_payload_deduplicates_numeric_tables_and_cache_is_bounded) ... 2026-10-04 00:20:29.060 Thread 'MainThread': missing ScriptRunContext! This warning can be ignored when running in bare mode.
2026-10-04 00:20:29.065 Thread 'MainThread': missing ScriptRunContext! This warning can be ignored when running in bare mode.
2026-10-04 00:20:29.066 Thread 'MainThread': missing ScriptRunContext! This warning can be ignored when running in bare mode.
2026-10-04 00:20:29.066 Thread 'MainThread': missing ScriptRunContext! This warning can be ignored when running in bare mode.
2026-10-04 00:20:29.066 Thread 'MainThread': missing ScriptRunContext! This warning can be ignored when running in bare mode.
2026-10-04 00:20:29.066 Thread 'MainThread': missing ScriptRunContext! This warning can be ignored when running in bare mode.
2026-10-04 00:20:29.067 Thread 'MainThread': missing ScriptRunContext! This warning can be ignored when running in bare mode.
2026-10-04 00:20:29.067 Thread 'MainThread': missing ScriptRunContext! This warning can be ignored when running in bare mode.
2026-10-04 00:20:29.067 Thread 'MainThread': missing ScriptRunContext! This warning can be ignored when running in bare mode.
2026-10-04 00:20:29.067 Thread 'MainThread': missing ScriptRunContext! This warning can be ignored when running in bare mode.
2026-10-04 00:20:29.067 Thread 'MainThread': missing ScriptRunContext! This warning can be ignored when running in bare mode.
2026-10-04 00:20:29.067 Thread 'MainThread': missing ScriptRunContext! This warning can be ignored when running in bare mode.
2026-10-04 00:20:29.068 Thread 'MainThread': missing ScriptRunContext! This warning can be ignored when running in bare mode.
2026-10-04 00:20:29.068 Thread 'MainThread': missing ScriptRunContext! This warning can be ignored when running in bare mode.
2026-10-04 00:20:29.068 Thread 'MainThread': missing ScriptRunContext! This warning can be ignored when running in bare mode.
2026-10-04 00:20:29.068 Thread 'MainThread': missing ScriptRunContext! This warning can be ignored when running in bare mode.
2026-10-04 00:20:29.068 Thread 'MainThread': missing ScriptRunContext! This warning can be ignored when running in bare mode.
2026-10-04 00:20:29.068 Thread 'MainThread': missing ScriptRunContext! This warning can be ignored when running in bare mode.
2026-10-04 00:20:29.069 Thread 'MainThread': missing ScriptRunContext! This warning can be ignored when running in bare mode.
2026-10-04 00:20:29.069 Thread 'MainThread': missing ScriptRunContext! This warning can be ignored when running in bare mode.
2026-10-04 00:20:29.069 Thread 'MainThread': missing ScriptRunContext! This warning can be ignored when running in bare mode.
2026-10-04 00:20:29.069 Thread 'MainThread': missing ScriptRunContext! This warning can be ignored when running in bare mode.
2026-10-04 00:20:29.070 Thread 'MainThread': missing ScriptRunContext! This warning can be ignored when running in bare mode.
2026-10-04 00:20:29.070 Thread 'MainThread': missing ScriptRunContext! This warning can be ignored when running in bare mode.
2026-10-04 00:20:29.070 Thread 'MainThread': missing ScriptRunContext! This warning can be ignored when running in bare mode.
2026-10-04 00:20:29.070 Thread 'MainThread': missing ScriptRunContext! This warning can be ignored when running in bare mode.
2026-10-04 00:20:29.070 Thread 'MainThread': missing ScriptRunContext! This warning can be ignored when running in bare mode.
2026-10-04 00:20:29.070 Thread 'MainThread': missing ScriptRunContext! This warning can be ignored when running in bare mode.
2026-10-04 00:20:29.070 Thread 'MainThread': missing ScriptRunContext! This warning can be ignored when running in bare mode.
2026-10-04 00:20:29.071 Thread 'MainThread': missing ScriptRunContext! This warning can be ignored when running in bare mode.
2026-10-04 00:20:29.071 Thread 'MainThread': missing ScriptRunContext! This warning can be ignored when running in bare mode.
2026-10-04 00:20:29.071 Thread 'MainThread': missing ScriptRunContext! This warning can be ignored when running in bare mode.
2026-10-04 00:20:29.071 Thread 'MainThread': missing ScriptRunContext! This warning can be ignored when running in bare mode.
2026-10-04 00:20:29.071 Thread 'MainThread': missing ScriptRunContext! This warning can be ignored when running in bare mode.
2026-10-04 00:20:29.071 Thread 'MainThread': missing ScriptRunContext! This warning can be ignored when running in bare mode.
2026-10-04 00:20:29.071 Thread 'MainThread': missing ScriptRunContext! This warning can be ignored when running in bare mode.
2026-10-04 00:20:29.071 Thread 'MainThread': missing ScriptRunContext! This warning can be ignored when running in bare mode.
2026-10-04 00:20:29.071 Thread 'MainThread': missing ScriptRunContext! This warning can be ignored when running in bare mode.
2026-10-04 00:20:29.071 Thread 'MainThread': missing ScriptRunContext! This warning can be ignored when running in bare mode.
2026-10-04 00:20:29.072 Thread 'MainThread': missing ScriptRunContext! This warning can be ignored when running in bare mode.
2026-10-04 00:20:29.072 Thread 'MainThread': missing ScriptRunContext! This warning can be ignored when running in bare mode.
2026-10-04 00:20:29.072 Thread 'MainThread': missing ScriptRunContext! This warning can be ignored when running in bare mode.
2026-10-04 00:20:29.072 Thread 'MainThread': missing ScriptRunContext! This warning can be ignored when running in bare mode.
2026-10-04 00:20:29.072 Thread 'MainThread': missing ScriptRunContext! This warning can be ignored when running in bare mode.
2026-10-04 00:20:29.090 Thread 'MainThread': missing ScriptRunContext! This warning can be ignored when running in bare mode.
2026-10-04 00:20:29.099 Thread 'MainThread': missing ScriptRunContext! This warning can be ignored when running in bare mode.
2026-10-04 00:20:29.110 Thread 'MainThread': missing ScriptRunContext! This warning can be ignored when running in bare mode.
2026-10-04 00:20:29.120 Thread 'MainThread': missing ScriptRunContext! This warning can be ignored when running in bare mode.
2026-10-04 00:20:29.130 Thread 'MainThread': missing ScriptRunContext! This warning can be ignored when running in bare mode.
2026-10-04 00:20:29.139 Thread 'MainThread': missing ScriptRunContext! This warning can be ignored when running in bare mode.
2026-10-04 00:20:29.149 Thread 'MainThread': missing ScriptRunContext! This warning can be ignored when running in bare mode.
2026-10-04 00:20:29.160 Thread 'MainThread': missing ScriptRunContext! This warning can be ignored when running in bare mode.
2026-10-04 00:20:29.170 Thread 'MainThread': missing ScriptRunContext! This warning can be ignored when running in bare mode.
2026-10-04 00:20:29.181 Thread 'MainThread': missing ScriptRunContext! This warning can be ignored when running in bare mode.
2026-10-04 00:20:29.190 Thread 'MainThread': missing ScriptRunContext! This warning can be ignored when running in bare mode.
2026-10-04 00:20:29.204 Thread 'MainThread': missing ScriptRunContext! This warning can be ignored when running in bare mode.
2026-10-04 00:20:29.218 Thread 'MainThread': missing ScriptRunContext! This warning can be ignored when running in bare mode.
2026-10-04 00:20:29.229 Thread 'MainThread': missing ScriptRunContext! This warning can be ignored when running in bare mode.
2026-10-04 00:20:29.244 Thread 'MainThread': missing ScriptRunContext! This warning can be ignored when running in bare mode.
2026-10-04 00:20:29.256 Thread 'MainThread': missing ScriptRunContext! This warning can be ignored when running in bare mode.
2026-10-04 00:20:29.270 Thread 'MainThread': missing ScriptRunContext! This warning can be ignored when running in bare mode.
2026-10-04 00:20:29.281 Thread 'MainThread': missing ScriptRunContext! This warning can be ignored when running in bare mode.
2026-10-04 00:20:29.293 Thread 'MainThread': missing ScriptRunContext! This warning can be ignored when running in bare mode.
2026-10-04 00:20:29.308 Thread 'MainThread': missing ScriptRunContext! This warning can be ignored when running in bare mode.
2026-10-04 00:20:29.326 Thread 'MainThread': missing ScriptRunContext! This warning can be ignored when running in bare mode.
2026-10-04 00:20:29.339 Thread 'MainThread': missing ScriptRunContext! This warning can be ignored when running in bare mode.
2026-10-04 00:20:29.357 Thread 'MainThread': missing ScriptRunContext! This warning can be ignored when running in bare mode.
2026-10-04 00:20:29.372 Thread 'MainThread': missing ScriptRunContext! This warning can be ignored when running in bare mode.
2026-10-04 00:20:29.394 Thread 'MainThread': missing ScriptRunContext! This warning can be ignored when running in bare mode.
2026-10-04 00:20:29.435 Thread 'MainThread': missing ScriptRunContext! This warning can be ignored when running in bare mode.
2026-10-04 00:20:29.468 Thread 'MainThread': missing ScriptRunContext! This warning can be ignored when running in bare mode.
2026-10-04 00:20:29.508 Thread 'MainThread': missing ScriptRunContext! This warning can be ignored when running in bare mode.
2026-10-04 00:20:29.561 Thread 'MainThread': missing ScriptRunContext! This warning can be ignored when running in bare mode.
2026-10-04 00:20:29.586 Thread 'MainThread': missing ScriptRunContext! This warning can be ignored when running in bare mode.
2026-10-04 00:20:29.609 Thread 'MainThread': missing ScriptRunContext! This warning can be ignored when running in bare mode.
2026-10-04 00:20:29.624 Thread 'MainThread': missing ScriptRunContext! This warning can be ignored when running in bare mode.
2026-10-04 00:20:29.647 Thread 'MainThread': missing ScriptRunContext! This warning can be ignored when running in bare mode.
2026-10-04 00:20:29.664 Thread 'MainThread': missing ScriptRunContext! This warning can be ignored when running in bare mode.
2026-10-04 00:20:29.681 Thread 'MainThread': missing ScriptRunContext! This warning can be ignored when running in bare mode.
2026-10-04 00:20:29.703 Thread 'MainThread': missing ScriptRunContext! This warning can be ignored when running in bare mode.
2026-10-04 00:20:29.727 Thread 'MainThread': missing ScriptRunContext! This warning can be ignored when running in bare mode.
2026-10-04 00:20:29.745 Thread 'MainThread': missing ScriptRunContext! This warning can be ignored when running in bare mode.
2026-10-04 00:20:29.773 Thread 'MainThread': missing ScriptRunContext! This warning can be ignored when running in bare mode.
2026-10-04 00:20:29.814 Thread 'MainThread': missing ScriptRunContext! This warning can be ignored when running in bare mode.
2026-10-04 00:20:30.101 Thread 'MainThread': missing ScriptRunContext! This warning can be ignored when running in bare mode.
2026-10-04 00:20:30.107 Thread 'MainThread': missing ScriptRunContext! This warning can be ignored when running in bare mode.
2026-10-04 00:20:30.108 Thread 'MainThread': missing ScriptRunContext! This warning can be ignored when running in bare mode.
2026-10-04 00:20:30.108 Thread 'MainThread': missing ScriptRunContext! This warning can be ignored when running in bare mode.
2026-10-04 00:20:30.108 Thread 'MainThread': missing ScriptRunContext! This warning can be ignored when running in bare mode.
2026-10-04 00:20:30.108 Thread 'MainThread': missing ScriptRunContext! This warning can be ignored when running in bare mode.
2026-10-04 00:20:30.108 Thread 'MainThread': missing ScriptRunContext! This warning can be ignored when running in bare mode.
2026-10-04 00:20:30.108 Thread 'MainThread': missing ScriptRunContext! This warning can be ignored when running in bare mode.
2026-10-04 00:20:30.110 Thread 'MainThread': missing ScriptRunContext! This warning can be ignored when running in bare mode.
2026-10-04 00:20:30.110 Thread 'MainThread': missing ScriptRunContext! This warning can be ignored when running in bare mode.
2026-10-04 00:20:30.110 Thread 'MainThread': missing ScriptRunContext! This warning can be ignored when running in bare mode.
2026-10-04 00:20:30.111 Thread 'MainThread': missing ScriptRunContext! This warning can be ignored when running in bare mode.
2026-10-04 00:20:30.111 Thread 'MainThread': missing ScriptRunContext! This warning can be ignored when running in bare mode.
2026-10-04 00:20:30.112 Thread 'MainThread': missing ScriptRunContext! This warning can be ignored when running in bare mode.
2026-10-04 00:20:30.112 Thread 'MainThread': missing ScriptRunContext! This warning can be ignored when running in bare mode.
2026-10-04 00:20:30.112 Thread 'MainThread': missing ScriptRunContext! This warning can be ignored when running in bare mode.
2026-10-04 00:20:30.112 Thread 'MainThread': missing ScriptRunContext! This warning can be ignored when running in bare mode.
2026-10-04 00:20:30.112 Thread 'MainThread': missing ScriptRunContext! This warning can be ignored when running in bare mode.
2026-10-04 00:20:30.112 Thread 'MainThread': missing ScriptRunContext! This warning can be ignored when running in bare mode.
2026-10-04 00:20:30.112 Thread 'MainThread': missing ScriptRunContext! This warning can be ignored when running in bare mode.
2026-10-04 00:20:30.112 Thread 'MainThread': missing ScriptRunContext! This warning can be ignored when running in bare mode.
2026-10-04 00:20:30.112 Thread 'MainThread': missing ScriptRunContext! This warning can be ignored when running in bare mode.
2026-10-04 00:20:30.113 Thread 'MainThread': missing ScriptRunContext! This warning can be ignored when running in bare mode.
2026-10-04 00:20:30.113 Thread 'MainThread': missing ScriptRunContext! This warning can be ignored when running in bare mode.
2026-10-04 00:20:30.113 Thread 'MainThread': missing ScriptRunContext! This warning can be ignored when running in bare mode.
2026-10-04 00:20:30.113 Thread 'MainThread': missing ScriptRunContext! This warning can be ignored when running in bare mode.
2026-10-04 00:20:30.114 Thread 'MainThread': missing ScriptRunContext! This warning can be ignored when running in bare mode.
2026-10-04 00:20:30.114 Thread 'MainThread': missing ScriptRunContext! This warning can be ignored when running in bare mode.
2026-10-04 00:20:30.115 Thread 'MainThread': missing ScriptRunContext! This warning can be ignored when running in bare mode.
2026-10-04 00:20:30.115 Thread 'MainThread': missing ScriptRunContext! This warning can be ignored when running in bare mode.
2026-10-04 00:20:30.115 Thread 'MainThread': missing ScriptRunContext! This warning can be ignored when running in bare mode.
2026-10-04 00:20:30.115 Thread 'MainThread': missing ScriptRunContext! This warning can be ignored when running in bare mode.
2026-10-04 00:20:30.115 Thread 'MainThread': missing ScriptRunContext! This warning can be ignored when running in bare mode.
2026-10-04 00:20:30.116 Thread 'MainThread': missing ScriptRunContext! This warning can be ignored when running in bare mode.
2026-10-04 00:20:30.116 Thread 'MainThread': missing ScriptRunContext! This warning can be ignored when running in bare mode.
2026-10-04 00:20:30.116 Thread 'MainThread': missing ScriptRunContext! This warning can be ignored when running in bare mode.
2026-10-04 00:20:30.116 Thread 'MainThread': missing ScriptRunContext! This warning can be ignored when running in bare mode.
2026-10-04 00:20:30.116 Thread 'MainThread': missing ScriptRunContext! This warning can be ignored when running in bare mode.
2026-10-04 00:20:30.116 Thread 'MainThread': missing ScriptRunContext! This warning can be ignored when running in bare mode.
2026-10-04 00:20:30.116 Thread 'MainThread': missing ScriptRunContext! This warning can be ignored when running in bare mode.
2026-10-04 00:20:30.117 Thread 'MainThread': missing ScriptRunContext! This warning can be ignored when running in bare mode.
2026-10-04 00:20:30.117 Thread 'MainThread': missing ScriptRunContext! This warning can be ignored when running in bare mode.
2026-10-04 00:20:30.117 Thread 'MainThread': missing ScriptRunContext! This warning can be ignored when running in bare mode.
2026-10-04 00:20:30.117 Thread 'MainThread': missing ScriptRunContext! This warning can be ignored when running in bare mode.
2026-10-04 00:20:30.329 Thread 'MainThread': missing ScriptRunContext! This warning can be ignored when running in bare mode.
2026-10-04 00:20:30.337 Thread 'MainThread': missing ScriptRunContext! This warning can be ignored when running in bare mode.
2026-10-04 00:20:30.338 Thread 'MainThread': missing ScriptRunContext! This warning can be ignored when running in bare mode.
2026-10-04 00:20:30.338 Thread 'MainThread': missing ScriptRunContext! This warning can be ignored when running in bare mode.
2026-10-04 00:20:30.338 Thread 'MainThread': missing ScriptRunContext! This warning can be ignored when running in bare mode.
2026-10-04 00:20:30.338 Thread 'MainThread': missing ScriptRunContext! This warning can be ignored when running in bare mode.
2026-10-04 00:20:30.338 Thread 'MainThread': missing ScriptRunContext! This warning can be ignored when running in bare mode.
2026-10-04 00:20:30.338 Thread 'MainThread': missing ScriptRunContext! This warning can be ignored when running in bare mode.
2026-10-04 00:20:30.339 Thread 'MainThread': missing ScriptRunContext! This warning can be ignored when running in bare mode.
2026-10-04 00:20:30.339 Thread 'MainThread': missing ScriptRunContext! This warning can be ignored when running in bare mode.
2026-10-04 00:20:30.339 Thread 'MainThread': missing ScriptRunContext! This warning can be ignored when running in bare mode.
2026-10-04 00:20:30.339 Thread 'MainThread': missing ScriptRunContext! This warning can be ignored when running in bare mode.
2026-10-04 00:20:30.339 Thread 'MainThread': missing ScriptRunContext! This warning can be ignored when running in bare mode.
2026-10-04 00:20:30.339 Thread 'MainThread': missing ScriptRunContext! This warning can be ignored when running in bare mode.
2026-10-04 00:20:30.339 Thread 'MainThread': missing ScriptRunContext! This warning can be ignored when running in bare mode.
2026-10-04 00:20:30.339 Thread 'MainThread': missing ScriptRunContext! This warning can be ignored when running in bare mode.
2026-10-04 00:20:30.340 Thread 'MainThread': missing ScriptRunContext! This warning can be ignored when running in bare mode.
2026-10-04 00:20:30.340 Thread 'MainThread': missing ScriptRunContext! This warning can be ignored when running in bare mode.
2026-10-04 00:20:30.340 Thread 'MainThread': missing ScriptRunContext! This warning can be ignored when running in bare mode.
2026-10-04 00:20:30.340 Thread 'MainThread': missing ScriptRunContext! This warning can be ignored when running in bare mode.
2026-10-04 00:20:30.340 Thread 'MainThread': missing ScriptRunContext! This warning can be ignored when running in bare mode.
2026-10-04 00:20:30.340 Thread 'MainThread': missing ScriptRunContext! This warning can be ignored when running in bare mode.
2026-10-04 00:20:30.340 Thread 'MainThread': missing ScriptRunContext! This warning can be ignored when running in bare mode.
2026-10-04 00:20:30.340 Thread 'MainThread': missing ScriptRunContext! This warning can be ignored when running in bare mode.
2026-10-04 00:20:30.340 Thread 'MainThread': missing ScriptRunContext! This warning can be ignored when running in bare mode.
2026-10-04 00:20:30.340 Thread 'MainThread': missing ScriptRunContext! This warning can be ignored when running in bare mode.
2026-10-04 00:20:30.341 Thread 'MainThread': missing ScriptRunContext! This warning can be ignored when running in bare mode.
2026-10-04 00:20:30.341 Thread 'MainThread': missing ScriptRunContext! This warning can be ignored when running in bare mode.
2026-10-04 00:20:30.341 Thread 'MainThread': missing ScriptRunContext! This warning can be ignored when running in bare mode.
2026-10-04 00:20:30.341 Thread 'MainThread': missing ScriptRunContext! This warning can be ignored when running in bare mode.
2026-10-04 00:20:30.341 Thread 'MainThread': missing ScriptRunContext! This warning can be ignored when running in bare mode.
2026-10-04 00:20:30.341 Thread 'MainThread': missing ScriptRunContext! This warning can be ignored when running in bare mode.
2026-10-04 00:20:30.341 Thread 'MainThread': missing ScriptRunContext! This warning can be ignored when running in bare mode.
2026-10-04 00:20:30.341 Thread 'MainThread': missing ScriptRunContext! This warning can be ignored when running in bare mode.
2026-10-04 00:20:30.341 Thread 'MainThread': missing ScriptRunContext! This warning can be ignored when running in bare mode.
2026-10-04 00:20:30.341 Thread 'MainThread': missing ScriptRunContext! This warning can be ignored when running in bare mode.
2026-10-04 00:20:30.342 Thread 'MainThread': missing ScriptRunContext! This warning can be ignored when running in bare mode.
2026-10-04 00:20:30.342 Thread 'MainThread': missing ScriptRunContext! This warning can be ignored when running in bare mode.
2026-10-04 00:20:30.342 Thread 'MainThread': missing ScriptRunContext! This warning can be ignored when running in bare mode.
2026-10-04 00:20:30.342 Thread 'MainThread': missing ScriptRunContext! This warning can be ignored when running in bare mode.
2026-10-04 00:20:30.342 Thread 'MainThread': missing ScriptRunContext! This warning can be ignored when running in bare mode.
2026-10-04 00:20:30.342 Thread 'MainThread': missing ScriptRunContext! This warning can be ignored when running in bare mode.
2026-10-04 00:20:30.342 Thread 'MainThread': missing ScriptRunContext! This warning can be ignored when running in bare mode.
2026-10-04 00:20:30.342 Thread 'MainThread': missing ScriptRunContext! This warning can be ignored when running in bare mode.
2026-10-04 00:20:30.564 Thread 'MainThread': missing ScriptRunContext! This warning can be ignored when running in bare mode.
2026-10-04 00:20:30.571 Thread 'MainThread': missing ScriptRunContext! This warning can be ignored when running in bare mode.
2026-10-04 00:20:30.572 Thread 'MainThread': missing ScriptRunContext! This warning can be ignored when running in bare mode.
2026-10-04 00:20:30.572 Thread 'MainThread': missing ScriptRunContext! This warning can be ignored when running in bare mode.
2026-10-04 00:20:30.572 Thread 'MainThread': missing ScriptRunContext! This warning can be ignored when running in bare mode.
2026-10-04 00:20:30.573 Thread 'MainThread': missing ScriptRunContext! This warning can be ignored when running in bare mode.
2026-10-04 00:20:30.576 Thread 'MainThread': missing ScriptRunContext! This warning can be ignored when running in bare mode.
2026-10-04 00:20:30.576 Thread 'MainThread': missing ScriptRunContext! This warning can be ignored when running in bare mode.
2026-10-04 00:20:30.576 Thread 'MainThread': missing ScriptRunContext! This warning can be ignored when running in bare mode.
2026-10-04 00:20:30.577 Thread 'MainThread': missing ScriptRunContext! This warning can be ignored when running in bare mode.
2026-10-04 00:20:30.577 Thread 'MainThread': missing ScriptRunContext! This warning can be ignored when running in bare mode.
2026-10-04 00:20:30.577 Thread 'MainThread': missing ScriptRunContext! This warning can be ignored when running in bare mode.
2026-10-04 00:20:30.577 Thread 'MainThread': missing ScriptRunContext! This warning can be ignored when running in bare mode.
2026-10-04 00:20:30.577 Thread 'MainThread': missing ScriptRunContext! This warning can be ignored when running in bare mode.
2026-10-04 00:20:30.578 Thread 'MainThread': missing ScriptRunContext! This warning can be ignored when running in bare mode.
2026-10-04 00:20:30.578 Thread 'MainThread': missing ScriptRunContext! This warning can be ignored when running in bare mode.
2026-10-04 00:20:30.578 Thread 'MainThread': missing ScriptRunContext! This warning can be ignored when running in bare mode.
2026-10-04 00:20:30.578 Thread 'MainThread': missing ScriptRunContext! This warning can be ignored when running in bare mode.
2026-10-04 00:20:30.578 Thread 'MainThread': missing ScriptRunContext! This warning can be ignored when running in bare mode.
2026-10-04 00:20:30.578 Thread 'MainThread': missing ScriptRunContext! This warning can be ignored when running in bare mode.
2026-10-04 00:20:30.578 Thread 'MainThread': missing ScriptRunContext! This warning can be ignored when running in bare mode.
2026-10-04 00:20:30.579 Thread 'MainThread': missing ScriptRunContext! This warning can be ignored when running in bare mode.
2026-10-04 00:20:30.579 Thread 'MainThread': missing ScriptRunContext! This warning can be ignored when running in bare mode.
2026-10-04 00:20:30.579 Thread 'MainThread': missing ScriptRunContext! This warning can be ignored when running in bare mode.
2026-10-04 00:20:30.579 Thread 'MainThread': missing ScriptRunContext! This warning can be ignored when running in bare mode.
2026-10-04 00:20:30.579 Thread 'MainThread': missing ScriptRunContext! This warning can be ignored when running in bare mode.
2026-10-04 00:20:30.581 Thread 'MainThread': missing ScriptRunContext! This warning can be ignored when running in bare mode.
2026-10-04 00:20:30.581 Thread 'MainThread': missing ScriptRunContext! This warning can be ignored when running in bare mode.
2026-10-04 00:20:30.581 Thread 'MainThread': missing ScriptRunContext! This warning can be ignored when running in bare mode.
2026-10-04 00:20:30.581 Thread 'MainThread': missing ScriptRunContext! This warning can be ignored when running in bare mode.
2026-10-04 00:20:30.582 Thread 'MainThread': missing ScriptRunContext! This warning can be ignored when running in bare mode.
2026-10-04 00:20:30.582 Thread 'MainThread': missing ScriptRunContext! This warning can be ignored when running in bare mode.
2026-10-04 00:20:30.582 Thread 'MainThread': missing ScriptRunContext! This warning can be ignored when running in bare mode.
2026-10-04 00:20:30.582 Thread 'MainThread': missing ScriptRunContext! This warning can be ignored when running in bare mode.
2026-10-04 00:20:30.583 Thread 'MainThread': missing ScriptRunContext! This warning can be ignored when running in bare mode.
2026-10-04 00:20:30.583 Thread 'MainThread': missing ScriptRunContext! This warning can be ignored when running in bare mode.
2026-10-04 00:20:30.586 Thread 'MainThread': missing ScriptRunContext! This warning can be ignored when running in bare mode.
2026-10-04 00:20:30.586 Thread 'MainThread': missing ScriptRunContext! This warning can be ignored when running in bare mode.
2026-10-04 00:20:30.586 Thread 'MainThread': missing ScriptRunContext! This warning can be ignored when running in bare mode.
2026-10-04 00:20:30.586 Thread 'MainThread': missing ScriptRunContext! This warning can be ignored when running in bare mode.
2026-10-04 00:20:30.586 Thread 'MainThread': missing ScriptRunContext! This warning can be ignored when running in bare mode.
2026-10-04 00:20:30.587 Thread 'MainThread': missing ScriptRunContext! This warning can be ignored when running in bare mode.
2026-10-04 00:20:30.587 Thread 'MainThread': missing ScriptRunContext! This warning can be ignored when running in bare mode.
2026-10-04 00:20:30.587 Thread 'MainThread': missing ScriptRunContext! This warning can be ignored when running in bare mode.
2026-10-04 00:20:30.935 Thread 'MainThread': missing ScriptRunContext! This warning can be ignored when running in bare mode.
2026-10-04 00:20:30.947 Thread 'MainThread': missing ScriptRunContext! This warning can be ignored when running in bare mode.
2026-10-04 00:20:30.947 Thread 'MainThread': missing ScriptRunContext! This warning can be ignored when running in bare mode.
2026-10-04 00:20:30.947 Thread 'MainThread': missing ScriptRunContext! This warning can be ignored when running in bare mode.
2026-10-04 00:20:30.948 Thread 'MainThread': missing ScriptRunContext! This warning can be ignored when running in bare mode.
2026-10-04 00:20:30.948 Thread 'MainThread': missing ScriptRunContext! This warning can be ignored when running in bare mode.
2026-10-04 00:20:30.948 Thread 'MainThread': missing ScriptRunContext! This warning can be ignored when running in bare mode.
2026-10-04 00:20:30.949 Thread 'MainThread': missing ScriptRunContext! This warning can be ignored when running in bare mode.
2026-10-04 00:20:30.949 Thread 'MainThread': missing ScriptRunContext! This warning can be ignored when running in bare mode.
2026-10-04 00:20:30.949 Thread 'MainThread': missing ScriptRunContext! This warning can be ignored when running in bare mode.
2026-10-04 00:20:30.949 Thread 'MainThread': missing ScriptRunContext! This warning can be ignored when running in bare mode.
2026-10-04 00:20:30.949 Thread 'MainThread': missing ScriptRunContext! This warning can be ignored when running in bare mode.
2026-10-04 00:20:30.950 Thread 'MainThread': missing ScriptRunContext! This warning can be ignored when running in bare mode.
2026-10-04 00:20:30.950 Thread 'MainThread': missing ScriptRunContext! This warning can be ignored when running in bare mode.
2026-10-04 00:20:30.950 Thread 'MainThread': missing ScriptRunContext! This warning can be ignored when running in bare mode.
2026-10-04 00:20:30.950 Thread 'MainThread': missing ScriptRunContext! This warning can be ignored when running in bare mode.
2026-10-04 00:20:30.950 Thread 'MainThread': missing ScriptRunContext! This warning can be ignored when running in bare mode.
2026-10-04 00:20:30.950 Thread 'MainThread': missing ScriptRunContext! This warning can be ignored when running in bare mode.
2026-10-04 00:20:30.951 Thread 'MainThread': missing ScriptRunContext! This warning can be ignored when running in bare mode.
2026-10-04 00:20:30.951 Thread 'MainThread': missing ScriptRunContext! This warning can be ignored when running in bare mode.
2026-10-04 00:20:30.951 Thread 'MainThread': missing ScriptRunContext! This warning can be ignored when running in bare mode.
2026-10-04 00:20:30.951 Thread 'MainThread': missing ScriptRunContext! This warning can be ignored when running in bare mode.
2026-10-04 00:20:30.951 Thread 'MainThread': missing ScriptRunContext! This warning can be ignored when running in bare mode.
2026-10-04 00:20:30.952 Thread 'MainThread': missing ScriptRunContext! This warning can be ignored when running in bare mode.
2026-10-04 00:20:30.952 Thread 'MainThread': missing ScriptRunContext! This warning can be ignored when running in bare mode.
2026-10-04 00:20:30.952 Thread 'MainThread': missing ScriptRunContext! This warning can be ignored when running in bare mode.
2026-10-04 00:20:30.952 Thread 'MainThread': missing ScriptRunContext! This warning can be ignored when running in bare mode.
2026-10-04 00:20:30.952 Thread 'MainThread': missing ScriptRunContext! This warning can be ignored when running in bare mode.
2026-10-04 00:20:30.952 Thread 'MainThread': missing ScriptRunContext! This warning can be ignored when running in bare mode.
2026-10-04 00:20:30.953 Thread 'MainThread': missing ScriptRunContext! This warning can be ignored when running in bare mode.
2026-10-04 00:20:30.953 Thread 'MainThread': missing ScriptRunContext! This warning can be ignored when running in bare mode.
2026-10-04 00:20:30.953 Thread 'MainThread': missing ScriptRunContext! This warning can be ignored when running in bare mode.
2026-10-04 00:20:30.953 Thread 'MainThread': missing ScriptRunContext! This warning can be ignored when running in bare mode.
2026-10-04 00:20:30.953 Thread 'MainThread': missing ScriptRunContext! This warning can be ignored when running in bare mode.
2026-10-04 00:20:30.954 Thread 'MainThread': missing ScriptRunContext! This warning can be ignored when running in bare mode.
2026-10-04 00:20:30.954 Thread 'MainThread': missing ScriptRunContext! This warning can be ignored when running in bare mode.
2026-10-04 00:20:30.955 Thread 'MainThread': missing ScriptRunContext! This warning can be ignored when running in bare mode.
2026-10-04 00:20:30.956 Thread 'MainThread': missing ScriptRunContext! This warning can be ignored when running in bare mode.
2026-10-04 00:20:30.956 Thread 'MainThread': missing ScriptRunContext! This warning can be ignored when running in bare mode.
2026-10-04 00:20:30.957 Thread 'MainThread': missing ScriptRunContext! This warning can be ignored when running in bare mode.
2026-10-04 00:20:30.957 Thread 'MainThread': missing ScriptRunContext! This warning can be ignored when running in bare mode.
2026-10-04 00:20:30.958 Thread 'MainThread': missing ScriptRunContext! This warning can be ignored when running in bare mode.
2026-10-04 00:20:30.959 Thread 'MainThread': missing ScriptRunContext! This warning can be ignored when running in bare mode.
2026-10-04 00:20:30.960 Thread 'MainThread': missing ScriptRunContext! This warning can be ignored when running in bare mode.
2026-10-04 00:20:31.300 Thread 'MainThread': missing ScriptRunContext! This warning can be ignored when running in bare mode.
2026-10-04 00:20:31.309 Thread 'MainThread': missing ScriptRunContext! This warning can be ignored when running in bare mode.
2026-10-04 00:20:31.309 Thread 'MainThread': missing ScriptRunContext! This warning can be ignored when running in bare mode.
2026-10-04 00:20:31.309 Thread 'MainThread': missing ScriptRunContext! This warning can be ignored when running in bare mode.
2026-10-04 00:20:31.310 Thread 'MainThread': missing ScriptRunContext! This warning can be ignored when running in bare mode.
2026-10-04 00:20:31.310 Thread 'MainThread': missing ScriptRunContext! This warning can be ignored when running in bare mode.
2026-10-04 00:20:31.310 Thread 'MainThread': missing ScriptRunContext! This warning can be ignored when running in bare mode.
2026-10-04 00:20:31.311 Thread 'MainThread': missing ScriptRunContext! This warning can be ignored when running in bare mode.
2026-10-04 00:20:31.311 Thread 'MainThread': missing ScriptRunContext! This warning can be ignored when running in bare mode.
2026-10-04 00:20:31.313 Thread 'MainThread': missing ScriptRunContext! This warning can be ignored when running in bare mode.
2026-10-04 00:20:31.313 Thread 'MainThread': missing ScriptRunContext! This warning can be ignored when running in bare mode.
2026-10-04 00:20:31.313 Thread 'MainThread': missing ScriptRunContext! This warning can be ignored when running in bare mode.
2026-10-04 00:20:31.313 Thread 'MainThread': missing ScriptRunContext! This warning can be ignored when running in bare mode.
2026-10-04 00:20:31.313 Thread 'MainThread': missing ScriptRunContext! This warning can be ignored when running in bare mode.
2026-10-04 00:20:31.314 Thread 'MainThread': missing ScriptRunContext! This warning can be ignored when running in bare mode.
2026-10-04 00:20:31.314 Thread 'MainThread': missing ScriptRunContext! This warning can be ignored when running in bare mode.
2026-10-04 00:20:31.315 Thread 'MainThread': missing ScriptRunContext! This warning can be ignored when running in bare mode.
2026-10-04 00:20:31.315 Thread 'MainThread': missing ScriptRunContext! This warning can be ignored when running in bare mode.
2026-10-04 00:20:31.315 Thread 'MainThread': missing ScriptRunContext! This warning can be ignored when running in bare mode.
2026-10-04 00:20:31.315 Thread 'MainThread': missing ScriptRunContext! This warning can be ignored when running in bare mode.
2026-10-04 00:20:31.315 Thread 'MainThread': missing ScriptRunContext! This warning can be ignored when running in bare mode.
2026-10-04 00:20:31.315 Thread 'MainThread': missing ScriptRunContext! This warning can be ignored when running in bare mode.
2026-10-04 00:20:31.316 Thread 'MainThread': missing ScriptRunContext! This warning can be ignored when running in bare mode.
2026-10-04 00:20:31.316 Thread 'MainThread': missing ScriptRunContext! This warning can be ignored when running in bare mode.
2026-10-04 00:20:31.316 Thread 'MainThread': missing ScriptRunContext! This warning can be ignored when running in bare mode.
2026-10-04 00:20:31.316 Thread 'MainThread': missing ScriptRunContext! This warning can be ignored when running in bare mode.
2026-10-04 00:20:31.317 Thread 'MainThread': missing ScriptRunContext! This warning can be ignored when running in bare mode.
2026-10-04 00:20:31.317 Thread 'MainThread': missing ScriptRunContext! This warning can be ignored when running in bare mode.
2026-10-04 00:20:31.317 Thread 'MainThread': missing ScriptRunContext! This warning can be ignored when running in bare mode.
2026-10-04 00:20:31.317 Thread 'MainThread': missing ScriptRunContext! This warning can be ignored when running in bare mode.
2026-10-04 00:20:31.317 Thread 'MainThread': missing ScriptRunContext! This warning can be ignored when running in bare mode.
2026-10-04 00:20:31.317 Thread 'MainThread': missing ScriptRunContext! This warning can be ignored when running in bare mode.
2026-10-04 00:20:31.318 Thread 'MainThread': missing ScriptRunContext! This warning can be ignored when running in bare mode.
2026-10-04 00:20:31.318 Thread 'MainThread': missing ScriptRunContext! This warning can be ignored when running in bare mode.
2026-10-04 00:20:31.318 Thread 'MainThread': missing ScriptRunContext! This warning can be ignored when running in bare mode.
2026-10-04 00:20:31.318 Thread 'MainThread': missing ScriptRunContext! This warning can be ignored when running in bare mode.
2026-10-04 00:20:31.318 Thread 'MainThread': missing ScriptRunContext! This warning can be ignored when running in bare mode.
2026-10-04 00:20:31.319 Thread 'MainThread': missing ScriptRunContext! This warning can be ignored when running in bare mode.
2026-10-04 00:20:31.319 Thread 'MainThread': missing ScriptRunContext! This warning can be ignored when running in bare mode.
2026-10-04 00:20:31.319 Thread 'MainThread': missing ScriptRunContext! This warning can be ignored when running in bare mode.
2026-10-04 00:20:31.319 Thread 'MainThread': missing ScriptRunContext! This warning can be ignored when running in bare mode.
2026-10-04 00:20:31.319 Thread 'MainThread': missing ScriptRunContext! This warning can be ignored when running in bare mode.
2026-10-04 00:20:31.320 Thread 'MainThread': missing ScriptRunContext! This warning can be ignored when running in bare mode.
2026-10-04 00:20:31.320 Thread 'MainThread': missing ScriptRunContext! This warning can be ignored when running in bare mode.
2026-10-04 00:20:31.721 Thread 'MainThread': missing ScriptRunContext! This warning can be ignored when running in bare mode.
2026-10-04 00:20:31.755 Thread 'MainThread': missing ScriptRunContext! This warning can be ignored when running in bare mode.
2026-10-04 00:20:31.755 Thread 'MainThread': missing ScriptRunContext! This warning can be ignored when running in bare mode.
2026-10-04 00:20:31.769 Thread 'MainThread': missing ScriptRunContext! This warning can be ignored when running in bare mode.
2026-10-04 00:20:31.770 Thread 'MainThread': missing ScriptRunContext! This warning can be ignored when running in bare mode.
2026-10-04 00:20:31.770 Thread 'MainThread': missing ScriptRunContext! This warning can be ignored when running in bare mode.
2026-10-04 00:20:31.770 Thread 'MainThread': missing ScriptRunContext! This warning can be ignored when running in bare mode.
2026-10-04 00:20:31.770 Thread 'MainThread': missing ScriptRunContext! This warning can be ignored when running in bare mode.
2026-10-04 00:20:31.771 Thread 'MainThread': missing ScriptRunContext! This warning can be ignored when running in bare mode.
2026-10-04 00:20:31.771 Thread 'MainThread': missing ScriptRunContext! This warning can be ignored when running in bare mode.
2026-10-04 00:20:31.771 Thread 'MainThread': missing ScriptRunContext! This warning can be ignored when running in bare mode.
2026-10-04 00:20:31.771 Thread 'MainThread': missing ScriptRunContext! This warning can be ignored when running in bare mode.
2026-10-04 00:20:31.771 Thread 'MainThread': missing ScriptRunContext! This warning can be ignored when running in bare mode.
2026-10-04 00:20:31.783 Thread 'MainThread': missing ScriptRunContext! This warning can be ignored when running in bare mode.
2026-10-04 00:20:31.783 Thread 'MainThread': missing ScriptRunContext! This warning can be ignored when running in bare mode.
2026-10-04 00:20:31.784 Thread 'MainThread': missing ScriptRunContext! This warning can be ignored when running in bare mode.
2026-10-04 00:20:31.784 Thread 'MainThread': missing ScriptRunContext! This warning can be ignored when running in bare mode.
2026-10-04 00:20:31.784 Thread 'MainThread': missing ScriptRunContext! This warning can be ignored when running in bare mode.
2026-10-04 00:20:31.784 Thread 'MainThread': missing ScriptRunContext! This warning can be ignored when running in bare mode.
2026-10-04 00:20:31.784 Thread 'MainThread': missing ScriptRunContext! This warning can be ignored when running in bare mode.
2026-10-04 00:20:31.785 Thread 'MainThread': missing ScriptRunContext! This warning can be ignored when running in bare mode.
2026-10-04 00:20:31.785 Thread 'MainThread': missing ScriptRunContext! This warning can be ignored when running in bare mode.
2026-10-04 00:20:31.785 Thread 'MainThread': missing ScriptRunContext! This warning can be ignored when running in bare mode.
2026-10-04 00:20:31.794 Thread 'MainThread': missing ScriptRunContext! This warning can be ignored when running in bare mode.
2026-10-04 00:20:31.794 Thread 'MainThread': missing ScriptRunContext! This warning can be ignored when running in bare mode.
2026-10-04 00:20:31.794 Thread 'MainThread': missing ScriptRunContext! This warning can be ignored when running in bare mode.
2026-10-04 00:20:31.795 Thread 'MainThread': missing ScriptRunContext! This warning can be ignored when running in bare mode.
2026-10-04 00:20:31.795 Thread 'MainThread': missing ScriptRunContext! This warning can be ignored when running in bare mode.
2026-10-04 00:20:31.795 Thread 'MainThread': missing ScriptRunContext! This warning can be ignored when running in bare mode.
2026-10-04 00:20:31.795 Thread 'MainThread': missing ScriptRunContext! This warning can be ignored when running in bare mode.
2026-10-04 00:20:31.795 Thread 'MainThread': missing ScriptRunContext! This warning can be ignored when running in bare mode.
2026-10-04 00:20:31.795 Thread 'MainThread': missing ScriptRunContext! This warning can be ignored when running in bare mode.
2026-10-04 00:20:31.795 Thread 'MainThread': missing ScriptRunContext! This warning can be ignored when running in bare mode.
2026-10-04 00:20:31.795 Thread 'MainThread': missing ScriptRunContext! This warning can be ignored when running in bare mode.
2026-10-04 00:20:31.796 Thread 'MainThread': missing ScriptRunContext! This warning can be ignored when running in bare mode.
2026-10-04 00:20:31.796 Thread 'MainThread': missing ScriptRunContext! This warning can be ignored when running in bare mode.
2026-10-04 00:20:31.796 Thread 'MainThread': missing ScriptRunContext! This warning can be ignored when running in bare mode.
2026-10-04 00:20:31.796 Thread 'MainThread': missing ScriptRunContext! This warning can be ignored when running in bare mode.
2026-10-04 00:20:31.796 Thread 'MainThread': missing ScriptRunContext! This warning can be ignored when running in bare mode.
2026-10-04 00:20:31.796 Thread 'MainThread': missing ScriptRunContext! This warning can be ignored when running in bare mode.
2026-10-04 00:20:31.796 Thread 'MainThread': missing ScriptRunContext! This warning can be ignored when running in bare mode.
2026-10-04 00:20:31.796 Thread 'MainThread': missing ScriptRunContext! This warning can be ignored when running in bare mode.
2026-10-04 00:20:31.796 Thread 'MainThread': missing ScriptRunContext! This warning can be ignored when running in bare mode.
2026-10-04 00:20:31.797 Thread 'MainThread': missing ScriptRunContext! This warning can be ignored when running in bare mode.
2026-10-04 00:20:32.246 Thread 'MainThread': missing ScriptRunContext! This warning can be ignored when running in bare mode.
2026-10-04 00:20:32.463 Thread 'MainThread': missing ScriptRunContext! This warning can be ignored when running in bare mode.
2026-10-04 00:20:32.472 Thread 'MainThread': missing ScriptRunContext! This warning can be ignored when running in bare mode.
2026-10-04 00:20:32.472 Thread 'MainThread': missing ScriptRunContext! This warning can be ignored when running in bare mode.
2026-10-04 00:20:32.473 Thread 'MainThread': missing ScriptRunContext! This warning can be ignored when running in bare mode.
2026-10-04 00:20:32.473 Thread 'MainThread': missing ScriptRunContext! This warning can be ignored when running in bare mode.
2026-10-04 00:20:32.473 Thread 'MainThread': missing ScriptRunContext! This warning can be ignored when running in bare mode.
2026-10-04 00:20:32.473 Thread 'MainThread': missing ScriptRunContext! This warning can be ignored when running in bare mode.
2026-10-04 00:20:32.494 Thread 'MainThread': missing ScriptRunContext! This warning can be ignored when running in bare mode.
2026-10-04 00:20:32.494 Thread 'MainThread': missing ScriptRunContext! This warning can be ignored when running in bare mode.
2026-10-04 00:20:32.495 Thread 'MainThread': missing ScriptRunContext! This warning can be ignored when running in bare mode.
2026-10-04 00:20:32.495 Thread 'MainThread': missing ScriptRunContext! This warning can be ignored when running in bare mode.
2026-10-04 00:20:32.496 Thread 'MainThread': missing ScriptRunContext! This warning can be ignored when running in bare mode.
2026-10-04 00:20:32.496 Thread 'MainThread': missing ScriptRunContext! This warning can be ignored when running in bare mode.
2026-10-04 00:20:32.496 Thread 'MainThread': missing ScriptRunContext! This warning can be ignored when running in bare mode.
2026-10-04 00:20:32.496 Thread 'MainThread': missing ScriptRunContext! This warning can be ignored when running in bare mode.
2026-10-04 00:20:32.503 Thread 'MainThread': missing ScriptRunContext! This warning can be ignored when running in bare mode.
2026-10-04 00:20:32.503 Thread 'MainThread': missing ScriptRunContext! This warning can be ignored when running in bare mode.
2026-10-04 00:20:32.503 Thread 'MainThread': missing ScriptRunContext! This warning can be ignored when running in bare mode.
2026-10-04 00:20:32.503 Thread 'MainThread': missing ScriptRunContext! This warning can be ignored when running in bare mode.
2026-10-04 00:20:32.504 Thread 'MainThread': missing ScriptRunContext! This warning can be ignored when running in bare mode.
2026-10-04 00:20:32.504 Thread 'MainThread': missing ScriptRunContext! This warning can be ignored when running in bare mode.
2026-10-04 00:20:32.504 Thread 'MainThread': missing ScriptRunContext! This warning can be ignored when running in bare mode.
2026-10-04 00:20:32.504 Thread 'MainThread': missing ScriptRunContext! This warning can be ignored when running in bare mode.
2026-10-04 00:20:32.504 Thread 'MainThread': missing ScriptRunContext! This warning can be ignored when running in bare mode.
2026-10-04 00:20:32.504 Thread 'MainThread': missing ScriptRunContext! This warning can be ignored when running in bare mode.
2026-10-04 00:20:32.505 Thread 'MainThread': missing ScriptRunContext! This warning can be ignored when running in bare mode.
2026-10-04 00:20:32.505 Thread 'MainThread': missing ScriptRunContext! This warning can be ignored when running in bare mode.
2026-10-04 00:20:32.512 Thread 'MainThread': missing ScriptRunContext! This warning can be ignored when running in bare mode.
2026-10-04 00:20:32.513 Thread 'MainThread': missing ScriptRunContext! This warning can be ignored when running in bare mode.
2026-10-04 00:20:32.513 Thread 'MainThread': missing ScriptRunContext! This warning can be ignored when running in bare mode.
2026-10-04 00:20:32.513 Thread 'MainThread': missing ScriptRunContext! This warning can be ignored when running in bare mode.
2026-10-04 00:20:32.514 Thread 'MainThread': missing ScriptRunContext! This warning can be ignored when running in bare mode.
2026-10-04 00:20:32.518 Thread 'MainThread': missing ScriptRunContext! This warning can be ignored when running in bare mode.
2026-10-04 00:20:32.518 Thread 'MainThread': missing ScriptRunContext! This warning can be ignored when running in bare mode.
2026-10-04 00:20:32.518 Thread 'MainThread': missing ScriptRunContext! This warning can be ignored when running in bare mode.
2026-10-04 00:20:32.518 Thread 'MainThread': missing ScriptRunContext! This warning can be ignored when running in bare mode.
2026-10-04 00:20:32.520 Thread 'MainThread': missing ScriptRunContext! This warning can be ignored when running in bare mode.
2026-10-04 00:20:32.521 Thread 'MainThread': missing ScriptRunContext! This warning can be ignored when running in bare mode.
2026-10-04 00:20:32.521 Thread 'MainThread': missing ScriptRunContext! This warning can be ignored when running in bare mode.
2026-10-04 00:20:32.521 Thread 'MainThread': missing ScriptRunContext! This warning can be ignored when running in bare mode.
2026-10-04 00:20:32.521 Thread 'MainThread': missing ScriptRunContext! This warning can be ignored when running in bare mode.
2026-10-04 00:20:32.522 Thread 'MainThread': missing ScriptRunContext! This warning can be ignored when running in bare mode.
2026-10-04 00:20:32.522 Thread 'MainThread': missing ScriptRunContext! This warning can be ignored when running in bare mode.
ok
test_second_domain_path_and_launch_angle_inverse (test_day18.WorldLogicTests.test_second_domain_path_and_launch_angle_inverse) ... ok
test_source_page_filtering_and_no_pasted_text_pages (test_day18.WorldLogicTests.test_source_page_filtering_and_no_pasted_text_pages) ... ok
test_spatial_modules_never_execute_model_code (test_day18.WorldLogicTests.test_spatial_modules_never_execute_model_code) ... ok
test_strict_schema_and_both_fixtures (test_day18.WorldLogicTests.test_strict_schema_and_both_fixtures) ... ok
test_time_and_parameter_propagation_all_views (test_day18.WorldLogicTests.test_time_and_parameter_propagation_all_views) ... ok
test_vector_inverse_maps_angle_to_nearest_legal_cycle (test_day18.WorldLogicTests.test_vector_inverse_maps_angle_to_nearest_legal_cycle) ... ok
test_browser_inverse_reaches_canonical_state_without_api (test_day18.WorldProductTests.test_browser_inverse_reaches_canonical_state_without_api) ... 2026-10-04 00:20:37.617 Thread 'MainThread': missing ScriptRunContext! This warning can be ignored when running in bare mode.
2026-10-04 00:20:37.617 Thread 'MainThread': missing ScriptRunContext! This warning can be ignored when running in bare mode.
2026-10-04 00:20:37.617 Thread 'MainThread': missing ScriptRunContext! This warning can be ignored when running in bare mode.
2026-10-04 00:20:37.617 Thread 'MainThread': missing ScriptRunContext! This warning can be ignored when running in bare mode.
2026-10-04 00:20:37.617 Thread 'MainThread': missing ScriptRunContext! This warning can be ignored when running in bare mode.
2026-10-04 00:20:37.617 Thread 'MainThread': missing ScriptRunContext! This warning can be ignored when running in bare mode.
2026-10-04 00:20:37.617 Thread 'MainThread': missing ScriptRunContext! This warning can be ignored when running in bare mode.
2026-10-04 00:20:39.027 Please replace `use_container_width` with `width`.

`use_container_width` will be removed after 2025-12-31.

For `use_container_width=True`, use `width='stretch'`. For `use_container_width=False`, use `width='content'`.
2026-10-04 00:20:39.336 Please replace `use_container_width` with `width`.

`use_container_width` will be removed after 2025-12-31.

For `use_container_width=True`, use `width='stretch'`. For `use_container_width=False`, use `width='content'`.
ok
test_build_once_and_parameter_time_experiment_recording_remain_local (test_day18.WorldProductTests.test_build_once_and_parameter_time_experiment_recording_remain_local) ... 2026-10-04 00:20:39.356 Thread 'MainThread': missing ScriptRunContext! This warning can be ignored when running in bare mode.
2026-10-04 00:20:39.356 Thread 'MainThread': missing ScriptRunContext! This warning can be ignored when running in bare mode.
2026-10-04 00:20:39.357 Thread 'MainThread': missing ScriptRunContext! This warning can be ignored when running in bare mode.
2026-10-04 00:20:39.357 Thread 'MainThread': missing ScriptRunContext! This warning can be ignored when running in bare mode.
2026-10-04 00:20:39.357 Thread 'MainThread': missing ScriptRunContext! This warning can be ignored when running in bare mode.
2026-10-04 00:20:39.357 Thread 'MainThread': missing ScriptRunContext! This warning can be ignored when running in bare mode.
2026-10-04 00:20:39.357 Thread 'MainThread': missing ScriptRunContext! This warning can be ignored when running in bare mode.
2026-10-04 00:20:40.651 Please replace `use_container_width` with `width`.

`use_container_width` will be removed after 2025-12-31.

For `use_container_width=True`, use `width='stretch'`. For `use_container_width=False`, use `width='content'`.
2026-10-04 00:20:40.946 Please replace `use_container_width` with `width`.

`use_container_width` will be removed after 2025-12-31.

For `use_container_width=True`, use `width='stretch'`. For `use_container_width=False`, use `width='content'`.
2026-10-04 00:20:41.199 Please replace `use_container_width` with `width`.

`use_container_width` will be removed after 2025-12-31.

For `use_container_width=True`, use `width='stretch'`. For `use_container_width=False`, use `width='content'`.
2026-10-04 00:20:41.532 Please replace `use_container_width` with `width`.

`use_container_width` will be removed after 2025-12-31.

For `use_container_width=True`, use `width='stretch'`. For `use_container_width=False`, use `width='content'`.
2026-10-04 00:20:41.814 Please replace `use_container_width` with `width`.

`use_container_width` will be removed after 2025-12-31.

For `use_container_width=True`, use `width='stretch'`. For `use_container_width=False`, use `width='content'`.
2026-10-04 00:20:42.104 Please replace `use_container_width` with `width`.

`use_container_width` will be removed after 2025-12-31.

For `use_container_width=True`, use `width='stretch'`. For `use_container_width=False`, use `width='content'`.
2026-10-04 00:20:42.460 Please replace `use_container_width` with `width`.

`use_container_width` will be removed after 2025-12-31.

For `use_container_width=True`, use `width='stretch'`. For `use_container_width=False`, use `width='content'`.
2026-10-04 00:20:42.764 Please replace `use_container_width` with `width`.

`use_container_width` will be removed after 2025-12-31.

For `use_container_width=True`, use `width='stretch'`. For `use_container_width=False`, use `width='content'`.
2026-10-04 00:20:43.212 Please replace `use_container_width` with `width`.

`use_container_width` will be removed after 2025-12-31.

For `use_container_width=True`, use `width='stretch'`. For `use_container_width=False`, use `width='content'`.
2026-10-04 00:20:43.506 Please replace `use_container_width` with `width`.

`use_container_width` will be removed after 2025-12-31.

For `use_container_width=True`, use `width='stretch'`. For `use_container_width=False`, use `width='content'`.
2026-10-04 00:20:43.526 Thread 'MainThread': missing ScriptRunContext! This warning can be ignored when running in bare mode.
2026-10-04 00:20:43.529 Thread 'MainThread': missing ScriptRunContext! This warning can be ignored when running in bare mode.
2026-10-04 00:20:43.529 Thread 'MainThread': missing ScriptRunContext! This warning can be ignored when running in bare mode.
2026-10-04 00:20:43.529 Thread 'MainThread': missing ScriptRunContext! This warning can be ignored when running in bare mode.
2026-10-04 00:20:43.529 Thread 'MainThread': missing ScriptRunContext! This warning can be ignored when running in bare mode.
2026-10-04 00:20:43.529 Thread 'MainThread': missing ScriptRunContext! This warning can be ignored when running in bare mode.
2026-10-04 00:20:43.530 Thread 'MainThread': missing ScriptRunContext! This warning can be ignored when running in bare mode.
2026-10-04 00:20:43.530 Thread 'MainThread': missing ScriptRunContext! This warning can be ignored when running in bare mode.
2026-10-04 00:20:43.530 Thread 'MainThread': missing ScriptRunContext! This warning can be ignored when running in bare mode.
2026-10-04 00:20:43.530 Thread 'MainThread': missing ScriptRunContext! This warning can be ignored when running in bare mode.
2026-10-04 00:20:43.530 Thread 'MainThread': missing ScriptRunContext! This warning can be ignored when running in bare mode.
2026-10-04 00:20:43.530 Thread 'MainThread': missing ScriptRunContext! This warning can be ignored when running in bare mode.
2026-10-04 00:20:43.530 Thread 'MainThread': missing ScriptRunContext! This warning can be ignored when running in bare mode.
2026-10-04 00:20:43.530 Thread 'MainThread': missing ScriptRunContext! This warning can be ignored when running in bare mode.
2026-10-04 00:20:43.530 Thread 'MainThread': missing ScriptRunContext! This warning can be ignored when running in bare mode.
2026-10-04 00:20:43.530 Thread 'MainThread': missing ScriptRunContext! This warning can be ignored when running in bare mode.
2026-10-04 00:20:43.530 Thread 'MainThread': missing ScriptRunContext! This warning can be ignored when running in bare mode.
2026-10-04 00:20:43.530 Thread 'MainThread': missing ScriptRunContext! This warning can be ignored when running in bare mode.
2026-10-04 00:20:43.530 Thread 'MainThread': missing ScriptRunContext! This warning can be ignored when running in bare mode.
2026-10-04 00:20:43.531 Thread 'MainThread': missing ScriptRunContext! This warning can be ignored when running in bare mode.
2026-10-04 00:20:43.531 Thread 'MainThread': missing ScriptRunContext! This warning can be ignored when running in bare mode.
2026-10-04 00:20:43.531 Thread 'MainThread': missing ScriptRunContext! This warning can be ignored when running in bare mode.
2026-10-04 00:20:43.531 Thread 'MainThread': missing ScriptRunContext! This warning can be ignored when running in bare mode.
2026-10-04 00:20:43.531 Thread 'MainThread': missing ScriptRunContext! This warning can be ignored when running in bare mode.
2026-10-04 00:20:43.531 Thread 'MainThread': missing ScriptRunContext! This warning can be ignored when running in bare mode.
2026-10-04 00:20:43.531 Thread 'MainThread': missing ScriptRunContext! This warning can be ignored when running in bare mode.
2026-10-04 00:20:43.531 Thread 'MainThread': missing ScriptRunContext! This warning can be ignored when running in bare mode.
2026-10-04 00:20:43.531 Thread 'MainThread': missing ScriptRunContext! This warning can be ignored when running in bare mode.
2026-10-04 00:20:43.531 Thread 'MainThread': missing ScriptRunContext! This warning can be ignored when running in bare mode.
2026-10-04 00:20:43.531 Thread 'MainThread': missing ScriptRunContext! This warning can be ignored when running in bare mode.
2026-10-04 00:20:43.531 Thread 'MainThread': missing ScriptRunContext! This warning can be ignored when running in bare mode.
2026-10-04 00:20:43.532 Thread 'MainThread': missing ScriptRunContext! This warning can be ignored when running in bare mode.
2026-10-04 00:20:43.532 Thread 'MainThread': missing ScriptRunContext! This warning can be ignored when running in bare mode.
2026-10-04 00:20:43.532 Thread 'MainThread': missing ScriptRunContext! This warning can be ignored when running in bare mode.
2026-10-04 00:20:43.532 Thread 'MainThread': missing ScriptRunContext! This warning can be ignored when running in bare mode.
2026-10-04 00:20:43.532 Thread 'MainThread': missing ScriptRunContext! This warning can be ignored when running in bare mode.
2026-10-04 00:20:43.532 Thread 'MainThread': missing ScriptRunContext! This warning can be ignored when running in bare mode.
2026-10-04 00:20:43.532 Thread 'MainThread': missing ScriptRunContext! This warning can be ignored when running in bare mode.
2026-10-04 00:20:43.532 Thread 'MainThread': missing ScriptRunContext! This warning can be ignored when running in bare mode.
2026-10-04 00:20:43.532 Thread 'MainThread': missing ScriptRunContext! This warning can be ignored when running in bare mode.
2026-10-04 00:20:43.532 Thread 'MainThread': missing ScriptRunContext! This warning can be ignored when running in bare mode.
2026-10-04 00:20:43.532 Thread 'MainThread': missing ScriptRunContext! This warning can be ignored when running in bare mode.
2026-10-04 00:20:43.532 Thread 'MainThread': missing ScriptRunContext! This warning can be ignored when running in bare mode.
2026-10-04 00:20:43.532 Thread 'MainThread': missing ScriptRunContext! This warning can be ignored when running in bare mode.
ok
test_cached_world_reopens_and_new_material_resets_local_state (test_day18.WorldProductTests.test_cached_world_reopens_and_new_material_resets_local_state) ... 2026-10-04 00:20:43.550 Thread 'MainThread': missing ScriptRunContext! This warning can be ignored when running in bare mode.
2026-10-04 00:20:43.550 Thread 'MainThread': missing ScriptRunContext! This warning can be ignored when running in bare mode.
2026-10-04 00:20:43.550 Thread 'MainThread': missing ScriptRunContext! This warning can be ignored when running in bare mode.
2026-10-04 00:20:43.550 Thread 'MainThread': missing ScriptRunContext! This warning can be ignored when running in bare mode.
2026-10-04 00:20:43.550 Thread 'MainThread': missing ScriptRunContext! This warning can be ignored when running in bare mode.
2026-10-04 00:20:43.551 Thread 'MainThread': missing ScriptRunContext! This warning can be ignored when running in bare mode.
2026-10-04 00:20:43.551 Thread 'MainThread': missing ScriptRunContext! This warning can be ignored when running in bare mode.
2026-10-04 00:20:44.733 Please replace `use_container_width` with `width`.

`use_container_width` will be removed after 2025-12-31.

For `use_container_width=True`, use `width='stretch'`. For `use_container_width=False`, use `width='content'`.
2026-10-04 00:20:45.004 Please replace `use_container_width` with `width`.

`use_container_width` will be removed after 2025-12-31.

For `use_container_width=True`, use `width='stretch'`. For `use_container_width=False`, use `width='content'`.
2026-10-04 00:20:45.024 Thread 'MainThread': missing ScriptRunContext! This warning can be ignored when running in bare mode.
2026-10-04 00:20:45.259 Please replace `use_container_width` with `width`.

`use_container_width` will be removed after 2025-12-31.

For `use_container_width=True`, use `width='stretch'`. For `use_container_width=False`, use `width='content'`.
2026-10-04 00:20:45.273 Thread 'MainThread': missing ScriptRunContext! This warning can be ignored when running in bare mode.
ok
test_invalid_browser_gesture_is_acknowledged_without_losing_world (test_day18.WorldProductTests.test_invalid_browser_gesture_is_acknowledged_without_losing_world) ... 2026-10-04 00:20:45.696 Thread 'MainThread': missing ScriptRunContext! This warning can be ignored when running in bare mode.
2026-10-04 00:20:45.696 Thread 'MainThread': missing ScriptRunContext! This warning can be ignored when running in bare mode.
2026-10-04 00:20:45.696 Thread 'MainThread': missing ScriptRunContext! This warning can be ignored when running in bare mode.
2026-10-04 00:20:45.696 Thread 'MainThread': missing ScriptRunContext! This warning can be ignored when running in bare mode.
2026-10-04 00:20:45.696 Thread 'MainThread': missing ScriptRunContext! This warning can be ignored when running in bare mode.
2026-10-04 00:20:45.696 Thread 'MainThread': missing ScriptRunContext! This warning can be ignored when running in bare mode.
2026-10-04 00:20:45.696 Thread 'MainThread': missing ScriptRunContext! This warning can be ignored when running in bare mode.
2026-10-04 00:20:46.995 Please replace `use_container_width` with `width`.

`use_container_width` will be removed after 2025-12-31.

For `use_container_width=True`, use `width='stretch'`. For `use_container_width=False`, use `width='content'`.
2026-10-04 00:20:47.259 Please replace `use_container_width` with `width`.

`use_container_width` will be removed after 2025-12-31.

For `use_container_width=True`, use `width='stretch'`. For `use_container_width=False`, use `width='content'`.
ok
test_invalid_generated_world_does_not_break_old_features (test_day18.WorldProductTests.test_invalid_generated_world_does_not_break_old_features) ... 2026-10-04 00:20:47.274 Thread 'MainThread': missing ScriptRunContext! This warning can be ignored when running in bare mode.
2026-10-04 00:20:47.275 Thread 'MainThread': missing ScriptRunContext! This warning can be ignored when running in bare mode.
2026-10-04 00:20:47.275 Thread 'MainThread': missing ScriptRunContext! This warning can be ignored when running in bare mode.
2026-10-04 00:20:47.275 Thread 'MainThread': missing ScriptRunContext! This warning can be ignored when running in bare mode.
2026-10-04 00:20:47.275 Thread 'MainThread': missing ScriptRunContext! This warning can be ignored when running in bare mode.
2026-10-04 00:20:47.275 Thread 'MainThread': missing ScriptRunContext! This warning can be ignored when running in bare mode.
2026-10-04 00:20:47.275 Thread 'MainThread': missing ScriptRunContext! This warning can be ignored when running in bare mode.
Learning Scene validator rejected domain=spatial_dynamics reason=scene: missing fields=['assumptions', 'axes', 'bindings', 'learning_goal', 'metrics', 'objects', 'parameters', 'quantities', 'scene_id', 'scene_version', 'series', 'source_pages', 'time', 'title']; unknown fields=[]
ok
test_normal_pdf_path_exposes_localized_cta_before_overview (test_day18.WorldProductTests.test_normal_pdf_path_exposes_localized_cta_before_overview) ... 2026-10-04 00:20:48.683 Thread 'MainThread': missing ScriptRunContext! This warning can be ignored when running in bare mode.
2026-10-04 00:20:48.683 Thread 'MainThread': missing ScriptRunContext! This warning can be ignored when running in bare mode.
2026-10-04 00:20:48.683 Thread 'MainThread': missing ScriptRunContext! This warning can be ignored when running in bare mode.
2026-10-04 00:20:48.683 Thread 'MainThread': missing ScriptRunContext! This warning can be ignored when running in bare mode.
2026-10-04 00:20:48.683 Thread 'MainThread': missing ScriptRunContext! This warning can be ignored when running in bare mode.
2026-10-04 00:20:48.683 Thread 'MainThread': missing ScriptRunContext! This warning can be ignored when running in bare mode.
2026-10-04 00:20:48.683 Thread 'MainThread': missing ScriptRunContext! This warning can be ignored when running in bare mode.
2026-10-04 00:20:49.731 Please replace `use_container_width` with `width`.

`use_container_width` will be removed after 2025-12-31.

For `use_container_width=True`, use `width='stretch'`. For `use_container_width=False`, use `width='content'`.
ok
test_projectile_uses_identical_product_runtime (test_day18.WorldProductTests.test_projectile_uses_identical_product_runtime) ... 2026-10-04 00:20:49.965 Thread 'MainThread': missing ScriptRunContext! This warning can be ignored when running in bare mode.
2026-10-04 00:20:49.966 Thread 'MainThread': missing ScriptRunContext! This warning can be ignored when running in bare mode.
2026-10-04 00:20:49.966 Thread 'MainThread': missing ScriptRunContext! This warning can be ignored when running in bare mode.
2026-10-04 00:20:49.966 Thread 'MainThread': missing ScriptRunContext! This warning can be ignored when running in bare mode.
2026-10-04 00:20:49.966 Thread 'MainThread': missing ScriptRunContext! This warning can be ignored when running in bare mode.
2026-10-04 00:20:49.966 Thread 'MainThread': missing ScriptRunContext! This warning can be ignored when running in bare mode.
2026-10-04 00:20:49.966 Thread 'MainThread': missing ScriptRunContext! This warning can be ignored when running in bare mode.
2026-10-04 00:20:50.870 Please replace `use_container_width` with `width`.

`use_container_width` will be removed after 2025-12-31.

For `use_container_width=True`, use `width='stretch'`. For `use_container_width=False`, use `width='content'`.
2026-10-04 00:20:51.087 Please replace `use_container_width` with `width`.

`use_container_width` will be removed after 2025-12-31.

For `use_container_width=True`, use `width='stretch'`. For `use_container_width=False`, use `width='content'`.
2026-10-04 00:20:51.326 Please replace `use_container_width` with `width`.

`use_container_width` will be removed after 2025-12-31.

For `use_container_width=True`, use `width='stretch'`. For `use_container_width=False`, use `width='content'`.
2026-10-04 00:20:51.343 Thread 'MainThread': missing ScriptRunContext! This warning can be ignored when running in bare mode.
2026-10-04 00:20:51.344 Thread 'MainThread': missing ScriptRunContext! This warning can be ignored when running in bare mode.
2026-10-04 00:20:51.344 Thread 'MainThread': missing ScriptRunContext! This warning can be ignored when running in bare mode.
2026-10-04 00:20:51.344 Thread 'MainThread': missing ScriptRunContext! This warning can be ignored when running in bare mode.
2026-10-04 00:20:51.344 Thread 'MainThread': missing ScriptRunContext! This warning can be ignored when running in bare mode.
2026-10-04 00:20:51.344 Thread 'MainThread': missing ScriptRunContext! This warning can be ignored when running in bare mode.
2026-10-04 00:20:51.344 Thread 'MainThread': missing ScriptRunContext! This warning can be ignored when running in bare mode.
2026-10-04 00:20:51.344 Thread 'MainThread': missing ScriptRunContext! This warning can be ignored when running in bare mode.
2026-10-04 00:20:51.344 Thread 'MainThread': missing ScriptRunContext! This warning can be ignored when running in bare mode.
2026-10-04 00:20:51.344 Thread 'MainThread': missing ScriptRunContext! This warning can be ignored when running in bare mode.
2026-10-04 00:20:51.344 Thread 'MainThread': missing ScriptRunContext! This warning can be ignored when running in bare mode.
2026-10-04 00:20:51.344 Thread 'MainThread': missing ScriptRunContext! This warning can be ignored when running in bare mode.
2026-10-04 00:20:51.344 Thread 'MainThread': missing ScriptRunContext! This warning can be ignored when running in bare mode.
2026-10-04 00:20:51.344 Thread 'MainThread': missing ScriptRunContext! This warning can be ignored when running in bare mode.
2026-10-04 00:20:51.344 Thread 'MainThread': missing ScriptRunContext! This warning can be ignored when running in bare mode.
2026-10-04 00:20:51.344 Thread 'MainThread': missing ScriptRunContext! This warning can be ignored when running in bare mode.
2026-10-04 00:20:51.344 Thread 'MainThread': missing ScriptRunContext! This warning can be ignored when running in bare mode.
2026-10-04 00:20:51.345 Thread 'MainThread': missing ScriptRunContext! This warning can be ignored when running in bare mode.
2026-10-04 00:20:51.345 Thread 'MainThread': missing ScriptRunContext! This warning can be ignored when running in bare mode.
2026-10-04 00:20:51.345 Thread 'MainThread': missing ScriptRunContext! This warning can be ignored when running in bare mode.
2026-10-04 00:20:51.345 Thread 'MainThread': missing ScriptRunContext! This warning can be ignored when running in bare mode.
2026-10-04 00:20:51.345 Thread 'MainThread': missing ScriptRunContext! This warning can be ignored when running in bare mode.
2026-10-04 00:20:51.345 Thread 'MainThread': missing ScriptRunContext! This warning can be ignored when running in bare mode.
2026-10-04 00:20:51.345 Thread 'MainThread': missing ScriptRunContext! This warning can be ignored when running in bare mode.
2026-10-04 00:20:51.345 Thread 'MainThread': missing ScriptRunContext! This warning can be ignored when running in bare mode.
2026-10-04 00:20:51.345 Thread 'MainThread': missing ScriptRunContext! This warning can be ignored when running in bare mode.
2026-10-04 00:20:51.345 Thread 'MainThread': missing ScriptRunContext! This warning can be ignored when running in bare mode.
2026-10-04 00:20:51.345 Thread 'MainThread': missing ScriptRunContext! This warning can be ignored when running in bare mode.
2026-10-04 00:20:51.345 Thread 'MainThread': missing ScriptRunContext! This warning can be ignored when running in bare mode.
2026-10-04 00:20:51.345 Thread 'MainThread': missing ScriptRunContext! This warning can be ignored when running in bare mode.
2026-10-04 00:20:51.345 Thread 'MainThread': missing ScriptRunContext! This warning can be ignored when running in bare mode.
2026-10-04 00:20:51.345 Thread 'MainThread': missing ScriptRunContext! This warning can be ignored when running in bare mode.
2026-10-04 00:20:51.345 Thread 'MainThread': missing ScriptRunContext! This warning can be ignored when running in bare mode.
2026-10-04 00:20:51.345 Thread 'MainThread': missing ScriptRunContext! This warning can be ignored when running in bare mode.
2026-10-04 00:20:51.345 Thread 'MainThread': missing ScriptRunContext! This warning can be ignored when running in bare mode.
2026-10-04 00:20:51.346 Thread 'MainThread': missing ScriptRunContext! This warning can be ignored when running in bare mode.
2026-10-04 00:20:51.346 Thread 'MainThread': missing ScriptRunContext! This warning can be ignored when running in bare mode.
2026-10-04 00:20:51.346 Thread 'MainThread': missing ScriptRunContext! This warning can be ignored when running in bare mode.
2026-10-04 00:20:51.346 Thread 'MainThread': missing ScriptRunContext! This warning can be ignored when running in bare mode.
2026-10-04 00:20:51.346 Thread 'MainThread': missing ScriptRunContext! This warning can be ignored when running in bare mode.
2026-10-04 00:20:51.346 Thread 'MainThread': missing ScriptRunContext! This warning can be ignored when running in bare mode.
2026-10-04 00:20:51.346 Thread 'MainThread': missing ScriptRunContext! This warning can be ignored when running in bare mode.
2026-10-04 00:20:51.346 Thread 'MainThread': missing ScriptRunContext! This warning can be ignored when running in bare mode.
2026-10-04 00:20:51.346 Thread 'MainThread': missing ScriptRunContext! This warning can be ignored when running in bare mode.
ok
test_invalid_declarations_rejected_and_isolated (test_day18.WorldRedTeamTests.test_invalid_declarations_rejected_and_isolated) ... ok
test_malformed_inverses_and_out_of_range_patches_preserve_state (test_day18.WorldRedTeamTests.test_malformed_inverses_and_out_of_range_patches_preserve_state) ... ok
test_axis_roundoff_is_ulp_bounded_not_real_overflow_acceptance (test_day18_compiler.CompilerContractTests.test_axis_roundoff_is_ulp_bounded_not_real_overflow_acceptance) ... ok
test_canonical_wire_schema_required_keys_and_optional_empty_lists (test_day18_compiler.CompilerContractTests.test_canonical_wire_schema_required_keys_and_optional_empty_lists) ... ok
test_exact_traditional_chinese_context_schema_and_internal_trace (test_day18_compiler.CompilerContractTests.test_exact_traditional_chinese_context_schema_and_internal_trace) ... ok
test_invalid_primitive_binding_and_unsafe_expression_still_rejected (test_day18_compiler.CompilerContractTests.test_invalid_primitive_binding_and_unsafe_expression_still_rejected) ... ok
test_missing_optional_fields_default_without_mutating_input (test_day18_compiler.CompilerContractTests.test_missing_optional_fields_default_without_mutating_input) ... 2026-10-04 00:20:53.172 Thread 'MainThread': missing ScriptRunContext! This warning can be ignored when running in bare mode.
2026-10-04 00:20:53.175 Thread 'MainThread': missing ScriptRunContext! This warning can be ignored when running in bare mode.
2026-10-04 00:20:53.175 Thread 'MainThread': missing ScriptRunContext! This warning can be ignored when running in bare mode.
2026-10-04 00:20:53.175 Thread 'MainThread': missing ScriptRunContext! This warning can be ignored when running in bare mode.
2026-10-04 00:20:53.175 Thread 'MainThread': missing ScriptRunContext! This warning can be ignored when running in bare mode.
2026-10-04 00:20:53.175 Thread 'MainThread': missing ScriptRunContext! This warning can be ignored when running in bare mode.
2026-10-04 00:20:53.175 Thread 'MainThread': missing ScriptRunContext! This warning can be ignored when running in bare mode.
2026-10-04 00:20:53.176 Thread 'MainThread': missing ScriptRunContext! This warning can be ignored when running in bare mode.
2026-10-04 00:20:53.176 Thread 'MainThread': missing ScriptRunContext! This warning can be ignored when running in bare mode.
2026-10-04 00:20:53.176 Thread 'MainThread': missing ScriptRunContext! This warning can be ignored when running in bare mode.
2026-10-04 00:20:53.176 Thread 'MainThread': missing ScriptRunContext! This warning can be ignored when running in bare mode.
2026-10-04 00:20:53.176 Thread 'MainThread': missing ScriptRunContext! This warning can be ignored when running in bare mode.
2026-10-04 00:20:53.176 Thread 'MainThread': missing ScriptRunContext! This warning can be ignored when running in bare mode.
2026-10-04 00:20:53.176 Thread 'MainThread': missing ScriptRunContext! This warning can be ignored when running in bare mode.
2026-10-04 00:20:53.176 Thread 'MainThread': missing ScriptRunContext! This warning can be ignored when running in bare mode.
2026-10-04 00:20:53.176 Thread 'MainThread': missing ScriptRunContext! This warning can be ignored when running in bare mode.
2026-10-04 00:20:53.176 Thread 'MainThread': missing ScriptRunContext! This warning can be ignored when running in bare mode.
2026-10-04 00:20:53.176 Thread 'MainThread': missing ScriptRunContext! This warning can be ignored when running in bare mode.
2026-10-04 00:20:53.176 Thread 'MainThread': missing ScriptRunContext! This warning can be ignored when running in bare mode.
2026-10-04 00:20:53.176 Thread 'MainThread': missing ScriptRunContext! This warning can be ignored when running in bare mode.
2026-10-04 00:20:53.177 Thread 'MainThread': missing ScriptRunContext! This warning can be ignored when running in bare mode.
2026-10-04 00:20:53.177 Thread 'MainThread': missing ScriptRunContext! This warning can be ignored when running in bare mode.
2026-10-04 00:20:53.177 Thread 'MainThread': missing ScriptRunContext! This warning can be ignored when running in bare mode.
2026-10-04 00:20:53.177 Thread 'MainThread': missing ScriptRunContext! This warning can be ignored when running in bare mode.
2026-10-04 00:20:53.177 Thread 'MainThread': missing ScriptRunContext! This warning can be ignored when running in bare mode.
2026-10-04 00:20:53.177 Thread 'MainThread': missing ScriptRunContext! This warning can be ignored when running in bare mode.
2026-10-04 00:20:53.177 Thread 'MainThread': missing ScriptRunContext! This warning can be ignored when running in bare mode.
2026-10-04 00:20:53.177 Thread 'MainThread': missing ScriptRunContext! This warning can be ignored when running in bare mode.
2026-10-04 00:20:53.177 Thread 'MainThread': missing ScriptRunContext! This warning can be ignored when running in bare mode.
2026-10-04 00:20:53.177 Thread 'MainThread': missing ScriptRunContext! This warning can be ignored when running in bare mode.
2026-10-04 00:20:53.177 Thread 'MainThread': missing ScriptRunContext! This warning can be ignored when running in bare mode.
2026-10-04 00:20:53.177 Thread 'MainThread': missing ScriptRunContext! This warning can be ignored when running in bare mode.
2026-10-04 00:20:53.177 Thread 'MainThread': missing ScriptRunContext! This warning can be ignored when running in bare mode.
2026-10-04 00:20:53.177 Thread 'MainThread': missing ScriptRunContext! This warning can be ignored when running in bare mode.
2026-10-04 00:20:53.178 Thread 'MainThread': missing ScriptRunContext! This warning can be ignored when running in bare mode.
2026-10-04 00:20:53.178 Thread 'MainThread': missing ScriptRunContext! This warning can be ignored when running in bare mode.
2026-10-04 00:20:53.178 Thread 'MainThread': missing ScriptRunContext! This warning can be ignored when running in bare mode.
2026-10-04 00:20:53.178 Thread 'MainThread': missing ScriptRunContext! This warning can be ignored when running in bare mode.
2026-10-04 00:20:53.178 Thread 'MainThread': missing ScriptRunContext! This warning can be ignored when running in bare mode.
2026-10-04 00:20:53.178 Thread 'MainThread': missing ScriptRunContext! This warning can be ignored when running in bare mode.
2026-10-04 00:20:53.178 Thread 'MainThread': missing ScriptRunContext! This warning can be ignored when running in bare mode.
2026-10-04 00:20:53.178 Thread 'MainThread': missing ScriptRunContext! This warning can be ignored when running in bare mode.
2026-10-04 00:20:53.178 Thread 'MainThread': missing ScriptRunContext! This warning can be ignored when running in bare mode.
2026-10-04 00:20:53.178 Thread 'MainThread': missing ScriptRunContext! This warning can be ignored when running in bare mode.
ok
test_missing_required_base_fields_and_unknown_fields_are_rejected (test_day18_compiler.CompilerContractTests.test_missing_required_base_fields_and_unknown_fields_are_rejected) ... ok
test_original_live_style_rejection_has_precise_paths (test_day18_compiler.CompilerContractTests.test_original_live_style_rejection_has_precise_paths) ... ok
test_present_malformed_ultra_fields_are_not_silently_dropped (test_day18_compiler.CompilerContractTests.test_present_malformed_ultra_fields_are_not_silently_dropped) ... ok
test_probability_scene_still_validates (test_day18_compiler.CompilerContractTests.test_probability_scene_still_validates) ... ok
test_real_response_recipe_focus_resolves_only_declared_representation (test_day18_compiler.CompilerContractTests.test_real_response_recipe_focus_resolves_only_declared_representation) ... ok
test_valid_three_phase_base_expressions_and_shared_values (test_day18_compiler.CompilerContractTests.test_valid_three_phase_base_expressions_and_shared_values) ... ok
test_minimal_compiler_output_enters_real_normal_result_runtime (test_day18_compiler.CompilerProductRegressionTests.test_minimal_compiler_output_enters_real_normal_result_runtime) ... 2026-10-04 00:20:54.138 Thread 'MainThread': missing ScriptRunContext! This warning can be ignored when running in bare mode.
2026-10-04 00:20:54.138 Thread 'MainThread': missing ScriptRunContext! This warning can be ignored when running in bare mode.
2026-10-04 00:20:54.138 Thread 'MainThread': missing ScriptRunContext! This warning can be ignored when running in bare mode.
2026-10-04 00:20:54.138 Thread 'MainThread': missing ScriptRunContext! This warning can be ignored when running in bare mode.
2026-10-04 00:20:54.139 Thread 'MainThread': missing ScriptRunContext! This warning can be ignored when running in bare mode.
2026-10-04 00:20:54.139 Thread 'MainThread': missing ScriptRunContext! This warning can be ignored when running in bare mode.
2026-10-04 00:20:54.139 Thread 'MainThread': missing ScriptRunContext! This warning can be ignored when running in bare mode.
2026-10-04 00:20:55.368 Please replace `use_container_width` with `width`.

`use_container_width` will be removed after 2025-12-31.

For `use_container_width=True`, use `width='stretch'`. For `use_container_width=False`, use `width='content'`.
2026-10-04 00:20:55.647 Please replace `use_container_width` with `width`.

`use_container_width` will be removed after 2025-12-31.

For `use_container_width=True`, use `width='stretch'`. For `use_container_width=False`, use `width='content'`.
2026-10-04 00:20:55.904 Please replace `use_container_width` with `width`.

`use_container_width` will be removed after 2025-12-31.

For `use_container_width=True`, use `width='stretch'`. For `use_container_width=False`, use `width='content'`.
2026-10-04 00:20:55.923 Thread 'MainThread': missing ScriptRunContext! This warning can be ignored when running in bare mode.
2026-10-04 00:20:55.926 Thread 'MainThread': missing ScriptRunContext! This warning can be ignored when running in bare mode.
2026-10-04 00:20:55.926 Thread 'MainThread': missing ScriptRunContext! This warning can be ignored when running in bare mode.
2026-10-04 00:20:55.926 Thread 'MainThread': missing ScriptRunContext! This warning can be ignored when running in bare mode.
2026-10-04 00:20:55.926 Thread 'MainThread': missing ScriptRunContext! This warning can be ignored when running in bare mode.
2026-10-04 00:20:55.926 Thread 'MainThread': missing ScriptRunContext! This warning can be ignored when running in bare mode.
2026-10-04 00:20:55.927 Thread 'MainThread': missing ScriptRunContext! This warning can be ignored when running in bare mode.
2026-10-04 00:20:55.927 Thread 'MainThread': missing ScriptRunContext! This warning can be ignored when running in bare mode.
2026-10-04 00:20:55.927 Thread 'MainThread': missing ScriptRunContext! This warning can be ignored when running in bare mode.
2026-10-04 00:20:55.927 Thread 'MainThread': missing ScriptRunContext! This warning can be ignored when running in bare mode.
2026-10-04 00:20:55.927 Thread 'MainThread': missing ScriptRunContext! This warning can be ignored when running in bare mode.
2026-10-04 00:20:55.927 Thread 'MainThread': missing ScriptRunContext! This warning can be ignored when running in bare mode.
2026-10-04 00:20:55.927 Thread 'MainThread': missing ScriptRunContext! This warning can be ignored when running in bare mode.
2026-10-04 00:20:55.927 Thread 'MainThread': missing ScriptRunContext! This warning can be ignored when running in bare mode.
2026-10-04 00:20:55.927 Thread 'MainThread': missing ScriptRunContext! This warning can be ignored when running in bare mode.
2026-10-04 00:20:55.927 Thread 'MainThread': missing ScriptRunContext! This warning can be ignored when running in bare mode.
2026-10-04 00:20:55.927 Thread 'MainThread': missing ScriptRunContext! This warning can be ignored when running in bare mode.
2026-10-04 00:20:55.927 Thread 'MainThread': missing ScriptRunContext! This warning can be ignored when running in bare mode.
2026-10-04 00:20:55.927 Thread 'MainThread': missing ScriptRunContext! This warning can be ignored when running in bare mode.
2026-10-04 00:20:55.927 Thread 'MainThread': missing ScriptRunContext! This warning can be ignored when running in bare mode.
2026-10-04 00:20:55.927 Thread 'MainThread': missing ScriptRunContext! This warning can be ignored when running in bare mode.
2026-10-04 00:20:55.928 Thread 'MainThread': missing ScriptRunContext! This warning can be ignored when running in bare mode.
2026-10-04 00:20:55.928 Thread 'MainThread': missing ScriptRunContext! This warning can be ignored when running in bare mode.
2026-10-04 00:20:55.928 Thread 'MainThread': missing ScriptRunContext! This warning can be ignored when running in bare mode.
2026-10-04 00:20:55.928 Thread 'MainThread': missing ScriptRunContext! This warning can be ignored when running in bare mode.
2026-10-04 00:20:55.928 Thread 'MainThread': missing ScriptRunContext! This warning can be ignored when running in bare mode.
2026-10-04 00:20:55.928 Thread 'MainThread': missing ScriptRunContext! This warning can be ignored when running in bare mode.
2026-10-04 00:20:55.928 Thread 'MainThread': missing ScriptRunContext! This warning can be ignored when running in bare mode.
2026-10-04 00:20:55.928 Thread 'MainThread': missing ScriptRunContext! This warning can be ignored when running in bare mode.
2026-10-04 00:20:55.928 Thread 'MainThread': missing ScriptRunContext! This warning can be ignored when running in bare mode.
2026-10-04 00:20:55.928 Thread 'MainThread': missing ScriptRunContext! This warning can be ignored when running in bare mode.
2026-10-04 00:20:55.928 Thread 'MainThread': missing ScriptRunContext! This warning can be ignored when running in bare mode.
2026-10-04 00:20:55.928 Thread 'MainThread': missing ScriptRunContext! This warning can be ignored when running in bare mode.
2026-10-04 00:20:55.928 Thread 'MainThread': missing ScriptRunContext! This warning can be ignored when running in bare mode.
2026-10-04 00:20:55.928 Thread 'MainThread': missing ScriptRunContext! This warning can be ignored when running in bare mode.
2026-10-04 00:20:55.928 Thread 'MainThread': missing ScriptRunContext! This warning can be ignored when running in bare mode.
2026-10-04 00:20:55.928 Thread 'MainThread': missing ScriptRunContext! This warning can be ignored when running in bare mode.
2026-10-04 00:20:55.929 Thread 'MainThread': missing ScriptRunContext! This warning can be ignored when running in bare mode.
2026-10-04 00:20:55.929 Thread 'MainThread': missing ScriptRunContext! This warning can be ignored when running in bare mode.
2026-10-04 00:20:55.929 Thread 'MainThread': missing ScriptRunContext! This warning can be ignored when running in bare mode.
2026-10-04 00:20:55.929 Thread 'MainThread': missing ScriptRunContext! This warning can be ignored when running in bare mode.
2026-10-04 00:20:55.929 Thread 'MainThread': missing ScriptRunContext! This warning can be ignored when running in bare mode.
2026-10-04 00:20:55.929 Thread 'MainThread': missing ScriptRunContext! This warning can be ignored when running in bare mode.
2026-10-04 00:20:55.929 Thread 'MainThread': missing ScriptRunContext! This warning can be ignored when running in bare mode.
ok
test_precise_rejection_reason_remains_internal_and_old_analysis_survives (test_day18_compiler.CompilerProductRegressionTests.test_precise_rejection_reason_remains_internal_and_old_analysis_survives) ... 2026-10-04 00:20:55.937 Thread 'MainThread': missing ScriptRunContext! This warning can be ignored when running in bare mode.
2026-10-04 00:20:55.937 Thread 'MainThread': missing ScriptRunContext! This warning can be ignored when running in bare mode.
2026-10-04 00:20:55.937 Thread 'MainThread': missing ScriptRunContext! This warning can be ignored when running in bare mode.
2026-10-04 00:20:55.937 Thread 'MainThread': missing ScriptRunContext! This warning can be ignored when running in bare mode.
2026-10-04 00:20:55.937 Thread 'MainThread': missing ScriptRunContext! This warning can be ignored when running in bare mode.
2026-10-04 00:20:55.937 Thread 'MainThread': missing ScriptRunContext! This warning can be ignored when running in bare mode.
2026-10-04 00:20:55.937 Thread 'MainThread': missing ScriptRunContext! This warning can be ignored when running in bare mode.
ok
test_real_captured_response_normalizes_and_reaches_runtime (test_day18_compiler.CompilerProductRegressionTests.test_real_captured_response_normalizes_and_reaches_runtime) ... 2026-10-04 00:20:57.114 Thread 'MainThread': missing ScriptRunContext! This warning can be ignored when running in bare mode.
2026-10-04 00:20:57.114 Thread 'MainThread': missing ScriptRunContext! This warning can be ignored when running in bare mode.
2026-10-04 00:20:57.114 Thread 'MainThread': missing ScriptRunContext! This warning can be ignored when running in bare mode.
2026-10-04 00:20:57.114 Thread 'MainThread': missing ScriptRunContext! This warning can be ignored when running in bare mode.
2026-10-04 00:20:57.114 Thread 'MainThread': missing ScriptRunContext! This warning can be ignored when running in bare mode.
2026-10-04 00:20:57.114 Thread 'MainThread': missing ScriptRunContext! This warning can be ignored when running in bare mode.
2026-10-04 00:20:57.114 Thread 'MainThread': missing ScriptRunContext! This warning can be ignored when running in bare mode.
2026-10-04 00:20:58.409 Please replace `use_container_width` with `width`.

`use_container_width` will be removed after 2025-12-31.

For `use_container_width=True`, use `width='stretch'`. For `use_container_width=False`, use `width='content'`.
2026-10-04 00:20:58.425 Thread 'MainThread': missing ScriptRunContext! This warning can be ignored when running in bare mode.
2026-10-04 00:20:58.430 Thread 'MainThread': missing ScriptRunContext! This warning can be ignored when running in bare mode.
2026-10-04 00:20:58.430 Thread 'MainThread': missing ScriptRunContext! This warning can be ignored when running in bare mode.
2026-10-04 00:20:58.430 Thread 'MainThread': missing ScriptRunContext! This warning can be ignored when running in bare mode.
2026-10-04 00:20:58.430 Thread 'MainThread': missing ScriptRunContext! This warning can be ignored when running in bare mode.
2026-10-04 00:20:58.430 Thread 'MainThread': missing ScriptRunContext! This warning can be ignored when running in bare mode.
2026-10-04 00:20:58.431 Thread 'MainThread': missing ScriptRunContext! This warning can be ignored when running in bare mode.
2026-10-04 00:20:58.431 Thread 'MainThread': missing ScriptRunContext! This warning can be ignored when running in bare mode.
2026-10-04 00:20:58.431 Thread 'MainThread': missing ScriptRunContext! This warning can be ignored when running in bare mode.
2026-10-04 00:20:58.431 Thread 'MainThread': missing ScriptRunContext! This warning can be ignored when running in bare mode.
2026-10-04 00:20:58.431 Thread 'MainThread': missing ScriptRunContext! This warning can be ignored when running in bare mode.
2026-10-04 00:20:58.431 Thread 'MainThread': missing ScriptRunContext! This warning can be ignored when running in bare mode.
2026-10-04 00:20:58.431 Thread 'MainThread': missing ScriptRunContext! This warning can be ignored when running in bare mode.
2026-10-04 00:20:58.431 Thread 'MainThread': missing ScriptRunContext! This warning can be ignored when running in bare mode.
2026-10-04 00:20:58.431 Thread 'MainThread': missing ScriptRunContext! This warning can be ignored when running in bare mode.
2026-10-04 00:20:58.431 Thread 'MainThread': missing ScriptRunContext! This warning can be ignored when running in bare mode.
2026-10-04 00:20:58.431 Thread 'MainThread': missing ScriptRunContext! This warning can be ignored when running in bare mode.
2026-10-04 00:20:58.431 Thread 'MainThread': missing ScriptRunContext! This warning can be ignored when running in bare mode.
2026-10-04 00:20:58.432 Thread 'MainThread': missing ScriptRunContext! This warning can be ignored when running in bare mode.
2026-10-04 00:20:58.432 Thread 'MainThread': missing ScriptRunContext! This warning can be ignored when running in bare mode.
2026-10-04 00:20:58.432 Thread 'MainThread': missing ScriptRunContext! This warning can be ignored when running in bare mode.
2026-10-04 00:20:58.432 Thread 'MainThread': missing ScriptRunContext! This warning can be ignored when running in bare mode.
2026-10-04 00:20:58.432 Thread 'MainThread': missing ScriptRunContext! This warning can be ignored when running in bare mode.
2026-10-04 00:20:58.432 Thread 'MainThread': missing ScriptRunContext! This warning can be ignored when running in bare mode.
2026-10-04 00:20:58.432 Thread 'MainThread': missing ScriptRunContext! This warning can be ignored when running in bare mode.
2026-10-04 00:20:58.432 Thread 'MainThread': missing ScriptRunContext! This warning can be ignored when running in bare mode.
2026-10-04 00:20:58.432 Thread 'MainThread': missing ScriptRunContext! This warning can be ignored when running in bare mode.
2026-10-04 00:20:58.432 Thread 'MainThread': missing ScriptRunContext! This warning can be ignored when running in bare mode.
2026-10-04 00:20:58.432 Thread 'MainThread': missing ScriptRunContext! This warning can be ignored when running in bare mode.
2026-10-04 00:20:58.432 Thread 'MainThread': missing ScriptRunContext! This warning can be ignored when running in bare mode.
2026-10-04 00:20:58.432 Thread 'MainThread': missing ScriptRunContext! This warning can be ignored when running in bare mode.
2026-10-04 00:20:58.433 Thread 'MainThread': missing ScriptRunContext! This warning can be ignored when running in bare mode.
2026-10-04 00:20:58.433 Thread 'MainThread': missing ScriptRunContext! This warning can be ignored when running in bare mode.
2026-10-04 00:20:58.433 Thread 'MainThread': missing ScriptRunContext! This warning can be ignored when running in bare mode.
2026-10-04 00:20:58.433 Thread 'MainThread': missing ScriptRunContext! This warning can be ignored when running in bare mode.
2026-10-04 00:20:58.433 Thread 'MainThread': missing ScriptRunContext! This warning can be ignored when running in bare mode.
2026-10-04 00:20:58.433 Thread 'MainThread': missing ScriptRunContext! This warning can be ignored when running in bare mode.
2026-10-04 00:20:58.433 Thread 'MainThread': missing ScriptRunContext! This warning can be ignored when running in bare mode.
2026-10-04 00:20:58.433 Thread 'MainThread': missing ScriptRunContext! This warning can be ignored when running in bare mode.
2026-10-04 00:20:58.433 Thread 'MainThread': missing ScriptRunContext! This warning can be ignored when running in bare mode.
2026-10-04 00:20:58.433 Thread 'MainThread': missing ScriptRunContext! This warning can be ignored when running in bare mode.
2026-10-04 00:20:58.433 Thread 'MainThread': missing ScriptRunContext! This warning can be ignored when running in bare mode.
2026-10-04 00:20:58.433 Thread 'MainThread': missing ScriptRunContext! This warning can be ignored when running in bare mode.
2026-10-04 00:20:58.433 Thread 'MainThread': missing ScriptRunContext! This warning can be ignored when running in bare mode.
ok
test_schema_revision_does_not_reuse_old_invalid_cache (test_day18_compiler.CompilerProductRegressionTests.test_schema_revision_does_not_reuse_old_invalid_cache) ... 2026-10-04 00:20:58.451 Thread 'MainThread': missing ScriptRunContext! This warning can be ignored when running in bare mode.
2026-10-04 00:20:58.451 Thread 'MainThread': missing ScriptRunContext! This warning can be ignored when running in bare mode.
2026-10-04 00:20:58.451 Thread 'MainThread': missing ScriptRunContext! This warning can be ignored when running in bare mode.
2026-10-04 00:20:58.451 Thread 'MainThread': missing ScriptRunContext! This warning can be ignored when running in bare mode.
2026-10-04 00:20:58.451 Thread 'MainThread': missing ScriptRunContext! This warning can be ignored when running in bare mode.
2026-10-04 00:20:58.451 Thread 'MainThread': missing ScriptRunContext! This warning can be ignored when running in bare mode.
2026-10-04 00:20:58.451 Thread 'MainThread': missing ScriptRunContext! This warning can be ignored when running in bare mode.
2026-10-04 00:20:58.452 Thread 'MainThread': missing ScriptRunContext! This warning can be ignored when running in bare mode.
2026-10-04 00:20:58.452 Thread 'MainThread': missing ScriptRunContext! This warning can be ignored when running in bare mode.
2026-10-04 00:20:59.506 Please replace `use_container_width` with `width`.

`use_container_width` will be removed after 2025-12-31.

For `use_container_width=True`, use `width='stretch'`. For `use_container_width=False`, use `width='content'`.
ok
test_absurd_viewport_and_coordinates_remain_rejected (test_day18_consolidation.PolicyTests.test_absurd_viewport_and_coordinates_remain_rejected) ... ok
test_all_views_and_baseline_share_their_correct_domains (test_day18_consolidation.PolicyTests.test_all_views_and_baseline_share_their_correct_domains) ... 2026-10-04 00:20:59.660 Thread 'MainThread': missing ScriptRunContext! This warning can be ignored when running in bare mode.
2026-10-04 00:20:59.661 Thread 'MainThread': missing ScriptRunContext! This warning can be ignored when running in bare mode.
2026-10-04 00:20:59.662 Thread 'MainThread': missing ScriptRunContext! This warning can be ignored when running in bare mode.
2026-10-04 00:20:59.662 Thread 'MainThread': missing ScriptRunContext! This warning can be ignored when running in bare mode.
2026-10-04 00:20:59.662 Thread 'MainThread': missing ScriptRunContext! This warning can be ignored when running in bare mode.
2026-10-04 00:20:59.662 Thread 'MainThread': missing ScriptRunContext! This warning can be ignored when running in bare mode.
2026-10-04 00:20:59.662 Thread 'MainThread': missing ScriptRunContext! This warning can be ignored when running in bare mode.
2026-10-04 00:20:59.662 Thread 'MainThread': missing ScriptRunContext! This warning can be ignored when running in bare mode.
2026-10-04 00:20:59.662 Thread 'MainThread': missing ScriptRunContext! This warning can be ignored when running in bare mode.
2026-10-04 00:20:59.662 Thread 'MainThread': missing ScriptRunContext! This warning can be ignored when running in bare mode.
2026-10-04 00:20:59.662 Thread 'MainThread': missing ScriptRunContext! This warning can be ignored when running in bare mode.
2026-10-04 00:20:59.662 Thread 'MainThread': missing ScriptRunContext! This warning can be ignored when running in bare mode.
2026-10-04 00:20:59.662 Thread 'MainThread': missing ScriptRunContext! This warning can be ignored when running in bare mode.
2026-10-04 00:20:59.662 Thread 'MainThread': missing ScriptRunContext! This warning can be ignored when running in bare mode.
2026-10-04 00:20:59.662 Thread 'MainThread': missing ScriptRunContext! This warning can be ignored when running in bare mode.
2026-10-04 00:20:59.662 Thread 'MainThread': missing ScriptRunContext! This warning can be ignored when running in bare mode.
2026-10-04 00:20:59.662 Thread 'MainThread': missing ScriptRunContext! This warning can be ignored when running in bare mode.
2026-10-04 00:20:59.663 Thread 'MainThread': missing ScriptRunContext! This warning can be ignored when running in bare mode.
2026-10-04 00:20:59.663 Thread 'MainThread': missing ScriptRunContext! This warning can be ignored when running in bare mode.
2026-10-04 00:20:59.663 Thread 'MainThread': missing ScriptRunContext! This warning can be ignored when running in bare mode.
2026-10-04 00:20:59.663 Thread 'MainThread': missing ScriptRunContext! This warning can be ignored when running in bare mode.
2026-10-04 00:20:59.663 Thread 'MainThread': missing ScriptRunContext! This warning can be ignored when running in bare mode.
2026-10-04 00:20:59.663 Thread 'MainThread': missing ScriptRunContext! This warning can be ignored when running in bare mode.
2026-10-04 00:20:59.663 Thread 'MainThread': missing ScriptRunContext! This warning can be ignored when running in bare mode.
2026-10-04 00:20:59.663 Thread 'MainThread': missing ScriptRunContext! This warning can be ignored when running in bare mode.
2026-10-04 00:20:59.663 Thread 'MainThread': missing ScriptRunContext! This warning can be ignored when running in bare mode.
2026-10-04 00:20:59.663 Thread 'MainThread': missing ScriptRunContext! This warning can be ignored when running in bare mode.
2026-10-04 00:20:59.663 Thread 'MainThread': missing ScriptRunContext! This warning can be ignored when running in bare mode.
2026-10-04 00:20:59.663 Thread 'MainThread': missing ScriptRunContext! This warning can be ignored when running in bare mode.
2026-10-04 00:20:59.663 Thread 'MainThread': missing ScriptRunContext! This warning can be ignored when running in bare mode.
2026-10-04 00:20:59.663 Thread 'MainThread': missing ScriptRunContext! This warning can be ignored when running in bare mode.
2026-10-04 00:20:59.663 Thread 'MainThread': missing ScriptRunContext! This warning can be ignored when running in bare mode.
2026-10-04 00:20:59.663 Thread 'MainThread': missing ScriptRunContext! This warning can be ignored when running in bare mode.
2026-10-04 00:20:59.663 Thread 'MainThread': missing ScriptRunContext! This warning can be ignored when running in bare mode.
2026-10-04 00:20:59.663 Thread 'MainThread': missing ScriptRunContext! This warning can be ignored when running in bare mode.
2026-10-04 00:20:59.664 Thread 'MainThread': missing ScriptRunContext! This warning can be ignored when running in bare mode.
2026-10-04 00:20:59.664 Thread 'MainThread': missing ScriptRunContext! This warning can be ignored when running in bare mode.
2026-10-04 00:20:59.664 Thread 'MainThread': missing ScriptRunContext! This warning can be ignored when running in bare mode.
2026-10-04 00:20:59.664 Thread 'MainThread': missing ScriptRunContext! This warning can be ignored when running in bare mode.
2026-10-04 00:20:59.664 Thread 'MainThread': missing ScriptRunContext! This warning can be ignored when running in bare mode.
2026-10-04 00:20:59.664 Thread 'MainThread': missing ScriptRunContext! This warning can be ignored when running in bare mode.
2026-10-04 00:20:59.664 Thread 'MainThread': missing ScriptRunContext! This warning can be ignored when running in bare mode.
2026-10-04 00:20:59.664 Thread 'MainThread': missing ScriptRunContext! This warning can be ignored when running in bare mode.
2026-10-04 00:20:59.664 Thread 'MainThread': missing ScriptRunContext! This warning can be ignored when running in bare mode.
ok
test_angle_degree_radian_display_conversion (test_day18_consolidation.PolicyTests.test_angle_degree_radian_display_conversion) ... ok
test_circular_undersized_hint_normalizes_to_radius_max (test_day18_consolidation.PolicyTests.test_circular_undersized_hint_normalizes_to_radius_max) ... ok
test_invalid_ranges_never_repaired_by_fallback (test_day18_consolidation.PolicyTests.test_invalid_ranges_never_repaired_by_fallback) ... ok
test_missing_policy_defaults_do_not_supply_missing_base_fields (test_day18_consolidation.PolicyTests.test_missing_policy_defaults_do_not_supply_missing_base_fields) ... ok
test_numeric_cache_includes_scene_identity (test_day18_consolidation.PolicyTests.test_numeric_cache_includes_scene_identity) ... ok
test_periodic_duration_updates_locally (test_day18_consolidation.PolicyTests.test_periodic_duration_updates_locally) ... ok
test_primary_svg_css_does_not_cover_plotly_camera_overlay (test_day18_consolidation.PolicyTests.test_primary_svg_css_does_not_cover_plotly_camera_overlay) ... ok
test_probability_still_uses_original_domain_contract (test_day18_consolidation.PolicyTests.test_probability_still_uses_original_domain_contract) ... ok
test_projectile_complete_flight_ends_at_ground_no_postimpact (test_day18_consolidation.PolicyTests.test_projectile_complete_flight_ends_at_ground_no_postimpact) ... ok
test_replay_invalid_patch_never_executes (test_day18_consolidation.PolicyTests.test_replay_invalid_patch_never_executes) ... ok
test_replay_preserves_order_filters_only_presentation_noops_and_is_local (test_day18_consolidation.PolicyTests.test_replay_preserves_order_filters_only_presentation_noops_and_is_local) ... 2026-10-04 00:21:00.509 Thread 'MainThread': missing ScriptRunContext! This warning can be ignored when running in bare mode.
2026-10-04 00:21:00.510 Thread 'MainThread': missing ScriptRunContext! This warning can be ignored when running in bare mode.
2026-10-04 00:21:00.510 Thread 'MainThread': missing ScriptRunContext! This warning can be ignored when running in bare mode.
2026-10-04 00:21:00.510 Thread 'MainThread': missing ScriptRunContext! This warning can be ignored when running in bare mode.
2026-10-04 00:21:00.510 Thread 'MainThread': missing ScriptRunContext! This warning can be ignored when running in bare mode.
2026-10-04 00:21:00.510 Thread 'MainThread': missing ScriptRunContext! This warning can be ignored when running in bare mode.
2026-10-04 00:21:00.510 Thread 'MainThread': missing ScriptRunContext! This warning can be ignored when running in bare mode.
2026-10-04 00:21:00.510 Thread 'MainThread': missing ScriptRunContext! This warning can be ignored when running in bare mode.
2026-10-04 00:21:00.510 Thread 'MainThread': missing ScriptRunContext! This warning can be ignored when running in bare mode.
2026-10-04 00:21:00.510 Thread 'MainThread': missing ScriptRunContext! This warning can be ignored when running in bare mode.
2026-10-04 00:21:00.510 Thread 'MainThread': missing ScriptRunContext! This warning can be ignored when running in bare mode.
2026-10-04 00:21:00.510 Thread 'MainThread': missing ScriptRunContext! This warning can be ignored when running in bare mode.
2026-10-04 00:21:00.510 Thread 'MainThread': missing ScriptRunContext! This warning can be ignored when running in bare mode.
2026-10-04 00:21:00.510 Thread 'MainThread': missing ScriptRunContext! This warning can be ignored when running in bare mode.
2026-10-04 00:21:00.510 Thread 'MainThread': missing ScriptRunContext! This warning can be ignored when running in bare mode.
2026-10-04 00:21:00.511 Thread 'MainThread': missing ScriptRunContext! This warning can be ignored when running in bare mode.
2026-10-04 00:21:00.511 Thread 'MainThread': missing ScriptRunContext! This warning can be ignored when running in bare mode.
2026-10-04 00:21:00.511 Thread 'MainThread': missing ScriptRunContext! This warning can be ignored when running in bare mode.
2026-10-04 00:21:00.511 Thread 'MainThread': missing ScriptRunContext! This warning can be ignored when running in bare mode.
2026-10-04 00:21:00.511 Thread 'MainThread': missing ScriptRunContext! This warning can be ignored when running in bare mode.
2026-10-04 00:21:00.511 Thread 'MainThread': missing ScriptRunContext! This warning can be ignored when running in bare mode.
2026-10-04 00:21:00.511 Thread 'MainThread': missing ScriptRunContext! This warning can be ignored when running in bare mode.
2026-10-04 00:21:00.511 Thread 'MainThread': missing ScriptRunContext! This warning can be ignored when running in bare mode.
2026-10-04 00:21:00.511 Thread 'MainThread': missing ScriptRunContext! This warning can be ignored when running in bare mode.
2026-10-04 00:21:00.511 Thread 'MainThread': missing ScriptRunContext! This warning can be ignored when running in bare mode.
2026-10-04 00:21:00.511 Thread 'MainThread': missing ScriptRunContext! This warning can be ignored when running in bare mode.
2026-10-04 00:21:00.511 Thread 'MainThread': missing ScriptRunContext! This warning can be ignored when running in bare mode.
2026-10-04 00:21:00.511 Thread 'MainThread': missing ScriptRunContext! This warning can be ignored when running in bare mode.
2026-10-04 00:21:00.511 Thread 'MainThread': missing ScriptRunContext! This warning can be ignored when running in bare mode.
2026-10-04 00:21:00.511 Thread 'MainThread': missing ScriptRunContext! This warning can be ignored when running in bare mode.
2026-10-04 00:21:00.511 Thread 'MainThread': missing ScriptRunContext! This warning can be ignored when running in bare mode.
2026-10-04 00:21:00.511 Thread 'MainThread': missing ScriptRunContext! This warning can be ignored when running in bare mode.
2026-10-04 00:21:00.511 Thread 'MainThread': missing ScriptRunContext! This warning can be ignored when running in bare mode.
2026-10-04 00:21:00.511 Thread 'MainThread': missing ScriptRunContext! This warning can be ignored when running in bare mode.
2026-10-04 00:21:00.511 Thread 'MainThread': missing ScriptRunContext! This warning can be ignored when running in bare mode.
2026-10-04 00:21:00.511 Thread 'MainThread': missing ScriptRunContext! This warning can be ignored when running in bare mode.
2026-10-04 00:21:00.512 Thread 'MainThread': missing ScriptRunContext! This warning can be ignored when running in bare mode.
2026-10-04 00:21:00.512 Thread 'MainThread': missing ScriptRunContext! This warning can be ignored when running in bare mode.
2026-10-04 00:21:00.512 Thread 'MainThread': missing ScriptRunContext! This warning can be ignored when running in bare mode.
2026-10-04 00:21:00.512 Thread 'MainThread': missing ScriptRunContext! This warning can be ignored when running in bare mode.
2026-10-04 00:21:00.512 Thread 'MainThread': missing ScriptRunContext! This warning can be ignored when running in bare mode.
2026-10-04 00:21:00.512 Thread 'MainThread': missing ScriptRunContext! This warning can be ignored when running in bare mode.
2026-10-04 00:21:00.512 Thread 'MainThread': missing ScriptRunContext! This warning can be ignored when running in bare mode.
2026-10-04 00:21:00.512 Thread 'MainThread': missing ScriptRunContext! This warning can be ignored when running in bare mode.
2026-10-04 00:21:00.520 Thread 'MainThread': missing ScriptRunContext! This warning can be ignored when running in bare mode.
2026-10-04 00:21:00.529 Thread 'MainThread': missing ScriptRunContext! This warning can be ignored when running in bare mode.
2026-10-04 00:21:00.535 Thread 'MainThread': missing ScriptRunContext! This warning can be ignored when running in bare mode.
2026-10-04 00:21:00.535 Thread 'MainThread': missing ScriptRunContext! This warning can be ignored when running in bare mode.
ok
test_semantic_fallback_expands_usefully_not_renderer_special_case (test_day18_consolidation.PolicyTests.test_semantic_fallback_expands_usefully_not_renderer_special_case) ... ok
test_shorter_event_clamps_time_atomically (test_day18_consolidation.PolicyTests.test_shorter_event_clamps_time_atomically) ... ok
test_source_and_pedagogical_ranges_are_preserved (test_day18_consolidation.PolicyTests.test_source_and_pedagogical_ranges_are_preserved) ... ok
test_speed_angle_gravity_each_change_shared_endpoint_and_viewport (test_day18_consolidation.PolicyTests.test_speed_angle_gravity_each_change_shared_endpoint_and_viewport) ... ok
test_three_phase_max_vectors_fit (test_day18_consolidation.PolicyTests.test_three_phase_max_vectors_fit) ... ok
test_unsafe_unknown_nonfinite_and_absurd_duration_rejected (test_day18_consolidation.PolicyTests.test_unsafe_unknown_nonfinite_and_absurd_duration_rejected) ... ok
test_waveform_patch_propagates_canonical_time_without_compiler (test_day18_consolidation.PolicyTests.test_waveform_patch_propagates_canonical_time_without_compiler) ... ok
test_incompatible_current_key_cache_does_not_permanently_hide_cta (test_day18_consolidation.ProductPolicyTests.test_incompatible_current_key_cache_does_not_permanently_hide_cta) ... ok
test_new_valid_scene_replaces_rejection_without_reusing_stale_numeric_cache (test_day18_consolidation.ProductPolicyTests.test_new_valid_scene_replaces_rejection_without_reusing_stale_numeric_cache) ... ok
test_normal_result_degrees_derived_duration_and_one_request (test_day18_consolidation.ProductPolicyTests.test_normal_result_degrees_derived_duration_and_one_request) ... 2026-10-04 00:21:01.844 Thread 'MainThread': missing ScriptRunContext! This warning can be ignored when running in bare mode.
2026-10-04 00:21:01.844 Thread 'MainThread': missing ScriptRunContext! This warning can be ignored when running in bare mode.
2026-10-04 00:21:01.844 Thread 'MainThread': missing ScriptRunContext! This warning can be ignored when running in bare mode.
2026-10-04 00:21:01.844 Thread 'MainThread': missing ScriptRunContext! This warning can be ignored when running in bare mode.
2026-10-04 00:21:01.844 Thread 'MainThread': missing ScriptRunContext! This warning can be ignored when running in bare mode.
2026-10-04 00:21:01.844 Thread 'MainThread': missing ScriptRunContext! This warning can be ignored when running in bare mode.
2026-10-04 00:21:01.844 Thread 'MainThread': missing ScriptRunContext! This warning can be ignored when running in bare mode.
2026-10-04 00:21:02.827 Please replace `use_container_width` with `width`.

`use_container_width` will be removed after 2025-12-31.

For `use_container_width=True`, use `width='stretch'`. For `use_container_width=False`, use `width='content'`.
2026-10-04 00:21:03.062 Please replace `use_container_width` with `width`.

`use_container_width` will be removed after 2025-12-31.

For `use_container_width=True`, use `width='stretch'`. For `use_container_width=False`, use `width='content'`.
2026-10-04 00:21:03.280 Please replace `use_container_width` with `width`.

`use_container_width` will be removed after 2025-12-31.

For `use_container_width=True`, use `width='stretch'`. For `use_container_width=False`, use `width='content'`.
ok
test_atlas_without_world_still_inspects_linked_region (test_day19.AtlasTests.test_atlas_without_world_still_inspects_linked_region) ... 2026-10-04 00:21:03.522 Thread 'MainThread': missing ScriptRunContext! This warning can be ignored when running in bare mode.
ok
test_cache_identity_excludes_local_state (test_day19.AtlasTests.test_cache_identity_excludes_local_state) ... ok
test_cross_domain_projectile_same_bridge (test_day19.AtlasTests.test_cross_domain_projectile_same_bridge) ... ok
test_day17_focus_bridge (test_day19.AtlasTests.test_day17_focus_bridge) ... ok
test_day17_more_than_two_events_have_source_focus_control (test_day19.AtlasTests.test_day17_more_than_two_events_have_source_focus_control) ... ok
test_duplicate_identity_rejects_atlas (test_day19.AtlasTests.test_duplicate_identity_rejects_atlas) ... ok
test_fixed_frontend_zoom_layers_masks_keyboard_local (test_day19.AtlasTests.test_fixed_frontend_zoom_layers_masks_keyboard_local) ... 2026-10-04 00:21:03.722 Thread 'MainThread': missing ScriptRunContext! This warning can be ignored when running in bare mode.
2026-10-04 00:21:03.723 Thread 'MainThread': missing ScriptRunContext! This warning can be ignored when running in bare mode.
2026-10-04 00:21:03.723 Thread 'MainThread': missing ScriptRunContext! This warning can be ignored when running in bare mode.
2026-10-04 00:21:03.723 Thread 'MainThread': missing ScriptRunContext! This warning can be ignored when running in bare mode.
2026-10-04 00:21:03.723 Thread 'MainThread': missing ScriptRunContext! This warning can be ignored when running in bare mode.
2026-10-04 00:21:03.723 Thread 'MainThread': missing ScriptRunContext! This warning can be ignored when running in bare mode.
2026-10-04 00:21:03.723 Thread 'MainThread': missing ScriptRunContext! This warning can be ignored when running in bare mode.
2026-10-04 00:21:03.723 Thread 'MainThread': missing ScriptRunContext! This warning can be ignored when running in bare mode.
2026-10-04 00:21:03.723 Thread 'MainThread': missing ScriptRunContext! This warning can be ignored when running in bare mode.
2026-10-04 00:21:03.723 Thread 'MainThread': missing ScriptRunContext! This warning can be ignored when running in bare mode.
2026-10-04 00:21:03.723 Thread 'MainThread': missing ScriptRunContext! This warning can be ignored when running in bare mode.
2026-10-04 00:21:03.723 Thread 'MainThread': missing ScriptRunContext! This warning can be ignored when running in bare mode.
2026-10-04 00:21:03.723 Thread 'MainThread': missing ScriptRunContext! This warning can be ignored when running in bare mode.
2026-10-04 00:21:03.723 Thread 'MainThread': missing ScriptRunContext! This warning can be ignored when running in bare mode.
ok
test_formula_trace_uses_equation_dag_and_views (test_day19.AtlasTests.test_formula_trace_uses_equation_dag_and_views) ... ok
test_impossible_page_drops_region (test_day19.AtlasTests.test_impossible_page_drops_region) ... ok
test_invalid_boxes_rejected (test_day19.AtlasTests.test_invalid_boxes_rejected) ... ok
test_local_region_events_duplicate_stale_wrong_identity (test_day19.AtlasTests.test_local_region_events_duplicate_stale_wrong_identity) ... ok
test_low_confidence_never_draws_box (test_day19.AtlasTests.test_low_confidence_never_draws_box) ... 2026-10-04 00:21:03.915 Thread 'MainThread': missing ScriptRunContext! This warning can be ignored when running in bare mode.
2026-10-04 00:21:03.915 Thread 'MainThread': missing ScriptRunContext! This warning can be ignored when running in bare mode.
2026-10-04 00:21:03.915 Thread 'MainThread': missing ScriptRunContext! This warning can be ignored when running in bare mode.
2026-10-04 00:21:03.915 Thread 'MainThread': missing ScriptRunContext! This warning can be ignored when running in bare mode.
2026-10-04 00:21:03.915 Thread 'MainThread': missing ScriptRunContext! This warning can be ignored when running in bare mode.
2026-10-04 00:21:03.915 Thread 'MainThread': missing ScriptRunContext! This warning can be ignored when running in bare mode.
2026-10-04 00:21:03.915 Thread 'MainThread': missing ScriptRunContext! This warning can be ignored when running in bare mode.
2026-10-04 00:21:03.915 Thread 'MainThread': missing ScriptRunContext! This warning can be ignored when running in bare mode.
2026-10-04 00:21:03.916 Thread 'MainThread': missing ScriptRunContext! This warning can be ignored when running in bare mode.
2026-10-04 00:21:03.916 Thread 'MainThread': missing ScriptRunContext! This warning can be ignored when running in bare mode.
2026-10-04 00:21:03.916 Thread 'MainThread': missing ScriptRunContext! This warning can be ignored when running in bare mode.
2026-10-04 00:21:03.916 Thread 'MainThread': missing ScriptRunContext! This warning can be ignored when running in bare mode.
2026-10-04 00:21:03.916 Thread 'MainThread': missing ScriptRunContext! This warning can be ignored when running in bare mode.
2026-10-04 00:21:03.916 Thread 'MainThread': missing ScriptRunContext! This warning can be ignored when running in bare mode.
ok
test_mult_page_trace_and_evidence_graph (test_day19.AtlasTests.test_mult_page_trace_and_evidence_graph) ... ok
test_parent_cycle_and_related_reference_integrity (test_day19.AtlasTests.test_parent_cycle_and_related_reference_integrity) ... ok
test_ranking_uses_visual_evidence_focus_and_allowed_pages (test_day19.AtlasTests.test_ranking_uses_visual_evidence_focus_and_allowed_pages) ... ok
test_region_bounds (test_day19.AtlasTests.test_region_bounds) ... ok
test_rejected_cache_not_reused_as_valid (test_day19.AtlasTests.test_rejected_cache_not_reused_as_valid) ... ok
test_related_count_and_unknown_fields (test_day19.AtlasTests.test_related_count_and_unknown_fields) ... ok
test_request_sends_only_selected_original_images (test_day19.AtlasTests.test_request_sends_only_selected_original_images) ... ok
test_source_to_canonical_world_preserves_other_state (test_day19.AtlasTests.test_source_to_canonical_world_preserves_other_state) ... ok
test_strict_schema_canonical_fixture (test_day19.AtlasTests.test_strict_schema_canonical_fixture) ... ok
test_unequal_rotated_cropped_pdf_coordinates (test_day19.AtlasTests.test_unequal_rotated_cropped_pdf_coordinates) ... ok
test_unknown_semantic_id_dropped (test_day19.AtlasTests.test_unknown_semantic_id_dropped) ... ok
test_unknown_type_and_code_dropped (test_day19.AtlasTests.test_unknown_type_and_code_dropped) ... ok
test_visual_transcription_is_not_claimed_verified (test_day19.AtlasTests.test_visual_transcription_is_not_claimed_verified) ... ok
test_world_to_source_changes_page (test_day19.AtlasTests.test_world_to_source_changes_page) ... ok
test_wrong_processed_pages_rejects_atlas (test_day19.AtlasTests.test_wrong_processed_pages_rejects_atlas) ... ok
test_bad_atlas_isolated_from_existing_world_and_analysis (test_day19.NormalPDFTests.test_bad_atlas_isolated_from_existing_world_and_analysis) ... 2026-10-04 00:21:04.130 Thread 'MainThread': missing ScriptRunContext! This warning can be ignored when running in bare mode.
2026-10-04 00:21:04.154 Thread 'MainThread': missing ScriptRunContext! This warning can be ignored when running in bare mode.
2026-10-04 00:21:04.154 Thread 'MainThread': missing ScriptRunContext! This warning can be ignored when running in bare mode.
2026-10-04 00:21:04.154 Thread 'MainThread': missing ScriptRunContext! This warning can be ignored when running in bare mode.
2026-10-04 00:21:04.156 Thread 'MainThread': missing ScriptRunContext! This warning can be ignored when running in bare mode.
2026-10-04 00:21:04.156 Thread 'MainThread': missing ScriptRunContext! This warning can be ignored when running in bare mode.
2026-10-04 00:21:04.156 Thread 'MainThread': missing ScriptRunContext! This warning can be ignored when running in bare mode.
2026-10-04 00:21:04.367 Thread 'MainThread': missing ScriptRunContext! This warning can be ignored when running in bare mode.
Source Atlas rejected reason=atlas_version: unsupported
ok
test_normal_pdf_build_and_two_way_focus_no_local_api (test_day19.NormalPDFTests.test_normal_pdf_build_and_two_way_focus_no_local_api) ... 2026-10-04 00:21:05.810 Thread 'MainThread': missing ScriptRunContext! This warning can be ignored when running in bare mode.
2026-10-04 00:21:05.853 Thread 'MainThread': missing ScriptRunContext! This warning can be ignored when running in bare mode.
2026-10-04 00:21:05.853 Thread 'MainThread': missing ScriptRunContext! This warning can be ignored when running in bare mode.
2026-10-04 00:21:05.853 Thread 'MainThread': missing ScriptRunContext! This warning can be ignored when running in bare mode.
2026-10-04 00:21:05.855 Thread 'MainThread': missing ScriptRunContext! This warning can be ignored when running in bare mode.
2026-10-04 00:21:05.855 Thread 'MainThread': missing ScriptRunContext! This warning can be ignored when running in bare mode.
2026-10-04 00:21:05.855 Thread 'MainThread': missing ScriptRunContext! This warning can be ignored when running in bare mode.
2026-10-04 00:21:06.076 Thread 'MainThread': missing ScriptRunContext! This warning can be ignored when running in bare mode.
2026-10-04 00:21:07.466 Please replace `use_container_width` with `width`.

`use_container_width` will be removed after 2025-12-31.

For `use_container_width=True`, use `width='stretch'`. For `use_container_width=False`, use `width='content'`.
2026-10-04 00:21:07.738 Please replace `use_container_width` with `width`.

`use_container_width` will be removed after 2025-12-31.

For `use_container_width=True`, use `width='stretch'`. For `use_container_width=False`, use `width='content'`.
ok
test_pasted_text_has_no_atlas_cta (test_day19.NormalPDFTests.test_pasted_text_has_no_atlas_cta) ... 2026-10-04 00:21:08.370 Thread 'MainThread': missing ScriptRunContext! This warning can be ignored when running in bare mode.
2026-10-04 00:21:08.392 Thread 'MainThread': missing ScriptRunContext! This warning can be ignored when running in bare mode.
2026-10-04 00:21:08.393 Thread 'MainThread': missing ScriptRunContext! This warning can be ignored when running in bare mode.
2026-10-04 00:21:08.393 Thread 'MainThread': missing ScriptRunContext! This warning can be ignored when running in bare mode.
2026-10-04 00:21:08.394 Thread 'MainThread': missing ScriptRunContext! This warning can be ignored when running in bare mode.
2026-10-04 00:21:08.394 Thread 'MainThread': missing ScriptRunContext! This warning can be ignored when running in bare mode.
2026-10-04 00:21:08.395 Thread 'MainThread': missing ScriptRunContext! This warning can be ignored when running in bare mode.
2026-10-04 00:21:08.594 Thread 'MainThread': missing ScriptRunContext! This warning can be ignored when running in bare mode.
2026-10-04 00:21:08.594 Thread 'MainThread': missing ScriptRunContext! This warning can be ignored when running in bare mode.
ok
test_real_pdf_path_builds_atlas_before_world_then_enables_links (test_day19_optional_scene.NormalPDFOptionalSceneTests.test_real_pdf_path_builds_atlas_before_world_then_enables_links) ... 2026-10-04 00:21:09.209 Thread 'MainThread': missing ScriptRunContext! This warning can be ignored when running in bare mode.
2026-10-04 00:21:09.232 Thread 'MainThread': missing ScriptRunContext! This warning can be ignored when running in bare mode.
2026-10-04 00:21:09.232 Thread 'MainThread': missing ScriptRunContext! This warning can be ignored when running in bare mode.
2026-10-04 00:21:09.232 Thread 'MainThread': missing ScriptRunContext! This warning can be ignored when running in bare mode.
2026-10-04 00:21:09.234 Thread 'MainThread': missing ScriptRunContext! This warning can be ignored when running in bare mode.
2026-10-04 00:21:09.234 Thread 'MainThread': missing ScriptRunContext! This warning can be ignored when running in bare mode.
2026-10-04 00:21:09.234 Thread 'MainThread': missing ScriptRunContext! This warning can be ignored when running in bare mode.
2026-10-04 00:21:09.443 Thread 'MainThread': missing ScriptRunContext! This warning can be ignored when running in bare mode.
2026-10-04 00:21:09.443 Thread 'MainThread': missing ScriptRunContext! This warning can be ignored when running in bare mode.
2026-10-04 00:21:11.271 Thread 'MainThread': missing ScriptRunContext! This warning can be ignored when running in bare mode.
2026-10-04 00:21:12.115 Please replace `use_container_width` with `width`.

`use_container_width` will be removed after 2025-12-31.

For `use_container_width=True`, use `width='stretch'`. For `use_container_width=False`, use `width='content'`.
2026-10-04 00:21:12.361 Please replace `use_container_width` with `width`.

`use_container_width` will be removed after 2025-12-31.

For `use_container_width=True`, use `width='stretch'`. For `use_container_width=False`, use `width='content'`.
ok
test_null_or_absent_page_texts_do_not_break_grounding_request (test_day19_optional_scene.OptionalExtractedTextTests.test_null_or_absent_page_texts_do_not_break_grounding_request) ... ok
test_null_page_text_does_not_claim_excerpt_verified (test_day19_optional_scene.OptionalExtractedTextTests.test_null_page_text_does_not_claim_excerpt_verified) ... ok
test_bundle_wrapper_key_absent_renders_source_without_linking (test_day19_optional_scene.OptionalSceneRenderTests.test_bundle_wrapper_key_absent_renders_source_without_linking) ... 2026-10-04 00:21:13.000 Thread 'MainThread': missing ScriptRunContext! This warning can be ignored when running in bare mode.
2026-10-04 00:21:13.000 Thread 'MainThread': missing ScriptRunContext! This warning can be ignored when running in bare mode.
2026-10-04 00:21:13.528 Thread 'MainThread': missing ScriptRunContext! This warning can be ignored when running in bare mode.
2026-10-04 00:21:13.529 Thread 'MainThread': missing ScriptRunContext! This warning can be ignored when running in bare mode.
ok
test_no_wrapper_renders_source_without_linking (test_day19_optional_scene.OptionalSceneRenderTests.test_no_wrapper_renders_source_without_linking) ... 2026-10-04 00:21:13.605 Thread 'MainThread': missing ScriptRunContext! This warning can be ignored when running in bare mode.
2026-10-04 00:21:13.605 Thread 'MainThread': missing ScriptRunContext! This warning can be ignored when running in bare mode.
2026-10-04 00:21:14.102 Thread 'MainThread': missing ScriptRunContext! This warning can be ignored when running in bare mode.
2026-10-04 00:21:14.103 Thread 'MainThread': missing ScriptRunContext! This warning can be ignored when running in bare mode.
ok
test_probability_scene_renders_and_keeps_bidirectional_focus (test_day19_optional_scene.OptionalSceneRenderTests.test_probability_scene_renders_and_keeps_bidirectional_focus) ... 2026-10-04 00:21:14.179 Thread 'MainThread': missing ScriptRunContext! This warning can be ignored when running in bare mode.
2026-10-04 00:21:14.179 Thread 'MainThread': missing ScriptRunContext! This warning can be ignored when running in bare mode.
ok
test_scene_key_absent_renders_source_without_linking (test_day19_optional_scene.OptionalSceneRenderTests.test_scene_key_absent_renders_source_without_linking) ... 2026-10-04 00:21:14.734 Thread 'MainThread': missing ScriptRunContext! This warning can be ignored when running in bare mode.
2026-10-04 00:21:14.734 Thread 'MainThread': missing ScriptRunContext! This warning can be ignored when running in bare mode.
2026-10-04 00:21:15.246 Thread 'MainThread': missing ScriptRunContext! This warning can be ignored when running in bare mode.
2026-10-04 00:21:15.246 Thread 'MainThread': missing ScriptRunContext! This warning can be ignored when running in bare mode.
ok
test_spatial_scene_renders_and_keeps_bidirectional_focus (test_day19_optional_scene.OptionalSceneRenderTests.test_spatial_scene_renders_and_keeps_bidirectional_focus) ... 2026-10-04 00:21:15.520 Thread 'MainThread': missing ScriptRunContext! This warning can be ignored when running in bare mode.
2026-10-04 00:21:15.520 Thread 'MainThread': missing ScriptRunContext! This warning can be ignored when running in bare mode.
ok
test_wrapper_scene_none_renders_source_and_formula_without_linking (test_day19_optional_scene.OptionalSceneRenderTests.test_wrapper_scene_none_renders_source_and_formula_without_linking) ... 2026-10-04 00:21:16.078 Thread 'MainThread': missing ScriptRunContext! This warning can be ignored when running in bare mode.
2026-10-04 00:21:16.078 Thread 'MainThread': missing ScriptRunContext! This warning can be ignored when running in bare mode.
2026-10-04 00:21:16.570 Thread 'MainThread': missing ScriptRunContext! This warning can be ignored when running in bare mode.
2026-10-04 00:21:16.570 Thread 'MainThread': missing ScriptRunContext! This warning can be ignored when running in bare mode.
ok
test_local_preview_without_scene_or_api (test_day20.DocumentProductTests.test_local_preview_without_scene_or_api) ... 2026-10-04 00:21:16.620 Thread 'MainThread': missing ScriptRunContext! This warning can be ignored when running in bare mode.
2026-10-04 00:21:16.646 Thread 'MainThread': missing ScriptRunContext! This warning can be ignored when running in bare mode.
2026-10-04 00:21:16.647 Thread 'MainThread': missing ScriptRunContext! This warning can be ignored when running in bare mode.
2026-10-04 00:21:16.647 Thread 'MainThread': missing ScriptRunContext! This warning can be ignored when running in bare mode.
2026-10-04 00:21:16.649 Thread 'MainThread': missing ScriptRunContext! This warning can be ignored when running in bare mode.
2026-10-04 00:21:16.649 Thread 'MainThread': missing ScriptRunContext! This warning can be ignored when running in bare mode.
2026-10-04 00:21:16.649 Thread 'MainThread': missing ScriptRunContext! This warning can be ignored when running in bare mode.
2026-10-04 00:21:16.861 Thread 'MainThread': missing ScriptRunContext! This warning can be ignored when running in bare mode.
2026-10-04 00:21:16.861 Thread 'MainThread': missing ScriptRunContext! This warning can be ignored when running in bare mode.
ok
test_missing_optional_dependency_disables_only_local_button (test_day20.DocumentProductTests.test_missing_optional_dependency_disables_only_local_button) ... 2026-10-04 00:21:17.781 Thread 'MainThread': missing ScriptRunContext! This warning can be ignored when running in bare mode.
2026-10-04 00:21:17.807 Thread 'MainThread': missing ScriptRunContext! This warning can be ignored when running in bare mode.
2026-10-04 00:21:17.808 Thread 'MainThread': missing ScriptRunContext! This warning can be ignored when running in bare mode.
2026-10-04 00:21:17.808 Thread 'MainThread': missing ScriptRunContext! This warning can be ignored when running in bare mode.
2026-10-04 00:21:17.810 Thread 'MainThread': missing ScriptRunContext! This warning can be ignored when running in bare mode.
2026-10-04 00:21:17.810 Thread 'MainThread': missing ScriptRunContext! This warning can be ignored when running in bare mode.
2026-10-04 00:21:17.810 Thread 'MainThread': missing ScriptRunContext! This warning can be ignored when running in bare mode.
2026-10-04 00:21:18.048 Thread 'MainThread': missing ScriptRunContext! This warning can be ignored when running in bare mode.
ok
test_normal_pdf_local_preview_then_semantic_build_no_extra_calls (test_day20.DocumentProductTests.test_normal_pdf_local_preview_then_semantic_build_no_extra_calls) ... 2026-10-04 00:21:18.718 Thread 'MainThread': missing ScriptRunContext! This warning can be ignored when running in bare mode.
2026-10-04 00:21:18.742 Thread 'MainThread': missing ScriptRunContext! This warning can be ignored when running in bare mode.
2026-10-04 00:21:18.742 Thread 'MainThread': missing ScriptRunContext! This warning can be ignored when running in bare mode.
2026-10-04 00:21:18.743 Thread 'MainThread': missing ScriptRunContext! This warning can be ignored when running in bare mode.
2026-10-04 00:21:18.744 Thread 'MainThread': missing ScriptRunContext! This warning can be ignored when running in bare mode.
2026-10-04 00:21:18.744 Thread 'MainThread': missing ScriptRunContext! This warning can be ignored when running in bare mode.
2026-10-04 00:21:18.744 Thread 'MainThread': missing ScriptRunContext! This warning can be ignored when running in bare mode.
2026-10-04 00:21:18.953 Thread 'MainThread': missing ScriptRunContext! This warning can be ignored when running in bare mode.
2026-10-04 00:21:20.448 Please replace `use_container_width` with `width`.

`use_container_width` will be removed after 2025-12-31.

For `use_container_width=True`, use `width='stretch'`. For `use_container_width=False`, use `width='content'`.
2026-10-04 00:21:20.806 Please replace `use_container_width` with `width`.

`use_container_width` will be removed after 2025-12-31.

For `use_container_width=True`, use `width='stretch'`. For `use_container_width=False`, use `width='content'`.
ok
test_parser_failure_preserves_existing_analysis_and_world (test_day20.DocumentProductTests.test_parser_failure_preserves_existing_analysis_and_world) ... 2026-10-04 00:21:21.019 Thread 'MainThread': missing ScriptRunContext! This warning can be ignored when running in bare mode.
2026-10-04 00:21:21.042 Thread 'MainThread': missing ScriptRunContext! This warning can be ignored when running in bare mode.
2026-10-04 00:21:21.043 Thread 'MainThread': missing ScriptRunContext! This warning can be ignored when running in bare mode.
2026-10-04 00:21:21.043 Thread 'MainThread': missing ScriptRunContext! This warning can be ignored when running in bare mode.
2026-10-04 00:21:21.044 Thread 'MainThread': missing ScriptRunContext! This warning can be ignored when running in bare mode.
2026-10-04 00:21:21.044 Thread 'MainThread': missing ScriptRunContext! This warning can be ignored when running in bare mode.
2026-10-04 00:21:21.044 Thread 'MainThread': missing ScriptRunContext! This warning can be ignored when running in bare mode.
2026-10-04 00:21:21.244 Thread 'MainThread': missing ScriptRunContext! This warning can be ignored when running in bare mode.
Local document UI structure_available=False parser_available=True requested_pages=[1, 2] reason=ValueError
ok
test_actual_parser_native_regions_and_locators (test_day20.DocumentTests.test_actual_parser_native_regions_and_locators) ... ok
test_ambiguous_partial_and_low_confidence_never_refined (test_day20.DocumentTests.test_ambiguous_partial_and_low_confidence_never_refined) ... ok
test_boxes_finite_and_nontrivial (test_day20.DocumentTests.test_boxes_finite_and_nontrivial) ... ok
test_cache_bounded_excludes_semantic_exploration (test_day20.DocumentTests.test_cache_bounded_excludes_semantic_exploration) ... ok
test_compiler_context_strict_budget (test_day20.DocumentTests.test_compiler_context_strict_budget) ... ok
test_crop_rotation_matches_actual_raster_ink (test_day20.DocumentTests.test_crop_rotation_matches_actual_raster_ink) ... ok
test_cross_domain_formula_and_probability_same_parser (test_day20.DocumentTests.test_cross_domain_formula_and_probability_same_parser) ... ok
test_duplicate_regions_and_locator_collisions (test_day20.DocumentTests.test_duplicate_regions_and_locator_collisions) ... ok
test_malformed_envelope_and_parser_metadata (test_day20.DocumentTests.test_malformed_envelope_and_parser_metadata) ... ok
test_material_identity_and_page_whitelist (test_day20.DocumentTests.test_material_identity_and_page_whitelist) ... Local document adapter rejected counts={'requested_pages': [], 'parsed_pages': [], 'chars': {}, 'regions_produced': 0, 'normalized_regions': 0} reason=document: selected pages
Local document adapter rejected counts={'requested_pages': [], 'parsed_pages': [], 'chars': {}, 'regions_produced': 0, 'normalized_regions': 0} reason=document: selected pages
Local document adapter rejected counts={'requested_pages': [], 'parsed_pages': [], 'chars': {}, 'regions_produced': 0, 'normalized_regions': 0} reason=document: selected pages
Local document adapter rejected counts={'requested_pages': [], 'parsed_pages': [], 'chars': {}, 'regions_produced': 0, 'normalized_regions': 0} reason=document: selected pages
Local document adapter rejected counts={'requested_pages': [], 'parsed_pages': [], 'chars': {}, 'regions_produced': 0, 'normalized_regions': 0} reason=document: selected pages
Local document adapter rejected counts={'requested_pages': [3], 'parsed_pages': [], 'chars': {}, 'regions_produced': 0, 'normalized_regions': 0} reason=document: page outside PDF
ok
test_native_geometry_not_transcription_or_semantic_verification (test_day20.DocumentTests.test_native_geometry_not_transcription_or_semantic_verification) ... ok
test_scanned_pdf_not_misrepresented_as_ocr (test_day20.DocumentTests.test_scanned_pdf_not_misrepresented_as_ocr) ... ok
test_total_region_and_pdf_bounds (test_day20.DocumentTests.test_total_region_and_pdf_bounds) ... Local document adapter rejected counts={'requested_pages': [1], 'parsed_pages': [1], 'chars': {1: 125}, 'regions_produced': 21, 'normalized_regions': 0} reason=document: native box
ok
test_types_semantic_links_and_text_bounds_rejected (test_day20.DocumentTests.test_types_semantic_links_and_text_bounds_rejected) ... ok
test_unique_exact_formula_refinement_preserves_meaning (test_day20.DocumentTests.test_unique_exact_formula_refinement_preserves_meaning) ... ok
test_unreliable_page_frames_declined_not_guessed (test_day20.DocumentTests.test_unreliable_page_frames_declined_not_guessed) ... ok
test_diagnostics_counts_and_precise_safe_reason (test_day20.LivePDFRegressionTests.test_diagnostics_counts_and_precise_safe_reason) ... ok
test_native_comparisons_not_generated_markup (test_day20.LivePDFRegressionTests.test_native_comparisons_not_generated_markup) ... Local document adapter rejected counts={'requested_pages': [1], 'parsed_pages': [1], 'chars': {1: 17}, 'regions_produced': 1, 'normalized_regions': 0} reason=document: invalid region fields: regions[0].plain_text
Local document adapter rejected counts={'requested_pages': [1], 'parsed_pages': [1], 'chars': {1: 21}, 'regions_produced': 1, 'normalized_regions': 0} reason=document: invalid region fields: regions[0].plain_text
ok
test_no_text_layer_preserves_graceful_ui_fallback (test_day20.LivePDFRegressionTests.test_no_text_layer_preserves_graceful_ui_fallback) ... 2026-10-04 00:21:24.324 Thread 'MainThread': missing ScriptRunContext! This warning can be ignored when running in bare mode.
2026-10-04 00:21:24.347 Thread 'MainThread': missing ScriptRunContext! This warning can be ignored when running in bare mode.
2026-10-04 00:21:24.348 Thread 'MainThread': missing ScriptRunContext! This warning can be ignored when running in bare mode.
2026-10-04 00:21:24.348 Thread 'MainThread': missing ScriptRunContext! This warning can be ignored when running in bare mode.
2026-10-04 00:21:24.349 Thread 'MainThread': missing ScriptRunContext! This warning can be ignored when running in bare mode.
2026-10-04 00:21:24.349 Thread 'MainThread': missing ScriptRunContext! This warning can be ignored when running in bare mode.
2026-10-04 00:21:24.350 Thread 'MainThread': missing ScriptRunContext! This warning can be ignored when running in bare mode.
2026-10-04 00:21:24.556 Thread 'MainThread': missing ScriptRunContext! This warning can be ignored when running in bare mode.
2026-10-04 00:21:24.556 Thread 'MainThread': missing ScriptRunContext! This warning can be ignored when running in bare mode.
2026-10-04 00:21:24.567 Thread 'MainThread': missing ScriptRunContext! This warning can be ignored when running in bare mode.
2026-10-04 00:21:24.662 Thread 'MainThread': missing ScriptRunContext! This warning can be ignored when running in bare mode.
2026-10-04 00:21:24.662 Thread 'MainThread': missing ScriptRunContext! This warning can be ignored when running in bare mode.
Local document UI structure_available=False parser_available=True requested_pages=[1] reason=document: no native text regions (no OCR)
ok
test_old_document_contract_can_be_explicitly_rebuilt (test_day20.LivePDFRegressionTests.test_old_document_contract_can_be_explicitly_rebuilt) ... 2026-10-04 00:21:25.597 Thread 'MainThread': missing ScriptRunContext! This warning can be ignored when running in bare mode.
2026-10-04 00:21:25.623 Thread 'MainThread': missing ScriptRunContext! This warning can be ignored when running in bare mode.
2026-10-04 00:21:25.623 Thread 'MainThread': missing ScriptRunContext! This warning can be ignored when running in bare mode.
2026-10-04 00:21:25.623 Thread 'MainThread': missing ScriptRunContext! This warning can be ignored when running in bare mode.
2026-10-04 00:21:25.625 Thread 'MainThread': missing ScriptRunContext! This warning can be ignored when running in bare mode.
2026-10-04 00:21:25.625 Thread 'MainThread': missing ScriptRunContext! This warning can be ignored when running in bare mode.
2026-10-04 00:21:25.625 Thread 'MainThread': missing ScriptRunContext! This warning can be ignored when running in bare mode.
2026-10-04 00:21:25.880 Thread 'MainThread': missing ScriptRunContext! This warning can be ignored when running in bare mode.
2026-10-04 00:21:25.881 Thread 'MainThread': missing ScriptRunContext! This warning can be ignored when running in bare mode.
2026-10-04 00:21:25.887 Thread 'MainThread': missing ScriptRunContext! This warning can be ignored when running in bare mode.
ok
test_optional_dependency_gate_is_rechecked_not_cached (test_day20.LivePDFRegressionTests.test_optional_dependency_gate_is_rechecked_not_cached) ... 2026-10-04 00:21:27.078 Thread 'MainThread': missing ScriptRunContext! This warning can be ignored when running in bare mode.
2026-10-04 00:21:27.101 Thread 'MainThread': missing ScriptRunContext! This warning can be ignored when running in bare mode.
2026-10-04 00:21:27.101 Thread 'MainThread': missing ScriptRunContext! This warning can be ignored when running in bare mode.
2026-10-04 00:21:27.101 Thread 'MainThread': missing ScriptRunContext! This warning can be ignored when running in bare mode.
2026-10-04 00:21:27.103 Thread 'MainThread': missing ScriptRunContext! This warning can be ignored when running in bare mode.
2026-10-04 00:21:27.103 Thread 'MainThread': missing ScriptRunContext! This warning can be ignored when running in bare mode.
2026-10-04 00:21:27.103 Thread 'MainThread': missing ScriptRunContext! This warning can be ignored when running in bare mode.
2026-10-04 00:21:27.301 Thread 'MainThread': missing ScriptRunContext! This warning can be ignored when running in bare mode.
2026-10-04 00:21:27.301 Thread 'MainThread': missing ScriptRunContext! This warning can be ignored when running in bare mode.
2026-10-04 00:21:27.305 Thread 'MainThread': missing ScriptRunContext! This warning can be ignored when running in bare mode.
ok
test_real_chars_and_all_regions_survive_normalization (test_day20.LivePDFRegressionTests.test_real_chars_and_all_regions_survive_normalization) ... ok
test_real_normal_pdf_visible_availability_retry_and_filtering (test_day20.LivePDFRegressionTests.test_real_normal_pdf_visible_availability_retry_and_filtering) ... 2026-10-04 00:21:28.546 Thread 'MainThread': missing ScriptRunContext! This warning can be ignored when running in bare mode.
2026-10-04 00:21:28.570 Thread 'MainThread': missing ScriptRunContext! This warning can be ignored when running in bare mode.
2026-10-04 00:21:28.570 Thread 'MainThread': missing ScriptRunContext! This warning can be ignored when running in bare mode.
2026-10-04 00:21:28.570 Thread 'MainThread': missing ScriptRunContext! This warning can be ignored when running in bare mode.
2026-10-04 00:21:28.572 Thread 'MainThread': missing ScriptRunContext! This warning can be ignored when running in bare mode.
2026-10-04 00:21:28.572 Thread 'MainThread': missing ScriptRunContext! This warning can be ignored when running in bare mode.
2026-10-04 00:21:28.572 Thread 'MainThread': missing ScriptRunContext! This warning can be ignored when running in bare mode.
2026-10-04 00:21:28.778 Thread 'MainThread': missing ScriptRunContext! This warning can be ignored when running in bare mode.
2026-10-04 00:21:28.778 Thread 'MainThread': missing ScriptRunContext! This warning can be ignored when running in bare mode.
2026-10-04 00:21:28.782 Thread 'MainThread': missing ScriptRunContext! This warning can be ignored when running in bare mode.
ok
test_real_selected_page_filtering (test_day20.LivePDFRegressionTests.test_real_selected_page_filtering) ... ok
test_analysis_only_all_modes_and_no_dead_source_actions (test_day21.WorkspaceAppTests.test_analysis_only_all_modes_and_no_dead_source_actions) ... 2026-10-04 00:21:30.482 Thread 'MainThread': missing ScriptRunContext! This warning can be ignored when running in bare mode.
2026-10-04 00:21:30.482 Thread 'MainThread': missing ScriptRunContext! This warning can be ignored when running in bare mode.
2026-10-04 00:21:30.482 Thread 'MainThread': missing ScriptRunContext! This warning can be ignored when running in bare mode.
2026-10-04 00:21:30.482 Thread 'MainThread': missing ScriptRunContext! This warning can be ignored when running in bare mode.
2026-10-04 00:21:30.482 Thread 'MainThread': missing ScriptRunContext! This warning can be ignored when running in bare mode.
2026-10-04 00:21:30.482 Thread 'MainThread': missing ScriptRunContext! This warning can be ignored when running in bare mode.
ok
test_canonical_clear_removes_canvas_emphasis_and_keeps_quiz_state (test_day21.WorkspaceAppTests.test_canonical_clear_removes_canvas_emphasis_and_keeps_quiz_state) ... 2026-10-04 00:21:32.002 Thread 'MainThread': missing ScriptRunContext! This warning can be ignored when running in bare mode.
2026-10-04 00:21:32.002 Thread 'MainThread': missing ScriptRunContext! This warning can be ignored when running in bare mode.
2026-10-04 00:21:32.002 Thread 'MainThread': missing ScriptRunContext! This warning can be ignored when running in bare mode.
2026-10-04 00:21:32.002 Thread 'MainThread': missing ScriptRunContext! This warning can be ignored when running in bare mode.
2026-10-04 00:21:32.002 Thread 'MainThread': missing ScriptRunContext! This warning can be ignored when running in bare mode.
2026-10-04 00:21:32.002 Thread 'MainThread': missing ScriptRunContext! This warning can be ignored when running in bare mode.
2026-10-04 00:21:32.977 Thread 'MainThread': missing ScriptRunContext! This warning can be ignored when running in bare mode.
ok
test_image_only_native_fallback_keeps_ai_atlas_and_world_available (test_day21.WorkspaceAppTests.test_image_only_native_fallback_keeps_ai_atlas_and_world_available) ... 2026-10-04 00:21:33.157 Thread 'MainThread': missing ScriptRunContext! This warning can be ignored when running in bare mode.
2026-10-04 00:21:33.157 Thread 'MainThread': missing ScriptRunContext! This warning can be ignored when running in bare mode.
2026-10-04 00:21:33.157 Thread 'MainThread': missing ScriptRunContext! This warning can be ignored when running in bare mode.
2026-10-04 00:21:33.157 Thread 'MainThread': missing ScriptRunContext! This warning can be ignored when running in bare mode.
2026-10-04 00:21:33.157 Thread 'MainThread': missing ScriptRunContext! This warning can be ignored when running in bare mode.
2026-10-04 00:21:33.157 Thread 'MainThread': missing ScriptRunContext! This warning can be ignored when running in bare mode.
2026-10-04 00:21:33.273 Thread 'MainThread': missing ScriptRunContext! This warning can be ignored when running in bare mode.
2026-10-04 00:21:33.274 Thread 'MainThread': missing ScriptRunContext! This warning can be ignored when running in bare mode.
2026-10-04 00:21:33.275 Thread 'MainThread': missing ScriptRunContext! This warning can be ignored when running in bare mode.
2026-10-04 00:21:33.275 Thread 'MainThread': missing ScriptRunContext! This warning can be ignored when running in bare mode.
2026-10-04 00:21:33.275 Thread 'MainThread': missing ScriptRunContext! This warning can be ignored when running in bare mode.
2026-10-04 00:21:33.369 Thread 'MainThread': missing ScriptRunContext! This warning can be ignored when running in bare mode.
2026-10-04 00:21:33.369 Thread 'MainThread': missing ScriptRunContext! This warning can be ignored when running in bare mode.
Local document UI structure_available=False parser_available=True requested_pages=[1] reason=document: no native text regions (no OCR)
2026-10-04 00:21:34.684 Please replace `use_container_width` with `width`.

`use_container_width` will be removed after 2025-12-31.

For `use_container_width=True`, use `width='stretch'`. For `use_container_width=False`, use `width='content'`.
ok
test_missing_atlas_and_native_package_preserve_scene (test_day21.WorkspaceAppTests.test_missing_atlas_and_native_package_preserve_scene) ... 2026-10-04 00:21:34.697 Thread 'MainThread': missing ScriptRunContext! This warning can be ignored when running in bare mode.
2026-10-04 00:21:34.697 Thread 'MainThread': missing ScriptRunContext! This warning can be ignored when running in bare mode.
2026-10-04 00:21:34.697 Thread 'MainThread': missing ScriptRunContext! This warning can be ignored when running in bare mode.
2026-10-04 00:21:34.697 Thread 'MainThread': missing ScriptRunContext! This warning can be ignored when running in bare mode.
2026-10-04 00:21:34.697 Thread 'MainThread': missing ScriptRunContext! This warning can be ignored when running in bare mode.
2026-10-04 00:21:34.697 Thread 'MainThread': missing ScriptRunContext! This warning can be ignored when running in bare mode.
2026-10-04 00:21:34.815 Thread 'MainThread': missing ScriptRunContext! This warning can be ignored when running in bare mode.
2026-10-04 00:21:34.817 Thread 'MainThread': missing ScriptRunContext! This warning can be ignored when running in bare mode.
2026-10-04 00:21:34.817 Thread 'MainThread': missing ScriptRunContext! This warning can be ignored when running in bare mode.
2026-10-04 00:21:34.817 Thread 'MainThread': missing ScriptRunContext! This warning can be ignored when running in bare mode.
2026-10-04 00:21:34.818 Thread 'MainThread': missing ScriptRunContext! This warning can be ignored when running in bare mode.
2026-10-04 00:21:34.818 Thread 'MainThread': missing ScriptRunContext! This warning can be ignored when running in bare mode.
2026-10-04 00:21:35.865 Please replace `use_container_width` with `width`.

`use_container_width` will be removed after 2025-12-31.

For `use_container_width=True`, use `width='stretch'`. For `use_container_width=False`, use `width='content'`.
ok
test_no_quiz_practice_has_supported_empty_state (test_day21.WorkspaceAppTests.test_no_quiz_practice_has_supported_empty_state) ... 2026-10-04 00:21:35.877 Thread 'MainThread': missing ScriptRunContext! This warning can be ignored when running in bare mode.
2026-10-04 00:21:35.877 Thread 'MainThread': missing ScriptRunContext! This warning can be ignored when running in bare mode.
2026-10-04 00:21:35.877 Thread 'MainThread': missing ScriptRunContext! This warning can be ignored when running in bare mode.
2026-10-04 00:21:35.877 Thread 'MainThread': missing ScriptRunContext! This warning can be ignored when running in bare mode.
2026-10-04 00:21:35.878 Thread 'MainThread': missing ScriptRunContext! This warning can be ignored when running in bare mode.
2026-10-04 00:21:35.878 Thread 'MainThread': missing ScriptRunContext! This warning can be ignored when running in bare mode.
ok
test_only_active_major_renderer_runs (test_day21.WorkspaceAppTests.test_only_active_major_renderer_runs) ... 2026-10-04 00:21:36.664 Thread 'MainThread': missing ScriptRunContext! This warning can be ignored when running in bare mode.
2026-10-04 00:21:36.664 Thread 'MainThread': missing ScriptRunContext! This warning can be ignored when running in bare mode.
2026-10-04 00:21:36.665 Thread 'MainThread': missing ScriptRunContext! This warning can be ignored when running in bare mode.
2026-10-04 00:21:36.665 Thread 'MainThread': missing ScriptRunContext! This warning can be ignored when running in bare mode.
2026-10-04 00:21:36.665 Thread 'MainThread': missing ScriptRunContext! This warning can be ignored when running in bare mode.
2026-10-04 00:21:36.665 Thread 'MainThread': missing ScriptRunContext! This warning can be ignored when running in bare mode.
ok
test_pdf_bytes_absent_still_shows_only_validated_extracted_pages (test_day21.WorkspaceAppTests.test_pdf_bytes_absent_still_shows_only_validated_extracted_pages) ... 2026-10-04 00:21:38.101 Thread 'MainThread': missing ScriptRunContext! This warning can be ignored when running in bare mode.
2026-10-04 00:21:38.101 Thread 'MainThread': missing ScriptRunContext! This warning can be ignored when running in bare mode.
2026-10-04 00:21:38.101 Thread 'MainThread': missing ScriptRunContext! This warning can be ignored when running in bare mode.
2026-10-04 00:21:38.102 Thread 'MainThread': missing ScriptRunContext! This warning can be ignored when running in bare mode.
2026-10-04 00:21:38.102 Thread 'MainThread': missing ScriptRunContext! This warning can be ignored when running in bare mode.
2026-10-04 00:21:38.102 Thread 'MainThread': missing ScriptRunContext! This warning can be ignored when running in bare mode.
2026-10-04 00:21:38.102 Thread 'MainThread': missing ScriptRunContext! This warning can be ignored when running in bare mode.
2026-10-04 00:21:38.102 Thread 'MainThread': missing ScriptRunContext! This warning can be ignored when running in bare mode.
ok
test_projectile_hero_zero_api_parser_calls_and_state_retained (test_day21.WorkspaceAppTests.test_projectile_hero_zero_api_parser_calls_and_state_retained) ... 2026-10-04 00:21:38.917 Thread 'MainThread': missing ScriptRunContext! This warning can be ignored when running in bare mode.
2026-10-04 00:21:38.918 Thread 'MainThread': missing ScriptRunContext! This warning can be ignored when running in bare mode.
2026-10-04 00:21:38.918 Thread 'MainThread': missing ScriptRunContext! This warning can be ignored when running in bare mode.
2026-10-04 00:21:38.918 Thread 'MainThread': missing ScriptRunContext! This warning can be ignored when running in bare mode.
2026-10-04 00:21:38.918 Thread 'MainThread': missing ScriptRunContext! This warning can be ignored when running in bare mode.
2026-10-04 00:21:38.918 Thread 'MainThread': missing ScriptRunContext! This warning can be ignored when running in bare mode.
2026-10-04 00:21:39.031 Thread 'MainThread': missing ScriptRunContext! This warning can be ignored when running in bare mode.
2026-10-04 00:21:39.033 Thread 'MainThread': missing ScriptRunContext! This warning can be ignored when running in bare mode.
2026-10-04 00:21:39.033 Thread 'MainThread': missing ScriptRunContext! This warning can be ignored when running in bare mode.
2026-10-04 00:21:39.033 Thread 'MainThread': missing ScriptRunContext! This warning can be ignored when running in bare mode.
2026-10-04 00:21:39.033 Thread 'MainThread': missing ScriptRunContext! This warning can be ignored when running in bare mode.
2026-10-04 00:21:40.469 Please replace `use_container_width` with `width`.

`use_container_width` will be removed after 2025-12-31.

For `use_container_width=True`, use `width='stretch'`. For `use_container_width=False`, use `width='content'`.
2026-10-04 00:21:40.725 Please replace `use_container_width` with `width`.

`use_container_width` will be removed after 2025-12-31.

For `use_container_width=True`, use `width='stretch'`. For `use_container_width=False`, use `width='content'`.
ok
test_reverse_selection_and_clear_do_not_break_world (test_day21.WorkspaceAppTests.test_reverse_selection_and_clear_do_not_break_world) ... 2026-10-04 00:21:41.163 Thread 'MainThread': missing ScriptRunContext! This warning can be ignored when running in bare mode.
2026-10-04 00:21:41.163 Thread 'MainThread': missing ScriptRunContext! This warning can be ignored when running in bare mode.
2026-10-04 00:21:41.163 Thread 'MainThread': missing ScriptRunContext! This warning can be ignored when running in bare mode.
2026-10-04 00:21:41.163 Thread 'MainThread': missing ScriptRunContext! This warning can be ignored when running in bare mode.
2026-10-04 00:21:41.163 Thread 'MainThread': missing ScriptRunContext! This warning can be ignored when running in bare mode.
2026-10-04 00:21:41.163 Thread 'MainThread': missing ScriptRunContext! This warning can be ignored when running in bare mode.
2026-10-04 00:21:41.304 Thread 'MainThread': missing ScriptRunContext! This warning can be ignored when running in bare mode.
2026-10-04 00:21:41.306 Thread 'MainThread': missing ScriptRunContext! This warning can be ignored when running in bare mode.
2026-10-04 00:21:41.306 Thread 'MainThread': missing ScriptRunContext! This warning can be ignored when running in bare mode.
2026-10-04 00:21:41.306 Thread 'MainThread': missing ScriptRunContext! This warning can be ignored when running in bare mode.
2026-10-04 00:21:41.306 Thread 'MainThread': missing ScriptRunContext! This warning can be ignored when running in bare mode.
2026-10-04 00:21:42.152 Please replace `use_container_width` with `width`.

`use_container_width` will be removed after 2025-12-31.

For `use_container_width=True`, use `width='stretch'`. For `use_container_width=False`, use `width='content'`.
2026-10-04 00:21:42.378 Please replace `use_container_width` with `width`.

`use_container_width` will be removed after 2025-12-31.

For `use_container_width=True`, use `width='stretch'`. For `use_container_width=False`, use `width='content'`.
2026-10-04 00:21:42.981 Please replace `use_container_width` with `width`.

`use_container_width` will be removed after 2025-12-31.

For `use_container_width=True`, use `width='stretch'`. For `use_container_width=False`, use `width='content'`.
ok
test_source_explanation_is_explicit_grounded_and_cached_across_navigation (test_day21.WorkspaceAppTests.test_source_explanation_is_explicit_grounded_and_cached_across_navigation) ... 2026-10-04 00:21:42.997 Thread 'MainThread': missing ScriptRunContext! This warning can be ignored when running in bare mode.
2026-10-04 00:21:42.997 Thread 'MainThread': missing ScriptRunContext! This warning can be ignored when running in bare mode.
2026-10-04 00:21:42.997 Thread 'MainThread': missing ScriptRunContext! This warning can be ignored when running in bare mode.
2026-10-04 00:21:42.997 Thread 'MainThread': missing ScriptRunContext! This warning can be ignored when running in bare mode.
2026-10-04 00:21:42.997 Thread 'MainThread': missing ScriptRunContext! This warning can be ignored when running in bare mode.
2026-10-04 00:21:42.997 Thread 'MainThread': missing ScriptRunContext! This warning can be ignored when running in bare mode.
2026-10-04 00:21:43.113 Thread 'MainThread': missing ScriptRunContext! This warning can be ignored when running in bare mode.
2026-10-04 00:21:43.114 Thread 'MainThread': missing ScriptRunContext! This warning can be ignored when running in bare mode.
2026-10-04 00:21:43.115 Thread 'MainThread': missing ScriptRunContext! This warning can be ignored when running in bare mode.
2026-10-04 00:21:43.115 Thread 'MainThread': missing ScriptRunContext! This warning can be ignored when running in bare mode.
2026-10-04 00:21:43.115 Thread 'MainThread': missing ScriptRunContext! This warning can be ignored when running in bare mode.
2026-10-04 00:21:44.740 Please replace `use_container_width` with `width`.

`use_container_width` will be removed after 2025-12-31.

For `use_container_width=True`, use `width='stretch'`. For `use_container_width=False`, use `width='content'`.
ok
test_source_graph_focus_and_practice_share_existing_stable_ids (test_day21.WorkspaceAppTests.test_source_graph_focus_and_practice_share_existing_stable_ids) ... 2026-10-04 00:21:45.136 Thread 'MainThread': missing ScriptRunContext! This warning can be ignored when running in bare mode.
2026-10-04 00:21:45.137 Thread 'MainThread': missing ScriptRunContext! This warning can be ignored when running in bare mode.
2026-10-04 00:21:45.137 Thread 'MainThread': missing ScriptRunContext! This warning can be ignored when running in bare mode.
2026-10-04 00:21:45.137 Thread 'MainThread': missing ScriptRunContext! This warning can be ignored when running in bare mode.
2026-10-04 00:21:45.137 Thread 'MainThread': missing ScriptRunContext! This warning can be ignored when running in bare mode.
2026-10-04 00:21:45.137 Thread 'MainThread': missing ScriptRunContext! This warning can be ignored when running in bare mode.
2026-10-04 00:21:45.168 Thread 'MainThread': missing ScriptRunContext! This warning can be ignored when running in bare mode.
2026-10-04 00:21:45.168 Thread 'MainThread': missing ScriptRunContext! This warning can be ignored when running in bare mode.
2026-10-04 00:21:45.168 Thread 'MainThread': missing ScriptRunContext! This warning can be ignored when running in bare mode.
2026-10-04 00:21:45.168 Thread 'MainThread': missing ScriptRunContext! This warning can be ignored when running in bare mode.
ok
test_actions_require_actual_capabilities (test_day21.WorkspaceStateTests.test_actions_require_actual_capabilities) ... ok
test_analysis_only_focus_uses_stable_graph_id (test_day21.WorkspaceStateTests.test_analysis_only_focus_uses_stable_graph_id) ... ok
test_clear_focus_is_recorded_and_replayed_locally (test_day21.WorkspaceStateTests.test_clear_focus_is_recorded_and_replayed_locally) ... ok
test_clear_focus_preserves_physics_and_valid_recording_origin (test_day21.WorkspaceStateTests.test_clear_focus_preserves_physics_and_valid_recording_origin) ... ok
test_foreign_material_cannot_change_focus_or_navigation (test_day21.WorkspaceStateTests.test_foreign_material_cannot_change_focus_or_navigation) ... ok
test_malicious_or_unknown_focus_and_mode_rejected (test_day21.WorkspaceStateTests.test_malicious_or_unknown_focus_and_mode_rejected) ... ok
test_material_identity_resets_navigation_only (test_day21.WorkspaceStateTests.test_material_identity_resets_navigation_only) ... ok
test_native_unlinked_region_has_only_literal_explanation (test_day21.WorkspaceStateTests.test_native_unlinked_region_has_only_literal_explanation) ... ok
test_navigation_is_local_and_preserves_focus_and_numeric_state (test_day21.WorkspaceStateTests.test_navigation_is_local_and_preserves_focus_and_numeric_state) ... ok
test_parameter_is_not_fake_scene_focus (test_day21.WorkspaceStateTests.test_parameter_is_not_fake_scene_focus) ... ok
test_practice_requires_exact_validated_visual_ref (test_day21.WorkspaceStateTests.test_practice_requires_exact_validated_visual_ref) ... ok
test_probability_clear_uses_valid_empty_set_then_selection (test_day21.WorkspaceStateTests.test_probability_clear_uses_valid_empty_set_then_selection) ... ok
test_reverse_world_selection_changes_source_anchor (test_day21.WorkspaceStateTests.test_reverse_world_selection_changes_source_anchor) ... ok
test_source_explore_source_retains_disambiguated_anchor (test_day21.WorkspaceStateTests.test_source_explore_source_retains_disambiguated_anchor) ... ok
test_unmapped_empty_region_hides_all_actions (test_day21.WorkspaceStateTests.test_unmapped_empty_region_hides_all_actions) ... ok

----------------------------------------------------------------------
Ran 262 tests in 162.109s

OK
