2026-10-01 22:03:42.148 Thread 'MainThread': missing ScriptRunContext! This warning can be ignored when running in bare mode.
2026-10-01 22:03:45.118 Thread 'MainThread': missing ScriptRunContext! This warning can be ignored when running in bare mode.
2026-10-01 22:03:46.177 Thread 'MainThread': missing ScriptRunContext! This warning can be ignored when running in bare mode.
2026-10-01 22:03:46.178 Thread 'MainThread': missing ScriptRunContext! This warning can be ignored when running in bare mode.
2026-10-01 22:03:46.178 Thread 'MainThread': missing ScriptRunContext! This warning can be ignored when running in bare mode.
2026-10-01 22:03:46.178 Thread 'MainThread': missing ScriptRunContext! This warning can be ignored when running in bare mode.
2026-10-01 22:03:46.178 Thread 'MainThread': missing ScriptRunContext! This warning can be ignored when running in bare mode.
2026-10-01 22:03:46.178 Thread 'MainThread': missing ScriptRunContext! This warning can be ignored when running in bare mode.
2026-10-01 22:03:48.356 Thread 'MainThread': missing ScriptRunContext! This warning can be ignored when running in bare mode.
2026-10-01 22:03:48.356 Thread 'MainThread': missing ScriptRunContext! This warning can be ignored when running in bare mode.
2026-10-01 22:03:48.356 Thread 'MainThread': missing ScriptRunContext! This warning can be ignored when running in bare mode.
2026-10-01 22:03:48.356 Thread 'MainThread': missing ScriptRunContext! This warning can be ignored when running in bare mode.
2026-10-01 22:03:48.357 Thread 'MainThread': missing ScriptRunContext! This warning can be ignored when running in bare mode.
2026-10-01 22:03:48.357 Thread 'MainThread': missing ScriptRunContext! This warning can be ignored when running in bare mode.
2026-10-01 22:03:51.893 Thread 'MainThread': missing ScriptRunContext! This warning can be ignored when running in bare mode.
2026-10-01 22:03:51.893 Thread 'MainThread': missing ScriptRunContext! This warning can be ignored when running in bare mode.
2026-10-01 22:03:51.893 Thread 'MainThread': missing ScriptRunContext! This warning can be ignored when running in bare mode.
2026-10-01 22:03:51.893 Thread 'MainThread': missing ScriptRunContext! This warning can be ignored when running in bare mode.
2026-10-01 22:03:51.893 Thread 'MainThread': missing ScriptRunContext! This warning can be ignored when running in bare mode.
2026-10-01 22:03:51.893 Thread 'MainThread': missing ScriptRunContext! This warning can be ignored when running in bare mode.
2026-10-01 22:03:52.658 Please replace `use_container_width` with `width`.

`use_container_width` will be removed after 2025-12-31.

For `use_container_width=True`, use `width='stretch'`. For `use_container_width=False`, use `width='content'`.
2026-10-01 22:03:52.861 Please replace `use_container_width` with `width`.

`use_container_width` will be removed after 2025-12-31.

For `use_container_width=True`, use `width='stretch'`. For `use_container_width=False`, use `width='content'`.
2026-10-01 22:03:52.870 Thread 'MainThread': missing ScriptRunContext! This warning can be ignored when running in bare mode.
2026-10-01 22:03:52.870 Thread 'MainThread': missing ScriptRunContext! This warning can be ignored when running in bare mode.
2026-10-01 22:03:52.870 Thread 'MainThread': missing ScriptRunContext! This warning can be ignored when running in bare mode.
2026-10-01 22:03:52.870 Thread 'MainThread': missing ScriptRunContext! This warning can be ignored when running in bare mode.
2026-10-01 22:03:52.870 Thread 'MainThread': missing ScriptRunContext! This warning can be ignored when running in bare mode.
2026-10-01 22:03:52.870 Thread 'MainThread': missing ScriptRunContext! This warning can be ignored when running in bare mode.
2026-10-01 22:03:53.758 Thread 'MainThread': missing ScriptRunContext! This warning can be ignored when running in bare mode.
2026-10-01 22:03:53.758 Thread 'MainThread': missing ScriptRunContext! This warning can be ignored when running in bare mode.
2026-10-01 22:03:53.758 Thread 'MainThread': missing ScriptRunContext! This warning can be ignored when running in bare mode.
2026-10-01 22:03:53.758 Thread 'MainThread': missing ScriptRunContext! This warning can be ignored when running in bare mode.
2026-10-01 22:03:54.895 Thread 'MainThread': missing ScriptRunContext! This warning can be ignored when running in bare mode.
2026-10-01 22:03:54.895 Thread 'MainThread': missing ScriptRunContext! This warning can be ignored when running in bare mode.
2026-10-01 22:03:54.895 Thread 'MainThread': missing ScriptRunContext! This warning can be ignored when running in bare mode.
2026-10-01 22:03:54.895 Thread 'MainThread': missing ScriptRunContext! This warning can be ignored when running in bare mode.
2026-10-01 22:03:54.895 Thread 'MainThread': missing ScriptRunContext! This warning can be ignored when running in bare mode.
2026-10-01 22:03:54.895 Thread 'MainThread': missing ScriptRunContext! This warning can be ignored when running in bare mode.
2026-10-01 22:03:59.298 Thread 'MainThread': missing ScriptRunContext! This warning can be ignored when running in bare mode.
2026-10-01 22:03:59.299 Thread 'MainThread': missing ScriptRunContext! This warning can be ignored when running in bare mode.
2026-10-01 22:03:59.299 Thread 'MainThread': missing ScriptRunContext! This warning can be ignored when running in bare mode.
2026-10-01 22:03:59.299 Thread 'MainThread': missing ScriptRunContext! This warning can be ignored when running in bare mode.
2026-10-01 22:03:59.299 Thread 'MainThread': missing ScriptRunContext! This warning can be ignored when running in bare mode.
2026-10-01 22:03:59.299 Thread 'MainThread': missing ScriptRunContext! This warning can be ignored when running in bare mode.
2026-10-01 22:04:00.600 Thread 'MainThread': missing ScriptRunContext! This warning can be ignored when running in bare mode.
2026-10-01 22:04:00.600 Thread 'MainThread': missing ScriptRunContext! This warning can be ignored when running in bare mode.
2026-10-01 22:04:00.600 Thread 'MainThread': missing ScriptRunContext! This warning can be ignored when running in bare mode.
2026-10-01 22:04:00.600 Thread 'MainThread': missing ScriptRunContext! This warning can be ignored when running in bare mode.
2026-10-01 22:04:00.600 Thread 'MainThread': missing ScriptRunContext! This warning can be ignored when running in bare mode.
2026-10-01 22:04:00.601 Thread 'MainThread': missing ScriptRunContext! This warning can be ignored when running in bare mode.
2026-10-01 22:04:01.762 Thread 'MainThread': missing ScriptRunContext! This warning can be ignored when running in bare mode.
2026-10-01 22:04:01.994 Thread 'MainThread': missing ScriptRunContext! This warning can be ignored when running in bare mode.
2026-10-01 22:04:01.994 Thread 'MainThread': missing ScriptRunContext! This warning can be ignored when running in bare mode.
2026-10-01 22:04:01.994 Thread 'MainThread': missing ScriptRunContext! This warning can be ignored when running in bare mode.
2026-10-01 22:04:01.995 Thread 'MainThread': missing ScriptRunContext! This warning can be ignored when running in bare mode.
2026-10-01 22:04:01.995 Thread 'MainThread': missing ScriptRunContext! This warning can be ignored when running in bare mode.
2026-10-01 22:04:01.995 Thread 'MainThread': missing ScriptRunContext! This warning can be ignored when running in bare mode.
2026-10-01 22:04:04.856 Thread 'MainThread': missing ScriptRunContext! This warning can be ignored when running in bare mode.
2026-10-01 22:04:04.856 Thread 'MainThread': missing ScriptRunContext! This warning can be ignored when running in bare mode.
2026-10-01 22:04:04.856 Thread 'MainThread': missing ScriptRunContext! This warning can be ignored when running in bare mode.
2026-10-01 22:04:04.856 Thread 'MainThread': missing ScriptRunContext! This warning can be ignored when running in bare mode.
2026-10-01 22:04:04.856 Thread 'MainThread': missing ScriptRunContext! This warning can be ignored when running in bare mode.
2026-10-01 22:04:04.856 Thread 'MainThread': missing ScriptRunContext! This warning can be ignored when running in bare mode.
2026-10-01 22:04:06.921 Thread 'MainThread': missing ScriptRunContext! This warning can be ignored when running in bare mode.
2026-10-01 22:04:10.638 Please replace `use_container_width` with `width`.

`use_container_width` will be removed after 2025-12-31.

For `use_container_width=True`, use `width='stretch'`. For `use_container_width=False`, use `width='content'`.
2026-10-01 22:04:11.066 Please replace `use_container_width` with `width`.

`use_container_width` will be removed after 2025-12-31.

For `use_container_width=True`, use `width='stretch'`. For `use_container_width=False`, use `width='content'`.
2026-10-01 22:04:11.456 Please replace `use_container_width` with `width`.

`use_container_width` will be removed after 2025-12-31.

For `use_container_width=True`, use `width='stretch'`. For `use_container_width=False`, use `width='content'`.
2026-10-01 22:04:11.477 Thread 'MainThread': missing ScriptRunContext! This warning can be ignored when running in bare mode.
2026-10-01 22:04:11.477 Thread 'MainThread': missing ScriptRunContext! This warning can be ignored when running in bare mode.
2026-10-01 22:04:11.477 Thread 'MainThread': missing ScriptRunContext! This warning can be ignored when running in bare mode.
2026-10-01 22:04:11.477 Thread 'MainThread': missing ScriptRunContext! This warning can be ignored when running in bare mode.
2026-10-01 22:04:11.477 Thread 'MainThread': missing ScriptRunContext! This warning can be ignored when running in bare mode.
2026-10-01 22:04:11.477 Thread 'MainThread': missing ScriptRunContext! This warning can be ignored when running in bare mode.
2026-10-01 22:04:12.449 Please replace `use_container_width` with `width`.

`use_container_width` will be removed after 2025-12-31.

For `use_container_width=True`, use `width='stretch'`. For `use_container_width=False`, use `width='content'`.
2026-10-01 22:04:13.118 Thread 'MainThread': missing ScriptRunContext! This warning can be ignored when running in bare mode.
2026-10-01 22:04:13.118 Thread 'MainThread': missing ScriptRunContext! This warning can be ignored when running in bare mode.
2026-10-01 22:04:13.519 Please replace `use_container_width` with `width`.

`use_container_width` will be removed after 2025-12-31.

For `use_container_width=True`, use `width='stretch'`. For `use_container_width=False`, use `width='content'`.
2026-10-01 22:04:14.188 Thread 'MainThread': missing ScriptRunContext! This warning can be ignored when running in bare mode.
2026-10-01 22:04:14.188 Thread 'MainThread': missing ScriptRunContext! This warning can be ignored when running in bare mode.
2026-10-01 22:04:14.188 Thread 'MainThread': missing ScriptRunContext! This warning can be ignored when running in bare mode.
2026-10-01 22:04:14.188 Thread 'MainThread': missing ScriptRunContext! This warning can be ignored when running in bare mode.
2026-10-01 22:04:14.188 Thread 'MainThread': missing ScriptRunContext! This warning can be ignored when running in bare mode.
2026-10-01 22:04:14.188 Thread 'MainThread': missing ScriptRunContext! This warning can be ignored when running in bare mode.
2026-10-01 22:04:16.186 Please replace `use_container_width` with `width`.

`use_container_width` will be removed after 2025-12-31.

For `use_container_width=True`, use `width='stretch'`. For `use_container_width=False`, use `width='content'`.
2026-10-01 22:04:16.733 Please replace `use_container_width` with `width`.

`use_container_width` will be removed after 2025-12-31.

For `use_container_width=True`, use `width='stretch'`. For `use_container_width=False`, use `width='content'`.
2026-10-01 22:04:16.887 Please replace `use_container_width` with `width`.

`use_container_width` will be removed after 2025-12-31.

For `use_container_width=True`, use `width='stretch'`. For `use_container_width=False`, use `width='content'`.
2026-10-01 22:04:17.454 Please replace `use_container_width` with `width`.

`use_container_width` will be removed after 2025-12-31.

For `use_container_width=True`, use `width='stretch'`. For `use_container_width=False`, use `width='content'`.
2026-10-01 22:04:17.589 Please replace `use_container_width` with `width`.

`use_container_width` will be removed after 2025-12-31.

For `use_container_width=True`, use `width='stretch'`. For `use_container_width=False`, use `width='content'`.
2026-10-01 22:04:17.962 Please replace `use_container_width` with `width`.

`use_container_width` will be removed after 2025-12-31.

For `use_container_width=True`, use `width='stretch'`. For `use_container_width=False`, use `width='content'`.
2026-10-01 22:04:18.439 Please replace `use_container_width` with `width`.

`use_container_width` will be removed after 2025-12-31.

For `use_container_width=True`, use `width='stretch'`. For `use_container_width=False`, use `width='content'`.
2026-10-01 22:04:18.516 Please replace `use_container_width` with `width`.

`use_container_width` will be removed after 2025-12-31.

For `use_container_width=True`, use `width='stretch'`. For `use_container_width=False`, use `width='content'`.
2026-10-01 22:04:18.861 Please replace `use_container_width` with `width`.

`use_container_width` will be removed after 2025-12-31.

For `use_container_width=True`, use `width='stretch'`. For `use_container_width=False`, use `width='content'`.
2026-10-01 22:04:19.188 Please replace `use_container_width` with `width`.

`use_container_width` will be removed after 2025-12-31.

For `use_container_width=True`, use `width='stretch'`. For `use_container_width=False`, use `width='content'`.
2026-10-01 22:04:19.635 Please replace `use_container_width` with `width`.

`use_container_width` will be removed after 2025-12-31.

For `use_container_width=True`, use `width='stretch'`. For `use_container_width=False`, use `width='content'`.
2026-10-01 22:04:19.729 Please replace `use_container_width` with `width`.

`use_container_width` will be removed after 2025-12-31.

For `use_container_width=True`, use `width='stretch'`. For `use_container_width=False`, use `width='content'`.
2026-10-01 22:04:20.147 Please replace `use_container_width` with `width`.

`use_container_width` will be removed after 2025-12-31.

For `use_container_width=True`, use `width='stretch'`. For `use_container_width=False`, use `width='content'`.
2026-10-01 22:04:20.320 Please replace `use_container_width` with `width`.

`use_container_width` will be removed after 2025-12-31.

For `use_container_width=True`, use `width='stretch'`. For `use_container_width=False`, use `width='content'`.
2026-10-01 22:04:20.769 Please replace `use_container_width` with `width`.

`use_container_width` will be removed after 2025-12-31.

For `use_container_width=True`, use `width='stretch'`. For `use_container_width=False`, use `width='content'`.
2026-10-01 22:04:20.857 Please replace `use_container_width` with `width`.

`use_container_width` will be removed after 2025-12-31.

For `use_container_width=True`, use `width='stretch'`. For `use_container_width=False`, use `width='content'`.
2026-10-01 22:04:21.228 Please replace `use_container_width` with `width`.

`use_container_width` will be removed after 2025-12-31.

For `use_container_width=True`, use `width='stretch'`. For `use_container_width=False`, use `width='content'`.
2026-10-01 22:04:21.342 Please replace `use_container_width` with `width`.

`use_container_width` will be removed after 2025-12-31.

For `use_container_width=True`, use `width='stretch'`. For `use_container_width=False`, use `width='content'`.
2026-10-01 22:04:21.831 Please replace `use_container_width` with `width`.

`use_container_width` will be removed after 2025-12-31.

For `use_container_width=True`, use `width='stretch'`. For `use_container_width=False`, use `width='content'`.
2026-10-01 22:04:21.943 Please replace `use_container_width` with `width`.

`use_container_width` will be removed after 2025-12-31.

For `use_container_width=True`, use `width='stretch'`. For `use_container_width=False`, use `width='content'`.
2026-10-01 22:04:22.290 Please replace `use_container_width` with `width`.

`use_container_width` will be removed after 2025-12-31.

For `use_container_width=True`, use `width='stretch'`. For `use_container_width=False`, use `width='content'`.
2026-10-01 22:04:22.448 Please replace `use_container_width` with `width`.

`use_container_width` will be removed after 2025-12-31.

For `use_container_width=True`, use `width='stretch'`. For `use_container_width=False`, use `width='content'`.
2026-10-01 22:04:22.936 Please replace `use_container_width` with `width`.

`use_container_width` will be removed after 2025-12-31.

For `use_container_width=True`, use `width='stretch'`. For `use_container_width=False`, use `width='content'`.
2026-10-01 22:04:23.005 Please replace `use_container_width` with `width`.

`use_container_width` will be removed after 2025-12-31.

For `use_container_width=True`, use `width='stretch'`. For `use_container_width=False`, use `width='content'`.
2026-10-01 22:04:23.296 Please replace `use_container_width` with `width`.

`use_container_width` will be removed after 2025-12-31.

For `use_container_width=True`, use `width='stretch'`. For `use_container_width=False`, use `width='content'`.
2026-10-01 22:04:23.680 Please replace `use_container_width` with `width`.

`use_container_width` will be removed after 2025-12-31.

For `use_container_width=True`, use `width='stretch'`. For `use_container_width=False`, use `width='content'`.
2026-10-01 22:04:24.043 Please replace `use_container_width` with `width`.

`use_container_width` will be removed after 2025-12-31.

For `use_container_width=True`, use `width='stretch'`. For `use_container_width=False`, use `width='content'`.
2026-10-01 22:04:24.097 Thread 'MainThread': missing ScriptRunContext! This warning can be ignored when running in bare mode.
2026-10-01 22:04:24.097 Thread 'MainThread': missing ScriptRunContext! This warning can be ignored when running in bare mode.
2026-10-01 22:04:24.097 Thread 'MainThread': missing ScriptRunContext! This warning can be ignored when running in bare mode.
2026-10-01 22:04:24.097 Thread 'MainThread': missing ScriptRunContext! This warning can be ignored when running in bare mode.
2026-10-01 22:04:24.098 Thread 'MainThread': missing ScriptRunContext! This warning can be ignored when running in bare mode.
2026-10-01 22:04:24.098 Thread 'MainThread': missing ScriptRunContext! This warning can be ignored when running in bare mode.
2026-10-01 22:04:24.912 Please replace `use_container_width` with `width`.

`use_container_width` will be removed after 2025-12-31.

For `use_container_width=True`, use `width='stretch'`. For `use_container_width=False`, use `width='content'`.
2026-10-01 22:04:25.218 Please replace `use_container_width` with `width`.

`use_container_width` will be removed after 2025-12-31.

For `use_container_width=True`, use `width='stretch'`. For `use_container_width=False`, use `width='content'`.
2026-10-01 22:04:25.235 Thread 'MainThread': missing ScriptRunContext! This warning can be ignored when running in bare mode.
2026-10-01 22:04:25.235 Thread 'MainThread': missing ScriptRunContext! This warning can be ignored when running in bare mode.
2026-10-01 22:04:25.235 Thread 'MainThread': missing ScriptRunContext! This warning can be ignored when running in bare mode.
2026-10-01 22:04:25.235 Thread 'MainThread': missing ScriptRunContext! This warning can be ignored when running in bare mode.
2026-10-01 22:04:25.235 Thread 'MainThread': missing ScriptRunContext! This warning can be ignored when running in bare mode.
2026-10-01 22:04:25.235 Thread 'MainThread': missing ScriptRunContext! This warning can be ignored when running in bare mode.
2026-10-01 22:04:25.235 Thread 'MainThread': missing ScriptRunContext! This warning can be ignored when running in bare mode.
2026-10-01 22:04:25.546 Please replace `use_container_width` with `width`.

`use_container_width` will be removed after 2025-12-31.

For `use_container_width=True`, use `width='stretch'`. For `use_container_width=False`, use `width='content'`.
2026-10-01 22:04:25.849 Please replace `use_container_width` with `width`.

`use_container_width` will be removed after 2025-12-31.

For `use_container_width=True`, use `width='stretch'`. For `use_container_width=False`, use `width='content'`.
2026-10-01 22:04:26.125 Please replace `use_container_width` with `width`.

`use_container_width` will be removed after 2025-12-31.

For `use_container_width=True`, use `width='stretch'`. For `use_container_width=False`, use `width='content'`.
2026-10-01 22:04:26.390 Please replace `use_container_width` with `width`.

`use_container_width` will be removed after 2025-12-31.

For `use_container_width=True`, use `width='stretch'`. For `use_container_width=False`, use `width='content'`.
2026-10-01 22:04:26.658 Please replace `use_container_width` with `width`.

`use_container_width` will be removed after 2025-12-31.

For `use_container_width=True`, use `width='stretch'`. For `use_container_width=False`, use `width='content'`.
2026-10-01 22:04:26.894 Please replace `use_container_width` with `width`.

`use_container_width` will be removed after 2025-12-31.

For `use_container_width=True`, use `width='stretch'`. For `use_container_width=False`, use `width='content'`.
2026-10-01 22:04:26.908 Thread 'MainThread': missing ScriptRunContext! This warning can be ignored when running in bare mode.
2026-10-01 22:04:26.908 Thread 'MainThread': missing ScriptRunContext! This warning can be ignored when running in bare mode.
2026-10-01 22:04:26.908 Thread 'MainThread': missing ScriptRunContext! This warning can be ignored when running in bare mode.
2026-10-01 22:04:26.908 Thread 'MainThread': missing ScriptRunContext! This warning can be ignored when running in bare mode.
2026-10-01 22:04:26.908 Thread 'MainThread': missing ScriptRunContext! This warning can be ignored when running in bare mode.
2026-10-01 22:04:26.908 Thread 'MainThread': missing ScriptRunContext! This warning can be ignored when running in bare mode.
2026-10-01 22:04:27.571 Please replace `use_container_width` with `width`.

`use_container_width` will be removed after 2025-12-31.

For `use_container_width=True`, use `width='stretch'`. For `use_container_width=False`, use `width='content'`.
2026-10-01 22:04:27.799 Please replace `use_container_width` with `width`.

`use_container_width` will be removed after 2025-12-31.

For `use_container_width=True`, use `width='stretch'`. For `use_container_width=False`, use `width='content'`.
2026-10-01 22:04:28.186 Please replace `use_container_width` with `width`.

`use_container_width` will be removed after 2025-12-31.

For `use_container_width=True`, use `width='stretch'`. For `use_container_width=False`, use `width='content'`.
2026-10-01 22:04:28.463 Please replace `use_container_width` with `width`.

`use_container_width` will be removed after 2025-12-31.

For `use_container_width=True`, use `width='stretch'`. For `use_container_width=False`, use `width='content'`.
2026-10-01 22:04:28.729 Please replace `use_container_width` with `width`.

`use_container_width` will be removed after 2025-12-31.

For `use_container_width=True`, use `width='stretch'`. For `use_container_width=False`, use `width='content'`.
2026-10-01 22:04:28.739 Thread 'MainThread': missing ScriptRunContext! This warning can be ignored when running in bare mode.
2026-10-01 22:04:28.739 Thread 'MainThread': missing ScriptRunContext! This warning can be ignored when running in bare mode.
2026-10-01 22:04:28.739 Thread 'MainThread': missing ScriptRunContext! This warning can be ignored when running in bare mode.
2026-10-01 22:04:28.739 Thread 'MainThread': missing ScriptRunContext! This warning can be ignored when running in bare mode.
2026-10-01 22:04:28.991 Please replace `use_container_width` with `width`.

`use_container_width` will be removed after 2025-12-31.

For `use_container_width=True`, use `width='stretch'`. For `use_container_width=False`, use `width='content'`.
2026-10-01 22:04:29.241 Please replace `use_container_width` with `width`.

`use_container_width` will be removed after 2025-12-31.

For `use_container_width=True`, use `width='stretch'`. For `use_container_width=False`, use `width='content'`.
2026-10-01 22:04:29.315 Please replace `use_container_width` with `width`.

`use_container_width` will be removed after 2025-12-31.

For `use_container_width=True`, use `width='stretch'`. For `use_container_width=False`, use `width='content'`.
2026-10-01 22:04:29.605 Please replace `use_container_width` with `width`.

`use_container_width` will be removed after 2025-12-31.

For `use_container_width=True`, use `width='stretch'`. For `use_container_width=False`, use `width='content'`.
2026-10-01 22:04:30.034 Thread 'MainThread': missing ScriptRunContext! This warning can be ignored when running in bare mode.
2026-10-01 22:04:30.034 Session state does not function when running a script without `streamlit run`
2026-10-01 22:04:30.068 Thread 'MainThread': missing ScriptRunContext! This warning can be ignored when running in bare mode.
2026-10-01 22:04:30.072 Thread 'MainThread': missing ScriptRunContext! This warning can be ignored when running in bare mode.
2026-10-01 22:04:30.074 Thread 'MainThread': missing ScriptRunContext! This warning can be ignored when running in bare mode.
2026-10-01 22:04:30.078 Thread 'MainThread': missing ScriptRunContext! This warning can be ignored when running in bare mode.
2026-10-01 22:04:30.081 Thread 'MainThread': missing ScriptRunContext! This warning can be ignored when running in bare mode.
2026-10-01 22:04:30.084 Thread 'MainThread': missing ScriptRunContext! This warning can be ignored when running in bare mode.
2026-10-01 22:04:30.086 Thread 'MainThread': missing ScriptRunContext! This warning can be ignored when running in bare mode.
2026-10-01 22:04:30.089 Thread 'MainThread': missing ScriptRunContext! This warning can be ignored when running in bare mode.
2026-10-01 22:04:30.092 Thread 'MainThread': missing ScriptRunContext! This warning can be ignored when running in bare mode.
2026-10-01 22:04:30.096 Thread 'MainThread': missing ScriptRunContext! This warning can be ignored when running in bare mode.
2026-10-01 22:04:30.099 Thread 'MainThread': missing ScriptRunContext! This warning can be ignored when running in bare mode.
2026-10-01 22:04:30.101 Thread 'MainThread': missing ScriptRunContext! This warning can be ignored when running in bare mode.
2026-10-01 22:04:30.104 Thread 'MainThread': missing ScriptRunContext! This warning can be ignored when running in bare mode.
2026-10-01 22:04:30.107 Thread 'MainThread': missing ScriptRunContext! This warning can be ignored when running in bare mode.
2026-10-01 22:04:30.110 Thread 'MainThread': missing ScriptRunContext! This warning can be ignored when running in bare mode.
2026-10-01 22:04:30.113 Thread 'MainThread': missing ScriptRunContext! This warning can be ignored when running in bare mode.
2026-10-01 22:04:30.115 Thread 'MainThread': missing ScriptRunContext! This warning can be ignored when running in bare mode.
2026-10-01 22:04:30.118 Thread 'MainThread': missing ScriptRunContext! This warning can be ignored when running in bare mode.
2026-10-01 22:04:30.121 Thread 'MainThread': missing ScriptRunContext! This warning can be ignored when running in bare mode.
2026-10-01 22:04:30.124 Thread 'MainThread': missing ScriptRunContext! This warning can be ignored when running in bare mode.
2026-10-01 22:04:30.128 Thread 'MainThread': missing ScriptRunContext! This warning can be ignored when running in bare mode.
2026-10-01 22:04:30.131 Thread 'MainThread': missing ScriptRunContext! This warning can be ignored when running in bare mode.
2026-10-01 22:04:30.133 Thread 'MainThread': missing ScriptRunContext! This warning can be ignored when running in bare mode.
2026-10-01 22:04:30.136 Thread 'MainThread': missing ScriptRunContext! This warning can be ignored when running in bare mode.
2026-10-01 22:04:30.139 Thread 'MainThread': missing ScriptRunContext! This warning can be ignored when running in bare mode.
2026-10-01 22:04:30.142 Thread 'MainThread': missing ScriptRunContext! This warning can be ignored when running in bare mode.
2026-10-01 22:04:30.145 Thread 'MainThread': missing ScriptRunContext! This warning can be ignored when running in bare mode.
2026-10-01 22:04:30.147 Thread 'MainThread': missing ScriptRunContext! This warning can be ignored when running in bare mode.
2026-10-01 22:04:30.150 Thread 'MainThread': missing ScriptRunContext! This warning can be ignored when running in bare mode.
2026-10-01 22:04:30.153 Thread 'MainThread': missing ScriptRunContext! This warning can be ignored when running in bare mode.
2026-10-01 22:04:30.156 Thread 'MainThread': missing ScriptRunContext! This warning can be ignored when running in bare mode.
2026-10-01 22:04:30.159 Thread 'MainThread': missing ScriptRunContext! This warning can be ignored when running in bare mode.
2026-10-01 22:04:30.162 Thread 'MainThread': missing ScriptRunContext! This warning can be ignored when running in bare mode.
2026-10-01 22:04:30.165 Thread 'MainThread': missing ScriptRunContext! This warning can be ignored when running in bare mode.
2026-10-01 22:04:30.168 Thread 'MainThread': missing ScriptRunContext! This warning can be ignored when running in bare mode.
2026-10-01 22:04:30.170 Thread 'MainThread': missing ScriptRunContext! This warning can be ignored when running in bare mode.
2026-10-01 22:04:30.173 Thread 'MainThread': missing ScriptRunContext! This warning can be ignored when running in bare mode.
2026-10-01 22:04:30.177 Thread 'MainThread': missing ScriptRunContext! This warning can be ignored when running in bare mode.
2026-10-01 22:04:30.180 Thread 'MainThread': missing ScriptRunContext! This warning can be ignored when running in bare mode.
2026-10-01 22:04:30.182 Thread 'MainThread': missing ScriptRunContext! This warning can be ignored when running in bare mode.
2026-10-01 22:04:30.185 Thread 'MainThread': missing ScriptRunContext! This warning can be ignored when running in bare mode.
2026-10-01 22:04:30.188 Thread 'MainThread': missing ScriptRunContext! This warning can be ignored when running in bare mode.
2026-10-01 22:04:30.192 Thread 'MainThread': missing ScriptRunContext! This warning can be ignored when running in bare mode.
2026-10-01 22:04:30.197 Thread 'MainThread': missing ScriptRunContext! This warning can be ignored when running in bare mode.
2026-10-01 22:04:30.199 Thread 'MainThread': missing ScriptRunContext! This warning can be ignored when running in bare mode.
2026-10-01 22:04:30.202 Thread 'MainThread': missing ScriptRunContext! This warning can be ignored when running in bare mode.
2026-10-01 22:04:30.204 Thread 'MainThread': missing ScriptRunContext! This warning can be ignored when running in bare mode.
2026-10-01 22:04:30.207 Thread 'MainThread': missing ScriptRunContext! This warning can be ignored when running in bare mode.
2026-10-01 22:04:30.211 Thread 'MainThread': missing ScriptRunContext! This warning can be ignored when running in bare mode.
2026-10-01 22:04:30.214 Thread 'MainThread': missing ScriptRunContext! This warning can be ignored when running in bare mode.
2026-10-01 22:04:30.216 Thread 'MainThread': missing ScriptRunContext! This warning can be ignored when running in bare mode.
2026-10-01 22:04:30.218 Thread 'MainThread': missing ScriptRunContext! This warning can be ignored when running in bare mode.
2026-10-01 22:04:30.221 Thread 'MainThread': missing ScriptRunContext! This warning can be ignored when running in bare mode.
2026-10-01 22:04:30.224 Thread 'MainThread': missing ScriptRunContext! This warning can be ignored when running in bare mode.
2026-10-01 22:04:30.228 Thread 'MainThread': missing ScriptRunContext! This warning can be ignored when running in bare mode.
2026-10-01 22:04:30.230 Thread 'MainThread': missing ScriptRunContext! This warning can be ignored when running in bare mode.
2026-10-01 22:04:30.233 Thread 'MainThread': missing ScriptRunContext! This warning can be ignored when running in bare mode.
2026-10-01 22:04:30.236 Thread 'MainThread': missing ScriptRunContext! This warning can be ignored when running in bare mode.
2026-10-01 22:04:30.238 Thread 'MainThread': missing ScriptRunContext! This warning can be ignored when running in bare mode.
2026-10-01 22:04:30.241 Thread 'MainThread': missing ScriptRunContext! This warning can be ignored when running in bare mode.
2026-10-01 22:04:30.245 Thread 'MainThread': missing ScriptRunContext! This warning can be ignored when running in bare mode.
2026-10-01 22:04:30.248 Thread 'MainThread': missing ScriptRunContext! This warning can be ignored when running in bare mode.
2026-10-01 22:04:30.251 Thread 'MainThread': missing ScriptRunContext! This warning can be ignored when running in bare mode.
2026-10-01 22:04:30.253 Thread 'MainThread': missing ScriptRunContext! This warning can be ignored when running in bare mode.
2026-10-01 22:04:30.255 Thread 'MainThread': missing ScriptRunContext! This warning can be ignored when running in bare mode.
2026-10-01 22:04:30.258 Thread 'MainThread': missing ScriptRunContext! This warning can be ignored when running in bare mode.
2026-10-01 22:04:30.261 Thread 'MainThread': missing ScriptRunContext! This warning can be ignored when running in bare mode.
2026-10-01 22:04:30.264 Thread 'MainThread': missing ScriptRunContext! This warning can be ignored when running in bare mode.
2026-10-01 22:04:30.267 Thread 'MainThread': missing ScriptRunContext! This warning can be ignored when running in bare mode.
2026-10-01 22:04:30.270 Thread 'MainThread': missing ScriptRunContext! This warning can be ignored when running in bare mode.
2026-10-01 22:04:30.272 Thread 'MainThread': missing ScriptRunContext! This warning can be ignored when running in bare mode.
2026-10-01 22:04:30.276 Thread 'MainThread': missing ScriptRunContext! This warning can be ignored when running in bare mode.
2026-10-01 22:04:30.278 Thread 'MainThread': missing ScriptRunContext! This warning can be ignored when running in bare mode.
2026-10-01 22:04:30.281 Thread 'MainThread': missing ScriptRunContext! This warning can be ignored when running in bare mode.
2026-10-01 22:04:30.283 Thread 'MainThread': missing ScriptRunContext! This warning can be ignored when running in bare mode.
2026-10-01 22:04:30.286 Thread 'MainThread': missing ScriptRunContext! This warning can be ignored when running in bare mode.
2026-10-01 22:04:30.289 Thread 'MainThread': missing ScriptRunContext! This warning can be ignored when running in bare mode.
2026-10-01 22:04:30.292 Thread 'MainThread': missing ScriptRunContext! This warning can be ignored when running in bare mode.
2026-10-01 22:04:30.295 Thread 'MainThread': missing ScriptRunContext! This warning can be ignored when running in bare mode.
2026-10-01 22:04:30.298 Thread 'MainThread': missing ScriptRunContext! This warning can be ignored when running in bare mode.
2026-10-01 22:04:30.300 Thread 'MainThread': missing ScriptRunContext! This warning can be ignored when running in bare mode.
2026-10-01 22:04:30.303 Thread 'MainThread': missing ScriptRunContext! This warning can be ignored when running in bare mode.
2026-10-01 22:04:30.305 Thread 'MainThread': missing ScriptRunContext! This warning can be ignored when running in bare mode.
2026-10-01 22:04:30.308 Thread 'MainThread': missing ScriptRunContext! This warning can be ignored when running in bare mode.
2026-10-01 22:04:30.311 Thread 'MainThread': missing ScriptRunContext! This warning can be ignored when running in bare mode.
2026-10-01 22:04:30.313 Thread 'MainThread': missing ScriptRunContext! This warning can be ignored when running in bare mode.
2026-10-01 22:04:30.316 Thread 'MainThread': missing ScriptRunContext! This warning can be ignored when running in bare mode.
2026-10-01 22:04:30.318 Thread 'MainThread': missing ScriptRunContext! This warning can be ignored when running in bare mode.
2026-10-01 22:04:30.321 Thread 'MainThread': missing ScriptRunContext! This warning can be ignored when running in bare mode.
2026-10-01 22:04:30.323 Thread 'MainThread': missing ScriptRunContext! This warning can be ignored when running in bare mode.
2026-10-01 22:04:30.327 Thread 'MainThread': missing ScriptRunContext! This warning can be ignored when running in bare mode.
2026-10-01 22:04:30.330 Thread 'MainThread': missing ScriptRunContext! This warning can be ignored when running in bare mode.
2026-10-01 22:04:30.333 Thread 'MainThread': missing ScriptRunContext! This warning can be ignored when running in bare mode.
2026-10-01 22:04:30.335 Thread 'MainThread': missing ScriptRunContext! This warning can be ignored when running in bare mode.
2026-10-01 22:04:30.339 Thread 'MainThread': missing ScriptRunContext! This warning can be ignored when running in bare mode.
2026-10-01 22:04:30.344 Thread 'MainThread': missing ScriptRunContext! This warning can be ignored when running in bare mode.
2026-10-01 22:04:30.348 Thread 'MainThread': missing ScriptRunContext! This warning can be ignored when running in bare mode.
2026-10-01 22:04:30.352 Thread 'MainThread': missing ScriptRunContext! This warning can be ignored when running in bare mode.
2026-10-01 22:04:30.355 Thread 'MainThread': missing ScriptRunContext! This warning can be ignored when running in bare mode.
2026-10-01 22:04:30.359 Thread 'MainThread': missing ScriptRunContext! This warning can be ignored when running in bare mode.
2026-10-01 22:04:30.363 Thread 'MainThread': missing ScriptRunContext! This warning can be ignored when running in bare mode.
2026-10-01 22:04:30.365 Thread 'MainThread': missing ScriptRunContext! This warning can be ignored when running in bare mode.
2026-10-01 22:04:30.368 Thread 'MainThread': missing ScriptRunContext! This warning can be ignored when running in bare mode.
2026-10-01 22:04:30.371 Thread 'MainThread': missing ScriptRunContext! This warning can be ignored when running in bare mode.
2026-10-01 22:04:30.374 Thread 'MainThread': missing ScriptRunContext! This warning can be ignored when running in bare mode.
2026-10-01 22:04:30.377 Thread 'MainThread': missing ScriptRunContext! This warning can be ignored when running in bare mode.
2026-10-01 22:04:30.380 Thread 'MainThread': missing ScriptRunContext! This warning can be ignored when running in bare mode.
2026-10-01 22:04:30.383 Thread 'MainThread': missing ScriptRunContext! This warning can be ignored when running in bare mode.
2026-10-01 22:04:30.386 Thread 'MainThread': missing ScriptRunContext! This warning can be ignored when running in bare mode.
2026-10-01 22:04:30.388 Thread 'MainThread': missing ScriptRunContext! This warning can be ignored when running in bare mode.
2026-10-01 22:04:30.391 Thread 'MainThread': missing ScriptRunContext! This warning can be ignored when running in bare mode.
2026-10-01 22:04:30.394 Thread 'MainThread': missing ScriptRunContext! This warning can be ignored when running in bare mode.
2026-10-01 22:04:30.397 Thread 'MainThread': missing ScriptRunContext! This warning can be ignored when running in bare mode.
2026-10-01 22:04:30.401 Thread 'MainThread': missing ScriptRunContext! This warning can be ignored when running in bare mode.
2026-10-01 22:04:30.406 Thread 'MainThread': missing ScriptRunContext! This warning can be ignored when running in bare mode.
2026-10-01 22:04:30.410 Thread 'MainThread': missing ScriptRunContext! This warning can be ignored when running in bare mode.
2026-10-01 22:04:30.413 Thread 'MainThread': missing ScriptRunContext! This warning can be ignored when running in bare mode.
2026-10-01 22:04:30.415 Thread 'MainThread': missing ScriptRunContext! This warning can be ignored when running in bare mode.
2026-10-01 22:04:30.418 Thread 'MainThread': missing ScriptRunContext! This warning can be ignored when running in bare mode.
2026-10-01 22:04:30.421 Thread 'MainThread': missing ScriptRunContext! This warning can be ignored when running in bare mode.
2026-10-01 22:04:30.424 Thread 'MainThread': missing ScriptRunContext! This warning can be ignored when running in bare mode.
2026-10-01 22:04:30.656 Thread 'MainThread': missing ScriptRunContext! This warning can be ignored when running in bare mode.
2026-10-01 22:04:30.657 Thread 'MainThread': missing ScriptRunContext! This warning can be ignored when running in bare mode.
2026-10-01 22:04:30.657 Thread 'MainThread': missing ScriptRunContext! This warning can be ignored when running in bare mode.
2026-10-01 22:04:30.657 Thread 'MainThread': missing ScriptRunContext! This warning can be ignored when running in bare mode.
2026-10-01 22:04:31.019 Thread 'MainThread': missing ScriptRunContext! This warning can be ignored when running in bare mode.
2026-10-01 22:04:31.057 Thread 'MainThread': missing ScriptRunContext! This warning can be ignored when running in bare mode.
2026-10-01 22:04:31.063 Thread 'MainThread': missing ScriptRunContext! This warning can be ignored when running in bare mode.
2026-10-01 22:04:31.068 Thread 'MainThread': missing ScriptRunContext! This warning can be ignored when running in bare mode.
2026-10-01 22:04:31.072 Thread 'MainThread': missing ScriptRunContext! This warning can be ignored when running in bare mode.
2026-10-01 22:04:31.077 Thread 'MainThread': missing ScriptRunContext! This warning can be ignored when running in bare mode.
2026-10-01 22:04:31.081 Thread 'MainThread': missing ScriptRunContext! This warning can be ignored when running in bare mode.
2026-10-01 22:04:31.086 Thread 'MainThread': missing ScriptRunContext! This warning can be ignored when running in bare mode.
2026-10-01 22:04:31.090 Thread 'MainThread': missing ScriptRunContext! This warning can be ignored when running in bare mode.
2026-10-01 22:04:31.095 Thread 'MainThread': missing ScriptRunContext! This warning can be ignored when running in bare mode.
2026-10-01 22:04:31.100 Thread 'MainThread': missing ScriptRunContext! This warning can be ignored when running in bare mode.
2026-10-01 22:04:31.104 Thread 'MainThread': missing ScriptRunContext! This warning can be ignored when running in bare mode.
2026-10-01 22:04:31.108 Thread 'MainThread': missing ScriptRunContext! This warning can be ignored when running in bare mode.
2026-10-01 22:04:31.112 Thread 'MainThread': missing ScriptRunContext! This warning can be ignored when running in bare mode.
2026-10-01 22:04:31.117 Thread 'MainThread': missing ScriptRunContext! This warning can be ignored when running in bare mode.
2026-10-01 22:04:31.121 Thread 'MainThread': missing ScriptRunContext! This warning can be ignored when running in bare mode.
2026-10-01 22:04:31.125 Thread 'MainThread': missing ScriptRunContext! This warning can be ignored when running in bare mode.
2026-10-01 22:04:31.130 Thread 'MainThread': missing ScriptRunContext! This warning can be ignored when running in bare mode.
2026-10-01 22:04:31.134 Thread 'MainThread': missing ScriptRunContext! This warning can be ignored when running in bare mode.
2026-10-01 22:04:31.138 Thread 'MainThread': missing ScriptRunContext! This warning can be ignored when running in bare mode.
2026-10-01 22:04:31.143 Thread 'MainThread': missing ScriptRunContext! This warning can be ignored when running in bare mode.
2026-10-01 22:04:31.147 Thread 'MainThread': missing ScriptRunContext! This warning can be ignored when running in bare mode.
2026-10-01 22:04:31.151 Thread 'MainThread': missing ScriptRunContext! This warning can be ignored when running in bare mode.
2026-10-01 22:04:31.158 Thread 'MainThread': missing ScriptRunContext! This warning can be ignored when running in bare mode.
2026-10-01 22:04:31.163 Thread 'MainThread': missing ScriptRunContext! This warning can be ignored when running in bare mode.
2026-10-01 22:04:31.168 Thread 'MainThread': missing ScriptRunContext! This warning can be ignored when running in bare mode.
2026-10-01 22:04:31.173 Thread 'MainThread': missing ScriptRunContext! This warning can be ignored when running in bare mode.
2026-10-01 22:04:31.180 Thread 'MainThread': missing ScriptRunContext! This warning can be ignored when running in bare mode.
2026-10-01 22:04:31.185 Thread 'MainThread': missing ScriptRunContext! This warning can be ignored when running in bare mode.
2026-10-01 22:04:31.190 Thread 'MainThread': missing ScriptRunContext! This warning can be ignored when running in bare mode.
2026-10-01 22:04:31.195 Thread 'MainThread': missing ScriptRunContext! This warning can be ignored when running in bare mode.
2026-10-01 22:04:31.200 Thread 'MainThread': missing ScriptRunContext! This warning can be ignored when running in bare mode.
2026-10-01 22:04:31.206 Thread 'MainThread': missing ScriptRunContext! This warning can be ignored when running in bare mode.
2026-10-01 22:04:31.214 Thread 'MainThread': missing ScriptRunContext! This warning can be ignored when running in bare mode.
2026-10-01 22:04:31.220 Thread 'MainThread': missing ScriptRunContext! This warning can be ignored when running in bare mode.
2026-10-01 22:04:31.224 Thread 'MainThread': missing ScriptRunContext! This warning can be ignored when running in bare mode.
2026-10-01 22:04:31.229 Thread 'MainThread': missing ScriptRunContext! This warning can be ignored when running in bare mode.
2026-10-01 22:04:31.236 Thread 'MainThread': missing ScriptRunContext! This warning can be ignored when running in bare mode.
2026-10-01 22:04:31.243 Thread 'MainThread': missing ScriptRunContext! This warning can be ignored when running in bare mode.
2026-10-01 22:04:31.249 Thread 'MainThread': missing ScriptRunContext! This warning can be ignored when running in bare mode.
2026-10-01 22:04:31.255 Thread 'MainThread': missing ScriptRunContext! This warning can be ignored when running in bare mode.
2026-10-01 22:04:31.259 Thread 'MainThread': missing ScriptRunContext! This warning can be ignored when running in bare mode.
2026-10-01 22:04:31.264 Thread 'MainThread': missing ScriptRunContext! This warning can be ignored when running in bare mode.
2026-10-01 22:04:31.270 Thread 'MainThread': missing ScriptRunContext! This warning can be ignored when running in bare mode.
2026-10-01 22:04:31.273 Thread 'MainThread': missing ScriptRunContext! This warning can be ignored when running in bare mode.
2026-10-01 22:04:31.278 Thread 'MainThread': missing ScriptRunContext! This warning can be ignored when running in bare mode.
2026-10-01 22:04:31.283 Thread 'MainThread': missing ScriptRunContext! This warning can be ignored when running in bare mode.
2026-10-01 22:04:31.288 Thread 'MainThread': missing ScriptRunContext! This warning can be ignored when running in bare mode.
2026-10-01 22:04:31.292 Thread 'MainThread': missing ScriptRunContext! This warning can be ignored when running in bare mode.
2026-10-01 22:04:31.296 Thread 'MainThread': missing ScriptRunContext! This warning can be ignored when running in bare mode.
2026-10-01 22:04:31.299 Thread 'MainThread': missing ScriptRunContext! This warning can be ignored when running in bare mode.
2026-10-01 22:04:31.303 Thread 'MainThread': missing ScriptRunContext! This warning can be ignored when running in bare mode.
2026-10-01 22:04:31.306 Thread 'MainThread': missing ScriptRunContext! This warning can be ignored when running in bare mode.
2026-10-01 22:04:31.310 Thread 'MainThread': missing ScriptRunContext! This warning can be ignored when running in bare mode.
2026-10-01 22:04:31.313 Thread 'MainThread': missing ScriptRunContext! This warning can be ignored when running in bare mode.
2026-10-01 22:04:31.316 Thread 'MainThread': missing ScriptRunContext! This warning can be ignored when running in bare mode.
2026-10-01 22:04:31.319 Thread 'MainThread': missing ScriptRunContext! This warning can be ignored when running in bare mode.
2026-10-01 22:04:31.323 Thread 'MainThread': missing ScriptRunContext! This warning can be ignored when running in bare mode.
2026-10-01 22:04:31.327 Thread 'MainThread': missing ScriptRunContext! This warning can be ignored when running in bare mode.
2026-10-01 22:04:31.330 Thread 'MainThread': missing ScriptRunContext! This warning can be ignored when running in bare mode.
2026-10-01 22:04:31.333 Thread 'MainThread': missing ScriptRunContext! This warning can be ignored when running in bare mode.
2026-10-01 22:04:31.336 Thread 'MainThread': missing ScriptRunContext! This warning can be ignored when running in bare mode.
2026-10-01 22:04:31.339 Thread 'MainThread': missing ScriptRunContext! This warning can be ignored when running in bare mode.
2026-10-01 22:04:31.345 Thread 'MainThread': missing ScriptRunContext! This warning can be ignored when running in bare mode.
2026-10-01 22:04:31.348 Thread 'MainThread': missing ScriptRunContext! This warning can be ignored when running in bare mode.
2026-10-01 22:04:31.352 Thread 'MainThread': missing ScriptRunContext! This warning can be ignored when running in bare mode.
2026-10-01 22:04:31.360 Thread 'MainThread': missing ScriptRunContext! This warning can be ignored when running in bare mode.
2026-10-01 22:04:31.365 Thread 'MainThread': missing ScriptRunContext! This warning can be ignored when running in bare mode.
2026-10-01 22:04:31.370 Thread 'MainThread': missing ScriptRunContext! This warning can be ignored when running in bare mode.
2026-10-01 22:04:31.374 Thread 'MainThread': missing ScriptRunContext! This warning can be ignored when running in bare mode.
2026-10-01 22:04:31.379 Thread 'MainThread': missing ScriptRunContext! This warning can be ignored when running in bare mode.
2026-10-01 22:04:31.384 Thread 'MainThread': missing ScriptRunContext! This warning can be ignored when running in bare mode.
2026-10-01 22:04:31.388 Thread 'MainThread': missing ScriptRunContext! This warning can be ignored when running in bare mode.
2026-10-01 22:04:31.391 Thread 'MainThread': missing ScriptRunContext! This warning can be ignored when running in bare mode.
2026-10-01 22:04:31.395 Thread 'MainThread': missing ScriptRunContext! This warning can be ignored when running in bare mode.
2026-10-01 22:04:31.400 Thread 'MainThread': missing ScriptRunContext! This warning can be ignored when running in bare mode.
2026-10-01 22:04:31.403 Thread 'MainThread': missing ScriptRunContext! This warning can be ignored when running in bare mode.
2026-10-01 22:04:31.406 Thread 'MainThread': missing ScriptRunContext! This warning can be ignored when running in bare mode.
2026-10-01 22:04:31.411 Thread 'MainThread': missing ScriptRunContext! This warning can be ignored when running in bare mode.
2026-10-01 22:04:31.414 Thread 'MainThread': missing ScriptRunContext! This warning can be ignored when running in bare mode.
2026-10-01 22:04:31.419 Thread 'MainThread': missing ScriptRunContext! This warning can be ignored when running in bare mode.
2026-10-01 22:04:31.423 Thread 'MainThread': missing ScriptRunContext! This warning can be ignored when running in bare mode.
2026-10-01 22:04:31.426 Thread 'MainThread': missing ScriptRunContext! This warning can be ignored when running in bare mode.
2026-10-01 22:04:31.429 Thread 'MainThread': missing ScriptRunContext! This warning can be ignored when running in bare mode.
2026-10-01 22:04:31.432 Thread 'MainThread': missing ScriptRunContext! This warning can be ignored when running in bare mode.
2026-10-01 22:04:31.435 Thread 'MainThread': missing ScriptRunContext! This warning can be ignored when running in bare mode.
2026-10-01 22:04:31.438 Thread 'MainThread': missing ScriptRunContext! This warning can be ignored when running in bare mode.
2026-10-01 22:04:31.441 Thread 'MainThread': missing ScriptRunContext! This warning can be ignored when running in bare mode.
2026-10-01 22:04:31.444 Thread 'MainThread': missing ScriptRunContext! This warning can be ignored when running in bare mode.
2026-10-01 22:04:31.447 Thread 'MainThread': missing ScriptRunContext! This warning can be ignored when running in bare mode.
2026-10-01 22:04:31.450 Thread 'MainThread': missing ScriptRunContext! This warning can be ignored when running in bare mode.
2026-10-01 22:04:31.452 Thread 'MainThread': missing ScriptRunContext! This warning can be ignored when running in bare mode.
2026-10-01 22:04:31.455 Thread 'MainThread': missing ScriptRunContext! This warning can be ignored when running in bare mode.
2026-10-01 22:04:31.459 Thread 'MainThread': missing ScriptRunContext! This warning can be ignored when running in bare mode.
2026-10-01 22:04:31.462 Thread 'MainThread': missing ScriptRunContext! This warning can be ignored when running in bare mode.
2026-10-01 22:04:31.465 Thread 'MainThread': missing ScriptRunContext! This warning can be ignored when running in bare mode.
2026-10-01 22:04:31.468 Thread 'MainThread': missing ScriptRunContext! This warning can be ignored when running in bare mode.
2026-10-01 22:04:31.472 Thread 'MainThread': missing ScriptRunContext! This warning can be ignored when running in bare mode.
2026-10-01 22:04:31.475 Thread 'MainThread': missing ScriptRunContext! This warning can be ignored when running in bare mode.
2026-10-01 22:04:31.480 Thread 'MainThread': missing ScriptRunContext! This warning can be ignored when running in bare mode.
2026-10-01 22:04:31.485 Thread 'MainThread': missing ScriptRunContext! This warning can be ignored when running in bare mode.
2026-10-01 22:04:31.490 Thread 'MainThread': missing ScriptRunContext! This warning can be ignored when running in bare mode.
2026-10-01 22:04:31.494 Thread 'MainThread': missing ScriptRunContext! This warning can be ignored when running in bare mode.
2026-10-01 22:04:31.497 Thread 'MainThread': missing ScriptRunContext! This warning can be ignored when running in bare mode.
2026-10-01 22:04:31.500 Thread 'MainThread': missing ScriptRunContext! This warning can be ignored when running in bare mode.
2026-10-01 22:04:31.503 Thread 'MainThread': missing ScriptRunContext! This warning can be ignored when running in bare mode.
2026-10-01 22:04:31.506 Thread 'MainThread': missing ScriptRunContext! This warning can be ignored when running in bare mode.
2026-10-01 22:04:31.509 Thread 'MainThread': missing ScriptRunContext! This warning can be ignored when running in bare mode.
2026-10-01 22:04:31.512 Thread 'MainThread': missing ScriptRunContext! This warning can be ignored when running in bare mode.
2026-10-01 22:04:31.516 Thread 'MainThread': missing ScriptRunContext! This warning can be ignored when running in bare mode.
2026-10-01 22:04:31.524 Thread 'MainThread': missing ScriptRunContext! This warning can be ignored when running in bare mode.
2026-10-01 22:04:31.528 Thread 'MainThread': missing ScriptRunContext! This warning can be ignored when running in bare mode.
2026-10-01 22:04:31.532 Thread 'MainThread': missing ScriptRunContext! This warning can be ignored when running in bare mode.
2026-10-01 22:04:31.536 Thread 'MainThread': missing ScriptRunContext! This warning can be ignored when running in bare mode.
2026-10-01 22:04:31.538 Thread 'MainThread': missing ScriptRunContext! This warning can be ignored when running in bare mode.
2026-10-01 22:04:31.541 Thread 'MainThread': missing ScriptRunContext! This warning can be ignored when running in bare mode.
2026-10-01 22:04:31.544 Thread 'MainThread': missing ScriptRunContext! This warning can be ignored when running in bare mode.
2026-10-01 22:04:31.546 Thread 'MainThread': missing ScriptRunContext! This warning can be ignored when running in bare mode.
2026-10-01 22:04:31.549 Thread 'MainThread': missing ScriptRunContext! This warning can be ignored when running in bare mode.
2026-10-01 22:04:31.552 Thread 'MainThread': missing ScriptRunContext! This warning can be ignored when running in bare mode.
2026-10-01 22:04:31.554 Thread 'MainThread': missing ScriptRunContext! This warning can be ignored when running in bare mode.
2026-10-01 22:04:31.557 Thread 'MainThread': missing ScriptRunContext! This warning can be ignored when running in bare mode.
2026-10-01 22:04:31.706 Thread 'MainThread': missing ScriptRunContext! This warning can be ignored when running in bare mode.
2026-10-01 22:04:31.707 Thread 'MainThread': missing ScriptRunContext! This warning can be ignored when running in bare mode.
2026-10-01 22:04:31.707 Thread 'MainThread': missing ScriptRunContext! This warning can be ignored when running in bare mode.
2026-10-01 22:04:31.707 Thread 'MainThread': missing ScriptRunContext! This warning can be ignored when running in bare mode.
2026-10-01 22:04:31.807 Thread 'MainThread': missing ScriptRunContext! This warning can be ignored when running in bare mode.
2026-10-01 22:04:31.822 Thread 'MainThread': missing ScriptRunContext! This warning can be ignored when running in bare mode.
2026-10-01 22:04:31.825 Thread 'MainThread': missing ScriptRunContext! This warning can be ignored when running in bare mode.
2026-10-01 22:04:31.827 Thread 'MainThread': missing ScriptRunContext! This warning can be ignored when running in bare mode.
2026-10-01 22:04:31.829 Thread 'MainThread': missing ScriptRunContext! This warning can be ignored when running in bare mode.
2026-10-01 22:04:31.831 Thread 'MainThread': missing ScriptRunContext! This warning can be ignored when running in bare mode.
2026-10-01 22:04:31.833 Thread 'MainThread': missing ScriptRunContext! This warning can be ignored when running in bare mode.
2026-10-01 22:04:31.835 Thread 'MainThread': missing ScriptRunContext! This warning can be ignored when running in bare mode.
2026-10-01 22:04:31.837 Thread 'MainThread': missing ScriptRunContext! This warning can be ignored when running in bare mode.
2026-10-01 22:04:31.839 Thread 'MainThread': missing ScriptRunContext! This warning can be ignored when running in bare mode.
2026-10-01 22:04:31.842 Thread 'MainThread': missing ScriptRunContext! This warning can be ignored when running in bare mode.
2026-10-01 22:04:31.844 Thread 'MainThread': missing ScriptRunContext! This warning can be ignored when running in bare mode.
2026-10-01 22:04:31.846 Thread 'MainThread': missing ScriptRunContext! This warning can be ignored when running in bare mode.
2026-10-01 22:04:31.848 Thread 'MainThread': missing ScriptRunContext! This warning can be ignored when running in bare mode.
2026-10-01 22:04:31.850 Thread 'MainThread': missing ScriptRunContext! This warning can be ignored when running in bare mode.
2026-10-01 22:04:31.852 Thread 'MainThread': missing ScriptRunContext! This warning can be ignored when running in bare mode.
2026-10-01 22:04:31.854 Thread 'MainThread': missing ScriptRunContext! This warning can be ignored when running in bare mode.
2026-10-01 22:04:31.856 Thread 'MainThread': missing ScriptRunContext! This warning can be ignored when running in bare mode.
2026-10-01 22:04:31.859 Thread 'MainThread': missing ScriptRunContext! This warning can be ignored when running in bare mode.
2026-10-01 22:04:31.862 Thread 'MainThread': missing ScriptRunContext! This warning can be ignored when running in bare mode.
2026-10-01 22:04:31.864 Thread 'MainThread': missing ScriptRunContext! This warning can be ignored when running in bare mode.
2026-10-01 22:04:31.867 Thread 'MainThread': missing ScriptRunContext! This warning can be ignored when running in bare mode.
2026-10-01 22:04:31.869 Thread 'MainThread': missing ScriptRunContext! This warning can be ignored when running in bare mode.
2026-10-01 22:04:31.871 Thread 'MainThread': missing ScriptRunContext! This warning can be ignored when running in bare mode.
2026-10-01 22:04:31.873 Thread 'MainThread': missing ScriptRunContext! This warning can be ignored when running in bare mode.
2026-10-01 22:04:31.876 Thread 'MainThread': missing ScriptRunContext! This warning can be ignored when running in bare mode.
2026-10-01 22:04:31.878 Thread 'MainThread': missing ScriptRunContext! This warning can be ignored when running in bare mode.
2026-10-01 22:04:31.880 Thread 'MainThread': missing ScriptRunContext! This warning can be ignored when running in bare mode.
2026-10-01 22:04:31.883 Thread 'MainThread': missing ScriptRunContext! This warning can be ignored when running in bare mode.
2026-10-01 22:04:31.885 Thread 'MainThread': missing ScriptRunContext! This warning can be ignored when running in bare mode.
2026-10-01 22:04:31.887 Thread 'MainThread': missing ScriptRunContext! This warning can be ignored when running in bare mode.
2026-10-01 22:04:31.889 Thread 'MainThread': missing ScriptRunContext! This warning can be ignored when running in bare mode.
2026-10-01 22:04:31.895 Thread 'MainThread': missing ScriptRunContext! This warning can be ignored when running in bare mode.
2026-10-01 22:04:31.897 Thread 'MainThread': missing ScriptRunContext! This warning can be ignored when running in bare mode.
2026-10-01 22:04:31.900 Thread 'MainThread': missing ScriptRunContext! This warning can be ignored when running in bare mode.
2026-10-01 22:04:31.902 Thread 'MainThread': missing ScriptRunContext! This warning can be ignored when running in bare mode.
2026-10-01 22:04:31.904 Thread 'MainThread': missing ScriptRunContext! This warning can be ignored when running in bare mode.
2026-10-01 22:04:31.906 Thread 'MainThread': missing ScriptRunContext! This warning can be ignored when running in bare mode.
2026-10-01 22:04:31.910 Thread 'MainThread': missing ScriptRunContext! This warning can be ignored when running in bare mode.
2026-10-01 22:04:31.914 Thread 'MainThread': missing ScriptRunContext! This warning can be ignored when running in bare mode.
2026-10-01 22:04:31.918 Thread 'MainThread': missing ScriptRunContext! This warning can be ignored when running in bare mode.
2026-10-01 22:04:31.922 Thread 'MainThread': missing ScriptRunContext! This warning can be ignored when running in bare mode.
2026-10-01 22:04:31.926 Thread 'MainThread': missing ScriptRunContext! This warning can be ignored when running in bare mode.
2026-10-01 22:04:31.929 Thread 'MainThread': missing ScriptRunContext! This warning can be ignored when running in bare mode.
2026-10-01 22:04:31.931 Thread 'MainThread': missing ScriptRunContext! This warning can be ignored when running in bare mode.
2026-10-01 22:04:31.934 Thread 'MainThread': missing ScriptRunContext! This warning can be ignored when running in bare mode.
2026-10-01 22:04:31.936 Thread 'MainThread': missing ScriptRunContext! This warning can be ignored when running in bare mode.
2026-10-01 22:04:31.939 Thread 'MainThread': missing ScriptRunContext! This warning can be ignored when running in bare mode.
2026-10-01 22:04:31.942 Thread 'MainThread': missing ScriptRunContext! This warning can be ignored when running in bare mode.
2026-10-01 22:04:31.945 Thread 'MainThread': missing ScriptRunContext! This warning can be ignored when running in bare mode.
2026-10-01 22:04:31.948 Thread 'MainThread': missing ScriptRunContext! This warning can be ignored when running in bare mode.
2026-10-01 22:04:31.950 Thread 'MainThread': missing ScriptRunContext! This warning can be ignored when running in bare mode.
2026-10-01 22:04:31.953 Thread 'MainThread': missing ScriptRunContext! This warning can be ignored when running in bare mode.
2026-10-01 22:04:31.955 Thread 'MainThread': missing ScriptRunContext! This warning can be ignored when running in bare mode.
2026-10-01 22:04:31.958 Thread 'MainThread': missing ScriptRunContext! This warning can be ignored when running in bare mode.
2026-10-01 22:04:31.960 Thread 'MainThread': missing ScriptRunContext! This warning can be ignored when running in bare mode.
2026-10-01 22:04:31.963 Thread 'MainThread': missing ScriptRunContext! This warning can be ignored when running in bare mode.
2026-10-01 22:04:31.966 Thread 'MainThread': missing ScriptRunContext! This warning can be ignored when running in bare mode.
2026-10-01 22:04:31.968 Thread 'MainThread': missing ScriptRunContext! This warning can be ignored when running in bare mode.
2026-10-01 22:04:31.971 Thread 'MainThread': missing ScriptRunContext! This warning can be ignored when running in bare mode.
2026-10-01 22:04:31.973 Thread 'MainThread': missing ScriptRunContext! This warning can be ignored when running in bare mode.
2026-10-01 22:04:31.976 Thread 'MainThread': missing ScriptRunContext! This warning can be ignored when running in bare mode.
2026-10-01 22:04:31.979 Thread 'MainThread': missing ScriptRunContext! This warning can be ignored when running in bare mode.
2026-10-01 22:04:31.982 Thread 'MainThread': missing ScriptRunContext! This warning can be ignored when running in bare mode.
2026-10-01 22:04:31.985 Thread 'MainThread': missing ScriptRunContext! This warning can be ignored when running in bare mode.
2026-10-01 22:04:31.988 Thread 'MainThread': missing ScriptRunContext! This warning can be ignored when running in bare mode.
2026-10-01 22:04:31.990 Thread 'MainThread': missing ScriptRunContext! This warning can be ignored when running in bare mode.
2026-10-01 22:04:31.994 Thread 'MainThread': missing ScriptRunContext! This warning can be ignored when running in bare mode.
2026-10-01 22:04:31.998 Thread 'MainThread': missing ScriptRunContext! This warning can be ignored when running in bare mode.
2026-10-01 22:04:32.001 Thread 'MainThread': missing ScriptRunContext! This warning can be ignored when running in bare mode.
2026-10-01 22:04:32.004 Thread 'MainThread': missing ScriptRunContext! This warning can be ignored when running in bare mode.
2026-10-01 22:04:32.007 Thread 'MainThread': missing ScriptRunContext! This warning can be ignored when running in bare mode.
2026-10-01 22:04:32.011 Thread 'MainThread': missing ScriptRunContext! This warning can be ignored when running in bare mode.
2026-10-01 22:04:32.014 Thread 'MainThread': missing ScriptRunContext! This warning can be ignored when running in bare mode.
2026-10-01 22:04:32.017 Thread 'MainThread': missing ScriptRunContext! This warning can be ignored when running in bare mode.
2026-10-01 22:04:32.020 Thread 'MainThread': missing ScriptRunContext! This warning can be ignored when running in bare mode.
2026-10-01 22:04:32.023 Thread 'MainThread': missing ScriptRunContext! This warning can be ignored when running in bare mode.
2026-10-01 22:04:32.026 Thread 'MainThread': missing ScriptRunContext! This warning can be ignored when running in bare mode.
2026-10-01 22:04:32.028 Thread 'MainThread': missing ScriptRunContext! This warning can be ignored when running in bare mode.
2026-10-01 22:04:32.031 Thread 'MainThread': missing ScriptRunContext! This warning can be ignored when running in bare mode.
2026-10-01 22:04:32.034 Thread 'MainThread': missing ScriptRunContext! This warning can be ignored when running in bare mode.
2026-10-01 22:04:32.037 Thread 'MainThread': missing ScriptRunContext! This warning can be ignored when running in bare mode.
2026-10-01 22:04:32.040 Thread 'MainThread': missing ScriptRunContext! This warning can be ignored when running in bare mode.
2026-10-01 22:04:32.043 Thread 'MainThread': missing ScriptRunContext! This warning can be ignored when running in bare mode.
2026-10-01 22:04:32.046 Thread 'MainThread': missing ScriptRunContext! This warning can be ignored when running in bare mode.
2026-10-01 22:04:32.049 Thread 'MainThread': missing ScriptRunContext! This warning can be ignored when running in bare mode.
2026-10-01 22:04:32.052 Thread 'MainThread': missing ScriptRunContext! This warning can be ignored when running in bare mode.
2026-10-01 22:04:32.055 Thread 'MainThread': missing ScriptRunContext! This warning can be ignored when running in bare mode.
2026-10-01 22:04:32.058 Thread 'MainThread': missing ScriptRunContext! This warning can be ignored when running in bare mode.
2026-10-01 22:04:32.061 Thread 'MainThread': missing ScriptRunContext! This warning can be ignored when running in bare mode.
2026-10-01 22:04:32.065 Thread 'MainThread': missing ScriptRunContext! This warning can be ignored when running in bare mode.
2026-10-01 22:04:32.068 Thread 'MainThread': missing ScriptRunContext! This warning can be ignored when running in bare mode.
2026-10-01 22:04:32.071 Thread 'MainThread': missing ScriptRunContext! This warning can be ignored when running in bare mode.
2026-10-01 22:04:32.075 Thread 'MainThread': missing ScriptRunContext! This warning can be ignored when running in bare mode.
2026-10-01 22:04:32.079 Thread 'MainThread': missing ScriptRunContext! This warning can be ignored when running in bare mode.
2026-10-01 22:04:32.082 Thread 'MainThread': missing ScriptRunContext! This warning can be ignored when running in bare mode.
2026-10-01 22:04:32.089 Thread 'MainThread': missing ScriptRunContext! This warning can be ignored when running in bare mode.
2026-10-01 22:04:32.097 Thread 'MainThread': missing ScriptRunContext! This warning can be ignored when running in bare mode.
2026-10-01 22:04:32.104 Thread 'MainThread': missing ScriptRunContext! This warning can be ignored when running in bare mode.
2026-10-01 22:04:32.109 Thread 'MainThread': missing ScriptRunContext! This warning can be ignored when running in bare mode.
2026-10-01 22:04:32.113 Thread 'MainThread': missing ScriptRunContext! This warning can be ignored when running in bare mode.
2026-10-01 22:04:32.118 Thread 'MainThread': missing ScriptRunContext! This warning can be ignored when running in bare mode.
2026-10-01 22:04:32.124 Thread 'MainThread': missing ScriptRunContext! This warning can be ignored when running in bare mode.
2026-10-01 22:04:32.130 Thread 'MainThread': missing ScriptRunContext! This warning can be ignored when running in bare mode.
2026-10-01 22:04:32.136 Thread 'MainThread': missing ScriptRunContext! This warning can be ignored when running in bare mode.
2026-10-01 22:04:32.141 Thread 'MainThread': missing ScriptRunContext! This warning can be ignored when running in bare mode.
2026-10-01 22:04:32.147 Thread 'MainThread': missing ScriptRunContext! This warning can be ignored when running in bare mode.
2026-10-01 22:04:32.150 Thread 'MainThread': missing ScriptRunContext! This warning can be ignored when running in bare mode.
2026-10-01 22:04:32.153 Thread 'MainThread': missing ScriptRunContext! This warning can be ignored when running in bare mode.
2026-10-01 22:04:32.157 Thread 'MainThread': missing ScriptRunContext! This warning can be ignored when running in bare mode.
2026-10-01 22:04:32.161 Thread 'MainThread': missing ScriptRunContext! This warning can be ignored when running in bare mode.
2026-10-01 22:04:32.168 Thread 'MainThread': missing ScriptRunContext! This warning can be ignored when running in bare mode.
2026-10-01 22:04:32.172 Thread 'MainThread': missing ScriptRunContext! This warning can be ignored when running in bare mode.
2026-10-01 22:04:32.177 Thread 'MainThread': missing ScriptRunContext! This warning can be ignored when running in bare mode.
2026-10-01 22:04:32.181 Thread 'MainThread': missing ScriptRunContext! This warning can be ignored when running in bare mode.
2026-10-01 22:04:32.186 Thread 'MainThread': missing ScriptRunContext! This warning can be ignored when running in bare mode.
2026-10-01 22:04:32.190 Thread 'MainThread': missing ScriptRunContext! This warning can be ignored when running in bare mode.
2026-10-01 22:04:32.196 Thread 'MainThread': missing ScriptRunContext! This warning can be ignored when running in bare mode.
2026-10-01 22:04:32.201 Thread 'MainThread': missing ScriptRunContext! This warning can be ignored when running in bare mode.
2026-10-01 22:04:32.204 Thread 'MainThread': missing ScriptRunContext! This warning can be ignored when running in bare mode.
2026-10-01 22:04:32.210 Thread 'MainThread': missing ScriptRunContext! This warning can be ignored when running in bare mode.
2026-10-01 22:04:32.217 Thread 'MainThread': missing ScriptRunContext! This warning can be ignored when running in bare mode.
2026-10-01 22:04:32.522 Thread 'MainThread': missing ScriptRunContext! This warning can be ignored when running in bare mode.
2026-10-01 22:04:32.522 Thread 'MainThread': missing ScriptRunContext! This warning can be ignored when running in bare mode.
2026-10-01 22:04:32.522 Thread 'MainThread': missing ScriptRunContext! This warning can be ignored when running in bare mode.
2026-10-01 22:04:32.522 Thread 'MainThread': missing ScriptRunContext! This warning can be ignored when running in bare mode.
2026-10-01 22:04:32.652 Thread 'MainThread': missing ScriptRunContext! This warning can be ignored when running in bare mode.
2026-10-01 22:04:32.669 Thread 'MainThread': missing ScriptRunContext! This warning can be ignored when running in bare mode.
2026-10-01 22:04:32.671 Thread 'MainThread': missing ScriptRunContext! This warning can be ignored when running in bare mode.
2026-10-01 22:04:32.673 Thread 'MainThread': missing ScriptRunContext! This warning can be ignored when running in bare mode.
2026-10-01 22:04:32.675 Thread 'MainThread': missing ScriptRunContext! This warning can be ignored when running in bare mode.
2026-10-01 22:04:32.676 Thread 'MainThread': missing ScriptRunContext! This warning can be ignored when running in bare mode.
2026-10-01 22:04:32.678 Thread 'MainThread': missing ScriptRunContext! This warning can be ignored when running in bare mode.
2026-10-01 22:04:32.679 Thread 'MainThread': missing ScriptRunContext! This warning can be ignored when running in bare mode.
2026-10-01 22:04:32.681 Thread 'MainThread': missing ScriptRunContext! This warning can be ignored when running in bare mode.
2026-10-01 22:04:32.683 Thread 'MainThread': missing ScriptRunContext! This warning can be ignored when running in bare mode.
2026-10-01 22:04:32.684 Thread 'MainThread': missing ScriptRunContext! This warning can be ignored when running in bare mode.
2026-10-01 22:04:32.685 Thread 'MainThread': missing ScriptRunContext! This warning can be ignored when running in bare mode.
2026-10-01 22:04:32.687 Thread 'MainThread': missing ScriptRunContext! This warning can be ignored when running in bare mode.
2026-10-01 22:04:32.688 Thread 'MainThread': missing ScriptRunContext! This warning can be ignored when running in bare mode.
2026-10-01 22:04:32.690 Thread 'MainThread': missing ScriptRunContext! This warning can be ignored when running in bare mode.
2026-10-01 22:04:32.692 Thread 'MainThread': missing ScriptRunContext! This warning can be ignored when running in bare mode.
2026-10-01 22:04:32.694 Thread 'MainThread': missing ScriptRunContext! This warning can be ignored when running in bare mode.
2026-10-01 22:04:32.695 Thread 'MainThread': missing ScriptRunContext! This warning can be ignored when running in bare mode.
2026-10-01 22:04:32.697 Thread 'MainThread': missing ScriptRunContext! This warning can be ignored when running in bare mode.
2026-10-01 22:04:32.699 Thread 'MainThread': missing ScriptRunContext! This warning can be ignored when running in bare mode.
2026-10-01 22:04:32.701 Thread 'MainThread': missing ScriptRunContext! This warning can be ignored when running in bare mode.
2026-10-01 22:04:32.703 Thread 'MainThread': missing ScriptRunContext! This warning can be ignored when running in bare mode.
2026-10-01 22:04:32.705 Thread 'MainThread': missing ScriptRunContext! This warning can be ignored when running in bare mode.
2026-10-01 22:04:32.708 Thread 'MainThread': missing ScriptRunContext! This warning can be ignored when running in bare mode.
2026-10-01 22:04:32.711 Thread 'MainThread': missing ScriptRunContext! This warning can be ignored when running in bare mode.
2026-10-01 22:04:32.714 Thread 'MainThread': missing ScriptRunContext! This warning can be ignored when running in bare mode.
2026-10-01 22:04:32.716 Thread 'MainThread': missing ScriptRunContext! This warning can be ignored when running in bare mode.
2026-10-01 22:04:32.718 Thread 'MainThread': missing ScriptRunContext! This warning can be ignored when running in bare mode.
2026-10-01 22:04:32.720 Thread 'MainThread': missing ScriptRunContext! This warning can be ignored when running in bare mode.
2026-10-01 22:04:32.722 Thread 'MainThread': missing ScriptRunContext! This warning can be ignored when running in bare mode.
2026-10-01 22:04:32.724 Thread 'MainThread': missing ScriptRunContext! This warning can be ignored when running in bare mode.
2026-10-01 22:04:32.727 Thread 'MainThread': missing ScriptRunContext! This warning can be ignored when running in bare mode.
2026-10-01 22:04:32.731 Thread 'MainThread': missing ScriptRunContext! This warning can be ignored when running in bare mode.
2026-10-01 22:04:32.734 Thread 'MainThread': missing ScriptRunContext! This warning can be ignored when running in bare mode.
2026-10-01 22:04:32.737 Thread 'MainThread': missing ScriptRunContext! This warning can be ignored when running in bare mode.
2026-10-01 22:04:32.739 Thread 'MainThread': missing ScriptRunContext! This warning can be ignored when running in bare mode.
2026-10-01 22:04:32.741 Thread 'MainThread': missing ScriptRunContext! This warning can be ignored when running in bare mode.
2026-10-01 22:04:32.743 Thread 'MainThread': missing ScriptRunContext! This warning can be ignored when running in bare mode.
2026-10-01 22:04:32.745 Thread 'MainThread': missing ScriptRunContext! This warning can be ignored when running in bare mode.
2026-10-01 22:04:32.747 Thread 'MainThread': missing ScriptRunContext! This warning can be ignored when running in bare mode.
2026-10-01 22:04:32.749 Thread 'MainThread': missing ScriptRunContext! This warning can be ignored when running in bare mode.
2026-10-01 22:04:32.751 Thread 'MainThread': missing ScriptRunContext! This warning can be ignored when running in bare mode.
2026-10-01 22:04:32.753 Thread 'MainThread': missing ScriptRunContext! This warning can be ignored when running in bare mode.
2026-10-01 22:04:32.754 Thread 'MainThread': missing ScriptRunContext! This warning can be ignored when running in bare mode.
2026-10-01 22:04:32.756 Thread 'MainThread': missing ScriptRunContext! This warning can be ignored when running in bare mode.
2026-10-01 22:04:32.759 Thread 'MainThread': missing ScriptRunContext! This warning can be ignored when running in bare mode.
2026-10-01 22:04:32.760 Thread 'MainThread': missing ScriptRunContext! This warning can be ignored when running in bare mode.
2026-10-01 22:04:32.762 Thread 'MainThread': missing ScriptRunContext! This warning can be ignored when running in bare mode.
2026-10-01 22:04:32.764 Thread 'MainThread': missing ScriptRunContext! This warning can be ignored when running in bare mode.
2026-10-01 22:04:32.766 Thread 'MainThread': missing ScriptRunContext! This warning can be ignored when running in bare mode.
2026-10-01 22:04:32.767 Thread 'MainThread': missing ScriptRunContext! This warning can be ignored when running in bare mode.
2026-10-01 22:04:32.769 Thread 'MainThread': missing ScriptRunContext! This warning can be ignored when running in bare mode.
2026-10-01 22:04:32.771 Thread 'MainThread': missing ScriptRunContext! This warning can be ignored when running in bare mode.
2026-10-01 22:04:32.773 Thread 'MainThread': missing ScriptRunContext! This warning can be ignored when running in bare mode.
2026-10-01 22:04:32.774 Thread 'MainThread': missing ScriptRunContext! This warning can be ignored when running in bare mode.
2026-10-01 22:04:32.776 Thread 'MainThread': missing ScriptRunContext! This warning can be ignored when running in bare mode.
2026-10-01 22:04:32.778 Thread 'MainThread': missing ScriptRunContext! This warning can be ignored when running in bare mode.
2026-10-01 22:04:32.780 Thread 'MainThread': missing ScriptRunContext! This warning can be ignored when running in bare mode.
2026-10-01 22:04:32.782 Thread 'MainThread': missing ScriptRunContext! This warning can be ignored when running in bare mode.
2026-10-01 22:04:32.783 Thread 'MainThread': missing ScriptRunContext! This warning can be ignored when running in bare mode.
2026-10-01 22:04:32.785 Thread 'MainThread': missing ScriptRunContext! This warning can be ignored when running in bare mode.
2026-10-01 22:04:32.786 Thread 'MainThread': missing ScriptRunContext! This warning can be ignored when running in bare mode.
2026-10-01 22:04:32.788 Thread 'MainThread': missing ScriptRunContext! This warning can be ignored when running in bare mode.
2026-10-01 22:04:32.790 Thread 'MainThread': missing ScriptRunContext! This warning can be ignored when running in bare mode.
2026-10-01 22:04:32.792 Thread 'MainThread': missing ScriptRunContext! This warning can be ignored when running in bare mode.
2026-10-01 22:04:32.794 Thread 'MainThread': missing ScriptRunContext! This warning can be ignored when running in bare mode.
2026-10-01 22:04:32.796 Thread 'MainThread': missing ScriptRunContext! This warning can be ignored when running in bare mode.
2026-10-01 22:04:32.797 Thread 'MainThread': missing ScriptRunContext! This warning can be ignored when running in bare mode.
2026-10-01 22:04:32.799 Thread 'MainThread': missing ScriptRunContext! This warning can be ignored when running in bare mode.
2026-10-01 22:04:32.801 Thread 'MainThread': missing ScriptRunContext! This warning can be ignored when running in bare mode.
2026-10-01 22:04:32.802 Thread 'MainThread': missing ScriptRunContext! This warning can be ignored when running in bare mode.
2026-10-01 22:04:32.804 Thread 'MainThread': missing ScriptRunContext! This warning can be ignored when running in bare mode.
2026-10-01 22:04:32.805 Thread 'MainThread': missing ScriptRunContext! This warning can be ignored when running in bare mode.
2026-10-01 22:04:32.807 Thread 'MainThread': missing ScriptRunContext! This warning can be ignored when running in bare mode.
2026-10-01 22:04:32.810 Thread 'MainThread': missing ScriptRunContext! This warning can be ignored when running in bare mode.
2026-10-01 22:04:32.812 Thread 'MainThread': missing ScriptRunContext! This warning can be ignored when running in bare mode.
2026-10-01 22:04:32.814 Thread 'MainThread': missing ScriptRunContext! This warning can be ignored when running in bare mode.
2026-10-01 22:04:32.815 Thread 'MainThread': missing ScriptRunContext! This warning can be ignored when running in bare mode.
2026-10-01 22:04:32.817 Thread 'MainThread': missing ScriptRunContext! This warning can be ignored when running in bare mode.
2026-10-01 22:04:32.820 Thread 'MainThread': missing ScriptRunContext! This warning can be ignored when running in bare mode.
2026-10-01 22:04:32.823 Thread 'MainThread': missing ScriptRunContext! This warning can be ignored when running in bare mode.
2026-10-01 22:04:32.827 Thread 'MainThread': missing ScriptRunContext! This warning can be ignored when running in bare mode.
2026-10-01 22:04:32.828 Thread 'MainThread': missing ScriptRunContext! This warning can be ignored when running in bare mode.
2026-10-01 22:04:32.832 Thread 'MainThread': missing ScriptRunContext! This warning can be ignored when running in bare mode.
2026-10-01 22:04:32.834 Thread 'MainThread': missing ScriptRunContext! This warning can be ignored when running in bare mode.
2026-10-01 22:04:32.836 Thread 'MainThread': missing ScriptRunContext! This warning can be ignored when running in bare mode.
2026-10-01 22:04:32.837 Thread 'MainThread': missing ScriptRunContext! This warning can be ignored when running in bare mode.
2026-10-01 22:04:32.839 Thread 'MainThread': missing ScriptRunContext! This warning can be ignored when running in bare mode.
2026-10-01 22:04:32.841 Thread 'MainThread': missing ScriptRunContext! This warning can be ignored when running in bare mode.
2026-10-01 22:04:32.842 Thread 'MainThread': missing ScriptRunContext! This warning can be ignored when running in bare mode.
2026-10-01 22:04:32.844 Thread 'MainThread': missing ScriptRunContext! This warning can be ignored when running in bare mode.
2026-10-01 22:04:32.846 Thread 'MainThread': missing ScriptRunContext! This warning can be ignored when running in bare mode.
2026-10-01 22:04:32.847 Thread 'MainThread': missing ScriptRunContext! This warning can be ignored when running in bare mode.
2026-10-01 22:04:32.849 Thread 'MainThread': missing ScriptRunContext! This warning can be ignored when running in bare mode.
2026-10-01 22:04:32.850 Thread 'MainThread': missing ScriptRunContext! This warning can be ignored when running in bare mode.
2026-10-01 22:04:32.852 Thread 'MainThread': missing ScriptRunContext! This warning can be ignored when running in bare mode.
2026-10-01 22:04:32.854 Thread 'MainThread': missing ScriptRunContext! This warning can be ignored when running in bare mode.
2026-10-01 22:04:32.855 Thread 'MainThread': missing ScriptRunContext! This warning can be ignored when running in bare mode.
2026-10-01 22:04:32.857 Thread 'MainThread': missing ScriptRunContext! This warning can be ignored when running in bare mode.
2026-10-01 22:04:32.859 Thread 'MainThread': missing ScriptRunContext! This warning can be ignored when running in bare mode.
2026-10-01 22:04:32.861 Thread 'MainThread': missing ScriptRunContext! This warning can be ignored when running in bare mode.
2026-10-01 22:04:32.862 Thread 'MainThread': missing ScriptRunContext! This warning can be ignored when running in bare mode.
2026-10-01 22:04:32.864 Thread 'MainThread': missing ScriptRunContext! This warning can be ignored when running in bare mode.
2026-10-01 22:04:32.865 Thread 'MainThread': missing ScriptRunContext! This warning can be ignored when running in bare mode.
2026-10-01 22:04:32.867 Thread 'MainThread': missing ScriptRunContext! This warning can be ignored when running in bare mode.
2026-10-01 22:04:32.868 Thread 'MainThread': missing ScriptRunContext! This warning can be ignored when running in bare mode.
2026-10-01 22:04:32.870 Thread 'MainThread': missing ScriptRunContext! This warning can be ignored when running in bare mode.
2026-10-01 22:04:32.871 Thread 'MainThread': missing ScriptRunContext! This warning can be ignored when running in bare mode.
2026-10-01 22:04:32.873 Thread 'MainThread': missing ScriptRunContext! This warning can be ignored when running in bare mode.
2026-10-01 22:04:32.874 Thread 'MainThread': missing ScriptRunContext! This warning can be ignored when running in bare mode.
2026-10-01 22:04:32.876 Thread 'MainThread': missing ScriptRunContext! This warning can be ignored when running in bare mode.
2026-10-01 22:04:32.877 Thread 'MainThread': missing ScriptRunContext! This warning can be ignored when running in bare mode.
2026-10-01 22:04:32.879 Thread 'MainThread': missing ScriptRunContext! This warning can be ignored when running in bare mode.
2026-10-01 22:04:32.880 Thread 'MainThread': missing ScriptRunContext! This warning can be ignored when running in bare mode.
2026-10-01 22:04:32.882 Thread 'MainThread': missing ScriptRunContext! This warning can be ignored when running in bare mode.
2026-10-01 22:04:32.883 Thread 'MainThread': missing ScriptRunContext! This warning can be ignored when running in bare mode.
2026-10-01 22:04:32.884 Thread 'MainThread': missing ScriptRunContext! This warning can be ignored when running in bare mode.
2026-10-01 22:04:32.886 Thread 'MainThread': missing ScriptRunContext! This warning can be ignored when running in bare mode.
2026-10-01 22:04:32.887 Thread 'MainThread': missing ScriptRunContext! This warning can be ignored when running in bare mode.
2026-10-01 22:04:32.889 Thread 'MainThread': missing ScriptRunContext! This warning can be ignored when running in bare mode.
2026-10-01 22:04:32.890 Thread 'MainThread': missing ScriptRunContext! This warning can be ignored when running in bare mode.
2026-10-01 22:04:32.892 Thread 'MainThread': missing ScriptRunContext! This warning can be ignored when running in bare mode.
2026-10-01 22:04:33.021 Thread 'MainThread': missing ScriptRunContext! This warning can be ignored when running in bare mode.
2026-10-01 22:04:33.021 Thread 'MainThread': missing ScriptRunContext! This warning can be ignored when running in bare mode.
2026-10-01 22:04:33.021 Thread 'MainThread': missing ScriptRunContext! This warning can be ignored when running in bare mode.
2026-10-01 22:04:33.021 Thread 'MainThread': missing ScriptRunContext! This warning can be ignored when running in bare mode.
2026-10-01 22:04:33.107 Thread 'MainThread': missing ScriptRunContext! This warning can be ignored when running in bare mode.
2026-10-01 22:04:33.122 Thread 'MainThread': missing ScriptRunContext! This warning can be ignored when running in bare mode.
2026-10-01 22:04:33.124 Thread 'MainThread': missing ScriptRunContext! This warning can be ignored when running in bare mode.
2026-10-01 22:04:33.127 Thread 'MainThread': missing ScriptRunContext! This warning can be ignored when running in bare mode.
2026-10-01 22:04:33.129 Thread 'MainThread': missing ScriptRunContext! This warning can be ignored when running in bare mode.
2026-10-01 22:04:33.131 Thread 'MainThread': missing ScriptRunContext! This warning can be ignored when running in bare mode.
2026-10-01 22:04:33.133 Thread 'MainThread': missing ScriptRunContext! This warning can be ignored when running in bare mode.
2026-10-01 22:04:33.135 Thread 'MainThread': missing ScriptRunContext! This warning can be ignored when running in bare mode.
2026-10-01 22:04:33.137 Thread 'MainThread': missing ScriptRunContext! This warning can be ignored when running in bare mode.
2026-10-01 22:04:33.138 Thread 'MainThread': missing ScriptRunContext! This warning can be ignored when running in bare mode.
2026-10-01 22:04:33.141 Thread 'MainThread': missing ScriptRunContext! This warning can be ignored when running in bare mode.
2026-10-01 22:04:33.143 Thread 'MainThread': missing ScriptRunContext! This warning can be ignored when running in bare mode.
2026-10-01 22:04:33.145 Thread 'MainThread': missing ScriptRunContext! This warning can be ignored when running in bare mode.
2026-10-01 22:04:33.147 Thread 'MainThread': missing ScriptRunContext! This warning can be ignored when running in bare mode.
2026-10-01 22:04:33.149 Thread 'MainThread': missing ScriptRunContext! This warning can be ignored when running in bare mode.
2026-10-01 22:04:33.150 Thread 'MainThread': missing ScriptRunContext! This warning can be ignored when running in bare mode.
2026-10-01 22:04:33.152 Thread 'MainThread': missing ScriptRunContext! This warning can be ignored when running in bare mode.
2026-10-01 22:04:33.154 Thread 'MainThread': missing ScriptRunContext! This warning can be ignored when running in bare mode.
2026-10-01 22:04:33.157 Thread 'MainThread': missing ScriptRunContext! This warning can be ignored when running in bare mode.
2026-10-01 22:04:33.159 Thread 'MainThread': missing ScriptRunContext! This warning can be ignored when running in bare mode.
2026-10-01 22:04:33.161 Thread 'MainThread': missing ScriptRunContext! This warning can be ignored when running in bare mode.
2026-10-01 22:04:33.162 Thread 'MainThread': missing ScriptRunContext! This warning can be ignored when running in bare mode.
2026-10-01 22:04:33.164 Thread 'MainThread': missing ScriptRunContext! This warning can be ignored when running in bare mode.
2026-10-01 22:04:33.166 Thread 'MainThread': missing ScriptRunContext! This warning can be ignored when running in bare mode.
2026-10-01 22:04:33.168 Thread 'MainThread': missing ScriptRunContext! This warning can be ignored when running in bare mode.
2026-10-01 22:04:33.170 Thread 'MainThread': missing ScriptRunContext! This warning can be ignored when running in bare mode.
2026-10-01 22:04:33.172 Thread 'MainThread': missing ScriptRunContext! This warning can be ignored when running in bare mode.
2026-10-01 22:04:33.174 Thread 'MainThread': missing ScriptRunContext! This warning can be ignored when running in bare mode.
2026-10-01 22:04:33.176 Thread 'MainThread': missing ScriptRunContext! This warning can be ignored when running in bare mode.
2026-10-01 22:04:33.179 Thread 'MainThread': missing ScriptRunContext! This warning can be ignored when running in bare mode.
2026-10-01 22:04:33.181 Thread 'MainThread': missing ScriptRunContext! This warning can be ignored when running in bare mode.
2026-10-01 22:04:33.183 Thread 'MainThread': missing ScriptRunContext! This warning can be ignored when running in bare mode.
2026-10-01 22:04:33.184 Thread 'MainThread': missing ScriptRunContext! This warning can be ignored when running in bare mode.
2026-10-01 22:04:33.186 Thread 'MainThread': missing ScriptRunContext! This warning can be ignored when running in bare mode.
2026-10-01 22:04:33.188 Thread 'MainThread': missing ScriptRunContext! This warning can be ignored when running in bare mode.
2026-10-01 22:04:33.190 Thread 'MainThread': missing ScriptRunContext! This warning can be ignored when running in bare mode.
2026-10-01 22:04:33.192 Thread 'MainThread': missing ScriptRunContext! This warning can be ignored when running in bare mode.
2026-10-01 22:04:33.194 Thread 'MainThread': missing ScriptRunContext! This warning can be ignored when running in bare mode.
2026-10-01 22:04:33.196 Thread 'MainThread': missing ScriptRunContext! This warning can be ignored when running in bare mode.
2026-10-01 22:04:33.198 Thread 'MainThread': missing ScriptRunContext! This warning can be ignored when running in bare mode.
2026-10-01 22:04:33.199 Thread 'MainThread': missing ScriptRunContext! This warning can be ignored when running in bare mode.
2026-10-01 22:04:33.201 Thread 'MainThread': missing ScriptRunContext! This warning can be ignored when running in bare mode.
2026-10-01 22:04:33.203 Thread 'MainThread': missing ScriptRunContext! This warning can be ignored when running in bare mode.
2026-10-01 22:04:33.205 Thread 'MainThread': missing ScriptRunContext! This warning can be ignored when running in bare mode.
2026-10-01 22:04:33.207 Thread 'MainThread': missing ScriptRunContext! This warning can be ignored when running in bare mode.
2026-10-01 22:04:33.211 Thread 'MainThread': missing ScriptRunContext! This warning can be ignored when running in bare mode.
2026-10-01 22:04:33.213 Thread 'MainThread': missing ScriptRunContext! This warning can be ignored when running in bare mode.
2026-10-01 22:04:33.215 Thread 'MainThread': missing ScriptRunContext! This warning can be ignored when running in bare mode.
2026-10-01 22:04:33.218 Thread 'MainThread': missing ScriptRunContext! This warning can be ignored when running in bare mode.
2026-10-01 22:04:33.220 Thread 'MainThread': missing ScriptRunContext! This warning can be ignored when running in bare mode.
2026-10-01 22:04:33.222 Thread 'MainThread': missing ScriptRunContext! This warning can be ignored when running in bare mode.
2026-10-01 22:04:33.224 Thread 'MainThread': missing ScriptRunContext! This warning can be ignored when running in bare mode.
2026-10-01 22:04:33.227 Thread 'MainThread': missing ScriptRunContext! This warning can be ignored when running in bare mode.
2026-10-01 22:04:33.231 Thread 'MainThread': missing ScriptRunContext! This warning can be ignored when running in bare mode.
2026-10-01 22:04:33.234 Thread 'MainThread': missing ScriptRunContext! This warning can be ignored when running in bare mode.
2026-10-01 22:04:33.236 Thread 'MainThread': missing ScriptRunContext! This warning can be ignored when running in bare mode.
2026-10-01 22:04:33.238 Thread 'MainThread': missing ScriptRunContext! This warning can be ignored when running in bare mode.
2026-10-01 22:04:33.240 Thread 'MainThread': missing ScriptRunContext! This warning can be ignored when running in bare mode.
2026-10-01 22:04:33.244 Thread 'MainThread': missing ScriptRunContext! This warning can be ignored when running in bare mode.
2026-10-01 22:04:33.247 Thread 'MainThread': missing ScriptRunContext! This warning can be ignored when running in bare mode.
2026-10-01 22:04:33.249 Thread 'MainThread': missing ScriptRunContext! This warning can be ignored when running in bare mode.
2026-10-01 22:04:33.251 Thread 'MainThread': missing ScriptRunContext! This warning can be ignored when running in bare mode.
2026-10-01 22:04:33.253 Thread 'MainThread': missing ScriptRunContext! This warning can be ignored when running in bare mode.
2026-10-01 22:04:33.255 Thread 'MainThread': missing ScriptRunContext! This warning can be ignored when running in bare mode.
2026-10-01 22:04:33.257 Thread 'MainThread': missing ScriptRunContext! This warning can be ignored when running in bare mode.
2026-10-01 22:04:33.261 Thread 'MainThread': missing ScriptRunContext! This warning can be ignored when running in bare mode.
2026-10-01 22:04:33.263 Thread 'MainThread': missing ScriptRunContext! This warning can be ignored when running in bare mode.
2026-10-01 22:04:33.265 Thread 'MainThread': missing ScriptRunContext! This warning can be ignored when running in bare mode.
2026-10-01 22:04:33.268 Thread 'MainThread': missing ScriptRunContext! This warning can be ignored when running in bare mode.
2026-10-01 22:04:33.273 Thread 'MainThread': missing ScriptRunContext! This warning can be ignored when running in bare mode.
2026-10-01 22:04:33.275 Thread 'MainThread': missing ScriptRunContext! This warning can be ignored when running in bare mode.
2026-10-01 22:04:33.277 Thread 'MainThread': missing ScriptRunContext! This warning can be ignored when running in bare mode.
2026-10-01 22:04:33.280 Thread 'MainThread': missing ScriptRunContext! This warning can be ignored when running in bare mode.
2026-10-01 22:04:33.282 Thread 'MainThread': missing ScriptRunContext! This warning can be ignored when running in bare mode.
2026-10-01 22:04:33.284 Thread 'MainThread': missing ScriptRunContext! This warning can be ignored when running in bare mode.
2026-10-01 22:04:33.286 Thread 'MainThread': missing ScriptRunContext! This warning can be ignored when running in bare mode.
2026-10-01 22:04:33.288 Thread 'MainThread': missing ScriptRunContext! This warning can be ignored when running in bare mode.
2026-10-01 22:04:33.290 Thread 'MainThread': missing ScriptRunContext! This warning can be ignored when running in bare mode.
2026-10-01 22:04:33.292 Thread 'MainThread': missing ScriptRunContext! This warning can be ignored when running in bare mode.
2026-10-01 22:04:33.296 Thread 'MainThread': missing ScriptRunContext! This warning can be ignored when running in bare mode.
2026-10-01 22:04:33.299 Thread 'MainThread': missing ScriptRunContext! This warning can be ignored when running in bare mode.
2026-10-01 22:04:33.302 Thread 'MainThread': missing ScriptRunContext! This warning can be ignored when running in bare mode.
2026-10-01 22:04:33.305 Thread 'MainThread': missing ScriptRunContext! This warning can be ignored when running in bare mode.
2026-10-01 22:04:33.307 Thread 'MainThread': missing ScriptRunContext! This warning can be ignored when running in bare mode.
2026-10-01 22:04:33.310 Thread 'MainThread': missing ScriptRunContext! This warning can be ignored when running in bare mode.
2026-10-01 22:04:33.312 Thread 'MainThread': missing ScriptRunContext! This warning can be ignored when running in bare mode.
2026-10-01 22:04:33.314 Thread 'MainThread': missing ScriptRunContext! This warning can be ignored when running in bare mode.
2026-10-01 22:04:33.316 Thread 'MainThread': missing ScriptRunContext! This warning can be ignored when running in bare mode.
2026-10-01 22:04:33.318 Thread 'MainThread': missing ScriptRunContext! This warning can be ignored when running in bare mode.
2026-10-01 22:04:33.321 Thread 'MainThread': missing ScriptRunContext! This warning can be ignored when running in bare mode.
2026-10-01 22:04:33.323 Thread 'MainThread': missing ScriptRunContext! This warning can be ignored when running in bare mode.
2026-10-01 22:04:33.326 Thread 'MainThread': missing ScriptRunContext! This warning can be ignored when running in bare mode.
2026-10-01 22:04:33.329 Thread 'MainThread': missing ScriptRunContext! This warning can be ignored when running in bare mode.
2026-10-01 22:04:33.331 Thread 'MainThread': missing ScriptRunContext! This warning can be ignored when running in bare mode.
2026-10-01 22:04:33.333 Thread 'MainThread': missing ScriptRunContext! This warning can be ignored when running in bare mode.
2026-10-01 22:04:33.335 Thread 'MainThread': missing ScriptRunContext! This warning can be ignored when running in bare mode.
2026-10-01 22:04:33.337 Thread 'MainThread': missing ScriptRunContext! This warning can be ignored when running in bare mode.
2026-10-01 22:04:33.340 Thread 'MainThread': missing ScriptRunContext! This warning can be ignored when running in bare mode.
2026-10-01 22:04:33.342 Thread 'MainThread': missing ScriptRunContext! This warning can be ignored when running in bare mode.
2026-10-01 22:04:33.345 Thread 'MainThread': missing ScriptRunContext! This warning can be ignored when running in bare mode.
2026-10-01 22:04:33.347 Thread 'MainThread': missing ScriptRunContext! This warning can be ignored when running in bare mode.
2026-10-01 22:04:33.349 Thread 'MainThread': missing ScriptRunContext! This warning can be ignored when running in bare mode.
2026-10-01 22:04:33.352 Thread 'MainThread': missing ScriptRunContext! This warning can be ignored when running in bare mode.
2026-10-01 22:04:33.355 Thread 'MainThread': missing ScriptRunContext! This warning can be ignored when running in bare mode.
2026-10-01 22:04:33.357 Thread 'MainThread': missing ScriptRunContext! This warning can be ignored when running in bare mode.
2026-10-01 22:04:33.359 Thread 'MainThread': missing ScriptRunContext! This warning can be ignored when running in bare mode.
2026-10-01 22:04:33.362 Thread 'MainThread': missing ScriptRunContext! This warning can be ignored when running in bare mode.
2026-10-01 22:04:33.365 Thread 'MainThread': missing ScriptRunContext! This warning can be ignored when running in bare mode.
2026-10-01 22:04:33.367 Thread 'MainThread': missing ScriptRunContext! This warning can be ignored when running in bare mode.
2026-10-01 22:04:33.369 Thread 'MainThread': missing ScriptRunContext! This warning can be ignored when running in bare mode.
2026-10-01 22:04:33.372 Thread 'MainThread': missing ScriptRunContext! This warning can be ignored when running in bare mode.
2026-10-01 22:04:33.376 Thread 'MainThread': missing ScriptRunContext! This warning can be ignored when running in bare mode.
2026-10-01 22:04:33.379 Thread 'MainThread': missing ScriptRunContext! This warning can be ignored when running in bare mode.
2026-10-01 22:04:33.381 Thread 'MainThread': missing ScriptRunContext! This warning can be ignored when running in bare mode.
2026-10-01 22:04:33.383 Thread 'MainThread': missing ScriptRunContext! This warning can be ignored when running in bare mode.
2026-10-01 22:04:33.385 Thread 'MainThread': missing ScriptRunContext! This warning can be ignored when running in bare mode.
2026-10-01 22:04:33.387 Thread 'MainThread': missing ScriptRunContext! This warning can be ignored when running in bare mode.
2026-10-01 22:04:33.390 Thread 'MainThread': missing ScriptRunContext! This warning can be ignored when running in bare mode.
2026-10-01 22:04:33.392 Thread 'MainThread': missing ScriptRunContext! This warning can be ignored when running in bare mode.
2026-10-01 22:04:33.394 Thread 'MainThread': missing ScriptRunContext! This warning can be ignored when running in bare mode.
2026-10-01 22:04:33.397 Thread 'MainThread': missing ScriptRunContext! This warning can be ignored when running in bare mode.
2026-10-01 22:04:33.399 Thread 'MainThread': missing ScriptRunContext! This warning can be ignored when running in bare mode.
2026-10-01 22:04:33.569 Thread 'MainThread': missing ScriptRunContext! This warning can be ignored when running in bare mode.
2026-10-01 22:04:33.569 Thread 'MainThread': missing ScriptRunContext! This warning can be ignored when running in bare mode.
2026-10-01 22:04:33.570 Thread 'MainThread': missing ScriptRunContext! This warning can be ignored when running in bare mode.
2026-10-01 22:04:33.570 Thread 'MainThread': missing ScriptRunContext! This warning can be ignored when running in bare mode.
2026-10-01 22:04:34.191 Thread 'MainThread': missing ScriptRunContext! This warning can be ignored when running in bare mode.
2026-10-01 22:04:34.191 Thread 'MainThread': missing ScriptRunContext! This warning can be ignored when running in bare mode.
2026-10-01 22:04:34.191 Thread 'MainThread': missing ScriptRunContext! This warning can be ignored when running in bare mode.
2026-10-01 22:04:34.191 Thread 'MainThread': missing ScriptRunContext! This warning can be ignored when running in bare mode.
2026-10-01 22:04:34.191 Thread 'MainThread': missing ScriptRunContext! This warning can be ignored when running in bare mode.
2026-10-01 22:04:34.191 Thread 'MainThread': missing ScriptRunContext! This warning can be ignored when running in bare mode.
2026-10-01 22:04:34.899 Please replace `use_container_width` with `width`.

`use_container_width` will be removed after 2025-12-31.

For `use_container_width=True`, use `width='stretch'`. For `use_container_width=False`, use `width='content'`.
2026-10-01 22:04:35.176 Please replace `use_container_width` with `width`.

`use_container_width` will be removed after 2025-12-31.

For `use_container_width=True`, use `width='stretch'`. For `use_container_width=False`, use `width='content'`.
2026-10-01 22:04:36.153 Please replace `use_container_width` with `width`.

`use_container_width` will be removed after 2025-12-31.

For `use_container_width=True`, use `width='stretch'`. For `use_container_width=False`, use `width='content'`.
2026-10-01 22:04:36.717 Please replace `use_container_width` with `width`.

`use_container_width` will be removed after 2025-12-31.

For `use_container_width=True`, use `width='stretch'`. For `use_container_width=False`, use `width='content'`.
2026-10-01 22:04:37.290 Please replace `use_container_width` with `width`.

`use_container_width` will be removed after 2025-12-31.

For `use_container_width=True`, use `width='stretch'`. For `use_container_width=False`, use `width='content'`.
2026-10-01 22:04:37.333 Thread 'MainThread': missing ScriptRunContext! This warning can be ignored when running in bare mode.
2026-10-01 22:04:37.334 Thread 'MainThread': missing ScriptRunContext! This warning can be ignored when running in bare mode.
2026-10-01 22:04:37.334 Thread 'MainThread': missing ScriptRunContext! This warning can be ignored when running in bare mode.
2026-10-01 22:04:37.334 Thread 'MainThread': missing ScriptRunContext! This warning can be ignored when running in bare mode.
2026-10-01 22:04:37.334 Thread 'MainThread': missing ScriptRunContext! This warning can be ignored when running in bare mode.
2026-10-01 22:04:37.334 Thread 'MainThread': missing ScriptRunContext! This warning can be ignored when running in bare mode.
2026-10-01 22:04:38.791 Please replace `use_container_width` with `width`.

`use_container_width` will be removed after 2025-12-31.

For `use_container_width=True`, use `width='stretch'`. For `use_container_width=False`, use `width='content'`.
2026-10-01 22:04:39.123 Please replace `use_container_width` with `width`.

`use_container_width` will be removed after 2025-12-31.

For `use_container_width=True`, use `width='stretch'`. For `use_container_width=False`, use `width='content'`.
2026-10-01 22:04:39.139 Thread 'MainThread': missing ScriptRunContext! This warning can be ignored when running in bare mode.
2026-10-01 22:04:39.139 Thread 'MainThread': missing ScriptRunContext! This warning can be ignored when running in bare mode.
2026-10-01 22:04:39.139 Thread 'MainThread': missing ScriptRunContext! This warning can be ignored when running in bare mode.
2026-10-01 22:04:39.139 Thread 'MainThread': missing ScriptRunContext! This warning can be ignored when running in bare mode.
2026-10-01 22:04:39.139 Thread 'MainThread': missing ScriptRunContext! This warning can be ignored when running in bare mode.
2026-10-01 22:04:39.139 Thread 'MainThread': missing ScriptRunContext! This warning can be ignored when running in bare mode.
2026-10-01 22:04:39.537 Please replace `use_container_width` with `width`.

`use_container_width` will be removed after 2025-12-31.

For `use_container_width=True`, use `width='stretch'`. For `use_container_width=False`, use `width='content'`.
2026-10-01 22:04:41.068 Please replace `use_container_width` with `width`.

`use_container_width` will be removed after 2025-12-31.

For `use_container_width=True`, use `width='stretch'`. For `use_container_width=False`, use `width='content'`.
2026-10-01 22:04:42.297 Please replace `use_container_width` with `width`.

`use_container_width` will be removed after 2025-12-31.

For `use_container_width=True`, use `width='stretch'`. For `use_container_width=False`, use `width='content'`.
2026-10-01 22:04:43.655 Please replace `use_container_width` with `width`.

`use_container_width` will be removed after 2025-12-31.

For `use_container_width=True`, use `width='stretch'`. For `use_container_width=False`, use `width='content'`.
2026-10-01 22:04:44.486 Please replace `use_container_width` with `width`.

`use_container_width` will be removed after 2025-12-31.

For `use_container_width=True`, use `width='stretch'`. For `use_container_width=False`, use `width='content'`.
2026-10-01 22:04:44.522 Please replace `use_container_width` with `width`.

`use_container_width` will be removed after 2025-12-31.

For `use_container_width=True`, use `width='stretch'`. For `use_container_width=False`, use `width='content'`.
2026-10-01 22:04:44.804 Please replace `use_container_width` with `width`.

`use_container_width` will be removed after 2025-12-31.

For `use_container_width=True`, use `width='stretch'`. For `use_container_width=False`, use `width='content'`.
2026-10-01 22:04:44.854 Please replace `use_container_width` with `width`.

`use_container_width` will be removed after 2025-12-31.

For `use_container_width=True`, use `width='stretch'`. For `use_container_width=False`, use `width='content'`.
2026-10-01 22:04:45.153 Please replace `use_container_width` with `width`.

`use_container_width` will be removed after 2025-12-31.

For `use_container_width=True`, use `width='stretch'`. For `use_container_width=False`, use `width='content'`.
2026-10-01 22:04:45.200 Please replace `use_container_width` with `width`.

`use_container_width` will be removed after 2025-12-31.

For `use_container_width=True`, use `width='stretch'`. For `use_container_width=False`, use `width='content'`.
2026-10-01 22:04:45.444 Please replace `use_container_width` with `width`.

`use_container_width` will be removed after 2025-12-31.

For `use_container_width=True`, use `width='stretch'`. For `use_container_width=False`, use `width='content'`.
2026-10-01 22:04:45.477 Please replace `use_container_width` with `width`.

`use_container_width` will be removed after 2025-12-31.

For `use_container_width=True`, use `width='stretch'`. For `use_container_width=False`, use `width='content'`.
2026-10-01 22:04:45.495 Thread 'MainThread': missing ScriptRunContext! This warning can be ignored when running in bare mode.
2026-10-01 22:04:45.495 Thread 'MainThread': missing ScriptRunContext! This warning can be ignored when running in bare mode.
2026-10-01 22:04:45.495 Thread 'MainThread': missing ScriptRunContext! This warning can be ignored when running in bare mode.
2026-10-01 22:04:45.495 Thread 'MainThread': missing ScriptRunContext! This warning can be ignored when running in bare mode.
2026-10-01 22:04:45.495 Thread 'MainThread': missing ScriptRunContext! This warning can be ignored when running in bare mode.
2026-10-01 22:04:45.495 Thread 'MainThread': missing ScriptRunContext! This warning can be ignored when running in bare mode.
2026-10-01 22:04:46.273 Please replace `use_container_width` with `width`.

`use_container_width` will be removed after 2025-12-31.

For `use_container_width=True`, use `width='stretch'`. For `use_container_width=False`, use `width='content'`.
2026-10-01 22:04:46.522 Please replace `use_container_width` with `width`.

`use_container_width` will be removed after 2025-12-31.

For `use_container_width=True`, use `width='stretch'`. For `use_container_width=False`, use `width='content'`.
2026-10-01 22:04:47.455 Thread 'MainThread': missing ScriptRunContext! This warning can be ignored when running in bare mode.
2026-10-01 22:04:47.455 Thread 'MainThread': missing ScriptRunContext! This warning can be ignored when running in bare mode.
2026-10-01 22:04:47.455 Thread 'MainThread': missing ScriptRunContext! This warning can be ignored when running in bare mode.
2026-10-01 22:04:47.455 Thread 'MainThread': missing ScriptRunContext! This warning can be ignored when running in bare mode.
2026-10-01 22:04:47.455 Thread 'MainThread': missing ScriptRunContext! This warning can be ignored when running in bare mode.
2026-10-01 22:04:47.455 Thread 'MainThread': missing ScriptRunContext! This warning can be ignored when running in bare mode.
2026-10-01 22:04:48.340 Please replace `use_container_width` with `width`.

`use_container_width` will be removed after 2025-12-31.

For `use_container_width=True`, use `width='stretch'`. For `use_container_width=False`, use `width='content'`.
2026-10-01 22:04:48.688 Please replace `use_container_width` with `width`.

`use_container_width` will be removed after 2025-12-31.

For `use_container_width=True`, use `width='stretch'`. For `use_container_width=False`, use `width='content'`.
2026-10-01 22:04:49.952 Thread 'MainThread': missing ScriptRunContext! This warning can be ignored when running in bare mode.
2026-10-01 22:04:49.952 Thread 'MainThread': missing ScriptRunContext! This warning can be ignored when running in bare mode.
2026-10-01 22:04:49.952 Thread 'MainThread': missing ScriptRunContext! This warning can be ignored when running in bare mode.
2026-10-01 22:04:49.952 Thread 'MainThread': missing ScriptRunContext! This warning can be ignored when running in bare mode.
2026-10-01 22:04:49.952 Thread 'MainThread': missing ScriptRunContext! This warning can be ignored when running in bare mode.
2026-10-01 22:04:49.952 Thread 'MainThread': missing ScriptRunContext! This warning can be ignored when running in bare mode.
2026-10-01 22:04:52.205 Please replace `use_container_width` with `width`.

`use_container_width` will be removed after 2025-12-31.

For `use_container_width=True`, use `width='stretch'`. For `use_container_width=False`, use `width='content'`.
2026-10-01 22:04:52.638 Please replace `use_container_width` with `width`.

`use_container_width` will be removed after 2025-12-31.

For `use_container_width=True`, use `width='stretch'`. For `use_container_width=False`, use `width='content'`.
2026-10-01 22:04:53.743 Thread 'MainThread': missing ScriptRunContext! This warning can be ignored when running in bare mode.
2026-10-01 22:04:53.743 Thread 'MainThread': missing ScriptRunContext! This warning can be ignored when running in bare mode.
2026-10-01 22:04:53.743 Thread 'MainThread': missing ScriptRunContext! This warning can be ignored when running in bare mode.
2026-10-01 22:04:53.743 Thread 'MainThread': missing ScriptRunContext! This warning can be ignored when running in bare mode.
2026-10-01 22:04:53.743 Thread 'MainThread': missing ScriptRunContext! This warning can be ignored when running in bare mode.
2026-10-01 22:04:53.743 Thread 'MainThread': missing ScriptRunContext! This warning can be ignored when running in bare mode.
2026-10-01 22:04:54.597 Please replace `use_container_width` with `width`.

`use_container_width` will be removed after 2025-12-31.

For `use_container_width=True`, use `width='stretch'`. For `use_container_width=False`, use `width='content'`.
2026-10-01 22:04:54.980 Please replace `use_container_width` with `width`.

`use_container_width` will be removed after 2025-12-31.

For `use_container_width=True`, use `width='stretch'`. For `use_container_width=False`, use `width='content'`.
2026-10-01 22:04:55.089 Please replace `use_container_width` with `width`.

`use_container_width` will be removed after 2025-12-31.

For `use_container_width=True`, use `width='stretch'`. For `use_container_width=False`, use `width='content'`.
2026-10-01 22:04:55.408 Please replace `use_container_width` with `width`.

`use_container_width` will be removed after 2025-12-31.

For `use_container_width=True`, use `width='stretch'`. For `use_container_width=False`, use `width='content'`.
2026-10-01 22:04:57.208 Please replace `use_container_width` with `width`.

`use_container_width` will be removed after 2025-12-31.

For `use_container_width=True`, use `width='stretch'`. For `use_container_width=False`, use `width='content'`.
2026-10-01 22:04:59.100 Please replace `use_container_width` with `width`.

`use_container_width` will be removed after 2025-12-31.

For `use_container_width=True`, use `width='stretch'`. For `use_container_width=False`, use `width='content'`.
2026-10-01 22:05:00.333 Please replace `use_container_width` with `width`.

`use_container_width` will be removed after 2025-12-31.

For `use_container_width=True`, use `width='stretch'`. For `use_container_width=False`, use `width='content'`.
2026-10-01 22:05:01.631 Please replace `use_container_width` with `width`.

`use_container_width` will be removed after 2025-12-31.

For `use_container_width=True`, use `width='stretch'`. For `use_container_width=False`, use `width='content'`.
2026-10-01 22:05:02.594 Please replace `use_container_width` with `width`.

`use_container_width` will be removed after 2025-12-31.

For `use_container_width=True`, use `width='stretch'`. For `use_container_width=False`, use `width='content'`.
2026-10-01 22:05:03.389 Please replace `use_container_width` with `width`.

`use_container_width` will be removed after 2025-12-31.

For `use_container_width=True`, use `width='stretch'`. For `use_container_width=False`, use `width='content'`.
2026-10-01 22:05:04.749 Please replace `use_container_width` with `width`.

`use_container_width` will be removed after 2025-12-31.

For `use_container_width=True`, use `width='stretch'`. For `use_container_width=False`, use `width='content'`.
2026-10-01 22:05:05.709 Please replace `use_container_width` with `width`.

`use_container_width` will be removed after 2025-12-31.

For `use_container_width=True`, use `width='stretch'`. For `use_container_width=False`, use `width='content'`.
2026-10-01 22:05:06.707 Please replace `use_container_width` with `width`.

`use_container_width` will be removed after 2025-12-31.

For `use_container_width=True`, use `width='stretch'`. For `use_container_width=False`, use `width='content'`.
2026-10-01 22:05:07.481 Please replace `use_container_width` with `width`.

`use_container_width` will be removed after 2025-12-31.

For `use_container_width=True`, use `width='stretch'`. For `use_container_width=False`, use `width='content'`.
2026-10-01 22:05:10.141 Please replace `use_container_width` with `width`.

`use_container_width` will be removed after 2025-12-31.

For `use_container_width=True`, use `width='stretch'`. For `use_container_width=False`, use `width='content'`.
2026-10-01 22:05:12.249 Please replace `use_container_width` with `width`.

`use_container_width` will be removed after 2025-12-31.

For `use_container_width=True`, use `width='stretch'`. For `use_container_width=False`, use `width='content'`.
2026-10-01 22:05:13.375 Please replace `use_container_width` with `width`.

`use_container_width` will be removed after 2025-12-31.

For `use_container_width=True`, use `width='stretch'`. For `use_container_width=False`, use `width='content'`.
2026-10-01 22:05:14.304 Please replace `use_container_width` with `width`.

`use_container_width` will be removed after 2025-12-31.

For `use_container_width=True`, use `width='stretch'`. For `use_container_width=False`, use `width='content'`.
2026-10-01 22:05:15.225 Please replace `use_container_width` with `width`.

`use_container_width` will be removed after 2025-12-31.

For `use_container_width=True`, use `width='stretch'`. For `use_container_width=False`, use `width='content'`.
2026-10-01 22:05:15.976 Please replace `use_container_width` with `width`.

`use_container_width` will be removed after 2025-12-31.

For `use_container_width=True`, use `width='stretch'`. For `use_container_width=False`, use `width='content'`.
2026-10-01 22:05:17.130 Please replace `use_container_width` with `width`.

`use_container_width` will be removed after 2025-12-31.

For `use_container_width=True`, use `width='stretch'`. For `use_container_width=False`, use `width='content'`.
2026-10-01 22:05:18.021 Please replace `use_container_width` with `width`.

`use_container_width` will be removed after 2025-12-31.

For `use_container_width=True`, use `width='stretch'`. For `use_container_width=False`, use `width='content'`.
2026-10-01 22:05:18.959 Please replace `use_container_width` with `width`.

`use_container_width` will be removed after 2025-12-31.

For `use_container_width=True`, use `width='stretch'`. For `use_container_width=False`, use `width='content'`.
2026-10-01 22:05:19.891 Please replace `use_container_width` with `width`.

`use_container_width` will be removed after 2025-12-31.

For `use_container_width=True`, use `width='stretch'`. For `use_container_width=False`, use `width='content'`.
2026-10-01 22:05:20.892 Please replace `use_container_width` with `width`.

`use_container_width` will be removed after 2025-12-31.

For `use_container_width=True`, use `width='stretch'`. For `use_container_width=False`, use `width='content'`.
2026-10-01 22:05:21.842 Thread 'MainThread': missing ScriptRunContext! This warning can be ignored when running in bare mode.
2026-10-01 22:05:21.843 Thread 'MainThread': missing ScriptRunContext! This warning can be ignored when running in bare mode.
2026-10-01 22:05:21.843 Thread 'MainThread': missing ScriptRunContext! This warning can be ignored when running in bare mode.
2026-10-01 22:05:21.843 Thread 'MainThread': missing ScriptRunContext! This warning can be ignored when running in bare mode.
2026-10-01 22:05:21.843 Thread 'MainThread': missing ScriptRunContext! This warning can be ignored when running in bare mode.
2026-10-01 22:05:21.843 Thread 'MainThread': missing ScriptRunContext! This warning can be ignored when running in bare mode.
2026-10-01 22:05:22.472 Please replace `use_container_width` with `width`.

`use_container_width` will be removed after 2025-12-31.

For `use_container_width=True`, use `width='stretch'`. For `use_container_width=False`, use `width='content'`.
2026-10-01 22:05:22.743 Please replace `use_container_width` with `width`.

`use_container_width` will be removed after 2025-12-31.

For `use_container_width=True`, use `width='stretch'`. For `use_container_width=False`, use `width='content'`.
2026-10-01 22:05:23.741 Please replace `use_container_width` with `width`.

`use_container_width` will be removed after 2025-12-31.

For `use_container_width=True`, use `width='stretch'`. For `use_container_width=False`, use `width='content'`.
2026-10-01 22:05:23.776 Please replace `use_container_width` with `width`.

`use_container_width` will be removed after 2025-12-31.

For `use_container_width=True`, use `width='stretch'`. For `use_container_width=False`, use `width='content'`.
2026-10-01 22:05:23.999 Please replace `use_container_width` with `width`.

`use_container_width` will be removed after 2025-12-31.

For `use_container_width=True`, use `width='stretch'`. For `use_container_width=False`, use `width='content'`.
2026-10-01 22:05:24.013 Thread 'MainThread': missing ScriptRunContext! This warning can be ignored when running in bare mode.
2026-10-01 22:05:24.243 Please replace `use_container_width` with `width`.

`use_container_width` will be removed after 2025-12-31.

For `use_container_width=True`, use `width='stretch'`. For `use_container_width=False`, use `width='content'`.
2026-10-01 22:05:24.256 Thread 'MainThread': missing ScriptRunContext! This warning can be ignored when running in bare mode.
2026-10-01 22:05:24.257 Thread 'MainThread': missing ScriptRunContext! This warning can be ignored when running in bare mode.
2026-10-01 22:05:24.257 Thread 'MainThread': missing ScriptRunContext! This warning can be ignored when running in bare mode.
2026-10-01 22:05:24.257 Thread 'MainThread': missing ScriptRunContext! This warning can be ignored when running in bare mode.
2026-10-01 22:05:24.257 Thread 'MainThread': missing ScriptRunContext! This warning can be ignored when running in bare mode.
2026-10-01 22:05:24.257 Thread 'MainThread': missing ScriptRunContext! This warning can be ignored when running in bare mode.
2026-10-01 22:05:25.126 Please replace `use_container_width` with `width`.

`use_container_width` will be removed after 2025-12-31.

For `use_container_width=True`, use `width='stretch'`. For `use_container_width=False`, use `width='content'`.
2026-10-01 22:05:25.130 Please replace `use_container_width` with `width`.

`use_container_width` will be removed after 2025-12-31.

For `use_container_width=True`, use `width='stretch'`. For `use_container_width=False`, use `width='content'`.
2026-10-01 22:05:25.145 Please replace `use_container_width` with `width`.

`use_container_width` will be removed after 2025-12-31.

For `use_container_width=True`, use `width='stretch'`. For `use_container_width=False`, use `width='content'`.
2026-10-01 22:05:25.353 Please replace `use_container_width` with `width`.

`use_container_width` will be removed after 2025-12-31.

For `use_container_width=True`, use `width='stretch'`. For `use_container_width=False`, use `width='content'`.
2026-10-01 22:05:25.356 Please replace `use_container_width` with `width`.

`use_container_width` will be removed after 2025-12-31.

For `use_container_width=True`, use `width='stretch'`. For `use_container_width=False`, use `width='content'`.
2026-10-01 22:05:25.373 Please replace `use_container_width` with `width`.

`use_container_width` will be removed after 2025-12-31.

For `use_container_width=True`, use `width='stretch'`. For `use_container_width=False`, use `width='content'`.
2026-10-01 22:05:25.576 Please replace `use_container_width` with `width`.

`use_container_width` will be removed after 2025-12-31.

For `use_container_width=True`, use `width='stretch'`. For `use_container_width=False`, use `width='content'`.
2026-10-01 22:05:25.580 Please replace `use_container_width` with `width`.

`use_container_width` will be removed after 2025-12-31.

For `use_container_width=True`, use `width='stretch'`. For `use_container_width=False`, use `width='content'`.
2026-10-01 22:05:25.595 Please replace `use_container_width` with `width`.

`use_container_width` will be removed after 2025-12-31.

For `use_container_width=True`, use `width='stretch'`. For `use_container_width=False`, use `width='content'`.
2026-10-01 22:05:25.842 Please replace `use_container_width` with `width`.

`use_container_width` will be removed after 2025-12-31.

For `use_container_width=True`, use `width='stretch'`. For `use_container_width=False`, use `width='content'`.
2026-10-01 22:05:26.057 Please replace `use_container_width` with `width`.

`use_container_width` will be removed after 2025-12-31.

For `use_container_width=True`, use `width='stretch'`. For `use_container_width=False`, use `width='content'`.
2026-10-01 22:05:26.256 Please replace `use_container_width` with `width`.

`use_container_width` will be removed after 2025-12-31.

For `use_container_width=True`, use `width='stretch'`. For `use_container_width=False`, use `width='content'`.
2026-10-01 22:05:26.259 Please replace `use_container_width` with `width`.

`use_container_width` will be removed after 2025-12-31.

For `use_container_width=True`, use `width='stretch'`. For `use_container_width=False`, use `width='content'`.
2026-10-01 22:05:26.274 Please replace `use_container_width` with `width`.

`use_container_width` will be removed after 2025-12-31.

For `use_container_width=True`, use `width='stretch'`. For `use_container_width=False`, use `width='content'`.
2026-10-01 22:05:26.487 Please replace `use_container_width` with `width`.

`use_container_width` will be removed after 2025-12-31.

For `use_container_width=True`, use `width='stretch'`. For `use_container_width=False`, use `width='content'`.
2026-10-01 22:05:26.490 Please replace `use_container_width` with `width`.

`use_container_width` will be removed after 2025-12-31.

For `use_container_width=True`, use `width='stretch'`. For `use_container_width=False`, use `width='content'`.
2026-10-01 22:05:26.512 Please replace `use_container_width` with `width`.

`use_container_width` will be removed after 2025-12-31.

For `use_container_width=True`, use `width='stretch'`. For `use_container_width=False`, use `width='content'`.
2026-10-01 22:05:26.710 Please replace `use_container_width` with `width`.

`use_container_width` will be removed after 2025-12-31.

For `use_container_width=True`, use `width='stretch'`. For `use_container_width=False`, use `width='content'`.
2026-10-01 22:05:26.714 Please replace `use_container_width` with `width`.

`use_container_width` will be removed after 2025-12-31.

For `use_container_width=True`, use `width='stretch'`. For `use_container_width=False`, use `width='content'`.
2026-10-01 22:05:26.738 Please replace `use_container_width` with `width`.

`use_container_width` will be removed after 2025-12-31.

For `use_container_width=True`, use `width='stretch'`. For `use_container_width=False`, use `width='content'`.
2026-10-01 22:05:26.931 Please replace `use_container_width` with `width`.

`use_container_width` will be removed after 2025-12-31.

For `use_container_width=True`, use `width='stretch'`. For `use_container_width=False`, use `width='content'`.
2026-10-01 22:05:26.934 Please replace `use_container_width` with `width`.

`use_container_width` will be removed after 2025-12-31.

For `use_container_width=True`, use `width='stretch'`. For `use_container_width=False`, use `width='content'`.
2026-10-01 22:05:26.953 Please replace `use_container_width` with `width`.

`use_container_width` will be removed after 2025-12-31.

For `use_container_width=True`, use `width='stretch'`. For `use_container_width=False`, use `width='content'`.
2026-10-01 22:05:26.967 Thread 'MainThread': missing ScriptRunContext! This warning can be ignored when running in bare mode.
2026-10-01 22:05:26.967 Thread 'MainThread': missing ScriptRunContext! This warning can be ignored when running in bare mode.
2026-10-01 22:05:26.967 Thread 'MainThread': missing ScriptRunContext! This warning can be ignored when running in bare mode.
2026-10-01 22:05:26.967 Thread 'MainThread': missing ScriptRunContext! This warning can be ignored when running in bare mode.
2026-10-01 22:05:26.967 Thread 'MainThread': missing ScriptRunContext! This warning can be ignored when running in bare mode.
2026-10-01 22:05:26.967 Thread 'MainThread': missing ScriptRunContext! This warning can be ignored when running in bare mode.
Learning Scene validator rejected domain=probability_sets reason=Unsupported Learning Scene version or domain.
2026-10-01 22:05:27.824 Thread 'MainThread': missing ScriptRunContext! This warning can be ignored when running in bare mode.
2026-10-01 22:05:27.824 Thread 'MainThread': missing ScriptRunContext! This warning can be ignored when running in bare mode.
2026-10-01 22:05:27.824 Thread 'MainThread': missing ScriptRunContext! This warning can be ignored when running in bare mode.
2026-10-01 22:05:27.824 Thread 'MainThread': missing ScriptRunContext! This warning can be ignored when running in bare mode.
2026-10-01 22:05:27.824 Thread 'MainThread': missing ScriptRunContext! This warning can be ignored when running in bare mode.
2026-10-01 22:05:27.824 Thread 'MainThread': missing ScriptRunContext! This warning can be ignored when running in bare mode.
2026-10-01 22:05:28.693 Please replace `use_container_width` with `width`.

`use_container_width` will be removed after 2025-12-31.

For `use_container_width=True`, use `width='stretch'`. For `use_container_width=False`, use `width='content'`.
2026-10-01 22:05:28.698 Please replace `use_container_width` with `width`.

`use_container_width` will be removed after 2025-12-31.

For `use_container_width=True`, use `width='stretch'`. For `use_container_width=False`, use `width='content'`.
2026-10-01 22:05:28.719 Please replace `use_container_width` with `width`.

`use_container_width` will be removed after 2025-12-31.

For `use_container_width=True`, use `width='stretch'`. For `use_container_width=False`, use `width='content'`.
2026-10-01 22:05:28.954 Please replace `use_container_width` with `width`.

`use_container_width` will be removed after 2025-12-31.

For `use_container_width=True`, use `width='stretch'`. For `use_container_width=False`, use `width='content'`.
2026-10-01 22:05:28.957 Please replace `use_container_width` with `width`.

`use_container_width` will be removed after 2025-12-31.

For `use_container_width=True`, use `width='stretch'`. For `use_container_width=False`, use `width='content'`.
2026-10-01 22:05:28.975 Please replace `use_container_width` with `width`.

`use_container_width` will be removed after 2025-12-31.

For `use_container_width=True`, use `width='stretch'`. For `use_container_width=False`, use `width='content'`.
2026-10-01 22:05:29.075 Thread 'MainThread': missing ScriptRunContext! This warning can be ignored when running in bare mode.
2026-10-01 22:05:29.357 Thread 'MainThread': missing ScriptRunContext! This warning can be ignored when running in bare mode.
2026-10-01 22:05:29.360 Thread 'MainThread': missing ScriptRunContext! This warning can be ignored when running in bare mode.
2026-10-01 22:05:29.360 Thread 'MainThread': missing ScriptRunContext! This warning can be ignored when running in bare mode.
2026-10-01 22:05:29.360 Thread 'MainThread': missing ScriptRunContext! This warning can be ignored when running in bare mode.
2026-10-01 22:05:29.360 Thread 'MainThread': missing ScriptRunContext! This warning can be ignored when running in bare mode.
2026-10-01 22:05:29.360 Thread 'MainThread': missing ScriptRunContext! This warning can be ignored when running in bare mode.
2026-10-01 22:05:29.360 Thread 'MainThread': missing ScriptRunContext! This warning can be ignored when running in bare mode.
2026-10-01 22:05:29.360 Thread 'MainThread': missing ScriptRunContext! This warning can be ignored when running in bare mode.
2026-10-01 22:05:29.360 Thread 'MainThread': missing ScriptRunContext! This warning can be ignored when running in bare mode.
2026-10-01 22:05:29.360 Thread 'MainThread': missing ScriptRunContext! This warning can be ignored when running in bare mode.
2026-10-01 22:05:29.360 Thread 'MainThread': missing ScriptRunContext! This warning can be ignored when running in bare mode.
2026-10-01 22:05:29.361 Thread 'MainThread': missing ScriptRunContext! This warning can be ignored when running in bare mode.
2026-10-01 22:05:29.361 Thread 'MainThread': missing ScriptRunContext! This warning can be ignored when running in bare mode.
2026-10-01 22:05:29.361 Thread 'MainThread': missing ScriptRunContext! This warning can be ignored when running in bare mode.
2026-10-01 22:05:29.361 Thread 'MainThread': missing ScriptRunContext! This warning can be ignored when running in bare mode.
2026-10-01 22:05:29.361 Thread 'MainThread': missing ScriptRunContext! This warning can be ignored when running in bare mode.
2026-10-01 22:05:29.361 Thread 'MainThread': missing ScriptRunContext! This warning can be ignored when running in bare mode.
2026-10-01 22:05:29.361 Thread 'MainThread': missing ScriptRunContext! This warning can be ignored when running in bare mode.
2026-10-01 22:05:29.361 Thread 'MainThread': missing ScriptRunContext! This warning can be ignored when running in bare mode.
2026-10-01 22:05:29.361 Thread 'MainThread': missing ScriptRunContext! This warning can be ignored when running in bare mode.
2026-10-01 22:05:29.361 Thread 'MainThread': missing ScriptRunContext! This warning can be ignored when running in bare mode.
2026-10-01 22:05:29.361 Thread 'MainThread': missing ScriptRunContext! This warning can be ignored when running in bare mode.
2026-10-01 22:05:29.361 Thread 'MainThread': missing ScriptRunContext! This warning can be ignored when running in bare mode.
2026-10-01 22:05:29.361 Thread 'MainThread': missing ScriptRunContext! This warning can be ignored when running in bare mode.
2026-10-01 22:05:29.361 Thread 'MainThread': missing ScriptRunContext! This warning can be ignored when running in bare mode.
2026-10-01 22:05:29.361 Thread 'MainThread': missing ScriptRunContext! This warning can be ignored when running in bare mode.
2026-10-01 22:05:29.361 Thread 'MainThread': missing ScriptRunContext! This warning can be ignored when running in bare mode.
2026-10-01 22:05:29.361 Thread 'MainThread': missing ScriptRunContext! This warning can be ignored when running in bare mode.
2026-10-01 22:05:29.361 Thread 'MainThread': missing ScriptRunContext! This warning can be ignored when running in bare mode.
2026-10-01 22:05:29.361 Thread 'MainThread': missing ScriptRunContext! This warning can be ignored when running in bare mode.
2026-10-01 22:05:29.362 Thread 'MainThread': missing ScriptRunContext! This warning can be ignored when running in bare mode.
2026-10-01 22:05:29.362 Thread 'MainThread': missing ScriptRunContext! This warning can be ignored when running in bare mode.
2026-10-01 22:05:29.362 Thread 'MainThread': missing ScriptRunContext! This warning can be ignored when running in bare mode.
2026-10-01 22:05:29.362 Thread 'MainThread': missing ScriptRunContext! This warning can be ignored when running in bare mode.
2026-10-01 22:05:29.362 Thread 'MainThread': missing ScriptRunContext! This warning can be ignored when running in bare mode.
2026-10-01 22:05:29.362 Thread 'MainThread': missing ScriptRunContext! This warning can be ignored when running in bare mode.
2026-10-01 22:05:29.362 Thread 'MainThread': missing ScriptRunContext! This warning can be ignored when running in bare mode.
2026-10-01 22:05:29.362 Thread 'MainThread': missing ScriptRunContext! This warning can be ignored when running in bare mode.
2026-10-01 22:05:29.362 Thread 'MainThread': missing ScriptRunContext! This warning can be ignored when running in bare mode.
2026-10-01 22:05:29.362 Thread 'MainThread': missing ScriptRunContext! This warning can be ignored when running in bare mode.
2026-10-01 22:05:29.362 Thread 'MainThread': missing ScriptRunContext! This warning can be ignored when running in bare mode.
2026-10-01 22:05:29.362 Thread 'MainThread': missing ScriptRunContext! This warning can be ignored when running in bare mode.
2026-10-01 22:05:29.362 Thread 'MainThread': missing ScriptRunContext! This warning can be ignored when running in bare mode.
2026-10-01 22:05:29.362 Thread 'MainThread': missing ScriptRunContext! This warning can be ignored when running in bare mode.
2026-10-01 22:05:29.441 Thread 'MainThread': missing ScriptRunContext! This warning can be ignored when running in bare mode.
2026-10-01 22:05:29.444 Thread 'MainThread': missing ScriptRunContext! This warning can be ignored when running in bare mode.
2026-10-01 22:05:29.444 Thread 'MainThread': missing ScriptRunContext! This warning can be ignored when running in bare mode.
2026-10-01 22:05:29.444 Thread 'MainThread': missing ScriptRunContext! This warning can be ignored when running in bare mode.
2026-10-01 22:05:29.444 Thread 'MainThread': missing ScriptRunContext! This warning can be ignored when running in bare mode.
2026-10-01 22:05:29.444 Thread 'MainThread': missing ScriptRunContext! This warning can be ignored when running in bare mode.
2026-10-01 22:05:29.444 Thread 'MainThread': missing ScriptRunContext! This warning can be ignored when running in bare mode.
2026-10-01 22:05:29.444 Thread 'MainThread': missing ScriptRunContext! This warning can be ignored when running in bare mode.
2026-10-01 22:05:29.444 Thread 'MainThread': missing ScriptRunContext! This warning can be ignored when running in bare mode.
2026-10-01 22:05:29.444 Thread 'MainThread': missing ScriptRunContext! This warning can be ignored when running in bare mode.
2026-10-01 22:05:29.444 Thread 'MainThread': missing ScriptRunContext! This warning can be ignored when running in bare mode.
2026-10-01 22:05:29.444 Thread 'MainThread': missing ScriptRunContext! This warning can be ignored when running in bare mode.
2026-10-01 22:05:29.444 Thread 'MainThread': missing ScriptRunContext! This warning can be ignored when running in bare mode.
2026-10-01 22:05:29.444 Thread 'MainThread': missing ScriptRunContext! This warning can be ignored when running in bare mode.
2026-10-01 22:05:29.444 Thread 'MainThread': missing ScriptRunContext! This warning can be ignored when running in bare mode.
2026-10-01 22:05:29.444 Thread 'MainThread': missing ScriptRunContext! This warning can be ignored when running in bare mode.
2026-10-01 22:05:29.445 Thread 'MainThread': missing ScriptRunContext! This warning can be ignored when running in bare mode.
2026-10-01 22:05:29.445 Thread 'MainThread': missing ScriptRunContext! This warning can be ignored when running in bare mode.
2026-10-01 22:05:29.445 Thread 'MainThread': missing ScriptRunContext! This warning can be ignored when running in bare mode.
2026-10-01 22:05:29.445 Thread 'MainThread': missing ScriptRunContext! This warning can be ignored when running in bare mode.
2026-10-01 22:05:29.445 Thread 'MainThread': missing ScriptRunContext! This warning can be ignored when running in bare mode.
2026-10-01 22:05:29.445 Thread 'MainThread': missing ScriptRunContext! This warning can be ignored when running in bare mode.
2026-10-01 22:05:29.445 Thread 'MainThread': missing ScriptRunContext! This warning can be ignored when running in bare mode.
2026-10-01 22:05:29.445 Thread 'MainThread': missing ScriptRunContext! This warning can be ignored when running in bare mode.
2026-10-01 22:05:29.445 Thread 'MainThread': missing ScriptRunContext! This warning can be ignored when running in bare mode.
2026-10-01 22:05:29.445 Thread 'MainThread': missing ScriptRunContext! This warning can be ignored when running in bare mode.
2026-10-01 22:05:29.445 Thread 'MainThread': missing ScriptRunContext! This warning can be ignored when running in bare mode.
2026-10-01 22:05:29.445 Thread 'MainThread': missing ScriptRunContext! This warning can be ignored when running in bare mode.
2026-10-01 22:05:29.445 Thread 'MainThread': missing ScriptRunContext! This warning can be ignored when running in bare mode.
2026-10-01 22:05:29.445 Thread 'MainThread': missing ScriptRunContext! This warning can be ignored when running in bare mode.
2026-10-01 22:05:29.445 Thread 'MainThread': missing ScriptRunContext! This warning can be ignored when running in bare mode.
2026-10-01 22:05:29.445 Thread 'MainThread': missing ScriptRunContext! This warning can be ignored when running in bare mode.
2026-10-01 22:05:29.445 Thread 'MainThread': missing ScriptRunContext! This warning can be ignored when running in bare mode.
2026-10-01 22:05:29.445 Thread 'MainThread': missing ScriptRunContext! This warning can be ignored when running in bare mode.
2026-10-01 22:05:29.446 Thread 'MainThread': missing ScriptRunContext! This warning can be ignored when running in bare mode.
2026-10-01 22:05:29.446 Thread 'MainThread': missing ScriptRunContext! This warning can be ignored when running in bare mode.
2026-10-01 22:05:29.446 Thread 'MainThread': missing ScriptRunContext! This warning can be ignored when running in bare mode.
2026-10-01 22:05:29.446 Thread 'MainThread': missing ScriptRunContext! This warning can be ignored when running in bare mode.
2026-10-01 22:05:29.446 Thread 'MainThread': missing ScriptRunContext! This warning can be ignored when running in bare mode.
2026-10-01 22:05:29.446 Thread 'MainThread': missing ScriptRunContext! This warning can be ignored when running in bare mode.
2026-10-01 22:05:29.446 Thread 'MainThread': missing ScriptRunContext! This warning can be ignored when running in bare mode.
2026-10-01 22:05:29.446 Thread 'MainThread': missing ScriptRunContext! This warning can be ignored when running in bare mode.
2026-10-01 22:05:29.446 Thread 'MainThread': missing ScriptRunContext! This warning can be ignored when running in bare mode.
2026-10-01 22:05:29.446 Thread 'MainThread': missing ScriptRunContext! This warning can be ignored when running in bare mode.
2026-10-01 22:05:29.453 Thread 'MainThread': missing ScriptRunContext! This warning can be ignored when running in bare mode.
2026-10-01 22:05:29.459 Thread 'MainThread': missing ScriptRunContext! This warning can be ignored when running in bare mode.
2026-10-01 22:05:29.517 Thread 'MainThread': missing ScriptRunContext! This warning can be ignored when running in bare mode.
2026-10-01 22:05:29.518 Thread 'MainThread': missing ScriptRunContext! This warning can be ignored when running in bare mode.
2026-10-01 22:05:29.518 Thread 'MainThread': missing ScriptRunContext! This warning can be ignored when running in bare mode.
2026-10-01 22:05:29.518 Thread 'MainThread': missing ScriptRunContext! This warning can be ignored when running in bare mode.
2026-10-01 22:05:29.518 Thread 'MainThread': missing ScriptRunContext! This warning can be ignored when running in bare mode.
2026-10-01 22:05:29.518 Thread 'MainThread': missing ScriptRunContext! This warning can be ignored when running in bare mode.
2026-10-01 22:05:29.518 Thread 'MainThread': missing ScriptRunContext! This warning can be ignored when running in bare mode.
2026-10-01 22:05:29.518 Thread 'MainThread': missing ScriptRunContext! This warning can be ignored when running in bare mode.
2026-10-01 22:05:29.518 Thread 'MainThread': missing ScriptRunContext! This warning can be ignored when running in bare mode.
2026-10-01 22:05:29.518 Thread 'MainThread': missing ScriptRunContext! This warning can be ignored when running in bare mode.
2026-10-01 22:05:29.518 Thread 'MainThread': missing ScriptRunContext! This warning can be ignored when running in bare mode.
2026-10-01 22:05:29.518 Thread 'MainThread': missing ScriptRunContext! This warning can be ignored when running in bare mode.
2026-10-01 22:05:29.518 Thread 'MainThread': missing ScriptRunContext! This warning can be ignored when running in bare mode.
2026-10-01 22:05:29.518 Thread 'MainThread': missing ScriptRunContext! This warning can be ignored when running in bare mode.
2026-10-01 22:05:29.519 Thread 'MainThread': missing ScriptRunContext! This warning can be ignored when running in bare mode.
2026-10-01 22:05:29.519 Thread 'MainThread': missing ScriptRunContext! This warning can be ignored when running in bare mode.
2026-10-01 22:05:29.519 Thread 'MainThread': missing ScriptRunContext! This warning can be ignored when running in bare mode.
2026-10-01 22:05:29.519 Thread 'MainThread': missing ScriptRunContext! This warning can be ignored when running in bare mode.
2026-10-01 22:05:29.519 Thread 'MainThread': missing ScriptRunContext! This warning can be ignored when running in bare mode.
2026-10-01 22:05:29.519 Thread 'MainThread': missing ScriptRunContext! This warning can be ignored when running in bare mode.
2026-10-01 22:05:29.519 Thread 'MainThread': missing ScriptRunContext! This warning can be ignored when running in bare mode.
2026-10-01 22:05:29.519 Thread 'MainThread': missing ScriptRunContext! This warning can be ignored when running in bare mode.
2026-10-01 22:05:29.519 Thread 'MainThread': missing ScriptRunContext! This warning can be ignored when running in bare mode.
2026-10-01 22:05:29.519 Thread 'MainThread': missing ScriptRunContext! This warning can be ignored when running in bare mode.
2026-10-01 22:05:29.519 Thread 'MainThread': missing ScriptRunContext! This warning can be ignored when running in bare mode.
2026-10-01 22:05:29.519 Thread 'MainThread': missing ScriptRunContext! This warning can be ignored when running in bare mode.
2026-10-01 22:05:29.519 Thread 'MainThread': missing ScriptRunContext! This warning can be ignored when running in bare mode.
2026-10-01 22:05:29.519 Thread 'MainThread': missing ScriptRunContext! This warning can be ignored when running in bare mode.
2026-10-01 22:05:29.519 Thread 'MainThread': missing ScriptRunContext! This warning can be ignored when running in bare mode.
2026-10-01 22:05:29.519 Thread 'MainThread': missing ScriptRunContext! This warning can be ignored when running in bare mode.
2026-10-01 22:05:29.519 Thread 'MainThread': missing ScriptRunContext! This warning can be ignored when running in bare mode.
2026-10-01 22:05:29.519 Thread 'MainThread': missing ScriptRunContext! This warning can be ignored when running in bare mode.
2026-10-01 22:05:29.520 Thread 'MainThread': missing ScriptRunContext! This warning can be ignored when running in bare mode.
2026-10-01 22:05:29.520 Thread 'MainThread': missing ScriptRunContext! This warning can be ignored when running in bare mode.
2026-10-01 22:05:29.520 Thread 'MainThread': missing ScriptRunContext! This warning can be ignored when running in bare mode.
2026-10-01 22:05:29.520 Thread 'MainThread': missing ScriptRunContext! This warning can be ignored when running in bare mode.
2026-10-01 22:05:29.520 Thread 'MainThread': missing ScriptRunContext! This warning can be ignored when running in bare mode.
2026-10-01 22:05:29.520 Thread 'MainThread': missing ScriptRunContext! This warning can be ignored when running in bare mode.
2026-10-01 22:05:29.520 Thread 'MainThread': missing ScriptRunContext! This warning can be ignored when running in bare mode.
2026-10-01 22:05:29.520 Thread 'MainThread': missing ScriptRunContext! This warning can be ignored when running in bare mode.
2026-10-01 22:05:29.520 Thread 'MainThread': missing ScriptRunContext! This warning can be ignored when running in bare mode.
2026-10-01 22:05:29.520 Thread 'MainThread': missing ScriptRunContext! This warning can be ignored when running in bare mode.
2026-10-01 22:05:29.520 Thread 'MainThread': missing ScriptRunContext! This warning can be ignored when running in bare mode.
2026-10-01 22:05:29.520 Thread 'MainThread': missing ScriptRunContext! This warning can be ignored when running in bare mode.
2026-10-01 22:05:29.541 Thread 'MainThread': missing ScriptRunContext! This warning can be ignored when running in bare mode.
2026-10-01 22:05:29.542 Thread 'MainThread': missing ScriptRunContext! This warning can be ignored when running in bare mode.
2026-10-01 22:05:29.542 Thread 'MainThread': missing ScriptRunContext! This warning can be ignored when running in bare mode.
2026-10-01 22:05:29.542 Thread 'MainThread': missing ScriptRunContext! This warning can be ignored when running in bare mode.
2026-10-01 22:05:29.542 Thread 'MainThread': missing ScriptRunContext! This warning can be ignored when running in bare mode.
2026-10-01 22:05:29.542 Thread 'MainThread': missing ScriptRunContext! This warning can be ignored when running in bare mode.
2026-10-01 22:05:29.542 Thread 'MainThread': missing ScriptRunContext! This warning can be ignored when running in bare mode.
2026-10-01 22:05:29.542 Thread 'MainThread': missing ScriptRunContext! This warning can be ignored when running in bare mode.
2026-10-01 22:05:29.542 Thread 'MainThread': missing ScriptRunContext! This warning can be ignored when running in bare mode.
2026-10-01 22:05:29.542 Thread 'MainThread': missing ScriptRunContext! This warning can be ignored when running in bare mode.
2026-10-01 22:05:29.542 Thread 'MainThread': missing ScriptRunContext! This warning can be ignored when running in bare mode.
2026-10-01 22:05:29.542 Thread 'MainThread': missing ScriptRunContext! This warning can be ignored when running in bare mode.
2026-10-01 22:05:29.542 Thread 'MainThread': missing ScriptRunContext! This warning can be ignored when running in bare mode.
2026-10-01 22:05:29.542 Thread 'MainThread': missing ScriptRunContext! This warning can be ignored when running in bare mode.
2026-10-01 22:05:29.542 Thread 'MainThread': missing ScriptRunContext! This warning can be ignored when running in bare mode.
2026-10-01 22:05:29.542 Thread 'MainThread': missing ScriptRunContext! This warning can be ignored when running in bare mode.
2026-10-01 22:05:29.542 Thread 'MainThread': missing ScriptRunContext! This warning can be ignored when running in bare mode.
2026-10-01 22:05:29.542 Thread 'MainThread': missing ScriptRunContext! This warning can be ignored when running in bare mode.
2026-10-01 22:05:29.542 Thread 'MainThread': missing ScriptRunContext! This warning can be ignored when running in bare mode.
2026-10-01 22:05:29.543 Thread 'MainThread': missing ScriptRunContext! This warning can be ignored when running in bare mode.
2026-10-01 22:05:29.543 Thread 'MainThread': missing ScriptRunContext! This warning can be ignored when running in bare mode.
2026-10-01 22:05:29.543 Thread 'MainThread': missing ScriptRunContext! This warning can be ignored when running in bare mode.
2026-10-01 22:05:29.543 Thread 'MainThread': missing ScriptRunContext! This warning can be ignored when running in bare mode.
2026-10-01 22:05:29.543 Thread 'MainThread': missing ScriptRunContext! This warning can be ignored when running in bare mode.
2026-10-01 22:05:29.543 Thread 'MainThread': missing ScriptRunContext! This warning can be ignored when running in bare mode.
2026-10-01 22:05:29.543 Thread 'MainThread': missing ScriptRunContext! This warning can be ignored when running in bare mode.
2026-10-01 22:05:29.543 Thread 'MainThread': missing ScriptRunContext! This warning can be ignored when running in bare mode.
2026-10-01 22:05:29.543 Thread 'MainThread': missing ScriptRunContext! This warning can be ignored when running in bare mode.
2026-10-01 22:05:29.543 Thread 'MainThread': missing ScriptRunContext! This warning can be ignored when running in bare mode.
2026-10-01 22:05:29.543 Thread 'MainThread': missing ScriptRunContext! This warning can be ignored when running in bare mode.
2026-10-01 22:05:29.543 Thread 'MainThread': missing ScriptRunContext! This warning can be ignored when running in bare mode.
2026-10-01 22:05:29.543 Thread 'MainThread': missing ScriptRunContext! This warning can be ignored when running in bare mode.
2026-10-01 22:05:29.543 Thread 'MainThread': missing ScriptRunContext! This warning can be ignored when running in bare mode.
2026-10-01 22:05:29.544 Thread 'MainThread': missing ScriptRunContext! This warning can be ignored when running in bare mode.
2026-10-01 22:05:29.544 Thread 'MainThread': missing ScriptRunContext! This warning can be ignored when running in bare mode.
2026-10-01 22:05:29.544 Thread 'MainThread': missing ScriptRunContext! This warning can be ignored when running in bare mode.
2026-10-01 22:05:29.544 Thread 'MainThread': missing ScriptRunContext! This warning can be ignored when running in bare mode.
2026-10-01 22:05:29.544 Thread 'MainThread': missing ScriptRunContext! This warning can be ignored when running in bare mode.
2026-10-01 22:05:29.544 Thread 'MainThread': missing ScriptRunContext! This warning can be ignored when running in bare mode.
2026-10-01 22:05:29.544 Thread 'MainThread': missing ScriptRunContext! This warning can be ignored when running in bare mode.
2026-10-01 22:05:29.544 Thread 'MainThread': missing ScriptRunContext! This warning can be ignored when running in bare mode.
2026-10-01 22:05:29.544 Thread 'MainThread': missing ScriptRunContext! This warning can be ignored when running in bare mode.
2026-10-01 22:05:29.544 Thread 'MainThread': missing ScriptRunContext! This warning can be ignored when running in bare mode.
2026-10-01 22:05:29.544 Thread 'MainThread': missing ScriptRunContext! This warning can be ignored when running in bare mode.
2026-10-01 22:05:29.547 Thread 'MainThread': missing ScriptRunContext! This warning can be ignored when running in bare mode.
2026-10-01 22:05:29.550 Thread 'MainThread': missing ScriptRunContext! This warning can be ignored when running in bare mode.
2026-10-01 22:05:29.571 Thread 'MainThread': missing ScriptRunContext! This warning can be ignored when running in bare mode.
2026-10-01 22:05:29.571 Thread 'MainThread': missing ScriptRunContext! This warning can be ignored when running in bare mode.
2026-10-01 22:05:29.572 Thread 'MainThread': missing ScriptRunContext! This warning can be ignored when running in bare mode.
2026-10-01 22:05:29.572 Thread 'MainThread': missing ScriptRunContext! This warning can be ignored when running in bare mode.
2026-10-01 22:05:29.572 Thread 'MainThread': missing ScriptRunContext! This warning can be ignored when running in bare mode.
2026-10-01 22:05:29.572 Thread 'MainThread': missing ScriptRunContext! This warning can be ignored when running in bare mode.
2026-10-01 22:05:29.572 Thread 'MainThread': missing ScriptRunContext! This warning can be ignored when running in bare mode.
2026-10-01 22:05:29.572 Thread 'MainThread': missing ScriptRunContext! This warning can be ignored when running in bare mode.
2026-10-01 22:05:29.572 Thread 'MainThread': missing ScriptRunContext! This warning can be ignored when running in bare mode.
2026-10-01 22:05:29.572 Thread 'MainThread': missing ScriptRunContext! This warning can be ignored when running in bare mode.
2026-10-01 22:05:29.572 Thread 'MainThread': missing ScriptRunContext! This warning can be ignored when running in bare mode.
2026-10-01 22:05:29.572 Thread 'MainThread': missing ScriptRunContext! This warning can be ignored when running in bare mode.
2026-10-01 22:05:29.572 Thread 'MainThread': missing ScriptRunContext! This warning can be ignored when running in bare mode.
2026-10-01 22:05:29.572 Thread 'MainThread': missing ScriptRunContext! This warning can be ignored when running in bare mode.
2026-10-01 22:05:29.572 Thread 'MainThread': missing ScriptRunContext! This warning can be ignored when running in bare mode.
2026-10-01 22:05:29.572 Thread 'MainThread': missing ScriptRunContext! This warning can be ignored when running in bare mode.
2026-10-01 22:05:29.572 Thread 'MainThread': missing ScriptRunContext! This warning can be ignored when running in bare mode.
2026-10-01 22:05:29.572 Thread 'MainThread': missing ScriptRunContext! This warning can be ignored when running in bare mode.
2026-10-01 22:05:29.572 Thread 'MainThread': missing ScriptRunContext! This warning can be ignored when running in bare mode.
2026-10-01 22:05:29.572 Thread 'MainThread': missing ScriptRunContext! This warning can be ignored when running in bare mode.
2026-10-01 22:05:29.572 Thread 'MainThread': missing ScriptRunContext! This warning can be ignored when running in bare mode.
2026-10-01 22:05:29.573 Thread 'MainThread': missing ScriptRunContext! This warning can be ignored when running in bare mode.
2026-10-01 22:05:29.573 Thread 'MainThread': missing ScriptRunContext! This warning can be ignored when running in bare mode.
2026-10-01 22:05:29.573 Thread 'MainThread': missing ScriptRunContext! This warning can be ignored when running in bare mode.
2026-10-01 22:05:29.573 Thread 'MainThread': missing ScriptRunContext! This warning can be ignored when running in bare mode.
2026-10-01 22:05:29.573 Thread 'MainThread': missing ScriptRunContext! This warning can be ignored when running in bare mode.
2026-10-01 22:05:29.573 Thread 'MainThread': missing ScriptRunContext! This warning can be ignored when running in bare mode.
2026-10-01 22:05:29.573 Thread 'MainThread': missing ScriptRunContext! This warning can be ignored when running in bare mode.
2026-10-01 22:05:29.573 Thread 'MainThread': missing ScriptRunContext! This warning can be ignored when running in bare mode.
2026-10-01 22:05:29.573 Thread 'MainThread': missing ScriptRunContext! This warning can be ignored when running in bare mode.
2026-10-01 22:05:29.573 Thread 'MainThread': missing ScriptRunContext! This warning can be ignored when running in bare mode.
2026-10-01 22:05:29.573 Thread 'MainThread': missing ScriptRunContext! This warning can be ignored when running in bare mode.
2026-10-01 22:05:29.573 Thread 'MainThread': missing ScriptRunContext! This warning can be ignored when running in bare mode.
2026-10-01 22:05:29.573 Thread 'MainThread': missing ScriptRunContext! This warning can be ignored when running in bare mode.
2026-10-01 22:05:29.573 Thread 'MainThread': missing ScriptRunContext! This warning can be ignored when running in bare mode.
2026-10-01 22:05:29.573 Thread 'MainThread': missing ScriptRunContext! This warning can be ignored when running in bare mode.
2026-10-01 22:05:29.573 Thread 'MainThread': missing ScriptRunContext! This warning can be ignored when running in bare mode.
2026-10-01 22:05:29.573 Thread 'MainThread': missing ScriptRunContext! This warning can be ignored when running in bare mode.
2026-10-01 22:05:29.573 Thread 'MainThread': missing ScriptRunContext! This warning can be ignored when running in bare mode.
2026-10-01 22:05:29.573 Thread 'MainThread': missing ScriptRunContext! This warning can be ignored when running in bare mode.
2026-10-01 22:05:29.573 Thread 'MainThread': missing ScriptRunContext! This warning can be ignored when running in bare mode.
2026-10-01 22:05:29.573 Thread 'MainThread': missing ScriptRunContext! This warning can be ignored when running in bare mode.
2026-10-01 22:05:29.574 Thread 'MainThread': missing ScriptRunContext! This warning can be ignored when running in bare mode.
2026-10-01 22:05:29.574 Thread 'MainThread': missing ScriptRunContext! This warning can be ignored when running in bare mode.
2026-10-01 22:05:29.583 Thread 'MainThread': missing ScriptRunContext! This warning can be ignored when running in bare mode.
2026-10-01 22:05:29.584 Thread 'MainThread': missing ScriptRunContext! This warning can be ignored when running in bare mode.
2026-10-01 22:05:29.584 Thread 'MainThread': missing ScriptRunContext! This warning can be ignored when running in bare mode.
2026-10-01 22:05:29.584 Thread 'MainThread': missing ScriptRunContext! This warning can be ignored when running in bare mode.
2026-10-01 22:05:29.584 Thread 'MainThread': missing ScriptRunContext! This warning can be ignored when running in bare mode.
2026-10-01 22:05:29.584 Thread 'MainThread': missing ScriptRunContext! This warning can be ignored when running in bare mode.
2026-10-01 22:05:29.584 Thread 'MainThread': missing ScriptRunContext! This warning can be ignored when running in bare mode.
2026-10-01 22:05:29.584 Thread 'MainThread': missing ScriptRunContext! This warning can be ignored when running in bare mode.
2026-10-01 22:05:29.584 Thread 'MainThread': missing ScriptRunContext! This warning can be ignored when running in bare mode.
2026-10-01 22:05:29.584 Thread 'MainThread': missing ScriptRunContext! This warning can be ignored when running in bare mode.
2026-10-01 22:05:29.584 Thread 'MainThread': missing ScriptRunContext! This warning can be ignored when running in bare mode.
2026-10-01 22:05:29.584 Thread 'MainThread': missing ScriptRunContext! This warning can be ignored when running in bare mode.
2026-10-01 22:05:29.584 Thread 'MainThread': missing ScriptRunContext! This warning can be ignored when running in bare mode.
2026-10-01 22:05:29.584 Thread 'MainThread': missing ScriptRunContext! This warning can be ignored when running in bare mode.
2026-10-01 22:05:29.584 Thread 'MainThread': missing ScriptRunContext! This warning can be ignored when running in bare mode.
2026-10-01 22:05:29.584 Thread 'MainThread': missing ScriptRunContext! This warning can be ignored when running in bare mode.
2026-10-01 22:05:29.584 Thread 'MainThread': missing ScriptRunContext! This warning can be ignored when running in bare mode.
2026-10-01 22:05:29.584 Thread 'MainThread': missing ScriptRunContext! This warning can be ignored when running in bare mode.
2026-10-01 22:05:29.585 Thread 'MainThread': missing ScriptRunContext! This warning can be ignored when running in bare mode.
2026-10-01 22:05:29.585 Thread 'MainThread': missing ScriptRunContext! This warning can be ignored when running in bare mode.
2026-10-01 22:05:29.585 Thread 'MainThread': missing ScriptRunContext! This warning can be ignored when running in bare mode.
2026-10-01 22:05:29.585 Thread 'MainThread': missing ScriptRunContext! This warning can be ignored when running in bare mode.
2026-10-01 22:05:29.585 Thread 'MainThread': missing ScriptRunContext! This warning can be ignored when running in bare mode.
2026-10-01 22:05:29.585 Thread 'MainThread': missing ScriptRunContext! This warning can be ignored when running in bare mode.
2026-10-01 22:05:29.585 Thread 'MainThread': missing ScriptRunContext! This warning can be ignored when running in bare mode.
2026-10-01 22:05:29.585 Thread 'MainThread': missing ScriptRunContext! This warning can be ignored when running in bare mode.
2026-10-01 22:05:29.585 Thread 'MainThread': missing ScriptRunContext! This warning can be ignored when running in bare mode.
2026-10-01 22:05:29.585 Thread 'MainThread': missing ScriptRunContext! This warning can be ignored when running in bare mode.
2026-10-01 22:05:29.585 Thread 'MainThread': missing ScriptRunContext! This warning can be ignored when running in bare mode.
2026-10-01 22:05:29.585 Thread 'MainThread': missing ScriptRunContext! This warning can be ignored when running in bare mode.
2026-10-01 22:05:29.585 Thread 'MainThread': missing ScriptRunContext! This warning can be ignored when running in bare mode.
2026-10-01 22:05:29.585 Thread 'MainThread': missing ScriptRunContext! This warning can be ignored when running in bare mode.
2026-10-01 22:05:29.586 Thread 'MainThread': missing ScriptRunContext! This warning can be ignored when running in bare mode.
2026-10-01 22:05:29.586 Thread 'MainThread': missing ScriptRunContext! This warning can be ignored when running in bare mode.
2026-10-01 22:05:29.586 Thread 'MainThread': missing ScriptRunContext! This warning can be ignored when running in bare mode.
2026-10-01 22:05:29.586 Thread 'MainThread': missing ScriptRunContext! This warning can be ignored when running in bare mode.
2026-10-01 22:05:29.586 Thread 'MainThread': missing ScriptRunContext! This warning can be ignored when running in bare mode.
2026-10-01 22:05:29.586 Thread 'MainThread': missing ScriptRunContext! This warning can be ignored when running in bare mode.
2026-10-01 22:05:29.586 Thread 'MainThread': missing ScriptRunContext! This warning can be ignored when running in bare mode.
2026-10-01 22:05:29.586 Thread 'MainThread': missing ScriptRunContext! This warning can be ignored when running in bare mode.
2026-10-01 22:05:29.586 Thread 'MainThread': missing ScriptRunContext! This warning can be ignored when running in bare mode.
2026-10-01 22:05:29.586 Thread 'MainThread': missing ScriptRunContext! This warning can be ignored when running in bare mode.
2026-10-01 22:05:29.586 Thread 'MainThread': missing ScriptRunContext! This warning can be ignored when running in bare mode.
2026-10-01 22:05:29.586 Thread 'MainThread': missing ScriptRunContext! This warning can be ignored when running in bare mode.
2026-10-01 22:05:29.589 Thread 'MainThread': missing ScriptRunContext! This warning can be ignored when running in bare mode.
2026-10-01 22:05:29.591 Thread 'MainThread': missing ScriptRunContext! This warning can be ignored when running in bare mode.
2026-10-01 22:05:29.693 Thread 'MainThread': missing ScriptRunContext! This warning can be ignored when running in bare mode.
2026-10-01 22:05:29.694 Thread 'MainThread': missing ScriptRunContext! This warning can be ignored when running in bare mode.
2026-10-01 22:05:29.694 Thread 'MainThread': missing ScriptRunContext! This warning can be ignored when running in bare mode.
2026-10-01 22:05:29.694 Thread 'MainThread': missing ScriptRunContext! This warning can be ignored when running in bare mode.
2026-10-01 22:05:29.694 Thread 'MainThread': missing ScriptRunContext! This warning can be ignored when running in bare mode.
2026-10-01 22:05:29.694 Thread 'MainThread': missing ScriptRunContext! This warning can be ignored when running in bare mode.
2026-10-01 22:05:29.694 Thread 'MainThread': missing ScriptRunContext! This warning can be ignored when running in bare mode.
2026-10-01 22:05:29.694 Thread 'MainThread': missing ScriptRunContext! This warning can be ignored when running in bare mode.
2026-10-01 22:05:29.694 Thread 'MainThread': missing ScriptRunContext! This warning can be ignored when running in bare mode.
2026-10-01 22:05:29.694 Thread 'MainThread': missing ScriptRunContext! This warning can be ignored when running in bare mode.
2026-10-01 22:05:29.694 Thread 'MainThread': missing ScriptRunContext! This warning can be ignored when running in bare mode.
2026-10-01 22:05:29.694 Thread 'MainThread': missing ScriptRunContext! This warning can be ignored when running in bare mode.
2026-10-01 22:05:29.694 Thread 'MainThread': missing ScriptRunContext! This warning can be ignored when running in bare mode.
2026-10-01 22:05:29.694 Thread 'MainThread': missing ScriptRunContext! This warning can be ignored when running in bare mode.
2026-10-01 22:05:29.694 Thread 'MainThread': missing ScriptRunContext! This warning can be ignored when running in bare mode.
2026-10-01 22:05:29.694 Thread 'MainThread': missing ScriptRunContext! This warning can be ignored when running in bare mode.
2026-10-01 22:05:29.695 Thread 'MainThread': missing ScriptRunContext! This warning can be ignored when running in bare mode.
2026-10-01 22:05:29.695 Thread 'MainThread': missing ScriptRunContext! This warning can be ignored when running in bare mode.
2026-10-01 22:05:29.695 Thread 'MainThread': missing ScriptRunContext! This warning can be ignored when running in bare mode.
2026-10-01 22:05:29.695 Thread 'MainThread': missing ScriptRunContext! This warning can be ignored when running in bare mode.
2026-10-01 22:05:29.695 Thread 'MainThread': missing ScriptRunContext! This warning can be ignored when running in bare mode.
2026-10-01 22:05:29.695 Thread 'MainThread': missing ScriptRunContext! This warning can be ignored when running in bare mode.
2026-10-01 22:05:29.695 Thread 'MainThread': missing ScriptRunContext! This warning can be ignored when running in bare mode.
2026-10-01 22:05:29.695 Thread 'MainThread': missing ScriptRunContext! This warning can be ignored when running in bare mode.
2026-10-01 22:05:29.695 Thread 'MainThread': missing ScriptRunContext! This warning can be ignored when running in bare mode.
2026-10-01 22:05:29.695 Thread 'MainThread': missing ScriptRunContext! This warning can be ignored when running in bare mode.
2026-10-01 22:05:29.695 Thread 'MainThread': missing ScriptRunContext! This warning can be ignored when running in bare mode.
2026-10-01 22:05:29.695 Thread 'MainThread': missing ScriptRunContext! This warning can be ignored when running in bare mode.
2026-10-01 22:05:29.695 Thread 'MainThread': missing ScriptRunContext! This warning can be ignored when running in bare mode.
2026-10-01 22:05:29.695 Thread 'MainThread': missing ScriptRunContext! This warning can be ignored when running in bare mode.
2026-10-01 22:05:29.695 Thread 'MainThread': missing ScriptRunContext! This warning can be ignored when running in bare mode.
2026-10-01 22:05:29.695 Thread 'MainThread': missing ScriptRunContext! This warning can be ignored when running in bare mode.
2026-10-01 22:05:29.695 Thread 'MainThread': missing ScriptRunContext! This warning can be ignored when running in bare mode.
2026-10-01 22:05:29.695 Thread 'MainThread': missing ScriptRunContext! This warning can be ignored when running in bare mode.
2026-10-01 22:05:29.695 Thread 'MainThread': missing ScriptRunContext! This warning can be ignored when running in bare mode.
2026-10-01 22:05:29.695 Thread 'MainThread': missing ScriptRunContext! This warning can be ignored when running in bare mode.
2026-10-01 22:05:29.696 Thread 'MainThread': missing ScriptRunContext! This warning can be ignored when running in bare mode.
2026-10-01 22:05:29.696 Thread 'MainThread': missing ScriptRunContext! This warning can be ignored when running in bare mode.
2026-10-01 22:05:29.696 Thread 'MainThread': missing ScriptRunContext! This warning can be ignored when running in bare mode.
2026-10-01 22:05:29.696 Thread 'MainThread': missing ScriptRunContext! This warning can be ignored when running in bare mode.
2026-10-01 22:05:29.696 Thread 'MainThread': missing ScriptRunContext! This warning can be ignored when running in bare mode.
2026-10-01 22:05:29.696 Thread 'MainThread': missing ScriptRunContext! This warning can be ignored when running in bare mode.
2026-10-01 22:05:29.696 Thread 'MainThread': missing ScriptRunContext! This warning can be ignored when running in bare mode.
2026-10-01 22:05:29.696 Thread 'MainThread': missing ScriptRunContext! This warning can be ignored when running in bare mode.
2026-10-01 22:05:29.721 Thread 'MainThread': missing ScriptRunContext! This warning can be ignored when running in bare mode.
2026-10-01 22:05:29.722 Thread 'MainThread': missing ScriptRunContext! This warning can be ignored when running in bare mode.
2026-10-01 22:05:29.723 Thread 'MainThread': missing ScriptRunContext! This warning can be ignored when running in bare mode.
2026-10-01 22:05:29.723 Thread 'MainThread': missing ScriptRunContext! This warning can be ignored when running in bare mode.
2026-10-01 22:05:29.723 Thread 'MainThread': missing ScriptRunContext! This warning can be ignored when running in bare mode.
2026-10-01 22:05:29.723 Thread 'MainThread': missing ScriptRunContext! This warning can be ignored when running in bare mode.
2026-10-01 22:05:29.723 Thread 'MainThread': missing ScriptRunContext! This warning can be ignored when running in bare mode.
2026-10-01 22:05:29.723 Thread 'MainThread': missing ScriptRunContext! This warning can be ignored when running in bare mode.
2026-10-01 22:05:29.723 Thread 'MainThread': missing ScriptRunContext! This warning can be ignored when running in bare mode.
2026-10-01 22:05:29.723 Thread 'MainThread': missing ScriptRunContext! This warning can be ignored when running in bare mode.
2026-10-01 22:05:29.723 Thread 'MainThread': missing ScriptRunContext! This warning can be ignored when running in bare mode.
2026-10-01 22:05:29.723 Thread 'MainThread': missing ScriptRunContext! This warning can be ignored when running in bare mode.
2026-10-01 22:05:29.723 Thread 'MainThread': missing ScriptRunContext! This warning can be ignored when running in bare mode.
2026-10-01 22:05:29.723 Thread 'MainThread': missing ScriptRunContext! This warning can be ignored when running in bare mode.
2026-10-01 22:05:29.723 Thread 'MainThread': missing ScriptRunContext! This warning can be ignored when running in bare mode.
2026-10-01 22:05:29.723 Thread 'MainThread': missing ScriptRunContext! This warning can be ignored when running in bare mode.
2026-10-01 22:05:29.723 Thread 'MainThread': missing ScriptRunContext! This warning can be ignored when running in bare mode.
2026-10-01 22:05:29.723 Thread 'MainThread': missing ScriptRunContext! This warning can be ignored when running in bare mode.
2026-10-01 22:05:29.723 Thread 'MainThread': missing ScriptRunContext! This warning can be ignored when running in bare mode.
2026-10-01 22:05:29.723 Thread 'MainThread': missing ScriptRunContext! This warning can be ignored when running in bare mode.
2026-10-01 22:05:29.723 Thread 'MainThread': missing ScriptRunContext! This warning can be ignored when running in bare mode.
2026-10-01 22:05:29.724 Thread 'MainThread': missing ScriptRunContext! This warning can be ignored when running in bare mode.
2026-10-01 22:05:29.724 Thread 'MainThread': missing ScriptRunContext! This warning can be ignored when running in bare mode.
2026-10-01 22:05:29.724 Thread 'MainThread': missing ScriptRunContext! This warning can be ignored when running in bare mode.
2026-10-01 22:05:29.724 Thread 'MainThread': missing ScriptRunContext! This warning can be ignored when running in bare mode.
2026-10-01 22:05:29.724 Thread 'MainThread': missing ScriptRunContext! This warning can be ignored when running in bare mode.
2026-10-01 22:05:29.724 Thread 'MainThread': missing ScriptRunContext! This warning can be ignored when running in bare mode.
2026-10-01 22:05:29.724 Thread 'MainThread': missing ScriptRunContext! This warning can be ignored when running in bare mode.
2026-10-01 22:05:29.724 Thread 'MainThread': missing ScriptRunContext! This warning can be ignored when running in bare mode.
2026-10-01 22:05:29.724 Thread 'MainThread': missing ScriptRunContext! This warning can be ignored when running in bare mode.
2026-10-01 22:05:29.724 Thread 'MainThread': missing ScriptRunContext! This warning can be ignored when running in bare mode.
2026-10-01 22:05:29.724 Thread 'MainThread': missing ScriptRunContext! This warning can be ignored when running in bare mode.
2026-10-01 22:05:29.724 Thread 'MainThread': missing ScriptRunContext! This warning can be ignored when running in bare mode.
2026-10-01 22:05:29.724 Thread 'MainThread': missing ScriptRunContext! This warning can be ignored when running in bare mode.
2026-10-01 22:05:29.724 Thread 'MainThread': missing ScriptRunContext! This warning can be ignored when running in bare mode.
2026-10-01 22:05:29.724 Thread 'MainThread': missing ScriptRunContext! This warning can be ignored when running in bare mode.
2026-10-01 22:05:29.724 Thread 'MainThread': missing ScriptRunContext! This warning can be ignored when running in bare mode.
2026-10-01 22:05:29.724 Thread 'MainThread': missing ScriptRunContext! This warning can be ignored when running in bare mode.
2026-10-01 22:05:29.724 Thread 'MainThread': missing ScriptRunContext! This warning can be ignored when running in bare mode.
2026-10-01 22:05:29.724 Thread 'MainThread': missing ScriptRunContext! This warning can be ignored when running in bare mode.
2026-10-01 22:05:29.724 Thread 'MainThread': missing ScriptRunContext! This warning can be ignored when running in bare mode.
2026-10-01 22:05:29.724 Thread 'MainThread': missing ScriptRunContext! This warning can be ignored when running in bare mode.
2026-10-01 22:05:29.725 Thread 'MainThread': missing ScriptRunContext! This warning can be ignored when running in bare mode.
2026-10-01 22:05:29.725 Thread 'MainThread': missing ScriptRunContext! This warning can be ignored when running in bare mode.
2026-10-01 22:05:29.728 Thread 'MainThread': missing ScriptRunContext! This warning can be ignored when running in bare mode.
2026-10-01 22:05:29.731 Thread 'MainThread': missing ScriptRunContext! This warning can be ignored when running in bare mode.
2026-10-01 22:05:35.642 Thread 'MainThread': missing ScriptRunContext! This warning can be ignored when running in bare mode.
2026-10-01 22:05:35.645 Thread 'MainThread': missing ScriptRunContext! This warning can be ignored when running in bare mode.
2026-10-01 22:05:35.645 Thread 'MainThread': missing ScriptRunContext! This warning can be ignored when running in bare mode.
2026-10-01 22:05:35.645 Thread 'MainThread': missing ScriptRunContext! This warning can be ignored when running in bare mode.
2026-10-01 22:05:35.645 Thread 'MainThread': missing ScriptRunContext! This warning can be ignored when running in bare mode.
2026-10-01 22:05:35.645 Thread 'MainThread': missing ScriptRunContext! This warning can be ignored when running in bare mode.
2026-10-01 22:05:35.645 Thread 'MainThread': missing ScriptRunContext! This warning can be ignored when running in bare mode.
2026-10-01 22:05:35.646 Thread 'MainThread': missing ScriptRunContext! This warning can be ignored when running in bare mode.
2026-10-01 22:05:35.646 Thread 'MainThread': missing ScriptRunContext! This warning can be ignored when running in bare mode.
2026-10-01 22:05:35.646 Thread 'MainThread': missing ScriptRunContext! This warning can be ignored when running in bare mode.
2026-10-01 22:05:35.646 Thread 'MainThread': missing ScriptRunContext! This warning can be ignored when running in bare mode.
2026-10-01 22:05:35.646 Thread 'MainThread': missing ScriptRunContext! This warning can be ignored when running in bare mode.
2026-10-01 22:05:35.646 Thread 'MainThread': missing ScriptRunContext! This warning can be ignored when running in bare mode.
2026-10-01 22:05:35.646 Thread 'MainThread': missing ScriptRunContext! This warning can be ignored when running in bare mode.
2026-10-01 22:05:35.646 Thread 'MainThread': missing ScriptRunContext! This warning can be ignored when running in bare mode.
2026-10-01 22:05:35.646 Thread 'MainThread': missing ScriptRunContext! This warning can be ignored when running in bare mode.
2026-10-01 22:05:35.646 Thread 'MainThread': missing ScriptRunContext! This warning can be ignored when running in bare mode.
2026-10-01 22:05:35.646 Thread 'MainThread': missing ScriptRunContext! This warning can be ignored when running in bare mode.
2026-10-01 22:05:35.646 Thread 'MainThread': missing ScriptRunContext! This warning can be ignored when running in bare mode.
2026-10-01 22:05:35.646 Thread 'MainThread': missing ScriptRunContext! This warning can be ignored when running in bare mode.
2026-10-01 22:05:35.646 Thread 'MainThread': missing ScriptRunContext! This warning can be ignored when running in bare mode.
2026-10-01 22:05:35.646 Thread 'MainThread': missing ScriptRunContext! This warning can be ignored when running in bare mode.
2026-10-01 22:05:35.646 Thread 'MainThread': missing ScriptRunContext! This warning can be ignored when running in bare mode.
2026-10-01 22:05:35.646 Thread 'MainThread': missing ScriptRunContext! This warning can be ignored when running in bare mode.
2026-10-01 22:05:35.647 Thread 'MainThread': missing ScriptRunContext! This warning can be ignored when running in bare mode.
2026-10-01 22:05:35.647 Thread 'MainThread': missing ScriptRunContext! This warning can be ignored when running in bare mode.
2026-10-01 22:05:35.647 Thread 'MainThread': missing ScriptRunContext! This warning can be ignored when running in bare mode.
2026-10-01 22:05:35.647 Thread 'MainThread': missing ScriptRunContext! This warning can be ignored when running in bare mode.
2026-10-01 22:05:35.647 Thread 'MainThread': missing ScriptRunContext! This warning can be ignored when running in bare mode.
2026-10-01 22:05:35.647 Thread 'MainThread': missing ScriptRunContext! This warning can be ignored when running in bare mode.
2026-10-01 22:05:35.647 Thread 'MainThread': missing ScriptRunContext! This warning can be ignored when running in bare mode.
2026-10-01 22:05:35.647 Thread 'MainThread': missing ScriptRunContext! This warning can be ignored when running in bare mode.
2026-10-01 22:05:35.647 Thread 'MainThread': missing ScriptRunContext! This warning can be ignored when running in bare mode.
2026-10-01 22:05:35.647 Thread 'MainThread': missing ScriptRunContext! This warning can be ignored when running in bare mode.
2026-10-01 22:05:35.647 Thread 'MainThread': missing ScriptRunContext! This warning can be ignored when running in bare mode.
2026-10-01 22:05:35.647 Thread 'MainThread': missing ScriptRunContext! This warning can be ignored when running in bare mode.
2026-10-01 22:05:35.647 Thread 'MainThread': missing ScriptRunContext! This warning can be ignored when running in bare mode.
2026-10-01 22:05:35.647 Thread 'MainThread': missing ScriptRunContext! This warning can be ignored when running in bare mode.
2026-10-01 22:05:35.647 Thread 'MainThread': missing ScriptRunContext! This warning can be ignored when running in bare mode.
2026-10-01 22:05:35.647 Thread 'MainThread': missing ScriptRunContext! This warning can be ignored when running in bare mode.
2026-10-01 22:05:35.648 Thread 'MainThread': missing ScriptRunContext! This warning can be ignored when running in bare mode.
2026-10-01 22:05:35.648 Thread 'MainThread': missing ScriptRunContext! This warning can be ignored when running in bare mode.
2026-10-01 22:05:35.648 Thread 'MainThread': missing ScriptRunContext! This warning can be ignored when running in bare mode.
2026-10-01 22:05:35.648 Thread 'MainThread': missing ScriptRunContext! This warning can be ignored when running in bare mode.
2026-10-01 22:05:40.320 Thread 'MainThread': missing ScriptRunContext! This warning can be ignored when running in bare mode.
2026-10-01 22:05:40.324 Thread 'MainThread': missing ScriptRunContext! This warning can be ignored when running in bare mode.
2026-10-01 22:05:40.324 Thread 'MainThread': missing ScriptRunContext! This warning can be ignored when running in bare mode.
2026-10-01 22:05:40.324 Thread 'MainThread': missing ScriptRunContext! This warning can be ignored when running in bare mode.
2026-10-01 22:05:40.324 Thread 'MainThread': missing ScriptRunContext! This warning can be ignored when running in bare mode.
2026-10-01 22:05:40.324 Thread 'MainThread': missing ScriptRunContext! This warning can be ignored when running in bare mode.
2026-10-01 22:05:40.324 Thread 'MainThread': missing ScriptRunContext! This warning can be ignored when running in bare mode.
2026-10-01 22:05:40.325 Thread 'MainThread': missing ScriptRunContext! This warning can be ignored when running in bare mode.
2026-10-01 22:05:40.325 Thread 'MainThread': missing ScriptRunContext! This warning can be ignored when running in bare mode.
2026-10-01 22:05:40.325 Thread 'MainThread': missing ScriptRunContext! This warning can be ignored when running in bare mode.
2026-10-01 22:05:40.325 Thread 'MainThread': missing ScriptRunContext! This warning can be ignored when running in bare mode.
2026-10-01 22:05:40.325 Thread 'MainThread': missing ScriptRunContext! This warning can be ignored when running in bare mode.
2026-10-01 22:05:40.325 Thread 'MainThread': missing ScriptRunContext! This warning can be ignored when running in bare mode.
2026-10-01 22:05:40.325 Thread 'MainThread': missing ScriptRunContext! This warning can be ignored when running in bare mode.
2026-10-01 22:05:40.325 Thread 'MainThread': missing ScriptRunContext! This warning can be ignored when running in bare mode.
2026-10-01 22:05:40.325 Thread 'MainThread': missing ScriptRunContext! This warning can be ignored when running in bare mode.
2026-10-01 22:05:40.325 Thread 'MainThread': missing ScriptRunContext! This warning can be ignored when running in bare mode.
2026-10-01 22:05:40.325 Thread 'MainThread': missing ScriptRunContext! This warning can be ignored when running in bare mode.
2026-10-01 22:05:40.325 Thread 'MainThread': missing ScriptRunContext! This warning can be ignored when running in bare mode.
2026-10-01 22:05:40.325 Thread 'MainThread': missing ScriptRunContext! This warning can be ignored when running in bare mode.
2026-10-01 22:05:40.325 Thread 'MainThread': missing ScriptRunContext! This warning can be ignored when running in bare mode.
2026-10-01 22:05:40.325 Thread 'MainThread': missing ScriptRunContext! This warning can be ignored when running in bare mode.
2026-10-01 22:05:40.325 Thread 'MainThread': missing ScriptRunContext! This warning can be ignored when running in bare mode.
2026-10-01 22:05:40.325 Thread 'MainThread': missing ScriptRunContext! This warning can be ignored when running in bare mode.
2026-10-01 22:05:40.325 Thread 'MainThread': missing ScriptRunContext! This warning can be ignored when running in bare mode.
2026-10-01 22:05:40.325 Thread 'MainThread': missing ScriptRunContext! This warning can be ignored when running in bare mode.
2026-10-01 22:05:40.325 Thread 'MainThread': missing ScriptRunContext! This warning can be ignored when running in bare mode.
2026-10-01 22:05:40.326 Thread 'MainThread': missing ScriptRunContext! This warning can be ignored when running in bare mode.
2026-10-01 22:05:40.326 Thread 'MainThread': missing ScriptRunContext! This warning can be ignored when running in bare mode.
2026-10-01 22:05:40.326 Thread 'MainThread': missing ScriptRunContext! This warning can be ignored when running in bare mode.
2026-10-01 22:05:40.326 Thread 'MainThread': missing ScriptRunContext! This warning can be ignored when running in bare mode.
2026-10-01 22:05:40.326 Thread 'MainThread': missing ScriptRunContext! This warning can be ignored when running in bare mode.
2026-10-01 22:05:40.326 Thread 'MainThread': missing ScriptRunContext! This warning can be ignored when running in bare mode.
2026-10-01 22:05:40.326 Thread 'MainThread': missing ScriptRunContext! This warning can be ignored when running in bare mode.
2026-10-01 22:05:40.326 Thread 'MainThread': missing ScriptRunContext! This warning can be ignored when running in bare mode.
2026-10-01 22:05:40.326 Thread 'MainThread': missing ScriptRunContext! This warning can be ignored when running in bare mode.
2026-10-01 22:05:40.326 Thread 'MainThread': missing ScriptRunContext! This warning can be ignored when running in bare mode.
2026-10-01 22:05:40.326 Thread 'MainThread': missing ScriptRunContext! This warning can be ignored when running in bare mode.
2026-10-01 22:05:40.326 Thread 'MainThread': missing ScriptRunContext! This warning can be ignored when running in bare mode.
2026-10-01 22:05:40.326 Thread 'MainThread': missing ScriptRunContext! This warning can be ignored when running in bare mode.
2026-10-01 22:05:40.326 Thread 'MainThread': missing ScriptRunContext! This warning can be ignored when running in bare mode.
2026-10-01 22:05:40.326 Thread 'MainThread': missing ScriptRunContext! This warning can be ignored when running in bare mode.
2026-10-01 22:05:40.326 Thread 'MainThread': missing ScriptRunContext! This warning can be ignored when running in bare mode.
2026-10-01 22:05:40.326 Thread 'MainThread': missing ScriptRunContext! This warning can be ignored when running in bare mode.
2026-10-01 22:05:40.337 Thread 'MainThread': missing ScriptRunContext! This warning can be ignored when running in bare mode.
2026-10-01 22:05:40.343 Thread 'MainThread': missing ScriptRunContext! This warning can be ignored when running in bare mode.
2026-10-01 22:05:40.351 Thread 'MainThread': missing ScriptRunContext! This warning can be ignored when running in bare mode.
2026-10-01 22:05:40.360 Thread 'MainThread': missing ScriptRunContext! This warning can be ignored when running in bare mode.
2026-10-01 22:05:40.370 Thread 'MainThread': missing ScriptRunContext! This warning can be ignored when running in bare mode.
2026-10-01 22:05:40.379 Thread 'MainThread': missing ScriptRunContext! This warning can be ignored when running in bare mode.
2026-10-01 22:05:40.388 Thread 'MainThread': missing ScriptRunContext! This warning can be ignored when running in bare mode.
2026-10-01 22:05:40.395 Thread 'MainThread': missing ScriptRunContext! This warning can be ignored when running in bare mode.
2026-10-01 22:05:40.403 Thread 'MainThread': missing ScriptRunContext! This warning can be ignored when running in bare mode.
2026-10-01 22:05:40.411 Thread 'MainThread': missing ScriptRunContext! This warning can be ignored when running in bare mode.
2026-10-01 22:05:40.419 Thread 'MainThread': missing ScriptRunContext! This warning can be ignored when running in bare mode.
2026-10-01 22:05:40.427 Thread 'MainThread': missing ScriptRunContext! This warning can be ignored when running in bare mode.
2026-10-01 22:05:40.434 Thread 'MainThread': missing ScriptRunContext! This warning can be ignored when running in bare mode.
2026-10-01 22:05:40.442 Thread 'MainThread': missing ScriptRunContext! This warning can be ignored when running in bare mode.
2026-10-01 22:05:40.451 Thread 'MainThread': missing ScriptRunContext! This warning can be ignored when running in bare mode.
2026-10-01 22:05:40.460 Thread 'MainThread': missing ScriptRunContext! This warning can be ignored when running in bare mode.
2026-10-01 22:05:40.468 Thread 'MainThread': missing ScriptRunContext! This warning can be ignored when running in bare mode.
2026-10-01 22:05:40.476 Thread 'MainThread': missing ScriptRunContext! This warning can be ignored when running in bare mode.
2026-10-01 22:05:40.484 Thread 'MainThread': missing ScriptRunContext! This warning can be ignored when running in bare mode.
2026-10-01 22:05:40.492 Thread 'MainThread': missing ScriptRunContext! This warning can be ignored when running in bare mode.
2026-10-01 22:05:40.500 Thread 'MainThread': missing ScriptRunContext! This warning can be ignored when running in bare mode.
2026-10-01 22:05:40.508 Thread 'MainThread': missing ScriptRunContext! This warning can be ignored when running in bare mode.
2026-10-01 22:05:40.516 Thread 'MainThread': missing ScriptRunContext! This warning can be ignored when running in bare mode.
2026-10-01 22:05:40.524 Thread 'MainThread': missing ScriptRunContext! This warning can be ignored when running in bare mode.
2026-10-01 22:05:40.532 Thread 'MainThread': missing ScriptRunContext! This warning can be ignored when running in bare mode.
2026-10-01 22:05:40.539 Thread 'MainThread': missing ScriptRunContext! This warning can be ignored when running in bare mode.
2026-10-01 22:05:40.547 Thread 'MainThread': missing ScriptRunContext! This warning can be ignored when running in bare mode.
2026-10-01 22:05:40.555 Thread 'MainThread': missing ScriptRunContext! This warning can be ignored when running in bare mode.
2026-10-01 22:05:40.563 Thread 'MainThread': missing ScriptRunContext! This warning can be ignored when running in bare mode.
2026-10-01 22:05:40.571 Thread 'MainThread': missing ScriptRunContext! This warning can be ignored when running in bare mode.
2026-10-01 22:05:40.579 Thread 'MainThread': missing ScriptRunContext! This warning can be ignored when running in bare mode.
2026-10-01 22:05:40.589 Thread 'MainThread': missing ScriptRunContext! This warning can be ignored when running in bare mode.
2026-10-01 22:05:40.597 Thread 'MainThread': missing ScriptRunContext! This warning can be ignored when running in bare mode.
2026-10-01 22:05:40.605 Thread 'MainThread': missing ScriptRunContext! This warning can be ignored when running in bare mode.
2026-10-01 22:05:40.613 Thread 'MainThread': missing ScriptRunContext! This warning can be ignored when running in bare mode.
2026-10-01 22:05:40.621 Thread 'MainThread': missing ScriptRunContext! This warning can be ignored when running in bare mode.
2026-10-01 22:05:40.629 Thread 'MainThread': missing ScriptRunContext! This warning can be ignored when running in bare mode.
2026-10-01 22:05:40.637 Thread 'MainThread': missing ScriptRunContext! This warning can be ignored when running in bare mode.
2026-10-01 22:05:40.645 Thread 'MainThread': missing ScriptRunContext! This warning can be ignored when running in bare mode.
2026-10-01 22:05:40.653 Thread 'MainThread': missing ScriptRunContext! This warning can be ignored when running in bare mode.
2026-10-01 22:05:40.703 Thread 'MainThread': missing ScriptRunContext! This warning can be ignored when running in bare mode.
2026-10-01 22:05:40.706 Thread 'MainThread': missing ScriptRunContext! This warning can be ignored when running in bare mode.
2026-10-01 22:05:40.706 Thread 'MainThread': missing ScriptRunContext! This warning can be ignored when running in bare mode.
2026-10-01 22:05:40.706 Thread 'MainThread': missing ScriptRunContext! This warning can be ignored when running in bare mode.
2026-10-01 22:05:40.706 Thread 'MainThread': missing ScriptRunContext! This warning can be ignored when running in bare mode.
2026-10-01 22:05:40.706 Thread 'MainThread': missing ScriptRunContext! This warning can be ignored when running in bare mode.
2026-10-01 22:05:40.706 Thread 'MainThread': missing ScriptRunContext! This warning can be ignored when running in bare mode.
2026-10-01 22:05:40.706 Thread 'MainThread': missing ScriptRunContext! This warning can be ignored when running in bare mode.
2026-10-01 22:05:40.706 Thread 'MainThread': missing ScriptRunContext! This warning can be ignored when running in bare mode.
2026-10-01 22:05:40.706 Thread 'MainThread': missing ScriptRunContext! This warning can be ignored when running in bare mode.
2026-10-01 22:05:40.706 Thread 'MainThread': missing ScriptRunContext! This warning can be ignored when running in bare mode.
2026-10-01 22:05:40.706 Thread 'MainThread': missing ScriptRunContext! This warning can be ignored when running in bare mode.
2026-10-01 22:05:40.706 Thread 'MainThread': missing ScriptRunContext! This warning can be ignored when running in bare mode.
2026-10-01 22:05:40.706 Thread 'MainThread': missing ScriptRunContext! This warning can be ignored when running in bare mode.
2026-10-01 22:05:40.706 Thread 'MainThread': missing ScriptRunContext! This warning can be ignored when running in bare mode.
2026-10-01 22:05:40.707 Thread 'MainThread': missing ScriptRunContext! This warning can be ignored when running in bare mode.
2026-10-01 22:05:40.707 Thread 'MainThread': missing ScriptRunContext! This warning can be ignored when running in bare mode.
2026-10-01 22:05:40.707 Thread 'MainThread': missing ScriptRunContext! This warning can be ignored when running in bare mode.
2026-10-01 22:05:40.707 Thread 'MainThread': missing ScriptRunContext! This warning can be ignored when running in bare mode.
2026-10-01 22:05:40.707 Thread 'MainThread': missing ScriptRunContext! This warning can be ignored when running in bare mode.
2026-10-01 22:05:40.707 Thread 'MainThread': missing ScriptRunContext! This warning can be ignored when running in bare mode.
2026-10-01 22:05:40.707 Thread 'MainThread': missing ScriptRunContext! This warning can be ignored when running in bare mode.
2026-10-01 22:05:40.707 Thread 'MainThread': missing ScriptRunContext! This warning can be ignored when running in bare mode.
2026-10-01 22:05:40.707 Thread 'MainThread': missing ScriptRunContext! This warning can be ignored when running in bare mode.
2026-10-01 22:05:40.707 Thread 'MainThread': missing ScriptRunContext! This warning can be ignored when running in bare mode.
2026-10-01 22:05:40.707 Thread 'MainThread': missing ScriptRunContext! This warning can be ignored when running in bare mode.
2026-10-01 22:05:40.707 Thread 'MainThread': missing ScriptRunContext! This warning can be ignored when running in bare mode.
2026-10-01 22:05:40.707 Thread 'MainThread': missing ScriptRunContext! This warning can be ignored when running in bare mode.
2026-10-01 22:05:40.707 Thread 'MainThread': missing ScriptRunContext! This warning can be ignored when running in bare mode.
2026-10-01 22:05:40.707 Thread 'MainThread': missing ScriptRunContext! This warning can be ignored when running in bare mode.
2026-10-01 22:05:40.707 Thread 'MainThread': missing ScriptRunContext! This warning can be ignored when running in bare mode.
2026-10-01 22:05:40.707 Thread 'MainThread': missing ScriptRunContext! This warning can be ignored when running in bare mode.
2026-10-01 22:05:40.707 Thread 'MainThread': missing ScriptRunContext! This warning can be ignored when running in bare mode.
2026-10-01 22:05:40.707 Thread 'MainThread': missing ScriptRunContext! This warning can be ignored when running in bare mode.
2026-10-01 22:05:40.707 Thread 'MainThread': missing ScriptRunContext! This warning can be ignored when running in bare mode.
2026-10-01 22:05:40.707 Thread 'MainThread': missing ScriptRunContext! This warning can be ignored when running in bare mode.
2026-10-01 22:05:40.707 Thread 'MainThread': missing ScriptRunContext! This warning can be ignored when running in bare mode.
2026-10-01 22:05:40.708 Thread 'MainThread': missing ScriptRunContext! This warning can be ignored when running in bare mode.
2026-10-01 22:05:40.708 Thread 'MainThread': missing ScriptRunContext! This warning can be ignored when running in bare mode.
2026-10-01 22:05:40.708 Thread 'MainThread': missing ScriptRunContext! This warning can be ignored when running in bare mode.
2026-10-01 22:05:40.708 Thread 'MainThread': missing ScriptRunContext! This warning can be ignored when running in bare mode.
2026-10-01 22:05:40.708 Thread 'MainThread': missing ScriptRunContext! This warning can be ignored when running in bare mode.
2026-10-01 22:05:40.708 Thread 'MainThread': missing ScriptRunContext! This warning can be ignored when running in bare mode.
2026-10-01 22:05:40.708 Thread 'MainThread': missing ScriptRunContext! This warning can be ignored when running in bare mode.
2026-10-01 22:05:40.760 Thread 'MainThread': missing ScriptRunContext! This warning can be ignored when running in bare mode.
2026-10-01 22:05:40.762 Thread 'MainThread': missing ScriptRunContext! This warning can be ignored when running in bare mode.
2026-10-01 22:05:40.762 Thread 'MainThread': missing ScriptRunContext! This warning can be ignored when running in bare mode.
2026-10-01 22:05:40.762 Thread 'MainThread': missing ScriptRunContext! This warning can be ignored when running in bare mode.
2026-10-01 22:05:40.762 Thread 'MainThread': missing ScriptRunContext! This warning can be ignored when running in bare mode.
2026-10-01 22:05:40.762 Thread 'MainThread': missing ScriptRunContext! This warning can be ignored when running in bare mode.
2026-10-01 22:05:40.762 Thread 'MainThread': missing ScriptRunContext! This warning can be ignored when running in bare mode.
2026-10-01 22:05:40.762 Thread 'MainThread': missing ScriptRunContext! This warning can be ignored when running in bare mode.
2026-10-01 22:05:40.762 Thread 'MainThread': missing ScriptRunContext! This warning can be ignored when running in bare mode.
2026-10-01 22:05:40.763 Thread 'MainThread': missing ScriptRunContext! This warning can be ignored when running in bare mode.
2026-10-01 22:05:40.763 Thread 'MainThread': missing ScriptRunContext! This warning can be ignored when running in bare mode.
2026-10-01 22:05:40.763 Thread 'MainThread': missing ScriptRunContext! This warning can be ignored when running in bare mode.
2026-10-01 22:05:40.763 Thread 'MainThread': missing ScriptRunContext! This warning can be ignored when running in bare mode.
2026-10-01 22:05:40.763 Thread 'MainThread': missing ScriptRunContext! This warning can be ignored when running in bare mode.
2026-10-01 22:05:40.763 Thread 'MainThread': missing ScriptRunContext! This warning can be ignored when running in bare mode.
2026-10-01 22:05:40.763 Thread 'MainThread': missing ScriptRunContext! This warning can be ignored when running in bare mode.
2026-10-01 22:05:40.763 Thread 'MainThread': missing ScriptRunContext! This warning can be ignored when running in bare mode.
2026-10-01 22:05:40.763 Thread 'MainThread': missing ScriptRunContext! This warning can be ignored when running in bare mode.
2026-10-01 22:05:40.763 Thread 'MainThread': missing ScriptRunContext! This warning can be ignored when running in bare mode.
2026-10-01 22:05:40.763 Thread 'MainThread': missing ScriptRunContext! This warning can be ignored when running in bare mode.
2026-10-01 22:05:40.763 Thread 'MainThread': missing ScriptRunContext! This warning can be ignored when running in bare mode.
2026-10-01 22:05:40.763 Thread 'MainThread': missing ScriptRunContext! This warning can be ignored when running in bare mode.
2026-10-01 22:05:40.763 Thread 'MainThread': missing ScriptRunContext! This warning can be ignored when running in bare mode.
2026-10-01 22:05:40.763 Thread 'MainThread': missing ScriptRunContext! This warning can be ignored when running in bare mode.
2026-10-01 22:05:40.763 Thread 'MainThread': missing ScriptRunContext! This warning can be ignored when running in bare mode.
2026-10-01 22:05:40.763 Thread 'MainThread': missing ScriptRunContext! This warning can be ignored when running in bare mode.
2026-10-01 22:05:40.763 Thread 'MainThread': missing ScriptRunContext! This warning can be ignored when running in bare mode.
2026-10-01 22:05:40.763 Thread 'MainThread': missing ScriptRunContext! This warning can be ignored when running in bare mode.
2026-10-01 22:05:40.763 Thread 'MainThread': missing ScriptRunContext! This warning can be ignored when running in bare mode.
2026-10-01 22:05:40.763 Thread 'MainThread': missing ScriptRunContext! This warning can be ignored when running in bare mode.
2026-10-01 22:05:40.763 Thread 'MainThread': missing ScriptRunContext! This warning can be ignored when running in bare mode.
2026-10-01 22:05:40.764 Thread 'MainThread': missing ScriptRunContext! This warning can be ignored when running in bare mode.
2026-10-01 22:05:40.764 Thread 'MainThread': missing ScriptRunContext! This warning can be ignored when running in bare mode.
2026-10-01 22:05:40.764 Thread 'MainThread': missing ScriptRunContext! This warning can be ignored when running in bare mode.
2026-10-01 22:05:40.764 Thread 'MainThread': missing ScriptRunContext! This warning can be ignored when running in bare mode.
2026-10-01 22:05:40.764 Thread 'MainThread': missing ScriptRunContext! This warning can be ignored when running in bare mode.
2026-10-01 22:05:40.764 Thread 'MainThread': missing ScriptRunContext! This warning can be ignored when running in bare mode.
2026-10-01 22:05:40.764 Thread 'MainThread': missing ScriptRunContext! This warning can be ignored when running in bare mode.
2026-10-01 22:05:40.764 Thread 'MainThread': missing ScriptRunContext! This warning can be ignored when running in bare mode.
2026-10-01 22:05:40.764 Thread 'MainThread': missing ScriptRunContext! This warning can be ignored when running in bare mode.
2026-10-01 22:05:40.764 Thread 'MainThread': missing ScriptRunContext! This warning can be ignored when running in bare mode.
2026-10-01 22:05:40.764 Thread 'MainThread': missing ScriptRunContext! This warning can be ignored when running in bare mode.
2026-10-01 22:05:40.764 Thread 'MainThread': missing ScriptRunContext! This warning can be ignored when running in bare mode.
2026-10-01 22:05:40.764 Thread 'MainThread': missing ScriptRunContext! This warning can be ignored when running in bare mode.
2026-10-01 22:05:40.835 Thread 'MainThread': missing ScriptRunContext! This warning can be ignored when running in bare mode.
2026-10-01 22:05:40.840 Thread 'MainThread': missing ScriptRunContext! This warning can be ignored when running in bare mode.
2026-10-01 22:05:40.840 Thread 'MainThread': missing ScriptRunContext! This warning can be ignored when running in bare mode.
2026-10-01 22:05:40.840 Thread 'MainThread': missing ScriptRunContext! This warning can be ignored when running in bare mode.
2026-10-01 22:05:40.840 Thread 'MainThread': missing ScriptRunContext! This warning can be ignored when running in bare mode.
2026-10-01 22:05:40.840 Thread 'MainThread': missing ScriptRunContext! This warning can be ignored when running in bare mode.
2026-10-01 22:05:40.840 Thread 'MainThread': missing ScriptRunContext! This warning can be ignored when running in bare mode.
2026-10-01 22:05:40.840 Thread 'MainThread': missing ScriptRunContext! This warning can be ignored when running in bare mode.
2026-10-01 22:05:40.840 Thread 'MainThread': missing ScriptRunContext! This warning can be ignored when running in bare mode.
2026-10-01 22:05:40.840 Thread 'MainThread': missing ScriptRunContext! This warning can be ignored when running in bare mode.
2026-10-01 22:05:40.840 Thread 'MainThread': missing ScriptRunContext! This warning can be ignored when running in bare mode.
2026-10-01 22:05:40.841 Thread 'MainThread': missing ScriptRunContext! This warning can be ignored when running in bare mode.
2026-10-01 22:05:40.841 Thread 'MainThread': missing ScriptRunContext! This warning can be ignored when running in bare mode.
2026-10-01 22:05:40.841 Thread 'MainThread': missing ScriptRunContext! This warning can be ignored when running in bare mode.
2026-10-01 22:05:40.841 Thread 'MainThread': missing ScriptRunContext! This warning can be ignored when running in bare mode.
2026-10-01 22:05:40.841 Thread 'MainThread': missing ScriptRunContext! This warning can be ignored when running in bare mode.
2026-10-01 22:05:40.841 Thread 'MainThread': missing ScriptRunContext! This warning can be ignored when running in bare mode.
2026-10-01 22:05:40.841 Thread 'MainThread': missing ScriptRunContext! This warning can be ignored when running in bare mode.
2026-10-01 22:05:40.841 Thread 'MainThread': missing ScriptRunContext! This warning can be ignored when running in bare mode.
2026-10-01 22:05:40.841 Thread 'MainThread': missing ScriptRunContext! This warning can be ignored when running in bare mode.
2026-10-01 22:05:40.841 Thread 'MainThread': missing ScriptRunContext! This warning can be ignored when running in bare mode.
2026-10-01 22:05:40.841 Thread 'MainThread': missing ScriptRunContext! This warning can be ignored when running in bare mode.
2026-10-01 22:05:40.841 Thread 'MainThread': missing ScriptRunContext! This warning can be ignored when running in bare mode.
2026-10-01 22:05:40.841 Thread 'MainThread': missing ScriptRunContext! This warning can be ignored when running in bare mode.
2026-10-01 22:05:40.842 Thread 'MainThread': missing ScriptRunContext! This warning can be ignored when running in bare mode.
2026-10-01 22:05:40.842 Thread 'MainThread': missing ScriptRunContext! This warning can be ignored when running in bare mode.
2026-10-01 22:05:40.842 Thread 'MainThread': missing ScriptRunContext! This warning can be ignored when running in bare mode.
2026-10-01 22:05:40.842 Thread 'MainThread': missing ScriptRunContext! This warning can be ignored when running in bare mode.
2026-10-01 22:05:40.842 Thread 'MainThread': missing ScriptRunContext! This warning can be ignored when running in bare mode.
2026-10-01 22:05:40.842 Thread 'MainThread': missing ScriptRunContext! This warning can be ignored when running in bare mode.
2026-10-01 22:05:40.842 Thread 'MainThread': missing ScriptRunContext! This warning can be ignored when running in bare mode.
2026-10-01 22:05:40.842 Thread 'MainThread': missing ScriptRunContext! This warning can be ignored when running in bare mode.
2026-10-01 22:05:40.842 Thread 'MainThread': missing ScriptRunContext! This warning can be ignored when running in bare mode.
2026-10-01 22:05:40.842 Thread 'MainThread': missing ScriptRunContext! This warning can be ignored when running in bare mode.
2026-10-01 22:05:40.842 Thread 'MainThread': missing ScriptRunContext! This warning can be ignored when running in bare mode.
2026-10-01 22:05:40.842 Thread 'MainThread': missing ScriptRunContext! This warning can be ignored when running in bare mode.
2026-10-01 22:05:40.842 Thread 'MainThread': missing ScriptRunContext! This warning can be ignored when running in bare mode.
2026-10-01 22:05:40.843 Thread 'MainThread': missing ScriptRunContext! This warning can be ignored when running in bare mode.
2026-10-01 22:05:40.843 Thread 'MainThread': missing ScriptRunContext! This warning can be ignored when running in bare mode.
2026-10-01 22:05:40.843 Thread 'MainThread': missing ScriptRunContext! This warning can be ignored when running in bare mode.
2026-10-01 22:05:40.843 Thread 'MainThread': missing ScriptRunContext! This warning can be ignored when running in bare mode.
2026-10-01 22:05:40.843 Thread 'MainThread': missing ScriptRunContext! This warning can be ignored when running in bare mode.
2026-10-01 22:05:40.843 Thread 'MainThread': missing ScriptRunContext! This warning can be ignored when running in bare mode.
2026-10-01 22:05:40.843 Thread 'MainThread': missing ScriptRunContext! This warning can be ignored when running in bare mode.
2026-10-01 22:05:40.900 Thread 'MainThread': missing ScriptRunContext! This warning can be ignored when running in bare mode.
2026-10-01 22:05:40.903 Thread 'MainThread': missing ScriptRunContext! This warning can be ignored when running in bare mode.
2026-10-01 22:05:40.903 Thread 'MainThread': missing ScriptRunContext! This warning can be ignored when running in bare mode.
2026-10-01 22:05:40.903 Thread 'MainThread': missing ScriptRunContext! This warning can be ignored when running in bare mode.
2026-10-01 22:05:40.903 Thread 'MainThread': missing ScriptRunContext! This warning can be ignored when running in bare mode.
2026-10-01 22:05:40.903 Thread 'MainThread': missing ScriptRunContext! This warning can be ignored when running in bare mode.
2026-10-01 22:05:40.903 Thread 'MainThread': missing ScriptRunContext! This warning can be ignored when running in bare mode.
2026-10-01 22:05:40.903 Thread 'MainThread': missing ScriptRunContext! This warning can be ignored when running in bare mode.
2026-10-01 22:05:40.903 Thread 'MainThread': missing ScriptRunContext! This warning can be ignored when running in bare mode.
2026-10-01 22:05:40.903 Thread 'MainThread': missing ScriptRunContext! This warning can be ignored when running in bare mode.
2026-10-01 22:05:40.903 Thread 'MainThread': missing ScriptRunContext! This warning can be ignored when running in bare mode.
2026-10-01 22:05:40.903 Thread 'MainThread': missing ScriptRunContext! This warning can be ignored when running in bare mode.
2026-10-01 22:05:40.903 Thread 'MainThread': missing ScriptRunContext! This warning can be ignored when running in bare mode.
2026-10-01 22:05:40.903 Thread 'MainThread': missing ScriptRunContext! This warning can be ignored when running in bare mode.
2026-10-01 22:05:40.903 Thread 'MainThread': missing ScriptRunContext! This warning can be ignored when running in bare mode.
2026-10-01 22:05:40.903 Thread 'MainThread': missing ScriptRunContext! This warning can be ignored when running in bare mode.
2026-10-01 22:05:40.903 Thread 'MainThread': missing ScriptRunContext! This warning can be ignored when running in bare mode.
2026-10-01 22:05:40.904 Thread 'MainThread': missing ScriptRunContext! This warning can be ignored when running in bare mode.
2026-10-01 22:05:40.904 Thread 'MainThread': missing ScriptRunContext! This warning can be ignored when running in bare mode.
2026-10-01 22:05:40.904 Thread 'MainThread': missing ScriptRunContext! This warning can be ignored when running in bare mode.
2026-10-01 22:05:40.904 Thread 'MainThread': missing ScriptRunContext! This warning can be ignored when running in bare mode.
2026-10-01 22:05:40.904 Thread 'MainThread': missing ScriptRunContext! This warning can be ignored when running in bare mode.
2026-10-01 22:05:40.904 Thread 'MainThread': missing ScriptRunContext! This warning can be ignored when running in bare mode.
2026-10-01 22:05:40.904 Thread 'MainThread': missing ScriptRunContext! This warning can be ignored when running in bare mode.
2026-10-01 22:05:40.904 Thread 'MainThread': missing ScriptRunContext! This warning can be ignored when running in bare mode.
2026-10-01 22:05:40.904 Thread 'MainThread': missing ScriptRunContext! This warning can be ignored when running in bare mode.
2026-10-01 22:05:40.904 Thread 'MainThread': missing ScriptRunContext! This warning can be ignored when running in bare mode.
2026-10-01 22:05:40.904 Thread 'MainThread': missing ScriptRunContext! This warning can be ignored when running in bare mode.
2026-10-01 22:05:40.904 Thread 'MainThread': missing ScriptRunContext! This warning can be ignored when running in bare mode.
2026-10-01 22:05:40.904 Thread 'MainThread': missing ScriptRunContext! This warning can be ignored when running in bare mode.
2026-10-01 22:05:40.904 Thread 'MainThread': missing ScriptRunContext! This warning can be ignored when running in bare mode.
2026-10-01 22:05:40.904 Thread 'MainThread': missing ScriptRunContext! This warning can be ignored when running in bare mode.
2026-10-01 22:05:40.904 Thread 'MainThread': missing ScriptRunContext! This warning can be ignored when running in bare mode.
2026-10-01 22:05:40.904 Thread 'MainThread': missing ScriptRunContext! This warning can be ignored when running in bare mode.
2026-10-01 22:05:40.904 Thread 'MainThread': missing ScriptRunContext! This warning can be ignored when running in bare mode.
2026-10-01 22:05:40.904 Thread 'MainThread': missing ScriptRunContext! This warning can be ignored when running in bare mode.
2026-10-01 22:05:40.904 Thread 'MainThread': missing ScriptRunContext! This warning can be ignored when running in bare mode.
2026-10-01 22:05:40.904 Thread 'MainThread': missing ScriptRunContext! This warning can be ignored when running in bare mode.
2026-10-01 22:05:40.904 Thread 'MainThread': missing ScriptRunContext! This warning can be ignored when running in bare mode.
2026-10-01 22:05:40.905 Thread 'MainThread': missing ScriptRunContext! This warning can be ignored when running in bare mode.
2026-10-01 22:05:40.905 Thread 'MainThread': missing ScriptRunContext! This warning can be ignored when running in bare mode.
2026-10-01 22:05:40.905 Thread 'MainThread': missing ScriptRunContext! This warning can be ignored when running in bare mode.
2026-10-01 22:05:40.905 Thread 'MainThread': missing ScriptRunContext! This warning can be ignored when running in bare mode.
2026-10-01 22:05:40.905 Thread 'MainThread': missing ScriptRunContext! This warning can be ignored when running in bare mode.
2026-10-01 22:05:40.955 Thread 'MainThread': missing ScriptRunContext! This warning can be ignored when running in bare mode.
2026-10-01 22:05:40.957 Thread 'MainThread': missing ScriptRunContext! This warning can be ignored when running in bare mode.
2026-10-01 22:05:40.957 Thread 'MainThread': missing ScriptRunContext! This warning can be ignored when running in bare mode.
2026-10-01 22:05:40.957 Thread 'MainThread': missing ScriptRunContext! This warning can be ignored when running in bare mode.
2026-10-01 22:05:40.957 Thread 'MainThread': missing ScriptRunContext! This warning can be ignored when running in bare mode.
2026-10-01 22:05:40.957 Thread 'MainThread': missing ScriptRunContext! This warning can be ignored when running in bare mode.
2026-10-01 22:05:40.958 Thread 'MainThread': missing ScriptRunContext! This warning can be ignored when running in bare mode.
2026-10-01 22:05:40.958 Thread 'MainThread': missing ScriptRunContext! This warning can be ignored when running in bare mode.
2026-10-01 22:05:40.958 Thread 'MainThread': missing ScriptRunContext! This warning can be ignored when running in bare mode.
2026-10-01 22:05:40.958 Thread 'MainThread': missing ScriptRunContext! This warning can be ignored when running in bare mode.
2026-10-01 22:05:40.958 Thread 'MainThread': missing ScriptRunContext! This warning can be ignored when running in bare mode.
2026-10-01 22:05:40.958 Thread 'MainThread': missing ScriptRunContext! This warning can be ignored when running in bare mode.
2026-10-01 22:05:40.958 Thread 'MainThread': missing ScriptRunContext! This warning can be ignored when running in bare mode.
2026-10-01 22:05:40.958 Thread 'MainThread': missing ScriptRunContext! This warning can be ignored when running in bare mode.
2026-10-01 22:05:40.958 Thread 'MainThread': missing ScriptRunContext! This warning can be ignored when running in bare mode.
2026-10-01 22:05:40.958 Thread 'MainThread': missing ScriptRunContext! This warning can be ignored when running in bare mode.
2026-10-01 22:05:40.958 Thread 'MainThread': missing ScriptRunContext! This warning can be ignored when running in bare mode.
2026-10-01 22:05:40.958 Thread 'MainThread': missing ScriptRunContext! This warning can be ignored when running in bare mode.
2026-10-01 22:05:40.958 Thread 'MainThread': missing ScriptRunContext! This warning can be ignored when running in bare mode.
2026-10-01 22:05:40.958 Thread 'MainThread': missing ScriptRunContext! This warning can be ignored when running in bare mode.
2026-10-01 22:05:40.958 Thread 'MainThread': missing ScriptRunContext! This warning can be ignored when running in bare mode.
2026-10-01 22:05:40.958 Thread 'MainThread': missing ScriptRunContext! This warning can be ignored when running in bare mode.
2026-10-01 22:05:40.958 Thread 'MainThread': missing ScriptRunContext! This warning can be ignored when running in bare mode.
2026-10-01 22:05:40.958 Thread 'MainThread': missing ScriptRunContext! This warning can be ignored when running in bare mode.
2026-10-01 22:05:40.958 Thread 'MainThread': missing ScriptRunContext! This warning can be ignored when running in bare mode.
2026-10-01 22:05:40.958 Thread 'MainThread': missing ScriptRunContext! This warning can be ignored when running in bare mode.
2026-10-01 22:05:40.958 Thread 'MainThread': missing ScriptRunContext! This warning can be ignored when running in bare mode.
2026-10-01 22:05:40.958 Thread 'MainThread': missing ScriptRunContext! This warning can be ignored when running in bare mode.
2026-10-01 22:05:40.959 Thread 'MainThread': missing ScriptRunContext! This warning can be ignored when running in bare mode.
2026-10-01 22:05:40.959 Thread 'MainThread': missing ScriptRunContext! This warning can be ignored when running in bare mode.
2026-10-01 22:05:40.959 Thread 'MainThread': missing ScriptRunContext! This warning can be ignored when running in bare mode.
2026-10-01 22:05:40.959 Thread 'MainThread': missing ScriptRunContext! This warning can be ignored when running in bare mode.
2026-10-01 22:05:40.959 Thread 'MainThread': missing ScriptRunContext! This warning can be ignored when running in bare mode.
2026-10-01 22:05:40.959 Thread 'MainThread': missing ScriptRunContext! This warning can be ignored when running in bare mode.
2026-10-01 22:05:40.959 Thread 'MainThread': missing ScriptRunContext! This warning can be ignored when running in bare mode.
2026-10-01 22:05:40.959 Thread 'MainThread': missing ScriptRunContext! This warning can be ignored when running in bare mode.
2026-10-01 22:05:40.959 Thread 'MainThread': missing ScriptRunContext! This warning can be ignored when running in bare mode.
2026-10-01 22:05:40.959 Thread 'MainThread': missing ScriptRunContext! This warning can be ignored when running in bare mode.
2026-10-01 22:05:40.959 Thread 'MainThread': missing ScriptRunContext! This warning can be ignored when running in bare mode.
2026-10-01 22:05:40.959 Thread 'MainThread': missing ScriptRunContext! This warning can be ignored when running in bare mode.
2026-10-01 22:05:40.959 Thread 'MainThread': missing ScriptRunContext! This warning can be ignored when running in bare mode.
2026-10-01 22:05:40.959 Thread 'MainThread': missing ScriptRunContext! This warning can be ignored when running in bare mode.
2026-10-01 22:05:40.959 Thread 'MainThread': missing ScriptRunContext! This warning can be ignored when running in bare mode.
2026-10-01 22:05:40.959 Thread 'MainThread': missing ScriptRunContext! This warning can be ignored when running in bare mode.
2026-10-01 22:05:41.008 Thread 'MainThread': missing ScriptRunContext! This warning can be ignored when running in bare mode.
2026-10-01 22:05:41.010 Thread 'MainThread': missing ScriptRunContext! This warning can be ignored when running in bare mode.
2026-10-01 22:05:41.010 Thread 'MainThread': missing ScriptRunContext! This warning can be ignored when running in bare mode.
2026-10-01 22:05:41.010 Thread 'MainThread': missing ScriptRunContext! This warning can be ignored when running in bare mode.
2026-10-01 22:05:41.010 Thread 'MainThread': missing ScriptRunContext! This warning can be ignored when running in bare mode.
2026-10-01 22:05:41.010 Thread 'MainThread': missing ScriptRunContext! This warning can be ignored when running in bare mode.
2026-10-01 22:05:41.010 Thread 'MainThread': missing ScriptRunContext! This warning can be ignored when running in bare mode.
2026-10-01 22:05:41.010 Thread 'MainThread': missing ScriptRunContext! This warning can be ignored when running in bare mode.
2026-10-01 22:05:41.010 Thread 'MainThread': missing ScriptRunContext! This warning can be ignored when running in bare mode.
2026-10-01 22:05:41.010 Thread 'MainThread': missing ScriptRunContext! This warning can be ignored when running in bare mode.
2026-10-01 22:05:41.010 Thread 'MainThread': missing ScriptRunContext! This warning can be ignored when running in bare mode.
2026-10-01 22:05:41.011 Thread 'MainThread': missing ScriptRunContext! This warning can be ignored when running in bare mode.
2026-10-01 22:05:41.011 Thread 'MainThread': missing ScriptRunContext! This warning can be ignored when running in bare mode.
2026-10-01 22:05:41.011 Thread 'MainThread': missing ScriptRunContext! This warning can be ignored when running in bare mode.
2026-10-01 22:05:41.011 Thread 'MainThread': missing ScriptRunContext! This warning can be ignored when running in bare mode.
2026-10-01 22:05:41.011 Thread 'MainThread': missing ScriptRunContext! This warning can be ignored when running in bare mode.
2026-10-01 22:05:41.011 Thread 'MainThread': missing ScriptRunContext! This warning can be ignored when running in bare mode.
2026-10-01 22:05:41.011 Thread 'MainThread': missing ScriptRunContext! This warning can be ignored when running in bare mode.
2026-10-01 22:05:41.011 Thread 'MainThread': missing ScriptRunContext! This warning can be ignored when running in bare mode.
2026-10-01 22:05:41.011 Thread 'MainThread': missing ScriptRunContext! This warning can be ignored when running in bare mode.
2026-10-01 22:05:41.011 Thread 'MainThread': missing ScriptRunContext! This warning can be ignored when running in bare mode.
2026-10-01 22:05:41.011 Thread 'MainThread': missing ScriptRunContext! This warning can be ignored when running in bare mode.
2026-10-01 22:05:41.011 Thread 'MainThread': missing ScriptRunContext! This warning can be ignored when running in bare mode.
2026-10-01 22:05:41.011 Thread 'MainThread': missing ScriptRunContext! This warning can be ignored when running in bare mode.
2026-10-01 22:05:41.011 Thread 'MainThread': missing ScriptRunContext! This warning can be ignored when running in bare mode.
2026-10-01 22:05:41.011 Thread 'MainThread': missing ScriptRunContext! This warning can be ignored when running in bare mode.
2026-10-01 22:05:41.011 Thread 'MainThread': missing ScriptRunContext! This warning can be ignored when running in bare mode.
2026-10-01 22:05:41.011 Thread 'MainThread': missing ScriptRunContext! This warning can be ignored when running in bare mode.
2026-10-01 22:05:41.011 Thread 'MainThread': missing ScriptRunContext! This warning can be ignored when running in bare mode.
2026-10-01 22:05:41.011 Thread 'MainThread': missing ScriptRunContext! This warning can be ignored when running in bare mode.
2026-10-01 22:05:41.011 Thread 'MainThread': missing ScriptRunContext! This warning can be ignored when running in bare mode.
2026-10-01 22:05:41.011 Thread 'MainThread': missing ScriptRunContext! This warning can be ignored when running in bare mode.
2026-10-01 22:05:41.011 Thread 'MainThread': missing ScriptRunContext! This warning can be ignored when running in bare mode.
2026-10-01 22:05:41.011 Thread 'MainThread': missing ScriptRunContext! This warning can be ignored when running in bare mode.
2026-10-01 22:05:41.012 Thread 'MainThread': missing ScriptRunContext! This warning can be ignored when running in bare mode.
2026-10-01 22:05:41.012 Thread 'MainThread': missing ScriptRunContext! This warning can be ignored when running in bare mode.
2026-10-01 22:05:41.012 Thread 'MainThread': missing ScriptRunContext! This warning can be ignored when running in bare mode.
2026-10-01 22:05:41.012 Thread 'MainThread': missing ScriptRunContext! This warning can be ignored when running in bare mode.
2026-10-01 22:05:41.012 Thread 'MainThread': missing ScriptRunContext! This warning can be ignored when running in bare mode.
2026-10-01 22:05:41.012 Thread 'MainThread': missing ScriptRunContext! This warning can be ignored when running in bare mode.
2026-10-01 22:05:41.012 Thread 'MainThread': missing ScriptRunContext! This warning can be ignored when running in bare mode.
2026-10-01 22:05:41.012 Thread 'MainThread': missing ScriptRunContext! This warning can be ignored when running in bare mode.
2026-10-01 22:05:41.012 Thread 'MainThread': missing ScriptRunContext! This warning can be ignored when running in bare mode.
2026-10-01 22:05:41.012 Thread 'MainThread': missing ScriptRunContext! This warning can be ignored when running in bare mode.
2026-10-01 22:05:41.071 Thread 'MainThread': missing ScriptRunContext! This warning can be ignored when running in bare mode.
2026-10-01 22:05:41.073 Thread 'MainThread': missing ScriptRunContext! This warning can be ignored when running in bare mode.
2026-10-01 22:05:41.073 Thread 'MainThread': missing ScriptRunContext! This warning can be ignored when running in bare mode.
2026-10-01 22:05:41.073 Thread 'MainThread': missing ScriptRunContext! This warning can be ignored when running in bare mode.
2026-10-01 22:05:41.074 Thread 'MainThread': missing ScriptRunContext! This warning can be ignored when running in bare mode.
2026-10-01 22:05:41.074 Thread 'MainThread': missing ScriptRunContext! This warning can be ignored when running in bare mode.
2026-10-01 22:05:41.074 Thread 'MainThread': missing ScriptRunContext! This warning can be ignored when running in bare mode.
2026-10-01 22:05:41.074 Thread 'MainThread': missing ScriptRunContext! This warning can be ignored when running in bare mode.
2026-10-01 22:05:41.074 Thread 'MainThread': missing ScriptRunContext! This warning can be ignored when running in bare mode.
2026-10-01 22:05:41.074 Thread 'MainThread': missing ScriptRunContext! This warning can be ignored when running in bare mode.
2026-10-01 22:05:41.074 Thread 'MainThread': missing ScriptRunContext! This warning can be ignored when running in bare mode.
2026-10-01 22:05:41.074 Thread 'MainThread': missing ScriptRunContext! This warning can be ignored when running in bare mode.
2026-10-01 22:05:41.074 Thread 'MainThread': missing ScriptRunContext! This warning can be ignored when running in bare mode.
2026-10-01 22:05:41.074 Thread 'MainThread': missing ScriptRunContext! This warning can be ignored when running in bare mode.
2026-10-01 22:05:41.074 Thread 'MainThread': missing ScriptRunContext! This warning can be ignored when running in bare mode.
2026-10-01 22:05:41.074 Thread 'MainThread': missing ScriptRunContext! This warning can be ignored when running in bare mode.
2026-10-01 22:05:41.074 Thread 'MainThread': missing ScriptRunContext! This warning can be ignored when running in bare mode.
2026-10-01 22:05:41.074 Thread 'MainThread': missing ScriptRunContext! This warning can be ignored when running in bare mode.
2026-10-01 22:05:41.074 Thread 'MainThread': missing ScriptRunContext! This warning can be ignored when running in bare mode.
2026-10-01 22:05:41.074 Thread 'MainThread': missing ScriptRunContext! This warning can be ignored when running in bare mode.
2026-10-01 22:05:41.074 Thread 'MainThread': missing ScriptRunContext! This warning can be ignored when running in bare mode.
2026-10-01 22:05:41.074 Thread 'MainThread': missing ScriptRunContext! This warning can be ignored when running in bare mode.
2026-10-01 22:05:41.074 Thread 'MainThread': missing ScriptRunContext! This warning can be ignored when running in bare mode.
2026-10-01 22:05:41.074 Thread 'MainThread': missing ScriptRunContext! This warning can be ignored when running in bare mode.
2026-10-01 22:05:41.074 Thread 'MainThread': missing ScriptRunContext! This warning can be ignored when running in bare mode.
2026-10-01 22:05:41.075 Thread 'MainThread': missing ScriptRunContext! This warning can be ignored when running in bare mode.
2026-10-01 22:05:41.075 Thread 'MainThread': missing ScriptRunContext! This warning can be ignored when running in bare mode.
2026-10-01 22:05:41.075 Thread 'MainThread': missing ScriptRunContext! This warning can be ignored when running in bare mode.
2026-10-01 22:05:41.075 Thread 'MainThread': missing ScriptRunContext! This warning can be ignored when running in bare mode.
2026-10-01 22:05:41.075 Thread 'MainThread': missing ScriptRunContext! This warning can be ignored when running in bare mode.
2026-10-01 22:05:41.075 Thread 'MainThread': missing ScriptRunContext! This warning can be ignored when running in bare mode.
2026-10-01 22:05:41.075 Thread 'MainThread': missing ScriptRunContext! This warning can be ignored when running in bare mode.
2026-10-01 22:05:41.075 Thread 'MainThread': missing ScriptRunContext! This warning can be ignored when running in bare mode.
2026-10-01 22:05:41.075 Thread 'MainThread': missing ScriptRunContext! This warning can be ignored when running in bare mode.
2026-10-01 22:05:41.075 Thread 'MainThread': missing ScriptRunContext! This warning can be ignored when running in bare mode.
2026-10-01 22:05:41.075 Thread 'MainThread': missing ScriptRunContext! This warning can be ignored when running in bare mode.
2026-10-01 22:05:41.075 Thread 'MainThread': missing ScriptRunContext! This warning can be ignored when running in bare mode.
2026-10-01 22:05:41.075 Thread 'MainThread': missing ScriptRunContext! This warning can be ignored when running in bare mode.
2026-10-01 22:05:41.075 Thread 'MainThread': missing ScriptRunContext! This warning can be ignored when running in bare mode.
2026-10-01 22:05:41.075 Thread 'MainThread': missing ScriptRunContext! This warning can be ignored when running in bare mode.
2026-10-01 22:05:41.075 Thread 'MainThread': missing ScriptRunContext! This warning can be ignored when running in bare mode.
2026-10-01 22:05:41.075 Thread 'MainThread': missing ScriptRunContext! This warning can be ignored when running in bare mode.
2026-10-01 22:05:41.075 Thread 'MainThread': missing ScriptRunContext! This warning can be ignored when running in bare mode.
2026-10-01 22:05:41.075 Thread 'MainThread': missing ScriptRunContext! This warning can be ignored when running in bare mode.
2026-10-01 22:05:43.373 Thread 'MainThread': missing ScriptRunContext! This warning can be ignored when running in bare mode.
2026-10-01 22:05:43.373 Thread 'MainThread': missing ScriptRunContext! This warning can be ignored when running in bare mode.
2026-10-01 22:05:43.373 Thread 'MainThread': missing ScriptRunContext! This warning can be ignored when running in bare mode.
2026-10-01 22:05:43.374 Thread 'MainThread': missing ScriptRunContext! This warning can be ignored when running in bare mode.
2026-10-01 22:05:43.374 Thread 'MainThread': missing ScriptRunContext! This warning can be ignored when running in bare mode.
2026-10-01 22:05:43.374 Thread 'MainThread': missing ScriptRunContext! This warning can be ignored when running in bare mode.
2026-10-01 22:05:44.497 Please replace `use_container_width` with `width`.

`use_container_width` will be removed after 2025-12-31.

For `use_container_width=True`, use `width='stretch'`. For `use_container_width=False`, use `width='content'`.
2026-10-01 22:05:44.801 Please replace `use_container_width` with `width`.

`use_container_width` will be removed after 2025-12-31.

For `use_container_width=True`, use `width='stretch'`. For `use_container_width=False`, use `width='content'`.
2026-10-01 22:05:44.829 Thread 'MainThread': missing ScriptRunContext! This warning can be ignored when running in bare mode.
2026-10-01 22:05:44.829 Thread 'MainThread': missing ScriptRunContext! This warning can be ignored when running in bare mode.
2026-10-01 22:05:44.829 Thread 'MainThread': missing ScriptRunContext! This warning can be ignored when running in bare mode.
2026-10-01 22:05:44.829 Thread 'MainThread': missing ScriptRunContext! This warning can be ignored when running in bare mode.
2026-10-01 22:05:44.830 Thread 'MainThread': missing ScriptRunContext! This warning can be ignored when running in bare mode.
2026-10-01 22:05:44.830 Thread 'MainThread': missing ScriptRunContext! This warning can be ignored when running in bare mode.
2026-10-01 22:05:45.858 Please replace `use_container_width` with `width`.

`use_container_width` will be removed after 2025-12-31.

For `use_container_width=True`, use `width='stretch'`. For `use_container_width=False`, use `width='content'`.
2026-10-01 22:05:46.123 Please replace `use_container_width` with `width`.

`use_container_width` will be removed after 2025-12-31.

For `use_container_width=True`, use `width='stretch'`. For `use_container_width=False`, use `width='content'`.
2026-10-01 22:05:46.376 Please replace `use_container_width` with `width`.

`use_container_width` will be removed after 2025-12-31.

For `use_container_width=True`, use `width='stretch'`. For `use_container_width=False`, use `width='content'`.
2026-10-01 22:05:46.695 Please replace `use_container_width` with `width`.

`use_container_width` will be removed after 2025-12-31.

For `use_container_width=True`, use `width='stretch'`. For `use_container_width=False`, use `width='content'`.
2026-10-01 22:05:46.953 Please replace `use_container_width` with `width`.

`use_container_width` will be removed after 2025-12-31.

For `use_container_width=True`, use `width='stretch'`. For `use_container_width=False`, use `width='content'`.
2026-10-01 22:05:47.238 Please replace `use_container_width` with `width`.

`use_container_width` will be removed after 2025-12-31.

For `use_container_width=True`, use `width='stretch'`. For `use_container_width=False`, use `width='content'`.
2026-10-01 22:05:47.665 Please replace `use_container_width` with `width`.

`use_container_width` will be removed after 2025-12-31.

For `use_container_width=True`, use `width='stretch'`. For `use_container_width=False`, use `width='content'`.
2026-10-01 22:05:47.964 Please replace `use_container_width` with `width`.

`use_container_width` will be removed after 2025-12-31.

For `use_container_width=True`, use `width='stretch'`. For `use_container_width=False`, use `width='content'`.
2026-10-01 22:05:48.418 Please replace `use_container_width` with `width`.

`use_container_width` will be removed after 2025-12-31.

For `use_container_width=True`, use `width='stretch'`. For `use_container_width=False`, use `width='content'`.
2026-10-01 22:05:48.668 Please replace `use_container_width` with `width`.

`use_container_width` will be removed after 2025-12-31.

For `use_container_width=True`, use `width='stretch'`. For `use_container_width=False`, use `width='content'`.
2026-10-01 22:05:48.693 Thread 'MainThread': missing ScriptRunContext! This warning can be ignored when running in bare mode.
2026-10-01 22:05:48.696 Thread 'MainThread': missing ScriptRunContext! This warning can be ignored when running in bare mode.
2026-10-01 22:05:48.696 Thread 'MainThread': missing ScriptRunContext! This warning can be ignored when running in bare mode.
2026-10-01 22:05:48.696 Thread 'MainThread': missing ScriptRunContext! This warning can be ignored when running in bare mode.
2026-10-01 22:05:48.696 Thread 'MainThread': missing ScriptRunContext! This warning can be ignored when running in bare mode.
2026-10-01 22:05:48.696 Thread 'MainThread': missing ScriptRunContext! This warning can be ignored when running in bare mode.
2026-10-01 22:05:48.696 Thread 'MainThread': missing ScriptRunContext! This warning can be ignored when running in bare mode.
2026-10-01 22:05:48.696 Thread 'MainThread': missing ScriptRunContext! This warning can be ignored when running in bare mode.
2026-10-01 22:05:48.696 Thread 'MainThread': missing ScriptRunContext! This warning can be ignored when running in bare mode.
2026-10-01 22:05:48.696 Thread 'MainThread': missing ScriptRunContext! This warning can be ignored when running in bare mode.
2026-10-01 22:05:48.696 Thread 'MainThread': missing ScriptRunContext! This warning can be ignored when running in bare mode.
2026-10-01 22:05:48.697 Thread 'MainThread': missing ScriptRunContext! This warning can be ignored when running in bare mode.
2026-10-01 22:05:48.697 Thread 'MainThread': missing ScriptRunContext! This warning can be ignored when running in bare mode.
2026-10-01 22:05:48.697 Thread 'MainThread': missing ScriptRunContext! This warning can be ignored when running in bare mode.
2026-10-01 22:05:48.697 Thread 'MainThread': missing ScriptRunContext! This warning can be ignored when running in bare mode.
2026-10-01 22:05:48.697 Thread 'MainThread': missing ScriptRunContext! This warning can be ignored when running in bare mode.
2026-10-01 22:05:48.697 Thread 'MainThread': missing ScriptRunContext! This warning can be ignored when running in bare mode.
2026-10-01 22:05:48.697 Thread 'MainThread': missing ScriptRunContext! This warning can be ignored when running in bare mode.
2026-10-01 22:05:48.697 Thread 'MainThread': missing ScriptRunContext! This warning can be ignored when running in bare mode.
2026-10-01 22:05:48.697 Thread 'MainThread': missing ScriptRunContext! This warning can be ignored when running in bare mode.
2026-10-01 22:05:48.697 Thread 'MainThread': missing ScriptRunContext! This warning can be ignored when running in bare mode.
2026-10-01 22:05:48.697 Thread 'MainThread': missing ScriptRunContext! This warning can be ignored when running in bare mode.
2026-10-01 22:05:48.697 Thread 'MainThread': missing ScriptRunContext! This warning can be ignored when running in bare mode.
2026-10-01 22:05:48.697 Thread 'MainThread': missing ScriptRunContext! This warning can be ignored when running in bare mode.
2026-10-01 22:05:48.697 Thread 'MainThread': missing ScriptRunContext! This warning can be ignored when running in bare mode.
2026-10-01 22:05:48.697 Thread 'MainThread': missing ScriptRunContext! This warning can be ignored when running in bare mode.
2026-10-01 22:05:48.697 Thread 'MainThread': missing ScriptRunContext! This warning can be ignored when running in bare mode.
2026-10-01 22:05:48.697 Thread 'MainThread': missing ScriptRunContext! This warning can be ignored when running in bare mode.
2026-10-01 22:05:48.697 Thread 'MainThread': missing ScriptRunContext! This warning can be ignored when running in bare mode.
2026-10-01 22:05:48.697 Thread 'MainThread': missing ScriptRunContext! This warning can be ignored when running in bare mode.
2026-10-01 22:05:48.698 Thread 'MainThread': missing ScriptRunContext! This warning can be ignored when running in bare mode.
2026-10-01 22:05:48.698 Thread 'MainThread': missing ScriptRunContext! This warning can be ignored when running in bare mode.
2026-10-01 22:05:48.698 Thread 'MainThread': missing ScriptRunContext! This warning can be ignored when running in bare mode.
2026-10-01 22:05:48.698 Thread 'MainThread': missing ScriptRunContext! This warning can be ignored when running in bare mode.
2026-10-01 22:05:48.698 Thread 'MainThread': missing ScriptRunContext! This warning can be ignored when running in bare mode.
2026-10-01 22:05:48.698 Thread 'MainThread': missing ScriptRunContext! This warning can be ignored when running in bare mode.
2026-10-01 22:05:48.698 Thread 'MainThread': missing ScriptRunContext! This warning can be ignored when running in bare mode.
2026-10-01 22:05:48.698 Thread 'MainThread': missing ScriptRunContext! This warning can be ignored when running in bare mode.
2026-10-01 22:05:48.698 Thread 'MainThread': missing ScriptRunContext! This warning can be ignored when running in bare mode.
2026-10-01 22:05:48.698 Thread 'MainThread': missing ScriptRunContext! This warning can be ignored when running in bare mode.
2026-10-01 22:05:48.698 Thread 'MainThread': missing ScriptRunContext! This warning can be ignored when running in bare mode.
2026-10-01 22:05:48.698 Thread 'MainThread': missing ScriptRunContext! This warning can be ignored when running in bare mode.
2026-10-01 22:05:48.698 Thread 'MainThread': missing ScriptRunContext! This warning can be ignored when running in bare mode.
2026-10-01 22:05:48.698 Thread 'MainThread': missing ScriptRunContext! This warning can be ignored when running in bare mode.
2026-10-01 22:05:48.716 Thread 'MainThread': missing ScriptRunContext! This warning can be ignored when running in bare mode.
2026-10-01 22:05:48.716 Thread 'MainThread': missing ScriptRunContext! This warning can be ignored when running in bare mode.
2026-10-01 22:05:48.716 Thread 'MainThread': missing ScriptRunContext! This warning can be ignored when running in bare mode.
2026-10-01 22:05:48.716 Thread 'MainThread': missing ScriptRunContext! This warning can be ignored when running in bare mode.
2026-10-01 22:05:48.716 Thread 'MainThread': missing ScriptRunContext! This warning can be ignored when running in bare mode.
2026-10-01 22:05:48.716 Thread 'MainThread': missing ScriptRunContext! This warning can be ignored when running in bare mode.
2026-10-01 22:05:49.717 Please replace `use_container_width` with `width`.

`use_container_width` will be removed after 2025-12-31.

For `use_container_width=True`, use `width='stretch'`. For `use_container_width=False`, use `width='content'`.
2026-10-01 22:05:49.982 Please replace `use_container_width` with `width`.

`use_container_width` will be removed after 2025-12-31.

For `use_container_width=True`, use `width='stretch'`. For `use_container_width=False`, use `width='content'`.
2026-10-01 22:05:50.006 Thread 'MainThread': missing ScriptRunContext! This warning can be ignored when running in bare mode.
2026-10-01 22:05:50.229 Please replace `use_container_width` with `width`.

`use_container_width` will be removed after 2025-12-31.

For `use_container_width=True`, use `width='stretch'`. For `use_container_width=False`, use `width='content'`.
2026-10-01 22:05:50.246 Thread 'MainThread': missing ScriptRunContext! This warning can be ignored when running in bare mode.
2026-10-01 22:05:50.451 Thread 'MainThread': missing ScriptRunContext! This warning can be ignored when running in bare mode.
2026-10-01 22:05:50.451 Thread 'MainThread': missing ScriptRunContext! This warning can be ignored when running in bare mode.
2026-10-01 22:05:50.451 Thread 'MainThread': missing ScriptRunContext! This warning can be ignored when running in bare mode.
2026-10-01 22:05:50.451 Thread 'MainThread': missing ScriptRunContext! This warning can be ignored when running in bare mode.
2026-10-01 22:05:50.451 Thread 'MainThread': missing ScriptRunContext! This warning can be ignored when running in bare mode.
2026-10-01 22:05:50.451 Thread 'MainThread': missing ScriptRunContext! This warning can be ignored when running in bare mode.
2026-10-01 22:05:51.508 Please replace `use_container_width` with `width`.

`use_container_width` will be removed after 2025-12-31.

For `use_container_width=True`, use `width='stretch'`. For `use_container_width=False`, use `width='content'`.
2026-10-01 22:05:51.747 Please replace `use_container_width` with `width`.

`use_container_width` will be removed after 2025-12-31.

For `use_container_width=True`, use `width='stretch'`. For `use_container_width=False`, use `width='content'`.
2026-10-01 22:05:51.764 Thread 'MainThread': missing ScriptRunContext! This warning can be ignored when running in bare mode.
2026-10-01 22:05:51.765 Thread 'MainThread': missing ScriptRunContext! This warning can be ignored when running in bare mode.
2026-10-01 22:05:51.765 Thread 'MainThread': missing ScriptRunContext! This warning can be ignored when running in bare mode.
2026-10-01 22:05:51.765 Thread 'MainThread': missing ScriptRunContext! This warning can be ignored when running in bare mode.
2026-10-01 22:05:51.765 Thread 'MainThread': missing ScriptRunContext! This warning can be ignored when running in bare mode.
2026-10-01 22:05:51.765 Thread 'MainThread': missing ScriptRunContext! This warning can be ignored when running in bare mode.
Learning Scene validator rejected domain=spatial_dynamics reason=scene: missing fields=['assumptions', 'axes', 'bindings', 'learning_goal', 'metrics', 'objects', 'parameters', 'quantities', 'scene_id', 'scene_version', 'series', 'source_pages', 'time', 'title']; unknown fields=[]
2026-10-01 22:05:52.824 Thread 'MainThread': missing ScriptRunContext! This warning can be ignored when running in bare mode.
2026-10-01 22:05:52.824 Thread 'MainThread': missing ScriptRunContext! This warning can be ignored when running in bare mode.
2026-10-01 22:05:52.824 Thread 'MainThread': missing ScriptRunContext! This warning can be ignored when running in bare mode.
2026-10-01 22:05:52.825 Thread 'MainThread': missing ScriptRunContext! This warning can be ignored when running in bare mode.
2026-10-01 22:05:52.825 Thread 'MainThread': missing ScriptRunContext! This warning can be ignored when running in bare mode.
2026-10-01 22:05:52.825 Thread 'MainThread': missing ScriptRunContext! This warning can be ignored when running in bare mode.
2026-10-01 22:05:54.243 Please replace `use_container_width` with `width`.

`use_container_width` will be removed after 2025-12-31.

For `use_container_width=True`, use `width='stretch'`. For `use_container_width=False`, use `width='content'`.
2026-10-01 22:05:54.276 Thread 'MainThread': missing ScriptRunContext! This warning can be ignored when running in bare mode.
2026-10-01 22:05:54.277 Thread 'MainThread': missing ScriptRunContext! This warning can be ignored when running in bare mode.
2026-10-01 22:05:54.277 Thread 'MainThread': missing ScriptRunContext! This warning can be ignored when running in bare mode.
2026-10-01 22:05:54.277 Thread 'MainThread': missing ScriptRunContext! This warning can be ignored when running in bare mode.
2026-10-01 22:05:54.277 Thread 'MainThread': missing ScriptRunContext! This warning can be ignored when running in bare mode.
2026-10-01 22:05:54.277 Thread 'MainThread': missing ScriptRunContext! This warning can be ignored when running in bare mode.
2026-10-01 22:05:55.351 Please replace `use_container_width` with `width`.

`use_container_width` will be removed after 2025-12-31.

For `use_container_width=True`, use `width='stretch'`. For `use_container_width=False`, use `width='content'`.
2026-10-01 22:05:55.659 Please replace `use_container_width` with `width`.

`use_container_width` will be removed after 2025-12-31.

For `use_container_width=True`, use `width='stretch'`. For `use_container_width=False`, use `width='content'`.
2026-10-01 22:05:55.895 Please replace `use_container_width` with `width`.

`use_container_width` will be removed after 2025-12-31.

For `use_container_width=True`, use `width='stretch'`. For `use_container_width=False`, use `width='content'`.
2026-10-01 22:05:55.914 Thread 'MainThread': missing ScriptRunContext! This warning can be ignored when running in bare mode.
2026-10-01 22:05:55.914 Thread 'MainThread': missing ScriptRunContext! This warning can be ignored when running in bare mode.
2026-10-01 22:05:55.914 Thread 'MainThread': missing ScriptRunContext! This warning can be ignored when running in bare mode.
2026-10-01 22:05:55.915 Thread 'MainThread': missing ScriptRunContext! This warning can be ignored when running in bare mode.
2026-10-01 22:05:55.915 Thread 'MainThread': missing ScriptRunContext! This warning can be ignored when running in bare mode.
2026-10-01 22:05:55.915 Thread 'MainThread': missing ScriptRunContext! This warning can be ignored when running in bare mode.
2026-10-01 22:05:55.915 Thread 'MainThread': missing ScriptRunContext! This warning can be ignored when running in bare mode.
2026-10-01 22:05:55.915 Thread 'MainThread': missing ScriptRunContext! This warning can be ignored when running in bare mode.
2026-10-01 22:05:55.915 Thread 'MainThread': missing ScriptRunContext! This warning can be ignored when running in bare mode.
2026-10-01 22:05:55.915 Thread 'MainThread': missing ScriptRunContext! This warning can be ignored when running in bare mode.
2026-10-01 22:05:55.915 Thread 'MainThread': missing ScriptRunContext! This warning can be ignored when running in bare mode.
2026-10-01 22:05:55.915 Thread 'MainThread': missing ScriptRunContext! This warning can be ignored when running in bare mode.
2026-10-01 22:05:55.915 Thread 'MainThread': missing ScriptRunContext! This warning can be ignored when running in bare mode.
2026-10-01 22:05:55.915 Thread 'MainThread': missing ScriptRunContext! This warning can be ignored when running in bare mode.
2026-10-01 22:05:55.915 Thread 'MainThread': missing ScriptRunContext! This warning can be ignored when running in bare mode.
2026-10-01 22:05:55.915 Thread 'MainThread': missing ScriptRunContext! This warning can be ignored when running in bare mode.
2026-10-01 22:05:55.915 Thread 'MainThread': missing ScriptRunContext! This warning can be ignored when running in bare mode.
2026-10-01 22:05:55.915 Thread 'MainThread': missing ScriptRunContext! This warning can be ignored when running in bare mode.
2026-10-01 22:05:55.915 Thread 'MainThread': missing ScriptRunContext! This warning can be ignored when running in bare mode.
2026-10-01 22:05:55.915 Thread 'MainThread': missing ScriptRunContext! This warning can be ignored when running in bare mode.
2026-10-01 22:05:55.915 Thread 'MainThread': missing ScriptRunContext! This warning can be ignored when running in bare mode.
2026-10-01 22:05:55.915 Thread 'MainThread': missing ScriptRunContext! This warning can be ignored when running in bare mode.
2026-10-01 22:05:55.916 Thread 'MainThread': missing ScriptRunContext! This warning can be ignored when running in bare mode.
2026-10-01 22:05:55.916 Thread 'MainThread': missing ScriptRunContext! This warning can be ignored when running in bare mode.
2026-10-01 22:05:55.916 Thread 'MainThread': missing ScriptRunContext! This warning can be ignored when running in bare mode.
2026-10-01 22:05:55.916 Thread 'MainThread': missing ScriptRunContext! This warning can be ignored when running in bare mode.
2026-10-01 22:05:55.916 Thread 'MainThread': missing ScriptRunContext! This warning can be ignored when running in bare mode.
2026-10-01 22:05:55.916 Thread 'MainThread': missing ScriptRunContext! This warning can be ignored when running in bare mode.
2026-10-01 22:05:55.916 Thread 'MainThread': missing ScriptRunContext! This warning can be ignored when running in bare mode.
2026-10-01 22:05:55.916 Thread 'MainThread': missing ScriptRunContext! This warning can be ignored when running in bare mode.
2026-10-01 22:05:55.916 Thread 'MainThread': missing ScriptRunContext! This warning can be ignored when running in bare mode.
2026-10-01 22:05:55.916 Thread 'MainThread': missing ScriptRunContext! This warning can be ignored when running in bare mode.
2026-10-01 22:05:55.916 Thread 'MainThread': missing ScriptRunContext! This warning can be ignored when running in bare mode.
2026-10-01 22:05:55.916 Thread 'MainThread': missing ScriptRunContext! This warning can be ignored when running in bare mode.
2026-10-01 22:05:55.916 Thread 'MainThread': missing ScriptRunContext! This warning can be ignored when running in bare mode.
2026-10-01 22:05:55.916 Thread 'MainThread': missing ScriptRunContext! This warning can be ignored when running in bare mode.
2026-10-01 22:05:55.916 Thread 'MainThread': missing ScriptRunContext! This warning can be ignored when running in bare mode.
2026-10-01 22:05:55.917 Thread 'MainThread': missing ScriptRunContext! This warning can be ignored when running in bare mode.
2026-10-01 22:05:55.917 Thread 'MainThread': missing ScriptRunContext! This warning can be ignored when running in bare mode.
2026-10-01 22:05:55.917 Thread 'MainThread': missing ScriptRunContext! This warning can be ignored when running in bare mode.
2026-10-01 22:05:55.917 Thread 'MainThread': missing ScriptRunContext! This warning can be ignored when running in bare mode.
2026-10-01 22:05:55.917 Thread 'MainThread': missing ScriptRunContext! This warning can be ignored when running in bare mode.
2026-10-01 22:05:55.917 Thread 'MainThread': missing ScriptRunContext! This warning can be ignored when running in bare mode.
2026-10-01 22:05:55.917 Thread 'MainThread': missing ScriptRunContext! This warning can be ignored when running in bare mode.
2026-10-01 22:05:57.362 Thread 'MainThread': missing ScriptRunContext! This warning can be ignored when running in bare mode.
2026-10-01 22:05:57.365 Thread 'MainThread': missing ScriptRunContext! This warning can be ignored when running in bare mode.
2026-10-01 22:05:57.365 Thread 'MainThread': missing ScriptRunContext! This warning can be ignored when running in bare mode.
2026-10-01 22:05:57.365 Thread 'MainThread': missing ScriptRunContext! This warning can be ignored when running in bare mode.
2026-10-01 22:05:57.365 Thread 'MainThread': missing ScriptRunContext! This warning can be ignored when running in bare mode.
2026-10-01 22:05:57.365 Thread 'MainThread': missing ScriptRunContext! This warning can be ignored when running in bare mode.
2026-10-01 22:05:57.365 Thread 'MainThread': missing ScriptRunContext! This warning can be ignored when running in bare mode.
2026-10-01 22:05:57.365 Thread 'MainThread': missing ScriptRunContext! This warning can be ignored when running in bare mode.
2026-10-01 22:05:57.365 Thread 'MainThread': missing ScriptRunContext! This warning can be ignored when running in bare mode.
2026-10-01 22:05:57.365 Thread 'MainThread': missing ScriptRunContext! This warning can be ignored when running in bare mode.
2026-10-01 22:05:57.365 Thread 'MainThread': missing ScriptRunContext! This warning can be ignored when running in bare mode.
2026-10-01 22:05:57.365 Thread 'MainThread': missing ScriptRunContext! This warning can be ignored when running in bare mode.
2026-10-01 22:05:57.366 Thread 'MainThread': missing ScriptRunContext! This warning can be ignored when running in bare mode.
2026-10-01 22:05:57.366 Thread 'MainThread': missing ScriptRunContext! This warning can be ignored when running in bare mode.
2026-10-01 22:05:57.366 Thread 'MainThread': missing ScriptRunContext! This warning can be ignored when running in bare mode.
2026-10-01 22:05:57.366 Thread 'MainThread': missing ScriptRunContext! This warning can be ignored when running in bare mode.
2026-10-01 22:05:57.366 Thread 'MainThread': missing ScriptRunContext! This warning can be ignored when running in bare mode.
2026-10-01 22:05:57.366 Thread 'MainThread': missing ScriptRunContext! This warning can be ignored when running in bare mode.
2026-10-01 22:05:57.366 Thread 'MainThread': missing ScriptRunContext! This warning can be ignored when running in bare mode.
2026-10-01 22:05:57.366 Thread 'MainThread': missing ScriptRunContext! This warning can be ignored when running in bare mode.
2026-10-01 22:05:57.366 Thread 'MainThread': missing ScriptRunContext! This warning can be ignored when running in bare mode.
2026-10-01 22:05:57.366 Thread 'MainThread': missing ScriptRunContext! This warning can be ignored when running in bare mode.
2026-10-01 22:05:57.366 Thread 'MainThread': missing ScriptRunContext! This warning can be ignored when running in bare mode.
2026-10-01 22:05:57.366 Thread 'MainThread': missing ScriptRunContext! This warning can be ignored when running in bare mode.
2026-10-01 22:05:57.366 Thread 'MainThread': missing ScriptRunContext! This warning can be ignored when running in bare mode.
2026-10-01 22:05:57.366 Thread 'MainThread': missing ScriptRunContext! This warning can be ignored when running in bare mode.
2026-10-01 22:05:57.366 Thread 'MainThread': missing ScriptRunContext! This warning can be ignored when running in bare mode.
2026-10-01 22:05:57.366 Thread 'MainThread': missing ScriptRunContext! This warning can be ignored when running in bare mode.
2026-10-01 22:05:57.366 Thread 'MainThread': missing ScriptRunContext! This warning can be ignored when running in bare mode.
2026-10-01 22:05:57.366 Thread 'MainThread': missing ScriptRunContext! This warning can be ignored when running in bare mode.
2026-10-01 22:05:57.366 Thread 'MainThread': missing ScriptRunContext! This warning can be ignored when running in bare mode.
2026-10-01 22:05:57.367 Thread 'MainThread': missing ScriptRunContext! This warning can be ignored when running in bare mode.
2026-10-01 22:05:57.367 Thread 'MainThread': missing ScriptRunContext! This warning can be ignored when running in bare mode.
2026-10-01 22:05:57.367 Thread 'MainThread': missing ScriptRunContext! This warning can be ignored when running in bare mode.
2026-10-01 22:05:57.367 Thread 'MainThread': missing ScriptRunContext! This warning can be ignored when running in bare mode.
2026-10-01 22:05:57.367 Thread 'MainThread': missing ScriptRunContext! This warning can be ignored when running in bare mode.
2026-10-01 22:05:57.367 Thread 'MainThread': missing ScriptRunContext! This warning can be ignored when running in bare mode.
2026-10-01 22:05:57.367 Thread 'MainThread': missing ScriptRunContext! This warning can be ignored when running in bare mode.
2026-10-01 22:05:57.367 Thread 'MainThread': missing ScriptRunContext! This warning can be ignored when running in bare mode.
2026-10-01 22:05:57.367 Thread 'MainThread': missing ScriptRunContext! This warning can be ignored when running in bare mode.
2026-10-01 22:05:57.367 Thread 'MainThread': missing ScriptRunContext! This warning can be ignored when running in bare mode.
2026-10-01 22:05:57.367 Thread 'MainThread': missing ScriptRunContext! This warning can be ignored when running in bare mode.
2026-10-01 22:05:57.367 Thread 'MainThread': missing ScriptRunContext! This warning can be ignored when running in bare mode.
2026-10-01 22:05:57.367 Thread 'MainThread': missing ScriptRunContext! This warning can be ignored when running in bare mode.
2026-10-01 22:05:58.232 Thread 'MainThread': missing ScriptRunContext! This warning can be ignored when running in bare mode.
2026-10-01 22:05:58.232 Thread 'MainThread': missing ScriptRunContext! This warning can be ignored when running in bare mode.
2026-10-01 22:05:58.233 Thread 'MainThread': missing ScriptRunContext! This warning can be ignored when running in bare mode.
2026-10-01 22:05:58.233 Thread 'MainThread': missing ScriptRunContext! This warning can be ignored when running in bare mode.
2026-10-01 22:05:58.233 Thread 'MainThread': missing ScriptRunContext! This warning can be ignored when running in bare mode.
2026-10-01 22:05:58.233 Thread 'MainThread': missing ScriptRunContext! This warning can be ignored when running in bare mode.
2026-10-01 22:05:59.160 Please replace `use_container_width` with `width`.

`use_container_width` will be removed after 2025-12-31.

For `use_container_width=True`, use `width='stretch'`. For `use_container_width=False`, use `width='content'`.
2026-10-01 22:05:59.390 Please replace `use_container_width` with `width`.

`use_container_width` will be removed after 2025-12-31.

For `use_container_width=True`, use `width='stretch'`. For `use_container_width=False`, use `width='content'`.
2026-10-01 22:05:59.619 Please replace `use_container_width` with `width`.

`use_container_width` will be removed after 2025-12-31.

For `use_container_width=True`, use `width='stretch'`. For `use_container_width=False`, use `width='content'`.
2026-10-01 22:05:59.639 Thread 'MainThread': missing ScriptRunContext! This warning can be ignored when running in bare mode.
2026-10-01 22:05:59.642 Thread 'MainThread': missing ScriptRunContext! This warning can be ignored when running in bare mode.
2026-10-01 22:05:59.642 Thread 'MainThread': missing ScriptRunContext! This warning can be ignored when running in bare mode.
2026-10-01 22:05:59.643 Thread 'MainThread': missing ScriptRunContext! This warning can be ignored when running in bare mode.
2026-10-01 22:05:59.643 Thread 'MainThread': missing ScriptRunContext! This warning can be ignored when running in bare mode.
2026-10-01 22:05:59.643 Thread 'MainThread': missing ScriptRunContext! This warning can be ignored when running in bare mode.
2026-10-01 22:05:59.643 Thread 'MainThread': missing ScriptRunContext! This warning can be ignored when running in bare mode.
2026-10-01 22:05:59.643 Thread 'MainThread': missing ScriptRunContext! This warning can be ignored when running in bare mode.
2026-10-01 22:05:59.643 Thread 'MainThread': missing ScriptRunContext! This warning can be ignored when running in bare mode.
2026-10-01 22:05:59.643 Thread 'MainThread': missing ScriptRunContext! This warning can be ignored when running in bare mode.
2026-10-01 22:05:59.643 Thread 'MainThread': missing ScriptRunContext! This warning can be ignored when running in bare mode.
2026-10-01 22:05:59.643 Thread 'MainThread': missing ScriptRunContext! This warning can be ignored when running in bare mode.
2026-10-01 22:05:59.643 Thread 'MainThread': missing ScriptRunContext! This warning can be ignored when running in bare mode.
2026-10-01 22:05:59.643 Thread 'MainThread': missing ScriptRunContext! This warning can be ignored when running in bare mode.
2026-10-01 22:05:59.644 Thread 'MainThread': missing ScriptRunContext! This warning can be ignored when running in bare mode.
2026-10-01 22:05:59.644 Thread 'MainThread': missing ScriptRunContext! This warning can be ignored when running in bare mode.
2026-10-01 22:05:59.644 Thread 'MainThread': missing ScriptRunContext! This warning can be ignored when running in bare mode.
2026-10-01 22:05:59.644 Thread 'MainThread': missing ScriptRunContext! This warning can be ignored when running in bare mode.
2026-10-01 22:05:59.644 Thread 'MainThread': missing ScriptRunContext! This warning can be ignored when running in bare mode.
2026-10-01 22:05:59.644 Thread 'MainThread': missing ScriptRunContext! This warning can be ignored when running in bare mode.
2026-10-01 22:05:59.644 Thread 'MainThread': missing ScriptRunContext! This warning can be ignored when running in bare mode.
2026-10-01 22:05:59.644 Thread 'MainThread': missing ScriptRunContext! This warning can be ignored when running in bare mode.
2026-10-01 22:05:59.644 Thread 'MainThread': missing ScriptRunContext! This warning can be ignored when running in bare mode.
2026-10-01 22:05:59.644 Thread 'MainThread': missing ScriptRunContext! This warning can be ignored when running in bare mode.
2026-10-01 22:05:59.644 Thread 'MainThread': missing ScriptRunContext! This warning can be ignored when running in bare mode.
2026-10-01 22:05:59.645 Thread 'MainThread': missing ScriptRunContext! This warning can be ignored when running in bare mode.
2026-10-01 22:05:59.645 Thread 'MainThread': missing ScriptRunContext! This warning can be ignored when running in bare mode.
2026-10-01 22:05:59.645 Thread 'MainThread': missing ScriptRunContext! This warning can be ignored when running in bare mode.
2026-10-01 22:05:59.645 Thread 'MainThread': missing ScriptRunContext! This warning can be ignored when running in bare mode.
2026-10-01 22:05:59.645 Thread 'MainThread': missing ScriptRunContext! This warning can be ignored when running in bare mode.
2026-10-01 22:05:59.645 Thread 'MainThread': missing ScriptRunContext! This warning can be ignored when running in bare mode.
2026-10-01 22:05:59.645 Thread 'MainThread': missing ScriptRunContext! This warning can be ignored when running in bare mode.
2026-10-01 22:05:59.645 Thread 'MainThread': missing ScriptRunContext! This warning can be ignored when running in bare mode.
2026-10-01 22:05:59.645 Thread 'MainThread': missing ScriptRunContext! This warning can be ignored when running in bare mode.
2026-10-01 22:05:59.645 Thread 'MainThread': missing ScriptRunContext! This warning can be ignored when running in bare mode.
2026-10-01 22:05:59.645 Thread 'MainThread': missing ScriptRunContext! This warning can be ignored when running in bare mode.
2026-10-01 22:05:59.646 Thread 'MainThread': missing ScriptRunContext! This warning can be ignored when running in bare mode.
2026-10-01 22:05:59.646 Thread 'MainThread': missing ScriptRunContext! This warning can be ignored when running in bare mode.
2026-10-01 22:05:59.646 Thread 'MainThread': missing ScriptRunContext! This warning can be ignored when running in bare mode.
2026-10-01 22:05:59.646 Thread 'MainThread': missing ScriptRunContext! This warning can be ignored when running in bare mode.
2026-10-01 22:05:59.646 Thread 'MainThread': missing ScriptRunContext! This warning can be ignored when running in bare mode.
2026-10-01 22:05:59.646 Thread 'MainThread': missing ScriptRunContext! This warning can be ignored when running in bare mode.
2026-10-01 22:05:59.646 Thread 'MainThread': missing ScriptRunContext! This warning can be ignored when running in bare mode.
2026-10-01 22:05:59.646 Thread 'MainThread': missing ScriptRunContext! This warning can be ignored when running in bare mode.
2026-10-01 22:05:59.654 Thread 'MainThread': missing ScriptRunContext! This warning can be ignored when running in bare mode.
2026-10-01 22:05:59.654 Thread 'MainThread': missing ScriptRunContext! This warning can be ignored when running in bare mode.
2026-10-01 22:05:59.654 Thread 'MainThread': missing ScriptRunContext! This warning can be ignored when running in bare mode.
2026-10-01 22:05:59.654 Thread 'MainThread': missing ScriptRunContext! This warning can be ignored when running in bare mode.
2026-10-01 22:05:59.654 Thread 'MainThread': missing ScriptRunContext! This warning can be ignored when running in bare mode.
2026-10-01 22:05:59.654 Thread 'MainThread': missing ScriptRunContext! This warning can be ignored when running in bare mode.
2026-10-01 22:06:00.729 Thread 'MainThread': missing ScriptRunContext! This warning can be ignored when running in bare mode.
2026-10-01 22:06:00.729 Thread 'MainThread': missing ScriptRunContext! This warning can be ignored when running in bare mode.
2026-10-01 22:06:00.729 Thread 'MainThread': missing ScriptRunContext! This warning can be ignored when running in bare mode.
2026-10-01 22:06:00.729 Thread 'MainThread': missing ScriptRunContext! This warning can be ignored when running in bare mode.
2026-10-01 22:06:00.729 Thread 'MainThread': missing ScriptRunContext! This warning can be ignored when running in bare mode.
2026-10-01 22:06:00.730 Thread 'MainThread': missing ScriptRunContext! This warning can be ignored when running in bare mode.
2026-10-01 22:06:01.780 Please replace `use_container_width` with `width`.

`use_container_width` will be removed after 2025-12-31.

For `use_container_width=True`, use `width='stretch'`. For `use_container_width=False`, use `width='content'`.
2026-10-01 22:06:01.794 Thread 'MainThread': missing ScriptRunContext! This warning can be ignored when running in bare mode.
2026-10-01 22:06:01.797 Thread 'MainThread': missing ScriptRunContext! This warning can be ignored when running in bare mode.
2026-10-01 22:06:01.797 Thread 'MainThread': missing ScriptRunContext! This warning can be ignored when running in bare mode.
2026-10-01 22:06:01.797 Thread 'MainThread': missing ScriptRunContext! This warning can be ignored when running in bare mode.
2026-10-01 22:06:01.797 Thread 'MainThread': missing ScriptRunContext! This warning can be ignored when running in bare mode.
2026-10-01 22:06:01.797 Thread 'MainThread': missing ScriptRunContext! This warning can be ignored when running in bare mode.
2026-10-01 22:06:01.797 Thread 'MainThread': missing ScriptRunContext! This warning can be ignored when running in bare mode.
2026-10-01 22:06:01.797 Thread 'MainThread': missing ScriptRunContext! This warning can be ignored when running in bare mode.
2026-10-01 22:06:01.797 Thread 'MainThread': missing ScriptRunContext! This warning can be ignored when running in bare mode.
2026-10-01 22:06:01.797 Thread 'MainThread': missing ScriptRunContext! This warning can be ignored when running in bare mode.
2026-10-01 22:06:01.797 Thread 'MainThread': missing ScriptRunContext! This warning can be ignored when running in bare mode.
2026-10-01 22:06:01.798 Thread 'MainThread': missing ScriptRunContext! This warning can be ignored when running in bare mode.
2026-10-01 22:06:01.798 Thread 'MainThread': missing ScriptRunContext! This warning can be ignored when running in bare mode.
2026-10-01 22:06:01.798 Thread 'MainThread': missing ScriptRunContext! This warning can be ignored when running in bare mode.
2026-10-01 22:06:01.798 Thread 'MainThread': missing ScriptRunContext! This warning can be ignored when running in bare mode.
2026-10-01 22:06:01.798 Thread 'MainThread': missing ScriptRunContext! This warning can be ignored when running in bare mode.
2026-10-01 22:06:01.798 Thread 'MainThread': missing ScriptRunContext! This warning can be ignored when running in bare mode.
2026-10-01 22:06:01.798 Thread 'MainThread': missing ScriptRunContext! This warning can be ignored when running in bare mode.
2026-10-01 22:06:01.798 Thread 'MainThread': missing ScriptRunContext! This warning can be ignored when running in bare mode.
2026-10-01 22:06:01.798 Thread 'MainThread': missing ScriptRunContext! This warning can be ignored when running in bare mode.
2026-10-01 22:06:01.798 Thread 'MainThread': missing ScriptRunContext! This warning can be ignored when running in bare mode.
2026-10-01 22:06:01.798 Thread 'MainThread': missing ScriptRunContext! This warning can be ignored when running in bare mode.
2026-10-01 22:06:01.798 Thread 'MainThread': missing ScriptRunContext! This warning can be ignored when running in bare mode.
2026-10-01 22:06:01.798 Thread 'MainThread': missing ScriptRunContext! This warning can be ignored when running in bare mode.
2026-10-01 22:06:01.798 Thread 'MainThread': missing ScriptRunContext! This warning can be ignored when running in bare mode.
2026-10-01 22:06:01.798 Thread 'MainThread': missing ScriptRunContext! This warning can be ignored when running in bare mode.
2026-10-01 22:06:01.798 Thread 'MainThread': missing ScriptRunContext! This warning can be ignored when running in bare mode.
2026-10-01 22:06:01.798 Thread 'MainThread': missing ScriptRunContext! This warning can be ignored when running in bare mode.
2026-10-01 22:06:01.798 Thread 'MainThread': missing ScriptRunContext! This warning can be ignored when running in bare mode.
2026-10-01 22:06:01.798 Thread 'MainThread': missing ScriptRunContext! This warning can be ignored when running in bare mode.
2026-10-01 22:06:01.798 Thread 'MainThread': missing ScriptRunContext! This warning can be ignored when running in bare mode.
2026-10-01 22:06:01.798 Thread 'MainThread': missing ScriptRunContext! This warning can be ignored when running in bare mode.
2026-10-01 22:06:01.798 Thread 'MainThread': missing ScriptRunContext! This warning can be ignored when running in bare mode.
2026-10-01 22:06:01.799 Thread 'MainThread': missing ScriptRunContext! This warning can be ignored when running in bare mode.
2026-10-01 22:06:01.799 Thread 'MainThread': missing ScriptRunContext! This warning can be ignored when running in bare mode.
2026-10-01 22:06:01.799 Thread 'MainThread': missing ScriptRunContext! This warning can be ignored when running in bare mode.
2026-10-01 22:06:01.799 Thread 'MainThread': missing ScriptRunContext! This warning can be ignored when running in bare mode.
2026-10-01 22:06:01.799 Thread 'MainThread': missing ScriptRunContext! This warning can be ignored when running in bare mode.
2026-10-01 22:06:01.799 Thread 'MainThread': missing ScriptRunContext! This warning can be ignored when running in bare mode.
2026-10-01 22:06:01.799 Thread 'MainThread': missing ScriptRunContext! This warning can be ignored when running in bare mode.
2026-10-01 22:06:01.799 Thread 'MainThread': missing ScriptRunContext! This warning can be ignored when running in bare mode.
2026-10-01 22:06:01.799 Thread 'MainThread': missing ScriptRunContext! This warning can be ignored when running in bare mode.
2026-10-01 22:06:01.799 Thread 'MainThread': missing ScriptRunContext! This warning can be ignored when running in bare mode.
2026-10-01 22:06:01.799 Thread 'MainThread': missing ScriptRunContext! This warning can be ignored when running in bare mode.
2026-10-01 22:06:01.807 Thread 'MainThread': missing ScriptRunContext! This warning can be ignored when running in bare mode.
2026-10-01 22:06:01.807 Thread 'MainThread': missing ScriptRunContext! This warning can be ignored when running in bare mode.
2026-10-01 22:06:01.808 Thread 'MainThread': missing ScriptRunContext! This warning can be ignored when running in bare mode.
2026-10-01 22:06:01.808 Thread 'MainThread': missing ScriptRunContext! This warning can be ignored when running in bare mode.
2026-10-01 22:06:01.808 Thread 'MainThread': missing ScriptRunContext! This warning can be ignored when running in bare mode.
2026-10-01 22:06:01.808 Thread 'MainThread': missing ScriptRunContext! This warning can be ignored when running in bare mode.
2026-10-01 22:06:01.808 Thread 'MainThread': missing ScriptRunContext! This warning can be ignored when running in bare mode.
2026-10-01 22:06:01.808 Thread 'MainThread': missing ScriptRunContext! This warning can be ignored when running in bare mode.
2026-10-01 22:06:02.733 Please replace `use_container_width` with `width`.

`use_container_width` will be removed after 2025-12-31.

For `use_container_width=True`, use `width='stretch'`. For `use_container_width=False`, use `width='content'`.
2026-10-01 22:06:02.857 Thread 'MainThread': missing ScriptRunContext! This warning can be ignored when running in bare mode.
2026-10-01 22:06:02.858 Thread 'MainThread': missing ScriptRunContext! This warning can be ignored when running in bare mode.
2026-10-01 22:06:02.858 Thread 'MainThread': missing ScriptRunContext! This warning can be ignored when running in bare mode.
2026-10-01 22:06:02.858 Thread 'MainThread': missing ScriptRunContext! This warning can be ignored when running in bare mode.
2026-10-01 22:06:02.859 Thread 'MainThread': missing ScriptRunContext! This warning can be ignored when running in bare mode.
2026-10-01 22:06:02.859 Thread 'MainThread': missing ScriptRunContext! This warning can be ignored when running in bare mode.
2026-10-01 22:06:02.859 Thread 'MainThread': missing ScriptRunContext! This warning can be ignored when running in bare mode.
2026-10-01 22:06:02.859 Thread 'MainThread': missing ScriptRunContext! This warning can be ignored when running in bare mode.
2026-10-01 22:06:02.859 Thread 'MainThread': missing ScriptRunContext! This warning can be ignored when running in bare mode.
2026-10-01 22:06:02.859 Thread 'MainThread': missing ScriptRunContext! This warning can be ignored when running in bare mode.
2026-10-01 22:06:02.859 Thread 'MainThread': missing ScriptRunContext! This warning can be ignored when running in bare mode.
2026-10-01 22:06:02.859 Thread 'MainThread': missing ScriptRunContext! This warning can be ignored when running in bare mode.
2026-10-01 22:06:02.859 Thread 'MainThread': missing ScriptRunContext! This warning can be ignored when running in bare mode.
2026-10-01 22:06:02.859 Thread 'MainThread': missing ScriptRunContext! This warning can be ignored when running in bare mode.
2026-10-01 22:06:02.859 Thread 'MainThread': missing ScriptRunContext! This warning can be ignored when running in bare mode.
2026-10-01 22:06:02.859 Thread 'MainThread': missing ScriptRunContext! This warning can be ignored when running in bare mode.
2026-10-01 22:06:02.859 Thread 'MainThread': missing ScriptRunContext! This warning can be ignored when running in bare mode.
2026-10-01 22:06:02.859 Thread 'MainThread': missing ScriptRunContext! This warning can be ignored when running in bare mode.
2026-10-01 22:06:02.859 Thread 'MainThread': missing ScriptRunContext! This warning can be ignored when running in bare mode.
2026-10-01 22:06:02.859 Thread 'MainThread': missing ScriptRunContext! This warning can be ignored when running in bare mode.
2026-10-01 22:06:02.859 Thread 'MainThread': missing ScriptRunContext! This warning can be ignored when running in bare mode.
2026-10-01 22:06:02.860 Thread 'MainThread': missing ScriptRunContext! This warning can be ignored when running in bare mode.
2026-10-01 22:06:02.860 Thread 'MainThread': missing ScriptRunContext! This warning can be ignored when running in bare mode.
2026-10-01 22:06:02.860 Thread 'MainThread': missing ScriptRunContext! This warning can be ignored when running in bare mode.
2026-10-01 22:06:02.860 Thread 'MainThread': missing ScriptRunContext! This warning can be ignored when running in bare mode.
2026-10-01 22:06:02.860 Thread 'MainThread': missing ScriptRunContext! This warning can be ignored when running in bare mode.
2026-10-01 22:06:02.860 Thread 'MainThread': missing ScriptRunContext! This warning can be ignored when running in bare mode.
2026-10-01 22:06:02.860 Thread 'MainThread': missing ScriptRunContext! This warning can be ignored when running in bare mode.
2026-10-01 22:06:02.860 Thread 'MainThread': missing ScriptRunContext! This warning can be ignored when running in bare mode.
2026-10-01 22:06:02.860 Thread 'MainThread': missing ScriptRunContext! This warning can be ignored when running in bare mode.
2026-10-01 22:06:02.860 Thread 'MainThread': missing ScriptRunContext! This warning can be ignored when running in bare mode.
2026-10-01 22:06:02.860 Thread 'MainThread': missing ScriptRunContext! This warning can be ignored when running in bare mode.
2026-10-01 22:06:02.860 Thread 'MainThread': missing ScriptRunContext! This warning can be ignored when running in bare mode.
2026-10-01 22:06:02.860 Thread 'MainThread': missing ScriptRunContext! This warning can be ignored when running in bare mode.
2026-10-01 22:06:02.860 Thread 'MainThread': missing ScriptRunContext! This warning can be ignored when running in bare mode.
2026-10-01 22:06:02.860 Thread 'MainThread': missing ScriptRunContext! This warning can be ignored when running in bare mode.
2026-10-01 22:06:02.860 Thread 'MainThread': missing ScriptRunContext! This warning can be ignored when running in bare mode.
2026-10-01 22:06:02.860 Thread 'MainThread': missing ScriptRunContext! This warning can be ignored when running in bare mode.
2026-10-01 22:06:02.861 Thread 'MainThread': missing ScriptRunContext! This warning can be ignored when running in bare mode.
2026-10-01 22:06:02.861 Thread 'MainThread': missing ScriptRunContext! This warning can be ignored when running in bare mode.
2026-10-01 22:06:02.861 Thread 'MainThread': missing ScriptRunContext! This warning can be ignored when running in bare mode.
2026-10-01 22:06:02.861 Thread 'MainThread': missing ScriptRunContext! This warning can be ignored when running in bare mode.
2026-10-01 22:06:02.861 Thread 'MainThread': missing ScriptRunContext! This warning can be ignored when running in bare mode.
2026-10-01 22:06:02.861 Thread 'MainThread': missing ScriptRunContext! This warning can be ignored when running in bare mode.
2026-10-01 22:06:03.709 Thread 'MainThread': missing ScriptRunContext! This warning can be ignored when running in bare mode.
2026-10-01 22:06:03.710 Thread 'MainThread': missing ScriptRunContext! This warning can be ignored when running in bare mode.
2026-10-01 22:06:03.710 Thread 'MainThread': missing ScriptRunContext! This warning can be ignored when running in bare mode.
2026-10-01 22:06:03.710 Thread 'MainThread': missing ScriptRunContext! This warning can be ignored when running in bare mode.
2026-10-01 22:06:03.710 Thread 'MainThread': missing ScriptRunContext! This warning can be ignored when running in bare mode.
2026-10-01 22:06:03.710 Thread 'MainThread': missing ScriptRunContext! This warning can be ignored when running in bare mode.
2026-10-01 22:06:03.710 Thread 'MainThread': missing ScriptRunContext! This warning can be ignored when running in bare mode.
2026-10-01 22:06:03.710 Thread 'MainThread': missing ScriptRunContext! This warning can be ignored when running in bare mode.
2026-10-01 22:06:03.710 Thread 'MainThread': missing ScriptRunContext! This warning can be ignored when running in bare mode.
2026-10-01 22:06:03.710 Thread 'MainThread': missing ScriptRunContext! This warning can be ignored when running in bare mode.
2026-10-01 22:06:03.711 Thread 'MainThread': missing ScriptRunContext! This warning can be ignored when running in bare mode.
2026-10-01 22:06:03.711 Thread 'MainThread': missing ScriptRunContext! This warning can be ignored when running in bare mode.
2026-10-01 22:06:03.711 Thread 'MainThread': missing ScriptRunContext! This warning can be ignored when running in bare mode.
2026-10-01 22:06:03.711 Thread 'MainThread': missing ScriptRunContext! This warning can be ignored when running in bare mode.
2026-10-01 22:06:03.711 Thread 'MainThread': missing ScriptRunContext! This warning can be ignored when running in bare mode.
2026-10-01 22:06:03.711 Thread 'MainThread': missing ScriptRunContext! This warning can be ignored when running in bare mode.
2026-10-01 22:06:03.711 Thread 'MainThread': missing ScriptRunContext! This warning can be ignored when running in bare mode.
2026-10-01 22:06:03.711 Thread 'MainThread': missing ScriptRunContext! This warning can be ignored when running in bare mode.
2026-10-01 22:06:03.711 Thread 'MainThread': missing ScriptRunContext! This warning can be ignored when running in bare mode.
2026-10-01 22:06:03.711 Thread 'MainThread': missing ScriptRunContext! This warning can be ignored when running in bare mode.
2026-10-01 22:06:03.711 Thread 'MainThread': missing ScriptRunContext! This warning can be ignored when running in bare mode.
2026-10-01 22:06:03.711 Thread 'MainThread': missing ScriptRunContext! This warning can be ignored when running in bare mode.
2026-10-01 22:06:03.711 Thread 'MainThread': missing ScriptRunContext! This warning can be ignored when running in bare mode.
2026-10-01 22:06:03.711 Thread 'MainThread': missing ScriptRunContext! This warning can be ignored when running in bare mode.
2026-10-01 22:06:03.711 Thread 'MainThread': missing ScriptRunContext! This warning can be ignored when running in bare mode.
2026-10-01 22:06:03.711 Thread 'MainThread': missing ScriptRunContext! This warning can be ignored when running in bare mode.
2026-10-01 22:06:03.711 Thread 'MainThread': missing ScriptRunContext! This warning can be ignored when running in bare mode.
2026-10-01 22:06:03.711 Thread 'MainThread': missing ScriptRunContext! This warning can be ignored when running in bare mode.
2026-10-01 22:06:03.711 Thread 'MainThread': missing ScriptRunContext! This warning can be ignored when running in bare mode.
2026-10-01 22:06:03.712 Thread 'MainThread': missing ScriptRunContext! This warning can be ignored when running in bare mode.
2026-10-01 22:06:03.712 Thread 'MainThread': missing ScriptRunContext! This warning can be ignored when running in bare mode.
2026-10-01 22:06:03.712 Thread 'MainThread': missing ScriptRunContext! This warning can be ignored when running in bare mode.
2026-10-01 22:06:03.712 Thread 'MainThread': missing ScriptRunContext! This warning can be ignored when running in bare mode.
2026-10-01 22:06:03.712 Thread 'MainThread': missing ScriptRunContext! This warning can be ignored when running in bare mode.
2026-10-01 22:06:03.712 Thread 'MainThread': missing ScriptRunContext! This warning can be ignored when running in bare mode.
2026-10-01 22:06:03.712 Thread 'MainThread': missing ScriptRunContext! This warning can be ignored when running in bare mode.
2026-10-01 22:06:03.712 Thread 'MainThread': missing ScriptRunContext! This warning can be ignored when running in bare mode.
2026-10-01 22:06:03.712 Thread 'MainThread': missing ScriptRunContext! This warning can be ignored when running in bare mode.
2026-10-01 22:06:03.712 Thread 'MainThread': missing ScriptRunContext! This warning can be ignored when running in bare mode.
2026-10-01 22:06:03.712 Thread 'MainThread': missing ScriptRunContext! This warning can be ignored when running in bare mode.
2026-10-01 22:06:03.712 Thread 'MainThread': missing ScriptRunContext! This warning can be ignored when running in bare mode.
2026-10-01 22:06:03.712 Thread 'MainThread': missing ScriptRunContext! This warning can be ignored when running in bare mode.
2026-10-01 22:06:03.712 Thread 'MainThread': missing ScriptRunContext! This warning can be ignored when running in bare mode.
2026-10-01 22:06:03.712 Thread 'MainThread': missing ScriptRunContext! This warning can be ignored when running in bare mode.
2026-10-01 22:06:03.721 Thread 'MainThread': missing ScriptRunContext! This warning can be ignored when running in bare mode.
2026-10-01 22:06:03.730 Thread 'MainThread': missing ScriptRunContext! This warning can be ignored when running in bare mode.
2026-10-01 22:06:03.735 Thread 'MainThread': missing ScriptRunContext! This warning can be ignored when running in bare mode.
2026-10-01 22:06:05.248 Thread 'MainThread': missing ScriptRunContext! This warning can be ignored when running in bare mode.
2026-10-01 22:06:05.248 Thread 'MainThread': missing ScriptRunContext! This warning can be ignored when running in bare mode.
2026-10-01 22:06:05.249 Thread 'MainThread': missing ScriptRunContext! This warning can be ignored when running in bare mode.
2026-10-01 22:06:05.249 Thread 'MainThread': missing ScriptRunContext! This warning can be ignored when running in bare mode.
2026-10-01 22:06:05.249 Thread 'MainThread': missing ScriptRunContext! This warning can be ignored when running in bare mode.
2026-10-01 22:06:05.249 Thread 'MainThread': missing ScriptRunContext! This warning can be ignored when running in bare mode.
2026-10-01 22:06:06.299 Please replace `use_container_width` with `width`.

`use_container_width` will be removed after 2025-12-31.

For `use_container_width=True`, use `width='stretch'`. For `use_container_width=False`, use `width='content'`.
2026-10-01 22:06:06.569 Please replace `use_container_width` with `width`.

`use_container_width` will be removed after 2025-12-31.

For `use_container_width=True`, use `width='stretch'`. For `use_container_width=False`, use `width='content'`.
2026-10-01 22:06:06.815 Please replace `use_container_width` with `width`.

`use_container_width` will be removed after 2025-12-31.

For `use_container_width=True`, use `width='stretch'`. For `use_container_width=False`, use `width='content'`.
----------------------------------------------------------------------
Ran 143 tests in 141.690s

OK
