2026-10-03 00:15:23.862 Thread 'MainThread': missing ScriptRunContext! This warning can be ignored when running in bare mode.
2026-10-03 00:15:26.509 Thread 'MainThread': missing ScriptRunContext! This warning can be ignored when running in bare mode.
2026-10-03 00:15:26.589 Thread 'MainThread': missing ScriptRunContext! This warning can be ignored when running in bare mode.
2026-10-03 00:15:27.610 Thread 'MainThread': missing ScriptRunContext! This warning can be ignored when running in bare mode.
2026-10-03 00:15:27.610 Thread 'MainThread': missing ScriptRunContext! This warning can be ignored when running in bare mode.
2026-10-03 00:15:27.610 Thread 'MainThread': missing ScriptRunContext! This warning can be ignored when running in bare mode.
2026-10-03 00:15:27.610 Thread 'MainThread': missing ScriptRunContext! This warning can be ignored when running in bare mode.
2026-10-03 00:15:27.610 Thread 'MainThread': missing ScriptRunContext! This warning can be ignored when running in bare mode.
2026-10-03 00:15:27.610 Thread 'MainThread': missing ScriptRunContext! This warning can be ignored when running in bare mode.
2026-10-03 00:15:27.611 Thread 'MainThread': missing ScriptRunContext! This warning can be ignored when running in bare mode.
2026-10-03 00:15:28.500 Thread 'MainThread': missing ScriptRunContext! This warning can be ignored when running in bare mode.
2026-10-03 00:15:28.501 Session state does not function when running a script without `streamlit run`
2026-10-03 00:15:28.520 Thread 'MainThread': missing ScriptRunContext! This warning can be ignored when running in bare mode.
2026-10-03 00:15:28.520 Thread 'MainThread': missing ScriptRunContext! This warning can be ignored when running in bare mode.
2026-10-03 00:15:28.520 Thread 'MainThread': missing ScriptRunContext! This warning can be ignored when running in bare mode.
2026-10-03 00:15:28.520 Thread 'MainThread': missing ScriptRunContext! This warning can be ignored when running in bare mode.
2026-10-03 00:15:28.520 Thread 'MainThread': missing ScriptRunContext! This warning can be ignored when running in bare mode.
2026-10-03 00:15:28.520 Thread 'MainThread': missing ScriptRunContext! This warning can be ignored when running in bare mode.
2026-10-03 00:15:28.520 Thread 'MainThread': missing ScriptRunContext! This warning can be ignored when running in bare mode.
2026-10-03 00:15:30.213 Thread 'MainThread': missing ScriptRunContext! This warning can be ignored when running in bare mode.
2026-10-03 00:15:30.218 Thread 'MainThread': missing ScriptRunContext! This warning can be ignored when running in bare mode.
2026-10-03 00:15:30.218 Thread 'MainThread': missing ScriptRunContext! This warning can be ignored when running in bare mode.
2026-10-03 00:15:30.218 Thread 'MainThread': missing ScriptRunContext! This warning can be ignored when running in bare mode.
2026-10-03 00:15:30.218 Thread 'MainThread': missing ScriptRunContext! This warning can be ignored when running in bare mode.
2026-10-03 00:15:30.219 Thread 'MainThread': missing ScriptRunContext! This warning can be ignored when running in bare mode.
2026-10-03 00:15:30.219 Thread 'MainThread': missing ScriptRunContext! This warning can be ignored when running in bare mode.
2026-10-03 00:15:30.219 Thread 'MainThread': missing ScriptRunContext! This warning can be ignored when running in bare mode.
2026-10-03 00:15:30.883 Please replace `use_container_width` with `width`.

`use_container_width` will be removed after 2025-12-31.

For `use_container_width=True`, use `width='stretch'`. For `use_container_width=False`, use `width='content'`.
2026-10-03 00:15:30.896 Thread 'MainThread': missing ScriptRunContext! This warning can be ignored when running in bare mode.
2026-10-03 00:15:30.898 Thread 'MainThread': missing ScriptRunContext! This warning can be ignored when running in bare mode.
2026-10-03 00:15:30.899 Thread 'MainThread': missing ScriptRunContext! This warning can be ignored when running in bare mode.
2026-10-03 00:15:30.899 Thread 'MainThread': missing ScriptRunContext! This warning can be ignored when running in bare mode.
2026-10-03 00:15:30.899 Thread 'MainThread': missing ScriptRunContext! This warning can be ignored when running in bare mode.
2026-10-03 00:15:30.899 Thread 'MainThread': missing ScriptRunContext! This warning can be ignored when running in bare mode.
2026-10-03 00:15:30.899 Thread 'MainThread': missing ScriptRunContext! This warning can be ignored when running in bare mode.
2026-10-03 00:15:30.899 Thread 'MainThread': missing ScriptRunContext! This warning can be ignored when running in bare mode.
2026-10-03 00:15:31.541 Thread 'MainThread': missing ScriptRunContext! This warning can be ignored when running in bare mode.
2026-10-03 00:15:31.541 Thread 'MainThread': missing ScriptRunContext! This warning can be ignored when running in bare mode.
2026-10-03 00:15:31.541 Thread 'MainThread': missing ScriptRunContext! This warning can be ignored when running in bare mode.
2026-10-03 00:15:31.541 Thread 'MainThread': missing ScriptRunContext! This warning can be ignored when running in bare mode.
2026-10-03 00:15:31.541 Thread 'MainThread': missing ScriptRunContext! This warning can be ignored when running in bare mode.
2026-10-03 00:15:31.543 Thread 'MainThread': missing ScriptRunContext! This warning can be ignored when running in bare mode.
2026-10-03 00:15:31.543 Thread 'MainThread': missing ScriptRunContext! This warning can be ignored when running in bare mode.
2026-10-03 00:15:31.543 Thread 'MainThread': missing ScriptRunContext! This warning can be ignored when running in bare mode.
2026-10-03 00:15:31.544 Thread 'MainThread': missing ScriptRunContext! This warning can be ignored when running in bare mode.
2026-10-03 00:15:31.544 Thread 'MainThread': missing ScriptRunContext! This warning can be ignored when running in bare mode.
2026-10-03 00:15:31.544 Thread 'MainThread': missing ScriptRunContext! This warning can be ignored when running in bare mode.
2026-10-03 00:15:31.544 Thread 'MainThread': missing ScriptRunContext! This warning can be ignored when running in bare mode.
2026-10-03 00:15:32.130 Thread 'MainThread': missing ScriptRunContext! This warning can be ignored when running in bare mode.
2026-10-03 00:15:32.132 Thread 'MainThread': missing ScriptRunContext! This warning can be ignored when running in bare mode.
2026-10-03 00:15:32.132 Thread 'MainThread': missing ScriptRunContext! This warning can be ignored when running in bare mode.
2026-10-03 00:15:32.132 Thread 'MainThread': missing ScriptRunContext! This warning can be ignored when running in bare mode.
2026-10-03 00:15:32.133 Thread 'MainThread': missing ScriptRunContext! This warning can be ignored when running in bare mode.
2026-10-03 00:15:32.133 Thread 'MainThread': missing ScriptRunContext! This warning can be ignored when running in bare mode.
2026-10-03 00:15:32.133 Thread 'MainThread': missing ScriptRunContext! This warning can be ignored when running in bare mode.
2026-10-03 00:15:32.133 Thread 'MainThread': missing ScriptRunContext! This warning can be ignored when running in bare mode.
2026-10-03 00:15:32.803 Thread 'MainThread': missing ScriptRunContext! This warning can be ignored when running in bare mode.
2026-10-03 00:15:32.806 Thread 'MainThread': missing ScriptRunContext! This warning can be ignored when running in bare mode.
2026-10-03 00:15:32.806 Thread 'MainThread': missing ScriptRunContext! This warning can be ignored when running in bare mode.
2026-10-03 00:15:32.806 Thread 'MainThread': missing ScriptRunContext! This warning can be ignored when running in bare mode.
2026-10-03 00:15:32.806 Thread 'MainThread': missing ScriptRunContext! This warning can be ignored when running in bare mode.
2026-10-03 00:15:32.806 Thread 'MainThread': missing ScriptRunContext! This warning can be ignored when running in bare mode.
2026-10-03 00:15:32.806 Thread 'MainThread': missing ScriptRunContext! This warning can be ignored when running in bare mode.
2026-10-03 00:15:32.806 Thread 'MainThread': missing ScriptRunContext! This warning can be ignored when running in bare mode.
2026-10-03 00:15:33.402 Thread 'MainThread': missing ScriptRunContext! This warning can be ignored when running in bare mode.
2026-10-03 00:15:33.404 Thread 'MainThread': missing ScriptRunContext! This warning can be ignored when running in bare mode.
2026-10-03 00:15:33.404 Thread 'MainThread': missing ScriptRunContext! This warning can be ignored when running in bare mode.
2026-10-03 00:15:33.404 Thread 'MainThread': missing ScriptRunContext! This warning can be ignored when running in bare mode.
2026-10-03 00:15:33.405 Thread 'MainThread': missing ScriptRunContext! This warning can be ignored when running in bare mode.
2026-10-03 00:15:33.405 Thread 'MainThread': missing ScriptRunContext! This warning can be ignored when running in bare mode.
2026-10-03 00:15:33.405 Thread 'MainThread': missing ScriptRunContext! This warning can be ignored when running in bare mode.
2026-10-03 00:15:33.405 Thread 'MainThread': missing ScriptRunContext! This warning can be ignored when running in bare mode.
2026-10-03 00:15:34.037 Thread 'MainThread': missing ScriptRunContext! This warning can be ignored when running in bare mode.
2026-10-03 00:15:34.056 Thread 'MainThread': missing ScriptRunContext! This warning can be ignored when running in bare mode.
2026-10-03 00:15:34.056 Thread 'MainThread': missing ScriptRunContext! This warning can be ignored when running in bare mode.
2026-10-03 00:15:34.056 Thread 'MainThread': missing ScriptRunContext! This warning can be ignored when running in bare mode.
2026-10-03 00:15:34.056 Thread 'MainThread': missing ScriptRunContext! This warning can be ignored when running in bare mode.
2026-10-03 00:15:34.056 Thread 'MainThread': missing ScriptRunContext! This warning can be ignored when running in bare mode.
2026-10-03 00:15:34.056 Thread 'MainThread': missing ScriptRunContext! This warning can be ignored when running in bare mode.
2026-10-03 00:15:34.056 Thread 'MainThread': missing ScriptRunContext! This warning can be ignored when running in bare mode.
2026-10-03 00:15:34.857 Thread 'MainThread': missing ScriptRunContext! This warning can be ignored when running in bare mode.
2026-10-03 00:15:35.004 Thread 'MainThread': missing ScriptRunContext! This warning can be ignored when running in bare mode.
2026-10-03 00:15:35.514 Thread 'MainThread': missing ScriptRunContext! This warning can be ignored when running in bare mode.
2026-10-03 00:15:35.517 Thread 'MainThread': missing ScriptRunContext! This warning can be ignored when running in bare mode.
2026-10-03 00:15:35.520 Thread 'MainThread': missing ScriptRunContext! This warning can be ignored when running in bare mode.
2026-10-03 00:15:35.522 Thread 'MainThread': missing ScriptRunContext! This warning can be ignored when running in bare mode.
2026-10-03 00:15:35.524 Thread 'MainThread': missing ScriptRunContext! This warning can be ignored when running in bare mode.
2026-10-03 00:15:35.527 Thread 'MainThread': missing ScriptRunContext! This warning can be ignored when running in bare mode.
2026-10-03 00:15:35.529 Thread 'MainThread': missing ScriptRunContext! This warning can be ignored when running in bare mode.
2026-10-03 00:15:35.531 Thread 'MainThread': missing ScriptRunContext! This warning can be ignored when running in bare mode.
2026-10-03 00:15:35.534 Thread 'MainThread': missing ScriptRunContext! This warning can be ignored when running in bare mode.
2026-10-03 00:15:35.537 Thread 'MainThread': missing ScriptRunContext! This warning can be ignored when running in bare mode.
2026-10-03 00:15:35.539 Thread 'MainThread': missing ScriptRunContext! This warning can be ignored when running in bare mode.
2026-10-03 00:15:35.542 Thread 'MainThread': missing ScriptRunContext! This warning can be ignored when running in bare mode.
2026-10-03 00:15:35.544 Thread 'MainThread': missing ScriptRunContext! This warning can be ignored when running in bare mode.
2026-10-03 00:15:35.547 Thread 'MainThread': missing ScriptRunContext! This warning can be ignored when running in bare mode.
2026-10-03 00:15:35.549 Thread 'MainThread': missing ScriptRunContext! This warning can be ignored when running in bare mode.
2026-10-03 00:15:35.552 Thread 'MainThread': missing ScriptRunContext! This warning can be ignored when running in bare mode.
2026-10-03 00:15:35.554 Thread 'MainThread': missing ScriptRunContext! This warning can be ignored when running in bare mode.
2026-10-03 00:15:35.557 Thread 'MainThread': missing ScriptRunContext! This warning can be ignored when running in bare mode.
2026-10-03 00:15:35.560 Thread 'MainThread': missing ScriptRunContext! This warning can be ignored when running in bare mode.
2026-10-03 00:15:35.563 Thread 'MainThread': missing ScriptRunContext! This warning can be ignored when running in bare mode.
2026-10-03 00:15:35.566 Thread 'MainThread': missing ScriptRunContext! This warning can be ignored when running in bare mode.
2026-10-03 00:15:35.568 Thread 'MainThread': missing ScriptRunContext! This warning can be ignored when running in bare mode.
2026-10-03 00:15:35.572 Thread 'MainThread': missing ScriptRunContext! This warning can be ignored when running in bare mode.
2026-10-03 00:15:35.575 Thread 'MainThread': missing ScriptRunContext! This warning can be ignored when running in bare mode.
2026-10-03 00:15:35.578 Thread 'MainThread': missing ScriptRunContext! This warning can be ignored when running in bare mode.
2026-10-03 00:15:35.581 Thread 'MainThread': missing ScriptRunContext! This warning can be ignored when running in bare mode.
2026-10-03 00:15:35.584 Thread 'MainThread': missing ScriptRunContext! This warning can be ignored when running in bare mode.
2026-10-03 00:15:35.587 Thread 'MainThread': missing ScriptRunContext! This warning can be ignored when running in bare mode.
2026-10-03 00:15:35.591 Thread 'MainThread': missing ScriptRunContext! This warning can be ignored when running in bare mode.
2026-10-03 00:15:35.594 Thread 'MainThread': missing ScriptRunContext! This warning can be ignored when running in bare mode.
2026-10-03 00:15:35.597 Thread 'MainThread': missing ScriptRunContext! This warning can be ignored when running in bare mode.
2026-10-03 00:15:35.601 Thread 'MainThread': missing ScriptRunContext! This warning can be ignored when running in bare mode.
2026-10-03 00:15:35.604 Thread 'MainThread': missing ScriptRunContext! This warning can be ignored when running in bare mode.
2026-10-03 00:15:35.607 Thread 'MainThread': missing ScriptRunContext! This warning can be ignored when running in bare mode.
2026-10-03 00:15:35.611 Thread 'MainThread': missing ScriptRunContext! This warning can be ignored when running in bare mode.
2026-10-03 00:15:35.614 Thread 'MainThread': missing ScriptRunContext! This warning can be ignored when running in bare mode.
2026-10-03 00:15:35.617 Thread 'MainThread': missing ScriptRunContext! This warning can be ignored when running in bare mode.
2026-10-03 00:15:35.620 Thread 'MainThread': missing ScriptRunContext! This warning can be ignored when running in bare mode.
2026-10-03 00:15:35.624 Thread 'MainThread': missing ScriptRunContext! This warning can be ignored when running in bare mode.
2026-10-03 00:15:35.627 Thread 'MainThread': missing ScriptRunContext! This warning can be ignored when running in bare mode.
2026-10-03 00:15:35.630 Thread 'MainThread': missing ScriptRunContext! This warning can be ignored when running in bare mode.
2026-10-03 00:15:35.634 Thread 'MainThread': missing ScriptRunContext! This warning can be ignored when running in bare mode.
2026-10-03 00:15:35.637 Thread 'MainThread': missing ScriptRunContext! This warning can be ignored when running in bare mode.
2026-10-03 00:15:35.640 Thread 'MainThread': missing ScriptRunContext! This warning can be ignored when running in bare mode.
2026-10-03 00:15:35.644 Thread 'MainThread': missing ScriptRunContext! This warning can be ignored when running in bare mode.
2026-10-03 00:15:35.647 Thread 'MainThread': missing ScriptRunContext! This warning can be ignored when running in bare mode.
2026-10-03 00:15:35.650 Thread 'MainThread': missing ScriptRunContext! This warning can be ignored when running in bare mode.
2026-10-03 00:15:35.654 Thread 'MainThread': missing ScriptRunContext! This warning can be ignored when running in bare mode.
2026-10-03 00:15:35.657 Thread 'MainThread': missing ScriptRunContext! This warning can be ignored when running in bare mode.
2026-10-03 00:15:35.660 Thread 'MainThread': missing ScriptRunContext! This warning can be ignored when running in bare mode.
2026-10-03 00:15:35.664 Thread 'MainThread': missing ScriptRunContext! This warning can be ignored when running in bare mode.
2026-10-03 00:15:35.667 Thread 'MainThread': missing ScriptRunContext! This warning can be ignored when running in bare mode.
2026-10-03 00:15:35.671 Thread 'MainThread': missing ScriptRunContext! This warning can be ignored when running in bare mode.
2026-10-03 00:15:35.675 Thread 'MainThread': missing ScriptRunContext! This warning can be ignored when running in bare mode.
2026-10-03 00:15:35.678 Thread 'MainThread': missing ScriptRunContext! This warning can be ignored when running in bare mode.
2026-10-03 00:15:35.681 Thread 'MainThread': missing ScriptRunContext! This warning can be ignored when running in bare mode.
2026-10-03 00:15:35.685 Thread 'MainThread': missing ScriptRunContext! This warning can be ignored when running in bare mode.
2026-10-03 00:15:35.688 Thread 'MainThread': missing ScriptRunContext! This warning can be ignored when running in bare mode.
2026-10-03 00:15:35.692 Thread 'MainThread': missing ScriptRunContext! This warning can be ignored when running in bare mode.
2026-10-03 00:15:35.695 Thread 'MainThread': missing ScriptRunContext! This warning can be ignored when running in bare mode.
2026-10-03 00:15:35.698 Thread 'MainThread': missing ScriptRunContext! This warning can be ignored when running in bare mode.
2026-10-03 00:15:35.702 Thread 'MainThread': missing ScriptRunContext! This warning can be ignored when running in bare mode.
2026-10-03 00:15:35.705 Thread 'MainThread': missing ScriptRunContext! This warning can be ignored when running in bare mode.
2026-10-03 00:15:35.709 Thread 'MainThread': missing ScriptRunContext! This warning can be ignored when running in bare mode.
2026-10-03 00:15:35.712 Thread 'MainThread': missing ScriptRunContext! This warning can be ignored when running in bare mode.
2026-10-03 00:15:35.715 Thread 'MainThread': missing ScriptRunContext! This warning can be ignored when running in bare mode.
2026-10-03 00:15:35.718 Thread 'MainThread': missing ScriptRunContext! This warning can be ignored when running in bare mode.
2026-10-03 00:15:35.721 Thread 'MainThread': missing ScriptRunContext! This warning can be ignored when running in bare mode.
2026-10-03 00:15:35.724 Thread 'MainThread': missing ScriptRunContext! This warning can be ignored when running in bare mode.
2026-10-03 00:15:35.727 Thread 'MainThread': missing ScriptRunContext! This warning can be ignored when running in bare mode.
2026-10-03 00:15:35.729 Thread 'MainThread': missing ScriptRunContext! This warning can be ignored when running in bare mode.
2026-10-03 00:15:35.732 Thread 'MainThread': missing ScriptRunContext! This warning can be ignored when running in bare mode.
2026-10-03 00:15:35.735 Thread 'MainThread': missing ScriptRunContext! This warning can be ignored when running in bare mode.
2026-10-03 00:15:35.739 Thread 'MainThread': missing ScriptRunContext! This warning can be ignored when running in bare mode.
2026-10-03 00:15:35.742 Thread 'MainThread': missing ScriptRunContext! This warning can be ignored when running in bare mode.
2026-10-03 00:15:35.744 Thread 'MainThread': missing ScriptRunContext! This warning can be ignored when running in bare mode.
2026-10-03 00:15:35.746 Thread 'MainThread': missing ScriptRunContext! This warning can be ignored when running in bare mode.
2026-10-03 00:15:35.749 Thread 'MainThread': missing ScriptRunContext! This warning can be ignored when running in bare mode.
2026-10-03 00:15:35.751 Thread 'MainThread': missing ScriptRunContext! This warning can be ignored when running in bare mode.
2026-10-03 00:15:35.754 Thread 'MainThread': missing ScriptRunContext! This warning can be ignored when running in bare mode.
2026-10-03 00:15:35.756 Thread 'MainThread': missing ScriptRunContext! This warning can be ignored when running in bare mode.
2026-10-03 00:15:35.759 Thread 'MainThread': missing ScriptRunContext! This warning can be ignored when running in bare mode.
2026-10-03 00:15:35.761 Thread 'MainThread': missing ScriptRunContext! This warning can be ignored when running in bare mode.
2026-10-03 00:15:35.764 Thread 'MainThread': missing ScriptRunContext! This warning can be ignored when running in bare mode.
2026-10-03 00:15:35.766 Thread 'MainThread': missing ScriptRunContext! This warning can be ignored when running in bare mode.
2026-10-03 00:15:35.768 Thread 'MainThread': missing ScriptRunContext! This warning can be ignored when running in bare mode.
2026-10-03 00:15:35.771 Thread 'MainThread': missing ScriptRunContext! This warning can be ignored when running in bare mode.
2026-10-03 00:15:35.774 Thread 'MainThread': missing ScriptRunContext! This warning can be ignored when running in bare mode.
2026-10-03 00:15:35.777 Thread 'MainThread': missing ScriptRunContext! This warning can be ignored when running in bare mode.
2026-10-03 00:15:35.779 Thread 'MainThread': missing ScriptRunContext! This warning can be ignored when running in bare mode.
2026-10-03 00:15:35.782 Thread 'MainThread': missing ScriptRunContext! This warning can be ignored when running in bare mode.
2026-10-03 00:15:35.784 Thread 'MainThread': missing ScriptRunContext! This warning can be ignored when running in bare mode.
2026-10-03 00:15:35.787 Thread 'MainThread': missing ScriptRunContext! This warning can be ignored when running in bare mode.
2026-10-03 00:15:35.789 Thread 'MainThread': missing ScriptRunContext! This warning can be ignored when running in bare mode.
2026-10-03 00:15:35.792 Thread 'MainThread': missing ScriptRunContext! This warning can be ignored when running in bare mode.
2026-10-03 00:15:35.794 Thread 'MainThread': missing ScriptRunContext! This warning can be ignored when running in bare mode.
2026-10-03 00:15:35.797 Thread 'MainThread': missing ScriptRunContext! This warning can be ignored when running in bare mode.
2026-10-03 00:15:35.799 Thread 'MainThread': missing ScriptRunContext! This warning can be ignored when running in bare mode.
2026-10-03 00:15:35.801 Thread 'MainThread': missing ScriptRunContext! This warning can be ignored when running in bare mode.
2026-10-03 00:15:35.803 Thread 'MainThread': missing ScriptRunContext! This warning can be ignored when running in bare mode.
2026-10-03 00:15:35.806 Thread 'MainThread': missing ScriptRunContext! This warning can be ignored when running in bare mode.
2026-10-03 00:15:35.808 Thread 'MainThread': missing ScriptRunContext! This warning can be ignored when running in bare mode.
2026-10-03 00:15:35.810 Thread 'MainThread': missing ScriptRunContext! This warning can be ignored when running in bare mode.
2026-10-03 00:15:35.813 Thread 'MainThread': missing ScriptRunContext! This warning can be ignored when running in bare mode.
2026-10-03 00:15:35.815 Thread 'MainThread': missing ScriptRunContext! This warning can be ignored when running in bare mode.
2026-10-03 00:15:35.817 Thread 'MainThread': missing ScriptRunContext! This warning can be ignored when running in bare mode.
2026-10-03 00:15:35.821 Thread 'MainThread': missing ScriptRunContext! This warning can be ignored when running in bare mode.
2026-10-03 00:15:35.824 Thread 'MainThread': missing ScriptRunContext! This warning can be ignored when running in bare mode.
2026-10-03 00:15:35.828 Thread 'MainThread': missing ScriptRunContext! This warning can be ignored when running in bare mode.
2026-10-03 00:15:35.830 Thread 'MainThread': missing ScriptRunContext! This warning can be ignored when running in bare mode.
2026-10-03 00:15:35.833 Thread 'MainThread': missing ScriptRunContext! This warning can be ignored when running in bare mode.
2026-10-03 00:15:35.835 Thread 'MainThread': missing ScriptRunContext! This warning can be ignored when running in bare mode.
2026-10-03 00:15:35.837 Thread 'MainThread': missing ScriptRunContext! This warning can be ignored when running in bare mode.
2026-10-03 00:15:35.840 Thread 'MainThread': missing ScriptRunContext! This warning can be ignored when running in bare mode.
2026-10-03 00:15:35.842 Thread 'MainThread': missing ScriptRunContext! This warning can be ignored when running in bare mode.
2026-10-03 00:15:35.845 Thread 'MainThread': missing ScriptRunContext! This warning can be ignored when running in bare mode.
2026-10-03 00:15:35.847 Thread 'MainThread': missing ScriptRunContext! This warning can be ignored when running in bare mode.
2026-10-03 00:15:35.850 Thread 'MainThread': missing ScriptRunContext! This warning can be ignored when running in bare mode.
2026-10-03 00:15:35.853 Thread 'MainThread': missing ScriptRunContext! This warning can be ignored when running in bare mode.
2026-10-03 00:15:35.860 Thread 'MainThread': missing ScriptRunContext! This warning can be ignored when running in bare mode.
2026-10-03 00:15:35.863 Thread 'MainThread': missing ScriptRunContext! This warning can be ignored when running in bare mode.
2026-10-03 00:15:36.041 Thread 'MainThread': missing ScriptRunContext! This warning can be ignored when running in bare mode.
2026-10-03 00:15:36.041 Thread 'MainThread': missing ScriptRunContext! This warning can be ignored when running in bare mode.
2026-10-03 00:15:36.041 Thread 'MainThread': missing ScriptRunContext! This warning can be ignored when running in bare mode.
2026-10-03 00:15:36.041 Thread 'MainThread': missing ScriptRunContext! This warning can be ignored when running in bare mode.
2026-10-03 00:15:36.428 Thread 'MainThread': missing ScriptRunContext! This warning can be ignored when running in bare mode.
2026-10-03 00:15:36.452 Thread 'MainThread': missing ScriptRunContext! This warning can be ignored when running in bare mode.
2026-10-03 00:15:36.455 Thread 'MainThread': missing ScriptRunContext! This warning can be ignored when running in bare mode.
2026-10-03 00:15:36.458 Thread 'MainThread': missing ScriptRunContext! This warning can be ignored when running in bare mode.
2026-10-03 00:15:36.461 Thread 'MainThread': missing ScriptRunContext! This warning can be ignored when running in bare mode.
2026-10-03 00:15:36.463 Thread 'MainThread': missing ScriptRunContext! This warning can be ignored when running in bare mode.
2026-10-03 00:15:36.466 Thread 'MainThread': missing ScriptRunContext! This warning can be ignored when running in bare mode.
2026-10-03 00:15:36.468 Thread 'MainThread': missing ScriptRunContext! This warning can be ignored when running in bare mode.
2026-10-03 00:15:36.471 Thread 'MainThread': missing ScriptRunContext! This warning can be ignored when running in bare mode.
2026-10-03 00:15:36.473 Thread 'MainThread': missing ScriptRunContext! This warning can be ignored when running in bare mode.
2026-10-03 00:15:36.476 Thread 'MainThread': missing ScriptRunContext! This warning can be ignored when running in bare mode.
2026-10-03 00:15:36.478 Thread 'MainThread': missing ScriptRunContext! This warning can be ignored when running in bare mode.
2026-10-03 00:15:36.481 Thread 'MainThread': missing ScriptRunContext! This warning can be ignored when running in bare mode.
2026-10-03 00:15:36.484 Thread 'MainThread': missing ScriptRunContext! This warning can be ignored when running in bare mode.
2026-10-03 00:15:36.487 Thread 'MainThread': missing ScriptRunContext! This warning can be ignored when running in bare mode.
2026-10-03 00:15:36.490 Thread 'MainThread': missing ScriptRunContext! This warning can be ignored when running in bare mode.
2026-10-03 00:15:36.492 Thread 'MainThread': missing ScriptRunContext! This warning can be ignored when running in bare mode.
2026-10-03 00:15:36.495 Thread 'MainThread': missing ScriptRunContext! This warning can be ignored when running in bare mode.
2026-10-03 00:15:36.497 Thread 'MainThread': missing ScriptRunContext! This warning can be ignored when running in bare mode.
2026-10-03 00:15:36.500 Thread 'MainThread': missing ScriptRunContext! This warning can be ignored when running in bare mode.
2026-10-03 00:15:36.502 Thread 'MainThread': missing ScriptRunContext! This warning can be ignored when running in bare mode.
2026-10-03 00:15:36.505 Thread 'MainThread': missing ScriptRunContext! This warning can be ignored when running in bare mode.
2026-10-03 00:15:36.508 Thread 'MainThread': missing ScriptRunContext! This warning can be ignored when running in bare mode.
2026-10-03 00:15:36.510 Thread 'MainThread': missing ScriptRunContext! This warning can be ignored when running in bare mode.
2026-10-03 00:15:36.513 Thread 'MainThread': missing ScriptRunContext! This warning can be ignored when running in bare mode.
2026-10-03 00:15:36.516 Thread 'MainThread': missing ScriptRunContext! This warning can be ignored when running in bare mode.
2026-10-03 00:15:36.518 Thread 'MainThread': missing ScriptRunContext! This warning can be ignored when running in bare mode.
2026-10-03 00:15:36.520 Thread 'MainThread': missing ScriptRunContext! This warning can be ignored when running in bare mode.
2026-10-03 00:15:36.523 Thread 'MainThread': missing ScriptRunContext! This warning can be ignored when running in bare mode.
2026-10-03 00:15:36.524 Thread 'MainThread': missing ScriptRunContext! This warning can be ignored when running in bare mode.
2026-10-03 00:15:36.526 Thread 'MainThread': missing ScriptRunContext! This warning can be ignored when running in bare mode.
2026-10-03 00:15:36.528 Thread 'MainThread': missing ScriptRunContext! This warning can be ignored when running in bare mode.
2026-10-03 00:15:36.530 Thread 'MainThread': missing ScriptRunContext! This warning can be ignored when running in bare mode.
2026-10-03 00:15:36.532 Thread 'MainThread': missing ScriptRunContext! This warning can be ignored when running in bare mode.
2026-10-03 00:15:36.534 Thread 'MainThread': missing ScriptRunContext! This warning can be ignored when running in bare mode.
2026-10-03 00:15:36.536 Thread 'MainThread': missing ScriptRunContext! This warning can be ignored when running in bare mode.
2026-10-03 00:15:36.537 Thread 'MainThread': missing ScriptRunContext! This warning can be ignored when running in bare mode.
2026-10-03 00:15:36.539 Thread 'MainThread': missing ScriptRunContext! This warning can be ignored when running in bare mode.
2026-10-03 00:15:36.541 Thread 'MainThread': missing ScriptRunContext! This warning can be ignored when running in bare mode.
2026-10-03 00:15:36.543 Thread 'MainThread': missing ScriptRunContext! This warning can be ignored when running in bare mode.
2026-10-03 00:15:36.545 Thread 'MainThread': missing ScriptRunContext! This warning can be ignored when running in bare mode.
2026-10-03 00:15:36.546 Thread 'MainThread': missing ScriptRunContext! This warning can be ignored when running in bare mode.
2026-10-03 00:15:36.548 Thread 'MainThread': missing ScriptRunContext! This warning can be ignored when running in bare mode.
2026-10-03 00:15:36.550 Thread 'MainThread': missing ScriptRunContext! This warning can be ignored when running in bare mode.
2026-10-03 00:15:36.552 Thread 'MainThread': missing ScriptRunContext! This warning can be ignored when running in bare mode.
2026-10-03 00:15:36.554 Thread 'MainThread': missing ScriptRunContext! This warning can be ignored when running in bare mode.
2026-10-03 00:15:36.555 Thread 'MainThread': missing ScriptRunContext! This warning can be ignored when running in bare mode.
2026-10-03 00:15:36.557 Thread 'MainThread': missing ScriptRunContext! This warning can be ignored when running in bare mode.
2026-10-03 00:15:36.559 Thread 'MainThread': missing ScriptRunContext! This warning can be ignored when running in bare mode.
2026-10-03 00:15:36.561 Thread 'MainThread': missing ScriptRunContext! This warning can be ignored when running in bare mode.
2026-10-03 00:15:36.563 Thread 'MainThread': missing ScriptRunContext! This warning can be ignored when running in bare mode.
2026-10-03 00:15:36.564 Thread 'MainThread': missing ScriptRunContext! This warning can be ignored when running in bare mode.
2026-10-03 00:15:36.566 Thread 'MainThread': missing ScriptRunContext! This warning can be ignored when running in bare mode.
2026-10-03 00:15:36.568 Thread 'MainThread': missing ScriptRunContext! This warning can be ignored when running in bare mode.
2026-10-03 00:15:36.570 Thread 'MainThread': missing ScriptRunContext! This warning can be ignored when running in bare mode.
2026-10-03 00:15:36.572 Thread 'MainThread': missing ScriptRunContext! This warning can be ignored when running in bare mode.
2026-10-03 00:15:36.574 Thread 'MainThread': missing ScriptRunContext! This warning can be ignored when running in bare mode.
2026-10-03 00:15:36.576 Thread 'MainThread': missing ScriptRunContext! This warning can be ignored when running in bare mode.
2026-10-03 00:15:36.578 Thread 'MainThread': missing ScriptRunContext! This warning can be ignored when running in bare mode.
2026-10-03 00:15:36.580 Thread 'MainThread': missing ScriptRunContext! This warning can be ignored when running in bare mode.
2026-10-03 00:15:36.581 Thread 'MainThread': missing ScriptRunContext! This warning can be ignored when running in bare mode.
2026-10-03 00:15:36.583 Thread 'MainThread': missing ScriptRunContext! This warning can be ignored when running in bare mode.
2026-10-03 00:15:36.585 Thread 'MainThread': missing ScriptRunContext! This warning can be ignored when running in bare mode.
2026-10-03 00:15:36.587 Thread 'MainThread': missing ScriptRunContext! This warning can be ignored when running in bare mode.
2026-10-03 00:15:36.589 Thread 'MainThread': missing ScriptRunContext! This warning can be ignored when running in bare mode.
2026-10-03 00:15:36.591 Thread 'MainThread': missing ScriptRunContext! This warning can be ignored when running in bare mode.
2026-10-03 00:15:36.594 Thread 'MainThread': missing ScriptRunContext! This warning can be ignored when running in bare mode.
2026-10-03 00:15:36.596 Thread 'MainThread': missing ScriptRunContext! This warning can be ignored when running in bare mode.
2026-10-03 00:15:36.598 Thread 'MainThread': missing ScriptRunContext! This warning can be ignored when running in bare mode.
2026-10-03 00:15:36.600 Thread 'MainThread': missing ScriptRunContext! This warning can be ignored when running in bare mode.
2026-10-03 00:15:36.602 Thread 'MainThread': missing ScriptRunContext! This warning can be ignored when running in bare mode.
2026-10-03 00:15:36.604 Thread 'MainThread': missing ScriptRunContext! This warning can be ignored when running in bare mode.
2026-10-03 00:15:36.607 Thread 'MainThread': missing ScriptRunContext! This warning can be ignored when running in bare mode.
2026-10-03 00:15:36.609 Thread 'MainThread': missing ScriptRunContext! This warning can be ignored when running in bare mode.
2026-10-03 00:15:36.611 Thread 'MainThread': missing ScriptRunContext! This warning can be ignored when running in bare mode.
2026-10-03 00:15:36.613 Thread 'MainThread': missing ScriptRunContext! This warning can be ignored when running in bare mode.
2026-10-03 00:15:36.615 Thread 'MainThread': missing ScriptRunContext! This warning can be ignored when running in bare mode.
2026-10-03 00:15:36.617 Thread 'MainThread': missing ScriptRunContext! This warning can be ignored when running in bare mode.
2026-10-03 00:15:36.619 Thread 'MainThread': missing ScriptRunContext! This warning can be ignored when running in bare mode.
2026-10-03 00:15:36.621 Thread 'MainThread': missing ScriptRunContext! This warning can be ignored when running in bare mode.
2026-10-03 00:15:36.623 Thread 'MainThread': missing ScriptRunContext! This warning can be ignored when running in bare mode.
2026-10-03 00:15:36.626 Thread 'MainThread': missing ScriptRunContext! This warning can be ignored when running in bare mode.
2026-10-03 00:15:36.628 Thread 'MainThread': missing ScriptRunContext! This warning can be ignored when running in bare mode.
2026-10-03 00:15:36.630 Thread 'MainThread': missing ScriptRunContext! This warning can be ignored when running in bare mode.
2026-10-03 00:15:36.632 Thread 'MainThread': missing ScriptRunContext! This warning can be ignored when running in bare mode.
2026-10-03 00:15:36.634 Thread 'MainThread': missing ScriptRunContext! This warning can be ignored when running in bare mode.
2026-10-03 00:15:36.637 Thread 'MainThread': missing ScriptRunContext! This warning can be ignored when running in bare mode.
2026-10-03 00:15:36.639 Thread 'MainThread': missing ScriptRunContext! This warning can be ignored when running in bare mode.
2026-10-03 00:15:36.641 Thread 'MainThread': missing ScriptRunContext! This warning can be ignored when running in bare mode.
2026-10-03 00:15:36.643 Thread 'MainThread': missing ScriptRunContext! This warning can be ignored when running in bare mode.
2026-10-03 00:15:36.645 Thread 'MainThread': missing ScriptRunContext! This warning can be ignored when running in bare mode.
2026-10-03 00:15:36.647 Thread 'MainThread': missing ScriptRunContext! This warning can be ignored when running in bare mode.
2026-10-03 00:15:36.650 Thread 'MainThread': missing ScriptRunContext! This warning can be ignored when running in bare mode.
2026-10-03 00:15:36.652 Thread 'MainThread': missing ScriptRunContext! This warning can be ignored when running in bare mode.
2026-10-03 00:15:36.654 Thread 'MainThread': missing ScriptRunContext! This warning can be ignored when running in bare mode.
2026-10-03 00:15:36.656 Thread 'MainThread': missing ScriptRunContext! This warning can be ignored when running in bare mode.
2026-10-03 00:15:36.659 Thread 'MainThread': missing ScriptRunContext! This warning can be ignored when running in bare mode.
2026-10-03 00:15:36.661 Thread 'MainThread': missing ScriptRunContext! This warning can be ignored when running in bare mode.
2026-10-03 00:15:36.663 Thread 'MainThread': missing ScriptRunContext! This warning can be ignored when running in bare mode.
2026-10-03 00:15:36.666 Thread 'MainThread': missing ScriptRunContext! This warning can be ignored when running in bare mode.
2026-10-03 00:15:36.668 Thread 'MainThread': missing ScriptRunContext! This warning can be ignored when running in bare mode.
2026-10-03 00:15:36.670 Thread 'MainThread': missing ScriptRunContext! This warning can be ignored when running in bare mode.
2026-10-03 00:15:36.672 Thread 'MainThread': missing ScriptRunContext! This warning can be ignored when running in bare mode.
2026-10-03 00:15:36.675 Thread 'MainThread': missing ScriptRunContext! This warning can be ignored when running in bare mode.
2026-10-03 00:15:36.677 Thread 'MainThread': missing ScriptRunContext! This warning can be ignored when running in bare mode.
2026-10-03 00:15:36.679 Thread 'MainThread': missing ScriptRunContext! This warning can be ignored when running in bare mode.
2026-10-03 00:15:36.681 Thread 'MainThread': missing ScriptRunContext! This warning can be ignored when running in bare mode.
2026-10-03 00:15:36.683 Thread 'MainThread': missing ScriptRunContext! This warning can be ignored when running in bare mode.
2026-10-03 00:15:36.685 Thread 'MainThread': missing ScriptRunContext! This warning can be ignored when running in bare mode.
2026-10-03 00:15:36.687 Thread 'MainThread': missing ScriptRunContext! This warning can be ignored when running in bare mode.
2026-10-03 00:15:36.689 Thread 'MainThread': missing ScriptRunContext! This warning can be ignored when running in bare mode.
2026-10-03 00:15:36.692 Thread 'MainThread': missing ScriptRunContext! This warning can be ignored when running in bare mode.
2026-10-03 00:15:36.694 Thread 'MainThread': missing ScriptRunContext! This warning can be ignored when running in bare mode.
2026-10-03 00:15:36.696 Thread 'MainThread': missing ScriptRunContext! This warning can be ignored when running in bare mode.
2026-10-03 00:15:36.699 Thread 'MainThread': missing ScriptRunContext! This warning can be ignored when running in bare mode.
2026-10-03 00:15:36.701 Thread 'MainThread': missing ScriptRunContext! This warning can be ignored when running in bare mode.
2026-10-03 00:15:36.704 Thread 'MainThread': missing ScriptRunContext! This warning can be ignored when running in bare mode.
2026-10-03 00:15:36.706 Thread 'MainThread': missing ScriptRunContext! This warning can be ignored when running in bare mode.
2026-10-03 00:15:36.708 Thread 'MainThread': missing ScriptRunContext! This warning can be ignored when running in bare mode.
2026-10-03 00:15:36.710 Thread 'MainThread': missing ScriptRunContext! This warning can be ignored when running in bare mode.
2026-10-03 00:15:36.712 Thread 'MainThread': missing ScriptRunContext! This warning can be ignored when running in bare mode.
2026-10-03 00:15:36.715 Thread 'MainThread': missing ScriptRunContext! This warning can be ignored when running in bare mode.
2026-10-03 00:15:36.851 Thread 'MainThread': missing ScriptRunContext! This warning can be ignored when running in bare mode.
2026-10-03 00:15:36.851 Thread 'MainThread': missing ScriptRunContext! This warning can be ignored when running in bare mode.
2026-10-03 00:15:36.851 Thread 'MainThread': missing ScriptRunContext! This warning can be ignored when running in bare mode.
2026-10-03 00:15:36.851 Thread 'MainThread': missing ScriptRunContext! This warning can be ignored when running in bare mode.
2026-10-03 00:15:36.944 Thread 'MainThread': missing ScriptRunContext! This warning can be ignored when running in bare mode.
2026-10-03 00:15:36.959 Thread 'MainThread': missing ScriptRunContext! This warning can be ignored when running in bare mode.
2026-10-03 00:15:36.961 Thread 'MainThread': missing ScriptRunContext! This warning can be ignored when running in bare mode.
2026-10-03 00:15:36.963 Thread 'MainThread': missing ScriptRunContext! This warning can be ignored when running in bare mode.
2026-10-03 00:15:36.965 Thread 'MainThread': missing ScriptRunContext! This warning can be ignored when running in bare mode.
2026-10-03 00:15:36.967 Thread 'MainThread': missing ScriptRunContext! This warning can be ignored when running in bare mode.
2026-10-03 00:15:36.970 Thread 'MainThread': missing ScriptRunContext! This warning can be ignored when running in bare mode.
2026-10-03 00:15:36.972 Thread 'MainThread': missing ScriptRunContext! This warning can be ignored when running in bare mode.
2026-10-03 00:15:36.975 Thread 'MainThread': missing ScriptRunContext! This warning can be ignored when running in bare mode.
2026-10-03 00:15:36.977 Thread 'MainThread': missing ScriptRunContext! This warning can be ignored when running in bare mode.
2026-10-03 00:15:36.979 Thread 'MainThread': missing ScriptRunContext! This warning can be ignored when running in bare mode.
2026-10-03 00:15:36.981 Thread 'MainThread': missing ScriptRunContext! This warning can be ignored when running in bare mode.
2026-10-03 00:15:36.983 Thread 'MainThread': missing ScriptRunContext! This warning can be ignored when running in bare mode.
2026-10-03 00:15:36.985 Thread 'MainThread': missing ScriptRunContext! This warning can be ignored when running in bare mode.
2026-10-03 00:15:36.987 Thread 'MainThread': missing ScriptRunContext! This warning can be ignored when running in bare mode.
2026-10-03 00:15:36.989 Thread 'MainThread': missing ScriptRunContext! This warning can be ignored when running in bare mode.
2026-10-03 00:15:36.991 Thread 'MainThread': missing ScriptRunContext! This warning can be ignored when running in bare mode.
2026-10-03 00:15:36.993 Thread 'MainThread': missing ScriptRunContext! This warning can be ignored when running in bare mode.
2026-10-03 00:15:36.995 Thread 'MainThread': missing ScriptRunContext! This warning can be ignored when running in bare mode.
2026-10-03 00:15:36.998 Thread 'MainThread': missing ScriptRunContext! This warning can be ignored when running in bare mode.
2026-10-03 00:15:37.000 Thread 'MainThread': missing ScriptRunContext! This warning can be ignored when running in bare mode.
2026-10-03 00:15:37.002 Thread 'MainThread': missing ScriptRunContext! This warning can be ignored when running in bare mode.
2026-10-03 00:15:37.004 Thread 'MainThread': missing ScriptRunContext! This warning can be ignored when running in bare mode.
2026-10-03 00:15:37.006 Thread 'MainThread': missing ScriptRunContext! This warning can be ignored when running in bare mode.
2026-10-03 00:15:37.008 Thread 'MainThread': missing ScriptRunContext! This warning can be ignored when running in bare mode.
2026-10-03 00:15:37.010 Thread 'MainThread': missing ScriptRunContext! This warning can be ignored when running in bare mode.
2026-10-03 00:15:37.012 Thread 'MainThread': missing ScriptRunContext! This warning can be ignored when running in bare mode.
2026-10-03 00:15:37.015 Thread 'MainThread': missing ScriptRunContext! This warning can be ignored when running in bare mode.
2026-10-03 00:15:37.017 Thread 'MainThread': missing ScriptRunContext! This warning can be ignored when running in bare mode.
2026-10-03 00:15:37.020 Thread 'MainThread': missing ScriptRunContext! This warning can be ignored when running in bare mode.
2026-10-03 00:15:37.022 Thread 'MainThread': missing ScriptRunContext! This warning can be ignored when running in bare mode.
2026-10-03 00:15:37.025 Thread 'MainThread': missing ScriptRunContext! This warning can be ignored when running in bare mode.
2026-10-03 00:15:37.030 Thread 'MainThread': missing ScriptRunContext! This warning can be ignored when running in bare mode.
2026-10-03 00:15:37.033 Thread 'MainThread': missing ScriptRunContext! This warning can be ignored when running in bare mode.
2026-10-03 00:15:37.035 Thread 'MainThread': missing ScriptRunContext! This warning can be ignored when running in bare mode.
2026-10-03 00:15:37.038 Thread 'MainThread': missing ScriptRunContext! This warning can be ignored when running in bare mode.
2026-10-03 00:15:37.040 Thread 'MainThread': missing ScriptRunContext! This warning can be ignored when running in bare mode.
2026-10-03 00:15:37.042 Thread 'MainThread': missing ScriptRunContext! This warning can be ignored when running in bare mode.
2026-10-03 00:15:37.045 Thread 'MainThread': missing ScriptRunContext! This warning can be ignored when running in bare mode.
2026-10-03 00:15:37.047 Thread 'MainThread': missing ScriptRunContext! This warning can be ignored when running in bare mode.
2026-10-03 00:15:37.050 Thread 'MainThread': missing ScriptRunContext! This warning can be ignored when running in bare mode.
2026-10-03 00:15:37.052 Thread 'MainThread': missing ScriptRunContext! This warning can be ignored when running in bare mode.
2026-10-03 00:15:37.055 Thread 'MainThread': missing ScriptRunContext! This warning can be ignored when running in bare mode.
2026-10-03 00:15:37.057 Thread 'MainThread': missing ScriptRunContext! This warning can be ignored when running in bare mode.
2026-10-03 00:15:37.060 Thread 'MainThread': missing ScriptRunContext! This warning can be ignored when running in bare mode.
2026-10-03 00:15:37.062 Thread 'MainThread': missing ScriptRunContext! This warning can be ignored when running in bare mode.
2026-10-03 00:15:37.065 Thread 'MainThread': missing ScriptRunContext! This warning can be ignored when running in bare mode.
2026-10-03 00:15:37.067 Thread 'MainThread': missing ScriptRunContext! This warning can be ignored when running in bare mode.
2026-10-03 00:15:37.070 Thread 'MainThread': missing ScriptRunContext! This warning can be ignored when running in bare mode.
2026-10-03 00:15:37.072 Thread 'MainThread': missing ScriptRunContext! This warning can be ignored when running in bare mode.
2026-10-03 00:15:37.075 Thread 'MainThread': missing ScriptRunContext! This warning can be ignored when running in bare mode.
2026-10-03 00:15:37.077 Thread 'MainThread': missing ScriptRunContext! This warning can be ignored when running in bare mode.
2026-10-03 00:15:37.080 Thread 'MainThread': missing ScriptRunContext! This warning can be ignored when running in bare mode.
2026-10-03 00:15:37.082 Thread 'MainThread': missing ScriptRunContext! This warning can be ignored when running in bare mode.
2026-10-03 00:15:37.085 Thread 'MainThread': missing ScriptRunContext! This warning can be ignored when running in bare mode.
2026-10-03 00:15:37.087 Thread 'MainThread': missing ScriptRunContext! This warning can be ignored when running in bare mode.
2026-10-03 00:15:37.090 Thread 'MainThread': missing ScriptRunContext! This warning can be ignored when running in bare mode.
2026-10-03 00:15:37.093 Thread 'MainThread': missing ScriptRunContext! This warning can be ignored when running in bare mode.
2026-10-03 00:15:37.095 Thread 'MainThread': missing ScriptRunContext! This warning can be ignored when running in bare mode.
2026-10-03 00:15:37.098 Thread 'MainThread': missing ScriptRunContext! This warning can be ignored when running in bare mode.
2026-10-03 00:15:37.100 Thread 'MainThread': missing ScriptRunContext! This warning can be ignored when running in bare mode.
2026-10-03 00:15:37.103 Thread 'MainThread': missing ScriptRunContext! This warning can be ignored when running in bare mode.
2026-10-03 00:15:37.106 Thread 'MainThread': missing ScriptRunContext! This warning can be ignored when running in bare mode.
2026-10-03 00:15:37.110 Thread 'MainThread': missing ScriptRunContext! This warning can be ignored when running in bare mode.
2026-10-03 00:15:37.112 Thread 'MainThread': missing ScriptRunContext! This warning can be ignored when running in bare mode.
2026-10-03 00:15:37.115 Thread 'MainThread': missing ScriptRunContext! This warning can be ignored when running in bare mode.
2026-10-03 00:15:37.117 Thread 'MainThread': missing ScriptRunContext! This warning can be ignored when running in bare mode.
2026-10-03 00:15:37.120 Thread 'MainThread': missing ScriptRunContext! This warning can be ignored when running in bare mode.
2026-10-03 00:15:37.123 Thread 'MainThread': missing ScriptRunContext! This warning can be ignored when running in bare mode.
2026-10-03 00:15:37.126 Thread 'MainThread': missing ScriptRunContext! This warning can be ignored when running in bare mode.
2026-10-03 00:15:37.128 Thread 'MainThread': missing ScriptRunContext! This warning can be ignored when running in bare mode.
2026-10-03 00:15:37.131 Thread 'MainThread': missing ScriptRunContext! This warning can be ignored when running in bare mode.
2026-10-03 00:15:37.134 Thread 'MainThread': missing ScriptRunContext! This warning can be ignored when running in bare mode.
2026-10-03 00:15:37.136 Thread 'MainThread': missing ScriptRunContext! This warning can be ignored when running in bare mode.
2026-10-03 00:15:37.139 Thread 'MainThread': missing ScriptRunContext! This warning can be ignored when running in bare mode.
2026-10-03 00:15:37.142 Thread 'MainThread': missing ScriptRunContext! This warning can be ignored when running in bare mode.
2026-10-03 00:15:37.144 Thread 'MainThread': missing ScriptRunContext! This warning can be ignored when running in bare mode.
2026-10-03 00:15:37.147 Thread 'MainThread': missing ScriptRunContext! This warning can be ignored when running in bare mode.
2026-10-03 00:15:37.150 Thread 'MainThread': missing ScriptRunContext! This warning can be ignored when running in bare mode.
2026-10-03 00:15:37.153 Thread 'MainThread': missing ScriptRunContext! This warning can be ignored when running in bare mode.
2026-10-03 00:15:37.156 Thread 'MainThread': missing ScriptRunContext! This warning can be ignored when running in bare mode.
2026-10-03 00:15:37.159 Thread 'MainThread': missing ScriptRunContext! This warning can be ignored when running in bare mode.
2026-10-03 00:15:37.161 Thread 'MainThread': missing ScriptRunContext! This warning can be ignored when running in bare mode.
2026-10-03 00:15:37.164 Thread 'MainThread': missing ScriptRunContext! This warning can be ignored when running in bare mode.
2026-10-03 00:15:37.167 Thread 'MainThread': missing ScriptRunContext! This warning can be ignored when running in bare mode.
2026-10-03 00:15:37.169 Thread 'MainThread': missing ScriptRunContext! This warning can be ignored when running in bare mode.
2026-10-03 00:15:37.172 Thread 'MainThread': missing ScriptRunContext! This warning can be ignored when running in bare mode.
2026-10-03 00:15:37.175 Thread 'MainThread': missing ScriptRunContext! This warning can be ignored when running in bare mode.
2026-10-03 00:15:37.178 Thread 'MainThread': missing ScriptRunContext! This warning can be ignored when running in bare mode.
2026-10-03 00:15:37.180 Thread 'MainThread': missing ScriptRunContext! This warning can be ignored when running in bare mode.
2026-10-03 00:15:37.183 Thread 'MainThread': missing ScriptRunContext! This warning can be ignored when running in bare mode.
2026-10-03 00:15:37.186 Thread 'MainThread': missing ScriptRunContext! This warning can be ignored when running in bare mode.
2026-10-03 00:15:37.189 Thread 'MainThread': missing ScriptRunContext! This warning can be ignored when running in bare mode.
2026-10-03 00:15:37.192 Thread 'MainThread': missing ScriptRunContext! This warning can be ignored when running in bare mode.
2026-10-03 00:15:37.194 Thread 'MainThread': missing ScriptRunContext! This warning can be ignored when running in bare mode.
2026-10-03 00:15:37.197 Thread 'MainThread': missing ScriptRunContext! This warning can be ignored when running in bare mode.
2026-10-03 00:15:37.200 Thread 'MainThread': missing ScriptRunContext! This warning can be ignored when running in bare mode.
2026-10-03 00:15:37.203 Thread 'MainThread': missing ScriptRunContext! This warning can be ignored when running in bare mode.
2026-10-03 00:15:37.205 Thread 'MainThread': missing ScriptRunContext! This warning can be ignored when running in bare mode.
2026-10-03 00:15:37.208 Thread 'MainThread': missing ScriptRunContext! This warning can be ignored when running in bare mode.
2026-10-03 00:15:37.211 Thread 'MainThread': missing ScriptRunContext! This warning can be ignored when running in bare mode.
2026-10-03 00:15:37.213 Thread 'MainThread': missing ScriptRunContext! This warning can be ignored when running in bare mode.
2026-10-03 00:15:37.216 Thread 'MainThread': missing ScriptRunContext! This warning can be ignored when running in bare mode.
2026-10-03 00:15:37.219 Thread 'MainThread': missing ScriptRunContext! This warning can be ignored when running in bare mode.
2026-10-03 00:15:37.221 Thread 'MainThread': missing ScriptRunContext! This warning can be ignored when running in bare mode.
2026-10-03 00:15:37.225 Thread 'MainThread': missing ScriptRunContext! This warning can be ignored when running in bare mode.
2026-10-03 00:15:37.228 Thread 'MainThread': missing ScriptRunContext! This warning can be ignored when running in bare mode.
2026-10-03 00:15:37.230 Thread 'MainThread': missing ScriptRunContext! This warning can be ignored when running in bare mode.
2026-10-03 00:15:37.233 Thread 'MainThread': missing ScriptRunContext! This warning can be ignored when running in bare mode.
2026-10-03 00:15:37.236 Thread 'MainThread': missing ScriptRunContext! This warning can be ignored when running in bare mode.
2026-10-03 00:15:37.239 Thread 'MainThread': missing ScriptRunContext! This warning can be ignored when running in bare mode.
2026-10-03 00:15:37.242 Thread 'MainThread': missing ScriptRunContext! This warning can be ignored when running in bare mode.
2026-10-03 00:15:37.244 Thread 'MainThread': missing ScriptRunContext! This warning can be ignored when running in bare mode.
2026-10-03 00:15:37.247 Thread 'MainThread': missing ScriptRunContext! This warning can be ignored when running in bare mode.
2026-10-03 00:15:37.250 Thread 'MainThread': missing ScriptRunContext! This warning can be ignored when running in bare mode.
2026-10-03 00:15:37.253 Thread 'MainThread': missing ScriptRunContext! This warning can be ignored when running in bare mode.
2026-10-03 00:15:37.255 Thread 'MainThread': missing ScriptRunContext! This warning can be ignored when running in bare mode.
2026-10-03 00:15:37.258 Thread 'MainThread': missing ScriptRunContext! This warning can be ignored when running in bare mode.
2026-10-03 00:15:37.261 Thread 'MainThread': missing ScriptRunContext! This warning can be ignored when running in bare mode.
2026-10-03 00:15:37.264 Thread 'MainThread': missing ScriptRunContext! This warning can be ignored when running in bare mode.
2026-10-03 00:15:37.267 Thread 'MainThread': missing ScriptRunContext! This warning can be ignored when running in bare mode.
2026-10-03 00:15:37.269 Thread 'MainThread': missing ScriptRunContext! This warning can be ignored when running in bare mode.
2026-10-03 00:15:37.454 Thread 'MainThread': missing ScriptRunContext! This warning can be ignored when running in bare mode.
2026-10-03 00:15:37.454 Thread 'MainThread': missing ScriptRunContext! This warning can be ignored when running in bare mode.
2026-10-03 00:15:37.454 Thread 'MainThread': missing ScriptRunContext! This warning can be ignored when running in bare mode.
2026-10-03 00:15:37.454 Thread 'MainThread': missing ScriptRunContext! This warning can be ignored when running in bare mode.
2026-10-03 00:15:37.562 Thread 'MainThread': missing ScriptRunContext! This warning can be ignored when running in bare mode.
2026-10-03 00:15:37.576 Thread 'MainThread': missing ScriptRunContext! This warning can be ignored when running in bare mode.
2026-10-03 00:15:37.577 Thread 'MainThread': missing ScriptRunContext! This warning can be ignored when running in bare mode.
2026-10-03 00:15:37.578 Thread 'MainThread': missing ScriptRunContext! This warning can be ignored when running in bare mode.
2026-10-03 00:15:37.580 Thread 'MainThread': missing ScriptRunContext! This warning can be ignored when running in bare mode.
2026-10-03 00:15:37.581 Thread 'MainThread': missing ScriptRunContext! This warning can be ignored when running in bare mode.
2026-10-03 00:15:37.582 Thread 'MainThread': missing ScriptRunContext! This warning can be ignored when running in bare mode.
2026-10-03 00:15:37.584 Thread 'MainThread': missing ScriptRunContext! This warning can be ignored when running in bare mode.
2026-10-03 00:15:37.585 Thread 'MainThread': missing ScriptRunContext! This warning can be ignored when running in bare mode.
2026-10-03 00:15:37.586 Thread 'MainThread': missing ScriptRunContext! This warning can be ignored when running in bare mode.
2026-10-03 00:15:37.587 Thread 'MainThread': missing ScriptRunContext! This warning can be ignored when running in bare mode.
2026-10-03 00:15:37.589 Thread 'MainThread': missing ScriptRunContext! This warning can be ignored when running in bare mode.
2026-10-03 00:15:37.590 Thread 'MainThread': missing ScriptRunContext! This warning can be ignored when running in bare mode.
2026-10-03 00:15:37.591 Thread 'MainThread': missing ScriptRunContext! This warning can be ignored when running in bare mode.
2026-10-03 00:15:37.592 Thread 'MainThread': missing ScriptRunContext! This warning can be ignored when running in bare mode.
2026-10-03 00:15:37.594 Thread 'MainThread': missing ScriptRunContext! This warning can be ignored when running in bare mode.
2026-10-03 00:15:37.595 Thread 'MainThread': missing ScriptRunContext! This warning can be ignored when running in bare mode.
2026-10-03 00:15:37.597 Thread 'MainThread': missing ScriptRunContext! This warning can be ignored when running in bare mode.
2026-10-03 00:15:37.598 Thread 'MainThread': missing ScriptRunContext! This warning can be ignored when running in bare mode.
2026-10-03 00:15:37.599 Thread 'MainThread': missing ScriptRunContext! This warning can be ignored when running in bare mode.
2026-10-03 00:15:37.600 Thread 'MainThread': missing ScriptRunContext! This warning can be ignored when running in bare mode.
2026-10-03 00:15:37.602 Thread 'MainThread': missing ScriptRunContext! This warning can be ignored when running in bare mode.
2026-10-03 00:15:37.603 Thread 'MainThread': missing ScriptRunContext! This warning can be ignored when running in bare mode.
2026-10-03 00:15:37.604 Thread 'MainThread': missing ScriptRunContext! This warning can be ignored when running in bare mode.
2026-10-03 00:15:37.605 Thread 'MainThread': missing ScriptRunContext! This warning can be ignored when running in bare mode.
2026-10-03 00:15:37.607 Thread 'MainThread': missing ScriptRunContext! This warning can be ignored when running in bare mode.
2026-10-03 00:15:37.608 Thread 'MainThread': missing ScriptRunContext! This warning can be ignored when running in bare mode.
2026-10-03 00:15:37.610 Thread 'MainThread': missing ScriptRunContext! This warning can be ignored when running in bare mode.
2026-10-03 00:15:37.611 Thread 'MainThread': missing ScriptRunContext! This warning can be ignored when running in bare mode.
2026-10-03 00:15:37.612 Thread 'MainThread': missing ScriptRunContext! This warning can be ignored when running in bare mode.
2026-10-03 00:15:37.614 Thread 'MainThread': missing ScriptRunContext! This warning can be ignored when running in bare mode.
2026-10-03 00:15:37.615 Thread 'MainThread': missing ScriptRunContext! This warning can be ignored when running in bare mode.
2026-10-03 00:15:37.616 Thread 'MainThread': missing ScriptRunContext! This warning can be ignored when running in bare mode.
2026-10-03 00:15:37.618 Thread 'MainThread': missing ScriptRunContext! This warning can be ignored when running in bare mode.
2026-10-03 00:15:37.619 Thread 'MainThread': missing ScriptRunContext! This warning can be ignored when running in bare mode.
2026-10-03 00:15:37.620 Thread 'MainThread': missing ScriptRunContext! This warning can be ignored when running in bare mode.
2026-10-03 00:15:37.622 Thread 'MainThread': missing ScriptRunContext! This warning can be ignored when running in bare mode.
2026-10-03 00:15:37.623 Thread 'MainThread': missing ScriptRunContext! This warning can be ignored when running in bare mode.
2026-10-03 00:15:37.624 Thread 'MainThread': missing ScriptRunContext! This warning can be ignored when running in bare mode.
2026-10-03 00:15:37.625 Thread 'MainThread': missing ScriptRunContext! This warning can be ignored when running in bare mode.
2026-10-03 00:15:37.627 Thread 'MainThread': missing ScriptRunContext! This warning can be ignored when running in bare mode.
2026-10-03 00:15:37.628 Thread 'MainThread': missing ScriptRunContext! This warning can be ignored when running in bare mode.
2026-10-03 00:15:37.629 Thread 'MainThread': missing ScriptRunContext! This warning can be ignored when running in bare mode.
2026-10-03 00:15:37.631 Thread 'MainThread': missing ScriptRunContext! This warning can be ignored when running in bare mode.
2026-10-03 00:15:37.632 Thread 'MainThread': missing ScriptRunContext! This warning can be ignored when running in bare mode.
2026-10-03 00:15:37.633 Thread 'MainThread': missing ScriptRunContext! This warning can be ignored when running in bare mode.
2026-10-03 00:15:37.634 Thread 'MainThread': missing ScriptRunContext! This warning can be ignored when running in bare mode.
2026-10-03 00:15:37.636 Thread 'MainThread': missing ScriptRunContext! This warning can be ignored when running in bare mode.
2026-10-03 00:15:37.637 Thread 'MainThread': missing ScriptRunContext! This warning can be ignored when running in bare mode.
2026-10-03 00:15:37.639 Thread 'MainThread': missing ScriptRunContext! This warning can be ignored when running in bare mode.
2026-10-03 00:15:37.640 Thread 'MainThread': missing ScriptRunContext! This warning can be ignored when running in bare mode.
2026-10-03 00:15:37.641 Thread 'MainThread': missing ScriptRunContext! This warning can be ignored when running in bare mode.
2026-10-03 00:15:37.643 Thread 'MainThread': missing ScriptRunContext! This warning can be ignored when running in bare mode.
2026-10-03 00:15:37.644 Thread 'MainThread': missing ScriptRunContext! This warning can be ignored when running in bare mode.
2026-10-03 00:15:37.645 Thread 'MainThread': missing ScriptRunContext! This warning can be ignored when running in bare mode.
2026-10-03 00:15:37.647 Thread 'MainThread': missing ScriptRunContext! This warning can be ignored when running in bare mode.
2026-10-03 00:15:37.648 Thread 'MainThread': missing ScriptRunContext! This warning can be ignored when running in bare mode.
2026-10-03 00:15:37.650 Thread 'MainThread': missing ScriptRunContext! This warning can be ignored when running in bare mode.
2026-10-03 00:15:37.651 Thread 'MainThread': missing ScriptRunContext! This warning can be ignored when running in bare mode.
2026-10-03 00:15:37.652 Thread 'MainThread': missing ScriptRunContext! This warning can be ignored when running in bare mode.
2026-10-03 00:15:37.654 Thread 'MainThread': missing ScriptRunContext! This warning can be ignored when running in bare mode.
2026-10-03 00:15:37.655 Thread 'MainThread': missing ScriptRunContext! This warning can be ignored when running in bare mode.
2026-10-03 00:15:37.656 Thread 'MainThread': missing ScriptRunContext! This warning can be ignored when running in bare mode.
2026-10-03 00:15:37.658 Thread 'MainThread': missing ScriptRunContext! This warning can be ignored when running in bare mode.
2026-10-03 00:15:37.659 Thread 'MainThread': missing ScriptRunContext! This warning can be ignored when running in bare mode.
2026-10-03 00:15:37.661 Thread 'MainThread': missing ScriptRunContext! This warning can be ignored when running in bare mode.
2026-10-03 00:15:37.662 Thread 'MainThread': missing ScriptRunContext! This warning can be ignored when running in bare mode.
2026-10-03 00:15:37.664 Thread 'MainThread': missing ScriptRunContext! This warning can be ignored when running in bare mode.
2026-10-03 00:15:37.665 Thread 'MainThread': missing ScriptRunContext! This warning can be ignored when running in bare mode.
2026-10-03 00:15:37.667 Thread 'MainThread': missing ScriptRunContext! This warning can be ignored when running in bare mode.
2026-10-03 00:15:37.668 Thread 'MainThread': missing ScriptRunContext! This warning can be ignored when running in bare mode.
2026-10-03 00:15:37.670 Thread 'MainThread': missing ScriptRunContext! This warning can be ignored when running in bare mode.
2026-10-03 00:15:37.672 Thread 'MainThread': missing ScriptRunContext! This warning can be ignored when running in bare mode.
2026-10-03 00:15:37.673 Thread 'MainThread': missing ScriptRunContext! This warning can be ignored when running in bare mode.
2026-10-03 00:15:37.675 Thread 'MainThread': missing ScriptRunContext! This warning can be ignored when running in bare mode.
2026-10-03 00:15:37.676 Thread 'MainThread': missing ScriptRunContext! This warning can be ignored when running in bare mode.
2026-10-03 00:15:37.678 Thread 'MainThread': missing ScriptRunContext! This warning can be ignored when running in bare mode.
2026-10-03 00:15:37.679 Thread 'MainThread': missing ScriptRunContext! This warning can be ignored when running in bare mode.
2026-10-03 00:15:37.681 Thread 'MainThread': missing ScriptRunContext! This warning can be ignored when running in bare mode.
2026-10-03 00:15:37.682 Thread 'MainThread': missing ScriptRunContext! This warning can be ignored when running in bare mode.
2026-10-03 00:15:37.683 Thread 'MainThread': missing ScriptRunContext! This warning can be ignored when running in bare mode.
2026-10-03 00:15:37.685 Thread 'MainThread': missing ScriptRunContext! This warning can be ignored when running in bare mode.
2026-10-03 00:15:37.686 Thread 'MainThread': missing ScriptRunContext! This warning can be ignored when running in bare mode.
2026-10-03 00:15:37.690 Thread 'MainThread': missing ScriptRunContext! This warning can be ignored when running in bare mode.
2026-10-03 00:15:37.691 Thread 'MainThread': missing ScriptRunContext! This warning can be ignored when running in bare mode.
2026-10-03 00:15:37.693 Thread 'MainThread': missing ScriptRunContext! This warning can be ignored when running in bare mode.
2026-10-03 00:15:37.694 Thread 'MainThread': missing ScriptRunContext! This warning can be ignored when running in bare mode.
2026-10-03 00:15:37.696 Thread 'MainThread': missing ScriptRunContext! This warning can be ignored when running in bare mode.
2026-10-03 00:15:37.697 Thread 'MainThread': missing ScriptRunContext! This warning can be ignored when running in bare mode.
2026-10-03 00:15:37.698 Thread 'MainThread': missing ScriptRunContext! This warning can be ignored when running in bare mode.
2026-10-03 00:15:37.700 Thread 'MainThread': missing ScriptRunContext! This warning can be ignored when running in bare mode.
2026-10-03 00:15:37.701 Thread 'MainThread': missing ScriptRunContext! This warning can be ignored when running in bare mode.
2026-10-03 00:15:37.703 Thread 'MainThread': missing ScriptRunContext! This warning can be ignored when running in bare mode.
2026-10-03 00:15:37.705 Thread 'MainThread': missing ScriptRunContext! This warning can be ignored when running in bare mode.
2026-10-03 00:15:37.706 Thread 'MainThread': missing ScriptRunContext! This warning can be ignored when running in bare mode.
2026-10-03 00:15:37.708 Thread 'MainThread': missing ScriptRunContext! This warning can be ignored when running in bare mode.
2026-10-03 00:15:37.709 Thread 'MainThread': missing ScriptRunContext! This warning can be ignored when running in bare mode.
2026-10-03 00:15:37.710 Thread 'MainThread': missing ScriptRunContext! This warning can be ignored when running in bare mode.
2026-10-03 00:15:37.712 Thread 'MainThread': missing ScriptRunContext! This warning can be ignored when running in bare mode.
2026-10-03 00:15:37.714 Thread 'MainThread': missing ScriptRunContext! This warning can be ignored when running in bare mode.
2026-10-03 00:15:37.716 Thread 'MainThread': missing ScriptRunContext! This warning can be ignored when running in bare mode.
2026-10-03 00:15:37.717 Thread 'MainThread': missing ScriptRunContext! This warning can be ignored when running in bare mode.
2026-10-03 00:15:37.719 Thread 'MainThread': missing ScriptRunContext! This warning can be ignored when running in bare mode.
2026-10-03 00:15:37.720 Thread 'MainThread': missing ScriptRunContext! This warning can be ignored when running in bare mode.
2026-10-03 00:15:37.722 Thread 'MainThread': missing ScriptRunContext! This warning can be ignored when running in bare mode.
2026-10-03 00:15:37.723 Thread 'MainThread': missing ScriptRunContext! This warning can be ignored when running in bare mode.
2026-10-03 00:15:37.725 Thread 'MainThread': missing ScriptRunContext! This warning can be ignored when running in bare mode.
2026-10-03 00:15:37.726 Thread 'MainThread': missing ScriptRunContext! This warning can be ignored when running in bare mode.
2026-10-03 00:15:37.727 Thread 'MainThread': missing ScriptRunContext! This warning can be ignored when running in bare mode.
2026-10-03 00:15:37.729 Thread 'MainThread': missing ScriptRunContext! This warning can be ignored when running in bare mode.
2026-10-03 00:15:37.730 Thread 'MainThread': missing ScriptRunContext! This warning can be ignored when running in bare mode.
2026-10-03 00:15:37.732 Thread 'MainThread': missing ScriptRunContext! This warning can be ignored when running in bare mode.
2026-10-03 00:15:37.733 Thread 'MainThread': missing ScriptRunContext! This warning can be ignored when running in bare mode.
2026-10-03 00:15:37.735 Thread 'MainThread': missing ScriptRunContext! This warning can be ignored when running in bare mode.
2026-10-03 00:15:37.736 Thread 'MainThread': missing ScriptRunContext! This warning can be ignored when running in bare mode.
2026-10-03 00:15:37.738 Thread 'MainThread': missing ScriptRunContext! This warning can be ignored when running in bare mode.
2026-10-03 00:15:37.739 Thread 'MainThread': missing ScriptRunContext! This warning can be ignored when running in bare mode.
2026-10-03 00:15:37.741 Thread 'MainThread': missing ScriptRunContext! This warning can be ignored when running in bare mode.
2026-10-03 00:15:37.742 Thread 'MainThread': missing ScriptRunContext! This warning can be ignored when running in bare mode.
2026-10-03 00:15:37.744 Thread 'MainThread': missing ScriptRunContext! This warning can be ignored when running in bare mode.
2026-10-03 00:15:37.745 Thread 'MainThread': missing ScriptRunContext! This warning can be ignored when running in bare mode.
2026-10-03 00:15:37.747 Thread 'MainThread': missing ScriptRunContext! This warning can be ignored when running in bare mode.
2026-10-03 00:15:37.891 Thread 'MainThread': missing ScriptRunContext! This warning can be ignored when running in bare mode.
2026-10-03 00:15:37.891 Thread 'MainThread': missing ScriptRunContext! This warning can be ignored when running in bare mode.
2026-10-03 00:15:37.891 Thread 'MainThread': missing ScriptRunContext! This warning can be ignored when running in bare mode.
2026-10-03 00:15:37.891 Thread 'MainThread': missing ScriptRunContext! This warning can be ignored when running in bare mode.
2026-10-03 00:15:37.985 Thread 'MainThread': missing ScriptRunContext! This warning can be ignored when running in bare mode.
2026-10-03 00:15:38.004 Thread 'MainThread': missing ScriptRunContext! This warning can be ignored when running in bare mode.
2026-10-03 00:15:38.006 Thread 'MainThread': missing ScriptRunContext! This warning can be ignored when running in bare mode.
2026-10-03 00:15:38.009 Thread 'MainThread': missing ScriptRunContext! This warning can be ignored when running in bare mode.
2026-10-03 00:15:38.012 Thread 'MainThread': missing ScriptRunContext! This warning can be ignored when running in bare mode.
2026-10-03 00:15:38.015 Thread 'MainThread': missing ScriptRunContext! This warning can be ignored when running in bare mode.
2026-10-03 00:15:38.018 Thread 'MainThread': missing ScriptRunContext! This warning can be ignored when running in bare mode.
2026-10-03 00:15:38.021 Thread 'MainThread': missing ScriptRunContext! This warning can be ignored when running in bare mode.
2026-10-03 00:15:38.023 Thread 'MainThread': missing ScriptRunContext! This warning can be ignored when running in bare mode.
2026-10-03 00:15:38.027 Thread 'MainThread': missing ScriptRunContext! This warning can be ignored when running in bare mode.
2026-10-03 00:15:38.030 Thread 'MainThread': missing ScriptRunContext! This warning can be ignored when running in bare mode.
2026-10-03 00:15:38.033 Thread 'MainThread': missing ScriptRunContext! This warning can be ignored when running in bare mode.
2026-10-03 00:15:38.036 Thread 'MainThread': missing ScriptRunContext! This warning can be ignored when running in bare mode.
2026-10-03 00:15:38.039 Thread 'MainThread': missing ScriptRunContext! This warning can be ignored when running in bare mode.
2026-10-03 00:15:38.041 Thread 'MainThread': missing ScriptRunContext! This warning can be ignored when running in bare mode.
2026-10-03 00:15:38.044 Thread 'MainThread': missing ScriptRunContext! This warning can be ignored when running in bare mode.
2026-10-03 00:15:38.047 Thread 'MainThread': missing ScriptRunContext! This warning can be ignored when running in bare mode.
2026-10-03 00:15:38.050 Thread 'MainThread': missing ScriptRunContext! This warning can be ignored when running in bare mode.
2026-10-03 00:15:38.052 Thread 'MainThread': missing ScriptRunContext! This warning can be ignored when running in bare mode.
2026-10-03 00:15:38.054 Thread 'MainThread': missing ScriptRunContext! This warning can be ignored when running in bare mode.
2026-10-03 00:15:38.057 Thread 'MainThread': missing ScriptRunContext! This warning can be ignored when running in bare mode.
2026-10-03 00:15:38.061 Thread 'MainThread': missing ScriptRunContext! This warning can be ignored when running in bare mode.
2026-10-03 00:15:38.064 Thread 'MainThread': missing ScriptRunContext! This warning can be ignored when running in bare mode.
2026-10-03 00:15:38.068 Thread 'MainThread': missing ScriptRunContext! This warning can be ignored when running in bare mode.
2026-10-03 00:15:38.072 Thread 'MainThread': missing ScriptRunContext! This warning can be ignored when running in bare mode.
2026-10-03 00:15:38.074 Thread 'MainThread': missing ScriptRunContext! This warning can be ignored when running in bare mode.
2026-10-03 00:15:38.077 Thread 'MainThread': missing ScriptRunContext! This warning can be ignored when running in bare mode.
2026-10-03 00:15:38.079 Thread 'MainThread': missing ScriptRunContext! This warning can be ignored when running in bare mode.
2026-10-03 00:15:38.082 Thread 'MainThread': missing ScriptRunContext! This warning can be ignored when running in bare mode.
2026-10-03 00:15:38.085 Thread 'MainThread': missing ScriptRunContext! This warning can be ignored when running in bare mode.
2026-10-03 00:15:38.087 Thread 'MainThread': missing ScriptRunContext! This warning can be ignored when running in bare mode.
2026-10-03 00:15:38.089 Thread 'MainThread': missing ScriptRunContext! This warning can be ignored when running in bare mode.
2026-10-03 00:15:38.091 Thread 'MainThread': missing ScriptRunContext! This warning can be ignored when running in bare mode.
2026-10-03 00:15:38.094 Thread 'MainThread': missing ScriptRunContext! This warning can be ignored when running in bare mode.
2026-10-03 00:15:38.096 Thread 'MainThread': missing ScriptRunContext! This warning can be ignored when running in bare mode.
2026-10-03 00:15:38.098 Thread 'MainThread': missing ScriptRunContext! This warning can be ignored when running in bare mode.
2026-10-03 00:15:38.100 Thread 'MainThread': missing ScriptRunContext! This warning can be ignored when running in bare mode.
2026-10-03 00:15:38.102 Thread 'MainThread': missing ScriptRunContext! This warning can be ignored when running in bare mode.
2026-10-03 00:15:38.104 Thread 'MainThread': missing ScriptRunContext! This warning can be ignored when running in bare mode.
2026-10-03 00:15:38.107 Thread 'MainThread': missing ScriptRunContext! This warning can be ignored when running in bare mode.
2026-10-03 00:15:38.109 Thread 'MainThread': missing ScriptRunContext! This warning can be ignored when running in bare mode.
2026-10-03 00:15:38.111 Thread 'MainThread': missing ScriptRunContext! This warning can be ignored when running in bare mode.
2026-10-03 00:15:38.113 Thread 'MainThread': missing ScriptRunContext! This warning can be ignored when running in bare mode.
2026-10-03 00:15:38.115 Thread 'MainThread': missing ScriptRunContext! This warning can be ignored when running in bare mode.
2026-10-03 00:15:38.117 Thread 'MainThread': missing ScriptRunContext! This warning can be ignored when running in bare mode.
2026-10-03 00:15:38.119 Thread 'MainThread': missing ScriptRunContext! This warning can be ignored when running in bare mode.
2026-10-03 00:15:38.121 Thread 'MainThread': missing ScriptRunContext! This warning can be ignored when running in bare mode.
2026-10-03 00:15:38.123 Thread 'MainThread': missing ScriptRunContext! This warning can be ignored when running in bare mode.
2026-10-03 00:15:38.125 Thread 'MainThread': missing ScriptRunContext! This warning can be ignored when running in bare mode.
2026-10-03 00:15:38.127 Thread 'MainThread': missing ScriptRunContext! This warning can be ignored when running in bare mode.
2026-10-03 00:15:38.129 Thread 'MainThread': missing ScriptRunContext! This warning can be ignored when running in bare mode.
2026-10-03 00:15:38.131 Thread 'MainThread': missing ScriptRunContext! This warning can be ignored when running in bare mode.
2026-10-03 00:15:38.133 Thread 'MainThread': missing ScriptRunContext! This warning can be ignored when running in bare mode.
2026-10-03 00:15:38.135 Thread 'MainThread': missing ScriptRunContext! This warning can be ignored when running in bare mode.
2026-10-03 00:15:38.137 Thread 'MainThread': missing ScriptRunContext! This warning can be ignored when running in bare mode.
2026-10-03 00:15:38.140 Thread 'MainThread': missing ScriptRunContext! This warning can be ignored when running in bare mode.
2026-10-03 00:15:38.142 Thread 'MainThread': missing ScriptRunContext! This warning can be ignored when running in bare mode.
2026-10-03 00:15:38.144 Thread 'MainThread': missing ScriptRunContext! This warning can be ignored when running in bare mode.
2026-10-03 00:15:38.146 Thread 'MainThread': missing ScriptRunContext! This warning can be ignored when running in bare mode.
2026-10-03 00:15:38.148 Thread 'MainThread': missing ScriptRunContext! This warning can be ignored when running in bare mode.
2026-10-03 00:15:38.150 Thread 'MainThread': missing ScriptRunContext! This warning can be ignored when running in bare mode.
2026-10-03 00:15:38.153 Thread 'MainThread': missing ScriptRunContext! This warning can be ignored when running in bare mode.
2026-10-03 00:15:38.155 Thread 'MainThread': missing ScriptRunContext! This warning can be ignored when running in bare mode.
2026-10-03 00:15:38.157 Thread 'MainThread': missing ScriptRunContext! This warning can be ignored when running in bare mode.
2026-10-03 00:15:38.160 Thread 'MainThread': missing ScriptRunContext! This warning can be ignored when running in bare mode.
2026-10-03 00:15:38.162 Thread 'MainThread': missing ScriptRunContext! This warning can be ignored when running in bare mode.
2026-10-03 00:15:38.164 Thread 'MainThread': missing ScriptRunContext! This warning can be ignored when running in bare mode.
2026-10-03 00:15:38.166 Thread 'MainThread': missing ScriptRunContext! This warning can be ignored when running in bare mode.
2026-10-03 00:15:38.169 Thread 'MainThread': missing ScriptRunContext! This warning can be ignored when running in bare mode.
2026-10-03 00:15:38.171 Thread 'MainThread': missing ScriptRunContext! This warning can be ignored when running in bare mode.
2026-10-03 00:15:38.173 Thread 'MainThread': missing ScriptRunContext! This warning can be ignored when running in bare mode.
2026-10-03 00:15:38.175 Thread 'MainThread': missing ScriptRunContext! This warning can be ignored when running in bare mode.
2026-10-03 00:15:38.177 Thread 'MainThread': missing ScriptRunContext! This warning can be ignored when running in bare mode.
2026-10-03 00:15:38.179 Thread 'MainThread': missing ScriptRunContext! This warning can be ignored when running in bare mode.
2026-10-03 00:15:38.182 Thread 'MainThread': missing ScriptRunContext! This warning can be ignored when running in bare mode.
2026-10-03 00:15:38.184 Thread 'MainThread': missing ScriptRunContext! This warning can be ignored when running in bare mode.
2026-10-03 00:15:38.186 Thread 'MainThread': missing ScriptRunContext! This warning can be ignored when running in bare mode.
2026-10-03 00:15:38.188 Thread 'MainThread': missing ScriptRunContext! This warning can be ignored when running in bare mode.
2026-10-03 00:15:38.190 Thread 'MainThread': missing ScriptRunContext! This warning can be ignored when running in bare mode.
2026-10-03 00:15:38.192 Thread 'MainThread': missing ScriptRunContext! This warning can be ignored when running in bare mode.
2026-10-03 00:15:38.194 Thread 'MainThread': missing ScriptRunContext! This warning can be ignored when running in bare mode.
2026-10-03 00:15:38.197 Thread 'MainThread': missing ScriptRunContext! This warning can be ignored when running in bare mode.
2026-10-03 00:15:38.199 Thread 'MainThread': missing ScriptRunContext! This warning can be ignored when running in bare mode.
2026-10-03 00:15:38.201 Thread 'MainThread': missing ScriptRunContext! This warning can be ignored when running in bare mode.
2026-10-03 00:15:38.203 Thread 'MainThread': missing ScriptRunContext! This warning can be ignored when running in bare mode.
2026-10-03 00:15:38.205 Thread 'MainThread': missing ScriptRunContext! This warning can be ignored when running in bare mode.
2026-10-03 00:15:38.207 Thread 'MainThread': missing ScriptRunContext! This warning can be ignored when running in bare mode.
2026-10-03 00:15:38.210 Thread 'MainThread': missing ScriptRunContext! This warning can be ignored when running in bare mode.
2026-10-03 00:15:38.212 Thread 'MainThread': missing ScriptRunContext! This warning can be ignored when running in bare mode.
2026-10-03 00:15:38.214 Thread 'MainThread': missing ScriptRunContext! This warning can be ignored when running in bare mode.
2026-10-03 00:15:38.216 Thread 'MainThread': missing ScriptRunContext! This warning can be ignored when running in bare mode.
2026-10-03 00:15:38.218 Thread 'MainThread': missing ScriptRunContext! This warning can be ignored when running in bare mode.
2026-10-03 00:15:38.220 Thread 'MainThread': missing ScriptRunContext! This warning can be ignored when running in bare mode.
2026-10-03 00:15:38.222 Thread 'MainThread': missing ScriptRunContext! This warning can be ignored when running in bare mode.
2026-10-03 00:15:38.225 Thread 'MainThread': missing ScriptRunContext! This warning can be ignored when running in bare mode.
2026-10-03 00:15:38.227 Thread 'MainThread': missing ScriptRunContext! This warning can be ignored when running in bare mode.
2026-10-03 00:15:38.230 Thread 'MainThread': missing ScriptRunContext! This warning can be ignored when running in bare mode.
2026-10-03 00:15:38.232 Thread 'MainThread': missing ScriptRunContext! This warning can be ignored when running in bare mode.
2026-10-03 00:15:38.235 Thread 'MainThread': missing ScriptRunContext! This warning can be ignored when running in bare mode.
2026-10-03 00:15:38.237 Thread 'MainThread': missing ScriptRunContext! This warning can be ignored when running in bare mode.
2026-10-03 00:15:38.239 Thread 'MainThread': missing ScriptRunContext! This warning can be ignored when running in bare mode.
2026-10-03 00:15:38.241 Thread 'MainThread': missing ScriptRunContext! This warning can be ignored when running in bare mode.
2026-10-03 00:15:38.243 Thread 'MainThread': missing ScriptRunContext! This warning can be ignored when running in bare mode.
2026-10-03 00:15:38.245 Thread 'MainThread': missing ScriptRunContext! This warning can be ignored when running in bare mode.
2026-10-03 00:15:38.247 Thread 'MainThread': missing ScriptRunContext! This warning can be ignored when running in bare mode.
2026-10-03 00:15:38.249 Thread 'MainThread': missing ScriptRunContext! This warning can be ignored when running in bare mode.
2026-10-03 00:15:38.251 Thread 'MainThread': missing ScriptRunContext! This warning can be ignored when running in bare mode.
2026-10-03 00:15:38.254 Thread 'MainThread': missing ScriptRunContext! This warning can be ignored when running in bare mode.
2026-10-03 00:15:38.256 Thread 'MainThread': missing ScriptRunContext! This warning can be ignored when running in bare mode.
2026-10-03 00:15:38.260 Thread 'MainThread': missing ScriptRunContext! This warning can be ignored when running in bare mode.
2026-10-03 00:15:38.262 Thread 'MainThread': missing ScriptRunContext! This warning can be ignored when running in bare mode.
2026-10-03 00:15:38.264 Thread 'MainThread': missing ScriptRunContext! This warning can be ignored when running in bare mode.
2026-10-03 00:15:38.266 Thread 'MainThread': missing ScriptRunContext! This warning can be ignored when running in bare mode.
2026-10-03 00:15:38.269 Thread 'MainThread': missing ScriptRunContext! This warning can be ignored when running in bare mode.
2026-10-03 00:15:38.272 Thread 'MainThread': missing ScriptRunContext! This warning can be ignored when running in bare mode.
2026-10-03 00:15:38.274 Thread 'MainThread': missing ScriptRunContext! This warning can be ignored when running in bare mode.
2026-10-03 00:15:38.276 Thread 'MainThread': missing ScriptRunContext! This warning can be ignored when running in bare mode.
2026-10-03 00:15:38.278 Thread 'MainThread': missing ScriptRunContext! This warning can be ignored when running in bare mode.
2026-10-03 00:15:38.280 Thread 'MainThread': missing ScriptRunContext! This warning can be ignored when running in bare mode.
2026-10-03 00:15:38.282 Thread 'MainThread': missing ScriptRunContext! This warning can be ignored when running in bare mode.
2026-10-03 00:15:38.285 Thread 'MainThread': missing ScriptRunContext! This warning can be ignored when running in bare mode.
2026-10-03 00:15:38.287 Thread 'MainThread': missing ScriptRunContext! This warning can be ignored when running in bare mode.
2026-10-03 00:15:38.451 Thread 'MainThread': missing ScriptRunContext! This warning can be ignored when running in bare mode.
2026-10-03 00:15:38.451 Thread 'MainThread': missing ScriptRunContext! This warning can be ignored when running in bare mode.
2026-10-03 00:15:38.451 Thread 'MainThread': missing ScriptRunContext! This warning can be ignored when running in bare mode.
2026-10-03 00:15:38.451 Thread 'MainThread': missing ScriptRunContext! This warning can be ignored when running in bare mode.
2026-10-03 00:15:38.916 Thread 'MainThread': missing ScriptRunContext! This warning can be ignored when running in bare mode.
2026-10-03 00:15:38.916 Thread 'MainThread': missing ScriptRunContext! This warning can be ignored when running in bare mode.
2026-10-03 00:15:38.916 Thread 'MainThread': missing ScriptRunContext! This warning can be ignored when running in bare mode.
2026-10-03 00:15:38.916 Thread 'MainThread': missing ScriptRunContext! This warning can be ignored when running in bare mode.
2026-10-03 00:15:38.917 Thread 'MainThread': missing ScriptRunContext! This warning can be ignored when running in bare mode.
2026-10-03 00:15:38.917 Thread 'MainThread': missing ScriptRunContext! This warning can be ignored when running in bare mode.
2026-10-03 00:15:38.917 Thread 'MainThread': missing ScriptRunContext! This warning can be ignored when running in bare mode.
2026-10-03 00:15:39.560 Please replace `use_container_width` with `width`.

`use_container_width` will be removed after 2025-12-31.

For `use_container_width=True`, use `width='stretch'`. For `use_container_width=False`, use `width='content'`.
2026-10-03 00:15:39.572 Thread 'MainThread': missing ScriptRunContext! This warning can be ignored when running in bare mode.
2026-10-03 00:15:39.576 Thread 'MainThread': missing ScriptRunContext! This warning can be ignored when running in bare mode.
2026-10-03 00:15:39.576 Thread 'MainThread': missing ScriptRunContext! This warning can be ignored when running in bare mode.
2026-10-03 00:15:39.576 Thread 'MainThread': missing ScriptRunContext! This warning can be ignored when running in bare mode.
2026-10-03 00:15:39.576 Thread 'MainThread': missing ScriptRunContext! This warning can be ignored when running in bare mode.
2026-10-03 00:15:39.576 Thread 'MainThread': missing ScriptRunContext! This warning can be ignored when running in bare mode.
2026-10-03 00:15:39.576 Thread 'MainThread': missing ScriptRunContext! This warning can be ignored when running in bare mode.
2026-10-03 00:15:39.576 Thread 'MainThread': missing ScriptRunContext! This warning can be ignored when running in bare mode.
2026-10-03 00:15:40.310 Please replace `use_container_width` with `width`.

`use_container_width` will be removed after 2025-12-31.

For `use_container_width=True`, use `width='stretch'`. For `use_container_width=False`, use `width='content'`.
2026-10-03 00:15:40.325 Thread 'MainThread': missing ScriptRunContext! This warning can be ignored when running in bare mode.
2026-10-03 00:15:40.328 Thread 'MainThread': missing ScriptRunContext! This warning can be ignored when running in bare mode.
2026-10-03 00:15:40.328 Thread 'MainThread': missing ScriptRunContext! This warning can be ignored when running in bare mode.
2026-10-03 00:15:40.328 Thread 'MainThread': missing ScriptRunContext! This warning can be ignored when running in bare mode.
2026-10-03 00:15:40.328 Thread 'MainThread': missing ScriptRunContext! This warning can be ignored when running in bare mode.
2026-10-03 00:15:40.328 Thread 'MainThread': missing ScriptRunContext! This warning can be ignored when running in bare mode.
2026-10-03 00:15:40.328 Thread 'MainThread': missing ScriptRunContext! This warning can be ignored when running in bare mode.
2026-10-03 00:15:40.328 Thread 'MainThread': missing ScriptRunContext! This warning can be ignored when running in bare mode.
2026-10-03 00:15:41.027 Please replace `use_container_width` with `width`.

`use_container_width` will be removed after 2025-12-31.

For `use_container_width=True`, use `width='stretch'`. For `use_container_width=False`, use `width='content'`.
2026-10-03 00:15:41.039 Thread 'MainThread': missing ScriptRunContext! This warning can be ignored when running in bare mode.
2026-10-03 00:15:41.042 Thread 'MainThread': missing ScriptRunContext! This warning can be ignored when running in bare mode.
2026-10-03 00:15:41.042 Thread 'MainThread': missing ScriptRunContext! This warning can be ignored when running in bare mode.
2026-10-03 00:15:41.042 Thread 'MainThread': missing ScriptRunContext! This warning can be ignored when running in bare mode.
2026-10-03 00:15:41.042 Thread 'MainThread': missing ScriptRunContext! This warning can be ignored when running in bare mode.
2026-10-03 00:15:41.042 Thread 'MainThread': missing ScriptRunContext! This warning can be ignored when running in bare mode.
2026-10-03 00:15:41.042 Thread 'MainThread': missing ScriptRunContext! This warning can be ignored when running in bare mode.
2026-10-03 00:15:41.042 Thread 'MainThread': missing ScriptRunContext! This warning can be ignored when running in bare mode.
2026-10-03 00:15:41.664 Please replace `use_container_width` with `width`.

`use_container_width` will be removed after 2025-12-31.

For `use_container_width=True`, use `width='stretch'`. For `use_container_width=False`, use `width='content'`.
2026-10-03 00:15:41.673 Thread 'MainThread': missing ScriptRunContext! This warning can be ignored when running in bare mode.
2026-10-03 00:15:41.675 Thread 'MainThread': missing ScriptRunContext! This warning can be ignored when running in bare mode.
2026-10-03 00:15:41.675 Thread 'MainThread': missing ScriptRunContext! This warning can be ignored when running in bare mode.
2026-10-03 00:15:41.675 Thread 'MainThread': missing ScriptRunContext! This warning can be ignored when running in bare mode.
2026-10-03 00:15:41.675 Thread 'MainThread': missing ScriptRunContext! This warning can be ignored when running in bare mode.
2026-10-03 00:15:41.676 Thread 'MainThread': missing ScriptRunContext! This warning can be ignored when running in bare mode.
2026-10-03 00:15:41.676 Thread 'MainThread': missing ScriptRunContext! This warning can be ignored when running in bare mode.
2026-10-03 00:15:41.676 Thread 'MainThread': missing ScriptRunContext! This warning can be ignored when running in bare mode.
2026-10-03 00:15:42.358 Please replace `use_container_width` with `width`.

`use_container_width` will be removed after 2025-12-31.

For `use_container_width=True`, use `width='stretch'`. For `use_container_width=False`, use `width='content'`.
2026-10-03 00:15:42.370 Thread 'MainThread': missing ScriptRunContext! This warning can be ignored when running in bare mode.
2026-10-03 00:15:42.373 Thread 'MainThread': missing ScriptRunContext! This warning can be ignored when running in bare mode.
2026-10-03 00:15:42.373 Thread 'MainThread': missing ScriptRunContext! This warning can be ignored when running in bare mode.
2026-10-03 00:15:42.373 Thread 'MainThread': missing ScriptRunContext! This warning can be ignored when running in bare mode.
2026-10-03 00:15:42.373 Thread 'MainThread': missing ScriptRunContext! This warning can be ignored when running in bare mode.
2026-10-03 00:15:42.373 Thread 'MainThread': missing ScriptRunContext! This warning can be ignored when running in bare mode.
2026-10-03 00:15:42.373 Thread 'MainThread': missing ScriptRunContext! This warning can be ignored when running in bare mode.
2026-10-03 00:15:42.373 Thread 'MainThread': missing ScriptRunContext! This warning can be ignored when running in bare mode.
2026-10-03 00:15:43.068 Thread 'MainThread': missing ScriptRunContext! This warning can be ignored when running in bare mode.
2026-10-03 00:15:43.071 Thread 'MainThread': missing ScriptRunContext! This warning can be ignored when running in bare mode.
2026-10-03 00:15:43.071 Thread 'MainThread': missing ScriptRunContext! This warning can be ignored when running in bare mode.
2026-10-03 00:15:43.071 Thread 'MainThread': missing ScriptRunContext! This warning can be ignored when running in bare mode.
2026-10-03 00:15:43.071 Thread 'MainThread': missing ScriptRunContext! This warning can be ignored when running in bare mode.
2026-10-03 00:15:43.071 Thread 'MainThread': missing ScriptRunContext! This warning can be ignored when running in bare mode.
2026-10-03 00:15:43.071 Thread 'MainThread': missing ScriptRunContext! This warning can be ignored when running in bare mode.
2026-10-03 00:15:43.071 Thread 'MainThread': missing ScriptRunContext! This warning can be ignored when running in bare mode.
2026-10-03 00:15:43.657 Thread 'MainThread': missing ScriptRunContext! This warning can be ignored when running in bare mode.
2026-10-03 00:15:43.660 Thread 'MainThread': missing ScriptRunContext! This warning can be ignored when running in bare mode.
2026-10-03 00:15:43.660 Thread 'MainThread': missing ScriptRunContext! This warning can be ignored when running in bare mode.
2026-10-03 00:15:43.660 Thread 'MainThread': missing ScriptRunContext! This warning can be ignored when running in bare mode.
2026-10-03 00:15:43.660 Thread 'MainThread': missing ScriptRunContext! This warning can be ignored when running in bare mode.
2026-10-03 00:15:43.660 Thread 'MainThread': missing ScriptRunContext! This warning can be ignored when running in bare mode.
2026-10-03 00:15:43.660 Thread 'MainThread': missing ScriptRunContext! This warning can be ignored when running in bare mode.
2026-10-03 00:15:44.278 Thread 'MainThread': missing ScriptRunContext! This warning can be ignored when running in bare mode.
2026-10-03 00:15:44.278 Thread 'MainThread': missing ScriptRunContext! This warning can be ignored when running in bare mode.
2026-10-03 00:15:44.545 Thread 'MainThread': missing ScriptRunContext! This warning can be ignored when running in bare mode.
2026-10-03 00:15:44.545 Thread 'MainThread': missing ScriptRunContext! This warning can be ignored when running in bare mode.
2026-10-03 00:15:44.792 Please replace `use_container_width` with `width`.

`use_container_width` will be removed after 2025-12-31.

For `use_container_width=True`, use `width='stretch'`. For `use_container_width=False`, use `width='content'`.
2026-10-03 00:15:44.796 Please replace `use_container_width` with `width`.

`use_container_width` will be removed after 2025-12-31.

For `use_container_width=True`, use `width='stretch'`. For `use_container_width=False`, use `width='content'`.
2026-10-03 00:15:44.810 Please replace `use_container_width` with `width`.

`use_container_width` will be removed after 2025-12-31.

For `use_container_width=True`, use `width='stretch'`. For `use_container_width=False`, use `width='content'`.
2026-10-03 00:15:44.819 Thread 'MainThread': missing ScriptRunContext! This warning can be ignored when running in bare mode.
2026-10-03 00:15:44.819 Thread 'MainThread': missing ScriptRunContext! This warning can be ignored when running in bare mode.
2026-10-03 00:15:45.014 Please replace `use_container_width` with `width`.

`use_container_width` will be removed after 2025-12-31.

For `use_container_width=True`, use `width='stretch'`. For `use_container_width=False`, use `width='content'`.
2026-10-03 00:15:45.017 Please replace `use_container_width` with `width`.

`use_container_width` will be removed after 2025-12-31.

For `use_container_width=True`, use `width='stretch'`. For `use_container_width=False`, use `width='content'`.
2026-10-03 00:15:45.033 Please replace `use_container_width` with `width`.

`use_container_width` will be removed after 2025-12-31.

For `use_container_width=True`, use `width='stretch'`. For `use_container_width=False`, use `width='content'`.
2026-10-03 00:15:45.126 Thread 'MainThread': missing ScriptRunContext! This warning can be ignored when running in bare mode.
2026-10-03 00:15:45.412 Thread 'MainThread': missing ScriptRunContext! This warning can be ignored when running in bare mode.
2026-10-03 00:15:45.414 Thread 'MainThread': missing ScriptRunContext! This warning can be ignored when running in bare mode.
2026-10-03 00:15:45.414 Thread 'MainThread': missing ScriptRunContext! This warning can be ignored when running in bare mode.
2026-10-03 00:15:45.414 Thread 'MainThread': missing ScriptRunContext! This warning can be ignored when running in bare mode.
2026-10-03 00:15:45.414 Thread 'MainThread': missing ScriptRunContext! This warning can be ignored when running in bare mode.
2026-10-03 00:15:45.414 Thread 'MainThread': missing ScriptRunContext! This warning can be ignored when running in bare mode.
2026-10-03 00:15:45.414 Thread 'MainThread': missing ScriptRunContext! This warning can be ignored when running in bare mode.
2026-10-03 00:15:45.414 Thread 'MainThread': missing ScriptRunContext! This warning can be ignored when running in bare mode.
2026-10-03 00:15:45.414 Thread 'MainThread': missing ScriptRunContext! This warning can be ignored when running in bare mode.
2026-10-03 00:15:45.414 Thread 'MainThread': missing ScriptRunContext! This warning can be ignored when running in bare mode.
2026-10-03 00:15:45.415 Thread 'MainThread': missing ScriptRunContext! This warning can be ignored when running in bare mode.
2026-10-03 00:15:45.415 Thread 'MainThread': missing ScriptRunContext! This warning can be ignored when running in bare mode.
2026-10-03 00:15:45.415 Thread 'MainThread': missing ScriptRunContext! This warning can be ignored when running in bare mode.
2026-10-03 00:15:45.415 Thread 'MainThread': missing ScriptRunContext! This warning can be ignored when running in bare mode.
2026-10-03 00:15:45.415 Thread 'MainThread': missing ScriptRunContext! This warning can be ignored when running in bare mode.
2026-10-03 00:15:45.415 Thread 'MainThread': missing ScriptRunContext! This warning can be ignored when running in bare mode.
2026-10-03 00:15:45.415 Thread 'MainThread': missing ScriptRunContext! This warning can be ignored when running in bare mode.
2026-10-03 00:15:45.415 Thread 'MainThread': missing ScriptRunContext! This warning can be ignored when running in bare mode.
2026-10-03 00:15:45.415 Thread 'MainThread': missing ScriptRunContext! This warning can be ignored when running in bare mode.
2026-10-03 00:15:45.415 Thread 'MainThread': missing ScriptRunContext! This warning can be ignored when running in bare mode.
2026-10-03 00:15:45.415 Thread 'MainThread': missing ScriptRunContext! This warning can be ignored when running in bare mode.
2026-10-03 00:15:45.416 Thread 'MainThread': missing ScriptRunContext! This warning can be ignored when running in bare mode.
2026-10-03 00:15:45.416 Thread 'MainThread': missing ScriptRunContext! This warning can be ignored when running in bare mode.
2026-10-03 00:15:45.416 Thread 'MainThread': missing ScriptRunContext! This warning can be ignored when running in bare mode.
2026-10-03 00:15:45.416 Thread 'MainThread': missing ScriptRunContext! This warning can be ignored when running in bare mode.
2026-10-03 00:15:45.416 Thread 'MainThread': missing ScriptRunContext! This warning can be ignored when running in bare mode.
2026-10-03 00:15:45.416 Thread 'MainThread': missing ScriptRunContext! This warning can be ignored when running in bare mode.
2026-10-03 00:15:45.416 Thread 'MainThread': missing ScriptRunContext! This warning can be ignored when running in bare mode.
2026-10-03 00:15:45.416 Thread 'MainThread': missing ScriptRunContext! This warning can be ignored when running in bare mode.
2026-10-03 00:15:45.416 Thread 'MainThread': missing ScriptRunContext! This warning can be ignored when running in bare mode.
2026-10-03 00:15:45.416 Thread 'MainThread': missing ScriptRunContext! This warning can be ignored when running in bare mode.
2026-10-03 00:15:45.416 Thread 'MainThread': missing ScriptRunContext! This warning can be ignored when running in bare mode.
2026-10-03 00:15:45.416 Thread 'MainThread': missing ScriptRunContext! This warning can be ignored when running in bare mode.
2026-10-03 00:15:45.416 Thread 'MainThread': missing ScriptRunContext! This warning can be ignored when running in bare mode.
2026-10-03 00:15:45.417 Thread 'MainThread': missing ScriptRunContext! This warning can be ignored when running in bare mode.
2026-10-03 00:15:45.417 Thread 'MainThread': missing ScriptRunContext! This warning can be ignored when running in bare mode.
2026-10-03 00:15:45.417 Thread 'MainThread': missing ScriptRunContext! This warning can be ignored when running in bare mode.
2026-10-03 00:15:45.417 Thread 'MainThread': missing ScriptRunContext! This warning can be ignored when running in bare mode.
2026-10-03 00:15:45.417 Thread 'MainThread': missing ScriptRunContext! This warning can be ignored when running in bare mode.
2026-10-03 00:15:45.417 Thread 'MainThread': missing ScriptRunContext! This warning can be ignored when running in bare mode.
2026-10-03 00:15:45.417 Thread 'MainThread': missing ScriptRunContext! This warning can be ignored when running in bare mode.
2026-10-03 00:15:45.417 Thread 'MainThread': missing ScriptRunContext! This warning can be ignored when running in bare mode.
2026-10-03 00:15:45.417 Thread 'MainThread': missing ScriptRunContext! This warning can be ignored when running in bare mode.
2026-10-03 00:15:45.417 Thread 'MainThread': missing ScriptRunContext! This warning can be ignored when running in bare mode.
2026-10-03 00:15:45.731 Thread 'MainThread': missing ScriptRunContext! This warning can be ignored when running in bare mode.
2026-10-03 00:15:45.735 Thread 'MainThread': missing ScriptRunContext! This warning can be ignored when running in bare mode.
2026-10-03 00:15:45.735 Thread 'MainThread': missing ScriptRunContext! This warning can be ignored when running in bare mode.
2026-10-03 00:15:45.736 Thread 'MainThread': missing ScriptRunContext! This warning can be ignored when running in bare mode.
2026-10-03 00:15:45.736 Thread 'MainThread': missing ScriptRunContext! This warning can be ignored when running in bare mode.
2026-10-03 00:15:45.736 Thread 'MainThread': missing ScriptRunContext! This warning can be ignored when running in bare mode.
2026-10-03 00:15:45.736 Thread 'MainThread': missing ScriptRunContext! This warning can be ignored when running in bare mode.
2026-10-03 00:15:45.736 Thread 'MainThread': missing ScriptRunContext! This warning can be ignored when running in bare mode.
2026-10-03 00:15:45.736 Thread 'MainThread': missing ScriptRunContext! This warning can be ignored when running in bare mode.
2026-10-03 00:15:45.736 Thread 'MainThread': missing ScriptRunContext! This warning can be ignored when running in bare mode.
2026-10-03 00:15:45.736 Thread 'MainThread': missing ScriptRunContext! This warning can be ignored when running in bare mode.
2026-10-03 00:15:45.736 Thread 'MainThread': missing ScriptRunContext! This warning can be ignored when running in bare mode.
2026-10-03 00:15:45.736 Thread 'MainThread': missing ScriptRunContext! This warning can be ignored when running in bare mode.
2026-10-03 00:15:45.737 Thread 'MainThread': missing ScriptRunContext! This warning can be ignored when running in bare mode.
2026-10-03 00:15:45.737 Thread 'MainThread': missing ScriptRunContext! This warning can be ignored when running in bare mode.
2026-10-03 00:15:45.737 Thread 'MainThread': missing ScriptRunContext! This warning can be ignored when running in bare mode.
2026-10-03 00:15:45.737 Thread 'MainThread': missing ScriptRunContext! This warning can be ignored when running in bare mode.
2026-10-03 00:15:45.737 Thread 'MainThread': missing ScriptRunContext! This warning can be ignored when running in bare mode.
2026-10-03 00:15:45.737 Thread 'MainThread': missing ScriptRunContext! This warning can be ignored when running in bare mode.
2026-10-03 00:15:45.737 Thread 'MainThread': missing ScriptRunContext! This warning can be ignored when running in bare mode.
2026-10-03 00:15:45.737 Thread 'MainThread': missing ScriptRunContext! This warning can be ignored when running in bare mode.
2026-10-03 00:15:45.737 Thread 'MainThread': missing ScriptRunContext! This warning can be ignored when running in bare mode.
2026-10-03 00:15:45.737 Thread 'MainThread': missing ScriptRunContext! This warning can be ignored when running in bare mode.
2026-10-03 00:15:45.737 Thread 'MainThread': missing ScriptRunContext! This warning can be ignored when running in bare mode.
2026-10-03 00:15:45.738 Thread 'MainThread': missing ScriptRunContext! This warning can be ignored when running in bare mode.
2026-10-03 00:15:45.738 Thread 'MainThread': missing ScriptRunContext! This warning can be ignored when running in bare mode.
2026-10-03 00:15:45.738 Thread 'MainThread': missing ScriptRunContext! This warning can be ignored when running in bare mode.
2026-10-03 00:15:45.738 Thread 'MainThread': missing ScriptRunContext! This warning can be ignored when running in bare mode.
2026-10-03 00:15:45.738 Thread 'MainThread': missing ScriptRunContext! This warning can be ignored when running in bare mode.
2026-10-03 00:15:45.738 Thread 'MainThread': missing ScriptRunContext! This warning can be ignored when running in bare mode.
2026-10-03 00:15:45.738 Thread 'MainThread': missing ScriptRunContext! This warning can be ignored when running in bare mode.
2026-10-03 00:15:45.738 Thread 'MainThread': missing ScriptRunContext! This warning can be ignored when running in bare mode.
2026-10-03 00:15:45.738 Thread 'MainThread': missing ScriptRunContext! This warning can be ignored when running in bare mode.
2026-10-03 00:15:45.738 Thread 'MainThread': missing ScriptRunContext! This warning can be ignored when running in bare mode.
2026-10-03 00:15:45.738 Thread 'MainThread': missing ScriptRunContext! This warning can be ignored when running in bare mode.
2026-10-03 00:15:45.738 Thread 'MainThread': missing ScriptRunContext! This warning can be ignored when running in bare mode.
2026-10-03 00:15:45.739 Thread 'MainThread': missing ScriptRunContext! This warning can be ignored when running in bare mode.
2026-10-03 00:15:45.739 Thread 'MainThread': missing ScriptRunContext! This warning can be ignored when running in bare mode.
2026-10-03 00:15:45.739 Thread 'MainThread': missing ScriptRunContext! This warning can be ignored when running in bare mode.
2026-10-03 00:15:45.739 Thread 'MainThread': missing ScriptRunContext! This warning can be ignored when running in bare mode.
2026-10-03 00:15:45.739 Thread 'MainThread': missing ScriptRunContext! This warning can be ignored when running in bare mode.
2026-10-03 00:15:45.739 Thread 'MainThread': missing ScriptRunContext! This warning can be ignored when running in bare mode.
2026-10-03 00:15:45.739 Thread 'MainThread': missing ScriptRunContext! This warning can be ignored when running in bare mode.
2026-10-03 00:15:45.739 Thread 'MainThread': missing ScriptRunContext! This warning can be ignored when running in bare mode.
2026-10-03 00:15:45.751 Thread 'MainThread': missing ScriptRunContext! This warning can be ignored when running in bare mode.
2026-10-03 00:15:45.761 Thread 'MainThread': missing ScriptRunContext! This warning can be ignored when running in bare mode.
2026-10-03 00:15:45.870 Thread 'MainThread': missing ScriptRunContext! This warning can be ignored when running in bare mode.
2026-10-03 00:15:45.871 Thread 'MainThread': missing ScriptRunContext! This warning can be ignored when running in bare mode.
2026-10-03 00:15:45.871 Thread 'MainThread': missing ScriptRunContext! This warning can be ignored when running in bare mode.
2026-10-03 00:15:45.871 Thread 'MainThread': missing ScriptRunContext! This warning can be ignored when running in bare mode.
2026-10-03 00:15:45.871 Thread 'MainThread': missing ScriptRunContext! This warning can be ignored when running in bare mode.
2026-10-03 00:15:45.871 Thread 'MainThread': missing ScriptRunContext! This warning can be ignored when running in bare mode.
2026-10-03 00:15:45.871 Thread 'MainThread': missing ScriptRunContext! This warning can be ignored when running in bare mode.
2026-10-03 00:15:45.871 Thread 'MainThread': missing ScriptRunContext! This warning can be ignored when running in bare mode.
2026-10-03 00:15:45.871 Thread 'MainThread': missing ScriptRunContext! This warning can be ignored when running in bare mode.
2026-10-03 00:15:45.871 Thread 'MainThread': missing ScriptRunContext! This warning can be ignored when running in bare mode.
2026-10-03 00:15:45.871 Thread 'MainThread': missing ScriptRunContext! This warning can be ignored when running in bare mode.
2026-10-03 00:15:45.871 Thread 'MainThread': missing ScriptRunContext! This warning can be ignored when running in bare mode.
2026-10-03 00:15:45.871 Thread 'MainThread': missing ScriptRunContext! This warning can be ignored when running in bare mode.
2026-10-03 00:15:45.872 Thread 'MainThread': missing ScriptRunContext! This warning can be ignored when running in bare mode.
2026-10-03 00:15:45.872 Thread 'MainThread': missing ScriptRunContext! This warning can be ignored when running in bare mode.
2026-10-03 00:15:45.872 Thread 'MainThread': missing ScriptRunContext! This warning can be ignored when running in bare mode.
2026-10-03 00:15:45.872 Thread 'MainThread': missing ScriptRunContext! This warning can be ignored when running in bare mode.
2026-10-03 00:15:45.872 Thread 'MainThread': missing ScriptRunContext! This warning can be ignored when running in bare mode.
2026-10-03 00:15:45.872 Thread 'MainThread': missing ScriptRunContext! This warning can be ignored when running in bare mode.
2026-10-03 00:15:45.872 Thread 'MainThread': missing ScriptRunContext! This warning can be ignored when running in bare mode.
2026-10-03 00:15:45.872 Thread 'MainThread': missing ScriptRunContext! This warning can be ignored when running in bare mode.
2026-10-03 00:15:45.872 Thread 'MainThread': missing ScriptRunContext! This warning can be ignored when running in bare mode.
2026-10-03 00:15:45.872 Thread 'MainThread': missing ScriptRunContext! This warning can be ignored when running in bare mode.
2026-10-03 00:15:45.872 Thread 'MainThread': missing ScriptRunContext! This warning can be ignored when running in bare mode.
2026-10-03 00:15:45.872 Thread 'MainThread': missing ScriptRunContext! This warning can be ignored when running in bare mode.
2026-10-03 00:15:45.872 Thread 'MainThread': missing ScriptRunContext! This warning can be ignored when running in bare mode.
2026-10-03 00:15:45.872 Thread 'MainThread': missing ScriptRunContext! This warning can be ignored when running in bare mode.
2026-10-03 00:15:45.872 Thread 'MainThread': missing ScriptRunContext! This warning can be ignored when running in bare mode.
2026-10-03 00:15:45.872 Thread 'MainThread': missing ScriptRunContext! This warning can be ignored when running in bare mode.
2026-10-03 00:15:45.872 Thread 'MainThread': missing ScriptRunContext! This warning can be ignored when running in bare mode.
2026-10-03 00:15:45.872 Thread 'MainThread': missing ScriptRunContext! This warning can be ignored when running in bare mode.
2026-10-03 00:15:45.873 Thread 'MainThread': missing ScriptRunContext! This warning can be ignored when running in bare mode.
2026-10-03 00:15:45.873 Thread 'MainThread': missing ScriptRunContext! This warning can be ignored when running in bare mode.
2026-10-03 00:15:45.873 Thread 'MainThread': missing ScriptRunContext! This warning can be ignored when running in bare mode.
2026-10-03 00:15:45.873 Thread 'MainThread': missing ScriptRunContext! This warning can be ignored when running in bare mode.
2026-10-03 00:15:45.873 Thread 'MainThread': missing ScriptRunContext! This warning can be ignored when running in bare mode.
2026-10-03 00:15:45.873 Thread 'MainThread': missing ScriptRunContext! This warning can be ignored when running in bare mode.
2026-10-03 00:15:45.873 Thread 'MainThread': missing ScriptRunContext! This warning can be ignored when running in bare mode.
2026-10-03 00:15:45.873 Thread 'MainThread': missing ScriptRunContext! This warning can be ignored when running in bare mode.
2026-10-03 00:15:45.873 Thread 'MainThread': missing ScriptRunContext! This warning can be ignored when running in bare mode.
2026-10-03 00:15:45.873 Thread 'MainThread': missing ScriptRunContext! This warning can be ignored when running in bare mode.
2026-10-03 00:15:45.873 Thread 'MainThread': missing ScriptRunContext! This warning can be ignored when running in bare mode.
2026-10-03 00:15:45.873 Thread 'MainThread': missing ScriptRunContext! This warning can be ignored when running in bare mode.
2026-10-03 00:15:45.873 Thread 'MainThread': missing ScriptRunContext! This warning can be ignored when running in bare mode.
2026-10-03 00:15:45.895 Thread 'MainThread': missing ScriptRunContext! This warning can be ignored when running in bare mode.
2026-10-03 00:15:45.896 Thread 'MainThread': missing ScriptRunContext! This warning can be ignored when running in bare mode.
2026-10-03 00:15:45.897 Thread 'MainThread': missing ScriptRunContext! This warning can be ignored when running in bare mode.
2026-10-03 00:15:45.897 Thread 'MainThread': missing ScriptRunContext! This warning can be ignored when running in bare mode.
2026-10-03 00:15:45.897 Thread 'MainThread': missing ScriptRunContext! This warning can be ignored when running in bare mode.
2026-10-03 00:15:45.897 Thread 'MainThread': missing ScriptRunContext! This warning can be ignored when running in bare mode.
2026-10-03 00:15:45.897 Thread 'MainThread': missing ScriptRunContext! This warning can be ignored when running in bare mode.
2026-10-03 00:15:45.897 Thread 'MainThread': missing ScriptRunContext! This warning can be ignored when running in bare mode.
2026-10-03 00:15:45.897 Thread 'MainThread': missing ScriptRunContext! This warning can be ignored when running in bare mode.
2026-10-03 00:15:45.897 Thread 'MainThread': missing ScriptRunContext! This warning can be ignored when running in bare mode.
2026-10-03 00:15:45.897 Thread 'MainThread': missing ScriptRunContext! This warning can be ignored when running in bare mode.
2026-10-03 00:15:45.897 Thread 'MainThread': missing ScriptRunContext! This warning can be ignored when running in bare mode.
2026-10-03 00:15:45.897 Thread 'MainThread': missing ScriptRunContext! This warning can be ignored when running in bare mode.
2026-10-03 00:15:45.897 Thread 'MainThread': missing ScriptRunContext! This warning can be ignored when running in bare mode.
2026-10-03 00:15:45.897 Thread 'MainThread': missing ScriptRunContext! This warning can be ignored when running in bare mode.
2026-10-03 00:15:45.897 Thread 'MainThread': missing ScriptRunContext! This warning can be ignored when running in bare mode.
2026-10-03 00:15:45.897 Thread 'MainThread': missing ScriptRunContext! This warning can be ignored when running in bare mode.
2026-10-03 00:15:45.898 Thread 'MainThread': missing ScriptRunContext! This warning can be ignored when running in bare mode.
2026-10-03 00:15:45.898 Thread 'MainThread': missing ScriptRunContext! This warning can be ignored when running in bare mode.
2026-10-03 00:15:45.898 Thread 'MainThread': missing ScriptRunContext! This warning can be ignored when running in bare mode.
2026-10-03 00:15:45.898 Thread 'MainThread': missing ScriptRunContext! This warning can be ignored when running in bare mode.
2026-10-03 00:15:45.898 Thread 'MainThread': missing ScriptRunContext! This warning can be ignored when running in bare mode.
2026-10-03 00:15:45.898 Thread 'MainThread': missing ScriptRunContext! This warning can be ignored when running in bare mode.
2026-10-03 00:15:45.898 Thread 'MainThread': missing ScriptRunContext! This warning can be ignored when running in bare mode.
2026-10-03 00:15:45.898 Thread 'MainThread': missing ScriptRunContext! This warning can be ignored when running in bare mode.
2026-10-03 00:15:45.898 Thread 'MainThread': missing ScriptRunContext! This warning can be ignored when running in bare mode.
2026-10-03 00:15:45.898 Thread 'MainThread': missing ScriptRunContext! This warning can be ignored when running in bare mode.
2026-10-03 00:15:45.898 Thread 'MainThread': missing ScriptRunContext! This warning can be ignored when running in bare mode.
2026-10-03 00:15:45.898 Thread 'MainThread': missing ScriptRunContext! This warning can be ignored when running in bare mode.
2026-10-03 00:15:45.898 Thread 'MainThread': missing ScriptRunContext! This warning can be ignored when running in bare mode.
2026-10-03 00:15:45.898 Thread 'MainThread': missing ScriptRunContext! This warning can be ignored when running in bare mode.
2026-10-03 00:15:45.898 Thread 'MainThread': missing ScriptRunContext! This warning can be ignored when running in bare mode.
2026-10-03 00:15:45.898 Thread 'MainThread': missing ScriptRunContext! This warning can be ignored when running in bare mode.
2026-10-03 00:15:45.898 Thread 'MainThread': missing ScriptRunContext! This warning can be ignored when running in bare mode.
2026-10-03 00:15:45.898 Thread 'MainThread': missing ScriptRunContext! This warning can be ignored when running in bare mode.
2026-10-03 00:15:45.898 Thread 'MainThread': missing ScriptRunContext! This warning can be ignored when running in bare mode.
2026-10-03 00:15:45.899 Thread 'MainThread': missing ScriptRunContext! This warning can be ignored when running in bare mode.
2026-10-03 00:15:45.899 Thread 'MainThread': missing ScriptRunContext! This warning can be ignored when running in bare mode.
2026-10-03 00:15:45.899 Thread 'MainThread': missing ScriptRunContext! This warning can be ignored when running in bare mode.
2026-10-03 00:15:45.899 Thread 'MainThread': missing ScriptRunContext! This warning can be ignored when running in bare mode.
2026-10-03 00:15:45.899 Thread 'MainThread': missing ScriptRunContext! This warning can be ignored when running in bare mode.
2026-10-03 00:15:45.899 Thread 'MainThread': missing ScriptRunContext! This warning can be ignored when running in bare mode.
2026-10-03 00:15:45.899 Thread 'MainThread': missing ScriptRunContext! This warning can be ignored when running in bare mode.
2026-10-03 00:15:45.899 Thread 'MainThread': missing ScriptRunContext! This warning can be ignored when running in bare mode.
2026-10-03 00:15:45.902 Thread 'MainThread': missing ScriptRunContext! This warning can be ignored when running in bare mode.
2026-10-03 00:15:45.904 Thread 'MainThread': missing ScriptRunContext! This warning can be ignored when running in bare mode.
2026-10-03 00:15:45.925 Thread 'MainThread': missing ScriptRunContext! This warning can be ignored when running in bare mode.
2026-10-03 00:15:45.926 Thread 'MainThread': missing ScriptRunContext! This warning can be ignored when running in bare mode.
2026-10-03 00:15:45.926 Thread 'MainThread': missing ScriptRunContext! This warning can be ignored when running in bare mode.
2026-10-03 00:15:45.926 Thread 'MainThread': missing ScriptRunContext! This warning can be ignored when running in bare mode.
2026-10-03 00:15:45.926 Thread 'MainThread': missing ScriptRunContext! This warning can be ignored when running in bare mode.
2026-10-03 00:15:45.926 Thread 'MainThread': missing ScriptRunContext! This warning can be ignored when running in bare mode.
2026-10-03 00:15:45.926 Thread 'MainThread': missing ScriptRunContext! This warning can be ignored when running in bare mode.
2026-10-03 00:15:45.926 Thread 'MainThread': missing ScriptRunContext! This warning can be ignored when running in bare mode.
2026-10-03 00:15:45.926 Thread 'MainThread': missing ScriptRunContext! This warning can be ignored when running in bare mode.
2026-10-03 00:15:45.926 Thread 'MainThread': missing ScriptRunContext! This warning can be ignored when running in bare mode.
2026-10-03 00:15:45.927 Thread 'MainThread': missing ScriptRunContext! This warning can be ignored when running in bare mode.
2026-10-03 00:15:45.927 Thread 'MainThread': missing ScriptRunContext! This warning can be ignored when running in bare mode.
2026-10-03 00:15:45.927 Thread 'MainThread': missing ScriptRunContext! This warning can be ignored when running in bare mode.
2026-10-03 00:15:45.927 Thread 'MainThread': missing ScriptRunContext! This warning can be ignored when running in bare mode.
2026-10-03 00:15:45.927 Thread 'MainThread': missing ScriptRunContext! This warning can be ignored when running in bare mode.
2026-10-03 00:15:45.927 Thread 'MainThread': missing ScriptRunContext! This warning can be ignored when running in bare mode.
2026-10-03 00:15:45.927 Thread 'MainThread': missing ScriptRunContext! This warning can be ignored when running in bare mode.
2026-10-03 00:15:45.927 Thread 'MainThread': missing ScriptRunContext! This warning can be ignored when running in bare mode.
2026-10-03 00:15:45.927 Thread 'MainThread': missing ScriptRunContext! This warning can be ignored when running in bare mode.
2026-10-03 00:15:45.927 Thread 'MainThread': missing ScriptRunContext! This warning can be ignored when running in bare mode.
2026-10-03 00:15:45.927 Thread 'MainThread': missing ScriptRunContext! This warning can be ignored when running in bare mode.
2026-10-03 00:15:45.927 Thread 'MainThread': missing ScriptRunContext! This warning can be ignored when running in bare mode.
2026-10-03 00:15:45.927 Thread 'MainThread': missing ScriptRunContext! This warning can be ignored when running in bare mode.
2026-10-03 00:15:45.927 Thread 'MainThread': missing ScriptRunContext! This warning can be ignored when running in bare mode.
2026-10-03 00:15:45.927 Thread 'MainThread': missing ScriptRunContext! This warning can be ignored when running in bare mode.
2026-10-03 00:15:45.927 Thread 'MainThread': missing ScriptRunContext! This warning can be ignored when running in bare mode.
2026-10-03 00:15:45.927 Thread 'MainThread': missing ScriptRunContext! This warning can be ignored when running in bare mode.
2026-10-03 00:15:45.928 Thread 'MainThread': missing ScriptRunContext! This warning can be ignored when running in bare mode.
2026-10-03 00:15:45.928 Thread 'MainThread': missing ScriptRunContext! This warning can be ignored when running in bare mode.
2026-10-03 00:15:45.928 Thread 'MainThread': missing ScriptRunContext! This warning can be ignored when running in bare mode.
2026-10-03 00:15:45.928 Thread 'MainThread': missing ScriptRunContext! This warning can be ignored when running in bare mode.
2026-10-03 00:15:45.928 Thread 'MainThread': missing ScriptRunContext! This warning can be ignored when running in bare mode.
2026-10-03 00:15:45.928 Thread 'MainThread': missing ScriptRunContext! This warning can be ignored when running in bare mode.
2026-10-03 00:15:45.928 Thread 'MainThread': missing ScriptRunContext! This warning can be ignored when running in bare mode.
2026-10-03 00:15:45.928 Thread 'MainThread': missing ScriptRunContext! This warning can be ignored when running in bare mode.
2026-10-03 00:15:45.928 Thread 'MainThread': missing ScriptRunContext! This warning can be ignored when running in bare mode.
2026-10-03 00:15:45.928 Thread 'MainThread': missing ScriptRunContext! This warning can be ignored when running in bare mode.
2026-10-03 00:15:45.928 Thread 'MainThread': missing ScriptRunContext! This warning can be ignored when running in bare mode.
2026-10-03 00:15:45.928 Thread 'MainThread': missing ScriptRunContext! This warning can be ignored when running in bare mode.
2026-10-03 00:15:45.928 Thread 'MainThread': missing ScriptRunContext! This warning can be ignored when running in bare mode.
2026-10-03 00:15:45.928 Thread 'MainThread': missing ScriptRunContext! This warning can be ignored when running in bare mode.
2026-10-03 00:15:45.928 Thread 'MainThread': missing ScriptRunContext! This warning can be ignored when running in bare mode.
2026-10-03 00:15:45.928 Thread 'MainThread': missing ScriptRunContext! This warning can be ignored when running in bare mode.
2026-10-03 00:15:45.928 Thread 'MainThread': missing ScriptRunContext! This warning can be ignored when running in bare mode.
2026-10-03 00:15:45.939 Thread 'MainThread': missing ScriptRunContext! This warning can be ignored when running in bare mode.
2026-10-03 00:15:45.939 Thread 'MainThread': missing ScriptRunContext! This warning can be ignored when running in bare mode.
2026-10-03 00:15:45.940 Thread 'MainThread': missing ScriptRunContext! This warning can be ignored when running in bare mode.
2026-10-03 00:15:45.940 Thread 'MainThread': missing ScriptRunContext! This warning can be ignored when running in bare mode.
2026-10-03 00:15:45.940 Thread 'MainThread': missing ScriptRunContext! This warning can be ignored when running in bare mode.
2026-10-03 00:15:45.940 Thread 'MainThread': missing ScriptRunContext! This warning can be ignored when running in bare mode.
2026-10-03 00:15:45.940 Thread 'MainThread': missing ScriptRunContext! This warning can be ignored when running in bare mode.
2026-10-03 00:15:45.940 Thread 'MainThread': missing ScriptRunContext! This warning can be ignored when running in bare mode.
2026-10-03 00:15:45.940 Thread 'MainThread': missing ScriptRunContext! This warning can be ignored when running in bare mode.
2026-10-03 00:15:45.940 Thread 'MainThread': missing ScriptRunContext! This warning can be ignored when running in bare mode.
2026-10-03 00:15:45.940 Thread 'MainThread': missing ScriptRunContext! This warning can be ignored when running in bare mode.
2026-10-03 00:15:45.940 Thread 'MainThread': missing ScriptRunContext! This warning can be ignored when running in bare mode.
2026-10-03 00:15:45.940 Thread 'MainThread': missing ScriptRunContext! This warning can be ignored when running in bare mode.
2026-10-03 00:15:45.940 Thread 'MainThread': missing ScriptRunContext! This warning can be ignored when running in bare mode.
2026-10-03 00:15:45.940 Thread 'MainThread': missing ScriptRunContext! This warning can be ignored when running in bare mode.
2026-10-03 00:15:45.940 Thread 'MainThread': missing ScriptRunContext! This warning can be ignored when running in bare mode.
2026-10-03 00:15:45.940 Thread 'MainThread': missing ScriptRunContext! This warning can be ignored when running in bare mode.
2026-10-03 00:15:45.940 Thread 'MainThread': missing ScriptRunContext! This warning can be ignored when running in bare mode.
2026-10-03 00:15:45.940 Thread 'MainThread': missing ScriptRunContext! This warning can be ignored when running in bare mode.
2026-10-03 00:15:45.941 Thread 'MainThread': missing ScriptRunContext! This warning can be ignored when running in bare mode.
2026-10-03 00:15:45.941 Thread 'MainThread': missing ScriptRunContext! This warning can be ignored when running in bare mode.
2026-10-03 00:15:45.941 Thread 'MainThread': missing ScriptRunContext! This warning can be ignored when running in bare mode.
2026-10-03 00:15:45.941 Thread 'MainThread': missing ScriptRunContext! This warning can be ignored when running in bare mode.
2026-10-03 00:15:45.941 Thread 'MainThread': missing ScriptRunContext! This warning can be ignored when running in bare mode.
2026-10-03 00:15:45.941 Thread 'MainThread': missing ScriptRunContext! This warning can be ignored when running in bare mode.
2026-10-03 00:15:45.941 Thread 'MainThread': missing ScriptRunContext! This warning can be ignored when running in bare mode.
2026-10-03 00:15:45.941 Thread 'MainThread': missing ScriptRunContext! This warning can be ignored when running in bare mode.
2026-10-03 00:15:45.941 Thread 'MainThread': missing ScriptRunContext! This warning can be ignored when running in bare mode.
2026-10-03 00:15:45.941 Thread 'MainThread': missing ScriptRunContext! This warning can be ignored when running in bare mode.
2026-10-03 00:15:45.941 Thread 'MainThread': missing ScriptRunContext! This warning can be ignored when running in bare mode.
2026-10-03 00:15:45.942 Thread 'MainThread': missing ScriptRunContext! This warning can be ignored when running in bare mode.
2026-10-03 00:15:45.942 Thread 'MainThread': missing ScriptRunContext! This warning can be ignored when running in bare mode.
2026-10-03 00:15:45.942 Thread 'MainThread': missing ScriptRunContext! This warning can be ignored when running in bare mode.
2026-10-03 00:15:45.942 Thread 'MainThread': missing ScriptRunContext! This warning can be ignored when running in bare mode.
2026-10-03 00:15:45.942 Thread 'MainThread': missing ScriptRunContext! This warning can be ignored when running in bare mode.
2026-10-03 00:15:45.942 Thread 'MainThread': missing ScriptRunContext! This warning can be ignored when running in bare mode.
2026-10-03 00:15:45.942 Thread 'MainThread': missing ScriptRunContext! This warning can be ignored when running in bare mode.
2026-10-03 00:15:45.942 Thread 'MainThread': missing ScriptRunContext! This warning can be ignored when running in bare mode.
2026-10-03 00:15:45.942 Thread 'MainThread': missing ScriptRunContext! This warning can be ignored when running in bare mode.
2026-10-03 00:15:45.942 Thread 'MainThread': missing ScriptRunContext! This warning can be ignored when running in bare mode.
2026-10-03 00:15:45.942 Thread 'MainThread': missing ScriptRunContext! This warning can be ignored when running in bare mode.
2026-10-03 00:15:45.942 Thread 'MainThread': missing ScriptRunContext! This warning can be ignored when running in bare mode.
2026-10-03 00:15:45.942 Thread 'MainThread': missing ScriptRunContext! This warning can be ignored when running in bare mode.
2026-10-03 00:15:45.942 Thread 'MainThread': missing ScriptRunContext! This warning can be ignored when running in bare mode.
2026-10-03 00:15:45.944 Thread 'MainThread': missing ScriptRunContext! This warning can be ignored when running in bare mode.
2026-10-03 00:15:45.946 Thread 'MainThread': missing ScriptRunContext! This warning can be ignored when running in bare mode.
2026-10-03 00:15:46.052 Thread 'MainThread': missing ScriptRunContext! This warning can be ignored when running in bare mode.
2026-10-03 00:15:46.052 Thread 'MainThread': missing ScriptRunContext! This warning can be ignored when running in bare mode.
2026-10-03 00:15:46.053 Thread 'MainThread': missing ScriptRunContext! This warning can be ignored when running in bare mode.
2026-10-03 00:15:46.053 Thread 'MainThread': missing ScriptRunContext! This warning can be ignored when running in bare mode.
2026-10-03 00:15:46.053 Thread 'MainThread': missing ScriptRunContext! This warning can be ignored when running in bare mode.
2026-10-03 00:15:46.053 Thread 'MainThread': missing ScriptRunContext! This warning can be ignored when running in bare mode.
2026-10-03 00:15:46.053 Thread 'MainThread': missing ScriptRunContext! This warning can be ignored when running in bare mode.
2026-10-03 00:15:46.053 Thread 'MainThread': missing ScriptRunContext! This warning can be ignored when running in bare mode.
2026-10-03 00:15:46.053 Thread 'MainThread': missing ScriptRunContext! This warning can be ignored when running in bare mode.
2026-10-03 00:15:46.053 Thread 'MainThread': missing ScriptRunContext! This warning can be ignored when running in bare mode.
2026-10-03 00:15:46.053 Thread 'MainThread': missing ScriptRunContext! This warning can be ignored when running in bare mode.
2026-10-03 00:15:46.053 Thread 'MainThread': missing ScriptRunContext! This warning can be ignored when running in bare mode.
2026-10-03 00:15:46.053 Thread 'MainThread': missing ScriptRunContext! This warning can be ignored when running in bare mode.
2026-10-03 00:15:46.053 Thread 'MainThread': missing ScriptRunContext! This warning can be ignored when running in bare mode.
2026-10-03 00:15:46.053 Thread 'MainThread': missing ScriptRunContext! This warning can be ignored when running in bare mode.
2026-10-03 00:15:46.053 Thread 'MainThread': missing ScriptRunContext! This warning can be ignored when running in bare mode.
2026-10-03 00:15:46.053 Thread 'MainThread': missing ScriptRunContext! This warning can be ignored when running in bare mode.
2026-10-03 00:15:46.053 Thread 'MainThread': missing ScriptRunContext! This warning can be ignored when running in bare mode.
2026-10-03 00:15:46.053 Thread 'MainThread': missing ScriptRunContext! This warning can be ignored when running in bare mode.
2026-10-03 00:15:46.053 Thread 'MainThread': missing ScriptRunContext! This warning can be ignored when running in bare mode.
2026-10-03 00:15:46.053 Thread 'MainThread': missing ScriptRunContext! This warning can be ignored when running in bare mode.
2026-10-03 00:15:46.054 Thread 'MainThread': missing ScriptRunContext! This warning can be ignored when running in bare mode.
2026-10-03 00:15:46.054 Thread 'MainThread': missing ScriptRunContext! This warning can be ignored when running in bare mode.
2026-10-03 00:15:46.054 Thread 'MainThread': missing ScriptRunContext! This warning can be ignored when running in bare mode.
2026-10-03 00:15:46.054 Thread 'MainThread': missing ScriptRunContext! This warning can be ignored when running in bare mode.
2026-10-03 00:15:46.054 Thread 'MainThread': missing ScriptRunContext! This warning can be ignored when running in bare mode.
2026-10-03 00:15:46.054 Thread 'MainThread': missing ScriptRunContext! This warning can be ignored when running in bare mode.
2026-10-03 00:15:46.054 Thread 'MainThread': missing ScriptRunContext! This warning can be ignored when running in bare mode.
2026-10-03 00:15:46.054 Thread 'MainThread': missing ScriptRunContext! This warning can be ignored when running in bare mode.
2026-10-03 00:15:46.054 Thread 'MainThread': missing ScriptRunContext! This warning can be ignored when running in bare mode.
2026-10-03 00:15:46.054 Thread 'MainThread': missing ScriptRunContext! This warning can be ignored when running in bare mode.
2026-10-03 00:15:46.054 Thread 'MainThread': missing ScriptRunContext! This warning can be ignored when running in bare mode.
2026-10-03 00:15:46.054 Thread 'MainThread': missing ScriptRunContext! This warning can be ignored when running in bare mode.
2026-10-03 00:15:46.054 Thread 'MainThread': missing ScriptRunContext! This warning can be ignored when running in bare mode.
2026-10-03 00:15:46.054 Thread 'MainThread': missing ScriptRunContext! This warning can be ignored when running in bare mode.
2026-10-03 00:15:46.054 Thread 'MainThread': missing ScriptRunContext! This warning can be ignored when running in bare mode.
2026-10-03 00:15:46.054 Thread 'MainThread': missing ScriptRunContext! This warning can be ignored when running in bare mode.
2026-10-03 00:15:46.054 Thread 'MainThread': missing ScriptRunContext! This warning can be ignored when running in bare mode.
2026-10-03 00:15:46.054 Thread 'MainThread': missing ScriptRunContext! This warning can be ignored when running in bare mode.
2026-10-03 00:15:46.054 Thread 'MainThread': missing ScriptRunContext! This warning can be ignored when running in bare mode.
2026-10-03 00:15:46.054 Thread 'MainThread': missing ScriptRunContext! This warning can be ignored when running in bare mode.
2026-10-03 00:15:46.054 Thread 'MainThread': missing ScriptRunContext! This warning can be ignored when running in bare mode.
2026-10-03 00:15:46.054 Thread 'MainThread': missing ScriptRunContext! This warning can be ignored when running in bare mode.
2026-10-03 00:15:46.055 Thread 'MainThread': missing ScriptRunContext! This warning can be ignored when running in bare mode.
2026-10-03 00:15:46.085 Thread 'MainThread': missing ScriptRunContext! This warning can be ignored when running in bare mode.
2026-10-03 00:15:46.087 Thread 'MainThread': missing ScriptRunContext! This warning can be ignored when running in bare mode.
2026-10-03 00:15:46.087 Thread 'MainThread': missing ScriptRunContext! This warning can be ignored when running in bare mode.
2026-10-03 00:15:46.087 Thread 'MainThread': missing ScriptRunContext! This warning can be ignored when running in bare mode.
2026-10-03 00:15:46.087 Thread 'MainThread': missing ScriptRunContext! This warning can be ignored when running in bare mode.
2026-10-03 00:15:46.088 Thread 'MainThread': missing ScriptRunContext! This warning can be ignored when running in bare mode.
2026-10-03 00:15:46.088 Thread 'MainThread': missing ScriptRunContext! This warning can be ignored when running in bare mode.
2026-10-03 00:15:46.088 Thread 'MainThread': missing ScriptRunContext! This warning can be ignored when running in bare mode.
2026-10-03 00:15:46.088 Thread 'MainThread': missing ScriptRunContext! This warning can be ignored when running in bare mode.
2026-10-03 00:15:46.088 Thread 'MainThread': missing ScriptRunContext! This warning can be ignored when running in bare mode.
2026-10-03 00:15:46.088 Thread 'MainThread': missing ScriptRunContext! This warning can be ignored when running in bare mode.
2026-10-03 00:15:46.088 Thread 'MainThread': missing ScriptRunContext! This warning can be ignored when running in bare mode.
2026-10-03 00:15:46.088 Thread 'MainThread': missing ScriptRunContext! This warning can be ignored when running in bare mode.
2026-10-03 00:15:46.088 Thread 'MainThread': missing ScriptRunContext! This warning can be ignored when running in bare mode.
2026-10-03 00:15:46.088 Thread 'MainThread': missing ScriptRunContext! This warning can be ignored when running in bare mode.
2026-10-03 00:15:46.088 Thread 'MainThread': missing ScriptRunContext! This warning can be ignored when running in bare mode.
2026-10-03 00:15:46.088 Thread 'MainThread': missing ScriptRunContext! This warning can be ignored when running in bare mode.
2026-10-03 00:15:46.088 Thread 'MainThread': missing ScriptRunContext! This warning can be ignored when running in bare mode.
2026-10-03 00:15:46.089 Thread 'MainThread': missing ScriptRunContext! This warning can be ignored when running in bare mode.
2026-10-03 00:15:46.089 Thread 'MainThread': missing ScriptRunContext! This warning can be ignored when running in bare mode.
2026-10-03 00:15:46.089 Thread 'MainThread': missing ScriptRunContext! This warning can be ignored when running in bare mode.
2026-10-03 00:15:46.089 Thread 'MainThread': missing ScriptRunContext! This warning can be ignored when running in bare mode.
2026-10-03 00:15:46.089 Thread 'MainThread': missing ScriptRunContext! This warning can be ignored when running in bare mode.
2026-10-03 00:15:46.089 Thread 'MainThread': missing ScriptRunContext! This warning can be ignored when running in bare mode.
2026-10-03 00:15:46.089 Thread 'MainThread': missing ScriptRunContext! This warning can be ignored when running in bare mode.
2026-10-03 00:15:46.089 Thread 'MainThread': missing ScriptRunContext! This warning can be ignored when running in bare mode.
2026-10-03 00:15:46.089 Thread 'MainThread': missing ScriptRunContext! This warning can be ignored when running in bare mode.
2026-10-03 00:15:46.089 Thread 'MainThread': missing ScriptRunContext! This warning can be ignored when running in bare mode.
2026-10-03 00:15:46.089 Thread 'MainThread': missing ScriptRunContext! This warning can be ignored when running in bare mode.
2026-10-03 00:15:46.089 Thread 'MainThread': missing ScriptRunContext! This warning can be ignored when running in bare mode.
2026-10-03 00:15:46.089 Thread 'MainThread': missing ScriptRunContext! This warning can be ignored when running in bare mode.
2026-10-03 00:15:46.089 Thread 'MainThread': missing ScriptRunContext! This warning can be ignored when running in bare mode.
2026-10-03 00:15:46.090 Thread 'MainThread': missing ScriptRunContext! This warning can be ignored when running in bare mode.
2026-10-03 00:15:46.090 Thread 'MainThread': missing ScriptRunContext! This warning can be ignored when running in bare mode.
2026-10-03 00:15:46.090 Thread 'MainThread': missing ScriptRunContext! This warning can be ignored when running in bare mode.
2026-10-03 00:15:46.090 Thread 'MainThread': missing ScriptRunContext! This warning can be ignored when running in bare mode.
2026-10-03 00:15:46.090 Thread 'MainThread': missing ScriptRunContext! This warning can be ignored when running in bare mode.
2026-10-03 00:15:46.090 Thread 'MainThread': missing ScriptRunContext! This warning can be ignored when running in bare mode.
2026-10-03 00:15:46.090 Thread 'MainThread': missing ScriptRunContext! This warning can be ignored when running in bare mode.
2026-10-03 00:15:46.090 Thread 'MainThread': missing ScriptRunContext! This warning can be ignored when running in bare mode.
2026-10-03 00:15:46.090 Thread 'MainThread': missing ScriptRunContext! This warning can be ignored when running in bare mode.
2026-10-03 00:15:46.090 Thread 'MainThread': missing ScriptRunContext! This warning can be ignored when running in bare mode.
2026-10-03 00:15:46.090 Thread 'MainThread': missing ScriptRunContext! This warning can be ignored when running in bare mode.
2026-10-03 00:15:46.091 Thread 'MainThread': missing ScriptRunContext! This warning can be ignored when running in bare mode.
2026-10-03 00:15:46.097 Thread 'MainThread': missing ScriptRunContext! This warning can be ignored when running in bare mode.
2026-10-03 00:15:46.103 Thread 'MainThread': missing ScriptRunContext! This warning can be ignored when running in bare mode.
2026-10-03 00:15:51.968 Thread 'MainThread': missing ScriptRunContext! This warning can be ignored when running in bare mode.
2026-10-03 00:15:51.971 Thread 'MainThread': missing ScriptRunContext! This warning can be ignored when running in bare mode.
2026-10-03 00:15:51.971 Thread 'MainThread': missing ScriptRunContext! This warning can be ignored when running in bare mode.
2026-10-03 00:15:51.971 Thread 'MainThread': missing ScriptRunContext! This warning can be ignored when running in bare mode.
2026-10-03 00:15:51.971 Thread 'MainThread': missing ScriptRunContext! This warning can be ignored when running in bare mode.
2026-10-03 00:15:51.972 Thread 'MainThread': missing ScriptRunContext! This warning can be ignored when running in bare mode.
2026-10-03 00:15:51.972 Thread 'MainThread': missing ScriptRunContext! This warning can be ignored when running in bare mode.
2026-10-03 00:15:51.972 Thread 'MainThread': missing ScriptRunContext! This warning can be ignored when running in bare mode.
2026-10-03 00:15:51.972 Thread 'MainThread': missing ScriptRunContext! This warning can be ignored when running in bare mode.
2026-10-03 00:15:51.972 Thread 'MainThread': missing ScriptRunContext! This warning can be ignored when running in bare mode.
2026-10-03 00:15:51.972 Thread 'MainThread': missing ScriptRunContext! This warning can be ignored when running in bare mode.
2026-10-03 00:15:51.972 Thread 'MainThread': missing ScriptRunContext! This warning can be ignored when running in bare mode.
2026-10-03 00:15:51.972 Thread 'MainThread': missing ScriptRunContext! This warning can be ignored when running in bare mode.
2026-10-03 00:15:51.972 Thread 'MainThread': missing ScriptRunContext! This warning can be ignored when running in bare mode.
2026-10-03 00:15:51.972 Thread 'MainThread': missing ScriptRunContext! This warning can be ignored when running in bare mode.
2026-10-03 00:15:51.972 Thread 'MainThread': missing ScriptRunContext! This warning can be ignored when running in bare mode.
2026-10-03 00:15:51.972 Thread 'MainThread': missing ScriptRunContext! This warning can be ignored when running in bare mode.
2026-10-03 00:15:51.972 Thread 'MainThread': missing ScriptRunContext! This warning can be ignored when running in bare mode.
2026-10-03 00:15:51.972 Thread 'MainThread': missing ScriptRunContext! This warning can be ignored when running in bare mode.
2026-10-03 00:15:51.973 Thread 'MainThread': missing ScriptRunContext! This warning can be ignored when running in bare mode.
2026-10-03 00:15:51.973 Thread 'MainThread': missing ScriptRunContext! This warning can be ignored when running in bare mode.
2026-10-03 00:15:51.973 Thread 'MainThread': missing ScriptRunContext! This warning can be ignored when running in bare mode.
2026-10-03 00:15:51.973 Thread 'MainThread': missing ScriptRunContext! This warning can be ignored when running in bare mode.
2026-10-03 00:15:51.973 Thread 'MainThread': missing ScriptRunContext! This warning can be ignored when running in bare mode.
2026-10-03 00:15:51.973 Thread 'MainThread': missing ScriptRunContext! This warning can be ignored when running in bare mode.
2026-10-03 00:15:51.973 Thread 'MainThread': missing ScriptRunContext! This warning can be ignored when running in bare mode.
2026-10-03 00:15:51.973 Thread 'MainThread': missing ScriptRunContext! This warning can be ignored when running in bare mode.
2026-10-03 00:15:51.973 Thread 'MainThread': missing ScriptRunContext! This warning can be ignored when running in bare mode.
2026-10-03 00:15:51.973 Thread 'MainThread': missing ScriptRunContext! This warning can be ignored when running in bare mode.
2026-10-03 00:15:51.973 Thread 'MainThread': missing ScriptRunContext! This warning can be ignored when running in bare mode.
2026-10-03 00:15:51.973 Thread 'MainThread': missing ScriptRunContext! This warning can be ignored when running in bare mode.
2026-10-03 00:15:51.973 Thread 'MainThread': missing ScriptRunContext! This warning can be ignored when running in bare mode.
2026-10-03 00:15:51.973 Thread 'MainThread': missing ScriptRunContext! This warning can be ignored when running in bare mode.
2026-10-03 00:15:51.973 Thread 'MainThread': missing ScriptRunContext! This warning can be ignored when running in bare mode.
2026-10-03 00:15:51.973 Thread 'MainThread': missing ScriptRunContext! This warning can be ignored when running in bare mode.
2026-10-03 00:15:51.973 Thread 'MainThread': missing ScriptRunContext! This warning can be ignored when running in bare mode.
2026-10-03 00:15:51.973 Thread 'MainThread': missing ScriptRunContext! This warning can be ignored when running in bare mode.
2026-10-03 00:15:51.973 Thread 'MainThread': missing ScriptRunContext! This warning can be ignored when running in bare mode.
2026-10-03 00:15:51.973 Thread 'MainThread': missing ScriptRunContext! This warning can be ignored when running in bare mode.
2026-10-03 00:15:51.974 Thread 'MainThread': missing ScriptRunContext! This warning can be ignored when running in bare mode.
2026-10-03 00:15:51.974 Thread 'MainThread': missing ScriptRunContext! This warning can be ignored when running in bare mode.
2026-10-03 00:15:51.974 Thread 'MainThread': missing ScriptRunContext! This warning can be ignored when running in bare mode.
2026-10-03 00:15:51.974 Thread 'MainThread': missing ScriptRunContext! This warning can be ignored when running in bare mode.
2026-10-03 00:15:51.974 Thread 'MainThread': missing ScriptRunContext! This warning can be ignored when running in bare mode.
2026-10-03 00:16:00.158 Thread 'MainThread': missing ScriptRunContext! This warning can be ignored when running in bare mode.
2026-10-03 00:16:00.161 Thread 'MainThread': missing ScriptRunContext! This warning can be ignored when running in bare mode.
2026-10-03 00:16:00.161 Thread 'MainThread': missing ScriptRunContext! This warning can be ignored when running in bare mode.
2026-10-03 00:16:00.161 Thread 'MainThread': missing ScriptRunContext! This warning can be ignored when running in bare mode.
2026-10-03 00:16:00.161 Thread 'MainThread': missing ScriptRunContext! This warning can be ignored when running in bare mode.
2026-10-03 00:16:00.161 Thread 'MainThread': missing ScriptRunContext! This warning can be ignored when running in bare mode.
2026-10-03 00:16:00.161 Thread 'MainThread': missing ScriptRunContext! This warning can be ignored when running in bare mode.
2026-10-03 00:16:00.161 Thread 'MainThread': missing ScriptRunContext! This warning can be ignored when running in bare mode.
2026-10-03 00:16:00.161 Thread 'MainThread': missing ScriptRunContext! This warning can be ignored when running in bare mode.
2026-10-03 00:16:00.161 Thread 'MainThread': missing ScriptRunContext! This warning can be ignored when running in bare mode.
2026-10-03 00:16:00.161 Thread 'MainThread': missing ScriptRunContext! This warning can be ignored when running in bare mode.
2026-10-03 00:16:00.161 Thread 'MainThread': missing ScriptRunContext! This warning can be ignored when running in bare mode.
2026-10-03 00:16:00.161 Thread 'MainThread': missing ScriptRunContext! This warning can be ignored when running in bare mode.
2026-10-03 00:16:00.161 Thread 'MainThread': missing ScriptRunContext! This warning can be ignored when running in bare mode.
2026-10-03 00:16:00.161 Thread 'MainThread': missing ScriptRunContext! This warning can be ignored when running in bare mode.
2026-10-03 00:16:00.162 Thread 'MainThread': missing ScriptRunContext! This warning can be ignored when running in bare mode.
2026-10-03 00:16:00.162 Thread 'MainThread': missing ScriptRunContext! This warning can be ignored when running in bare mode.
2026-10-03 00:16:00.162 Thread 'MainThread': missing ScriptRunContext! This warning can be ignored when running in bare mode.
2026-10-03 00:16:00.162 Thread 'MainThread': missing ScriptRunContext! This warning can be ignored when running in bare mode.
2026-10-03 00:16:00.162 Thread 'MainThread': missing ScriptRunContext! This warning can be ignored when running in bare mode.
2026-10-03 00:16:00.162 Thread 'MainThread': missing ScriptRunContext! This warning can be ignored when running in bare mode.
2026-10-03 00:16:00.162 Thread 'MainThread': missing ScriptRunContext! This warning can be ignored when running in bare mode.
2026-10-03 00:16:00.162 Thread 'MainThread': missing ScriptRunContext! This warning can be ignored when running in bare mode.
2026-10-03 00:16:00.162 Thread 'MainThread': missing ScriptRunContext! This warning can be ignored when running in bare mode.
2026-10-03 00:16:00.162 Thread 'MainThread': missing ScriptRunContext! This warning can be ignored when running in bare mode.
2026-10-03 00:16:00.162 Thread 'MainThread': missing ScriptRunContext! This warning can be ignored when running in bare mode.
2026-10-03 00:16:00.162 Thread 'MainThread': missing ScriptRunContext! This warning can be ignored when running in bare mode.
2026-10-03 00:16:00.162 Thread 'MainThread': missing ScriptRunContext! This warning can be ignored when running in bare mode.
2026-10-03 00:16:00.162 Thread 'MainThread': missing ScriptRunContext! This warning can be ignored when running in bare mode.
2026-10-03 00:16:00.163 Thread 'MainThread': missing ScriptRunContext! This warning can be ignored when running in bare mode.
2026-10-03 00:16:00.163 Thread 'MainThread': missing ScriptRunContext! This warning can be ignored when running in bare mode.
2026-10-03 00:16:00.163 Thread 'MainThread': missing ScriptRunContext! This warning can be ignored when running in bare mode.
2026-10-03 00:16:00.163 Thread 'MainThread': missing ScriptRunContext! This warning can be ignored when running in bare mode.
2026-10-03 00:16:00.163 Thread 'MainThread': missing ScriptRunContext! This warning can be ignored when running in bare mode.
2026-10-03 00:16:00.163 Thread 'MainThread': missing ScriptRunContext! This warning can be ignored when running in bare mode.
2026-10-03 00:16:00.163 Thread 'MainThread': missing ScriptRunContext! This warning can be ignored when running in bare mode.
2026-10-03 00:16:00.163 Thread 'MainThread': missing ScriptRunContext! This warning can be ignored when running in bare mode.
2026-10-03 00:16:00.163 Thread 'MainThread': missing ScriptRunContext! This warning can be ignored when running in bare mode.
2026-10-03 00:16:00.163 Thread 'MainThread': missing ScriptRunContext! This warning can be ignored when running in bare mode.
2026-10-03 00:16:00.163 Thread 'MainThread': missing ScriptRunContext! This warning can be ignored when running in bare mode.
2026-10-03 00:16:00.163 Thread 'MainThread': missing ScriptRunContext! This warning can be ignored when running in bare mode.
2026-10-03 00:16:00.163 Thread 'MainThread': missing ScriptRunContext! This warning can be ignored when running in bare mode.
2026-10-03 00:16:00.163 Thread 'MainThread': missing ScriptRunContext! This warning can be ignored when running in bare mode.
2026-10-03 00:16:00.163 Thread 'MainThread': missing ScriptRunContext! This warning can be ignored when running in bare mode.
2026-10-03 00:16:00.173 Thread 'MainThread': missing ScriptRunContext! This warning can be ignored when running in bare mode.
2026-10-03 00:16:00.179 Thread 'MainThread': missing ScriptRunContext! This warning can be ignored when running in bare mode.
2026-10-03 00:16:00.189 Thread 'MainThread': missing ScriptRunContext! This warning can be ignored when running in bare mode.
2026-10-03 00:16:00.198 Thread 'MainThread': missing ScriptRunContext! This warning can be ignored when running in bare mode.
2026-10-03 00:16:00.209 Thread 'MainThread': missing ScriptRunContext! This warning can be ignored when running in bare mode.
2026-10-03 00:16:00.219 Thread 'MainThread': missing ScriptRunContext! This warning can be ignored when running in bare mode.
2026-10-03 00:16:00.229 Thread 'MainThread': missing ScriptRunContext! This warning can be ignored when running in bare mode.
2026-10-03 00:16:00.238 Thread 'MainThread': missing ScriptRunContext! This warning can be ignored when running in bare mode.
2026-10-03 00:16:00.246 Thread 'MainThread': missing ScriptRunContext! This warning can be ignored when running in bare mode.
2026-10-03 00:16:00.254 Thread 'MainThread': missing ScriptRunContext! This warning can be ignored when running in bare mode.
2026-10-03 00:16:00.262 Thread 'MainThread': missing ScriptRunContext! This warning can be ignored when running in bare mode.
2026-10-03 00:16:00.273 Thread 'MainThread': missing ScriptRunContext! This warning can be ignored when running in bare mode.
2026-10-03 00:16:00.282 Thread 'MainThread': missing ScriptRunContext! This warning can be ignored when running in bare mode.
2026-10-03 00:16:00.289 Thread 'MainThread': missing ScriptRunContext! This warning can be ignored when running in bare mode.
2026-10-03 00:16:00.297 Thread 'MainThread': missing ScriptRunContext! This warning can be ignored when running in bare mode.
2026-10-03 00:16:00.305 Thread 'MainThread': missing ScriptRunContext! This warning can be ignored when running in bare mode.
2026-10-03 00:16:00.313 Thread 'MainThread': missing ScriptRunContext! This warning can be ignored when running in bare mode.
2026-10-03 00:16:00.321 Thread 'MainThread': missing ScriptRunContext! This warning can be ignored when running in bare mode.
2026-10-03 00:16:00.328 Thread 'MainThread': missing ScriptRunContext! This warning can be ignored when running in bare mode.
2026-10-03 00:16:00.336 Thread 'MainThread': missing ScriptRunContext! This warning can be ignored when running in bare mode.
2026-10-03 00:16:00.345 Thread 'MainThread': missing ScriptRunContext! This warning can be ignored when running in bare mode.
2026-10-03 00:16:00.353 Thread 'MainThread': missing ScriptRunContext! This warning can be ignored when running in bare mode.
2026-10-03 00:16:00.361 Thread 'MainThread': missing ScriptRunContext! This warning can be ignored when running in bare mode.
2026-10-03 00:16:00.369 Thread 'MainThread': missing ScriptRunContext! This warning can be ignored when running in bare mode.
2026-10-03 00:16:00.377 Thread 'MainThread': missing ScriptRunContext! This warning can be ignored when running in bare mode.
2026-10-03 00:16:00.384 Thread 'MainThread': missing ScriptRunContext! This warning can be ignored when running in bare mode.
2026-10-03 00:16:00.392 Thread 'MainThread': missing ScriptRunContext! This warning can be ignored when running in bare mode.
2026-10-03 00:16:00.400 Thread 'MainThread': missing ScriptRunContext! This warning can be ignored when running in bare mode.
2026-10-03 00:16:00.407 Thread 'MainThread': missing ScriptRunContext! This warning can be ignored when running in bare mode.
2026-10-03 00:16:00.418 Thread 'MainThread': missing ScriptRunContext! This warning can be ignored when running in bare mode.
2026-10-03 00:16:00.426 Thread 'MainThread': missing ScriptRunContext! This warning can be ignored when running in bare mode.
2026-10-03 00:16:00.433 Thread 'MainThread': missing ScriptRunContext! This warning can be ignored when running in bare mode.
2026-10-03 00:16:00.441 Thread 'MainThread': missing ScriptRunContext! This warning can be ignored when running in bare mode.
2026-10-03 00:16:00.449 Thread 'MainThread': missing ScriptRunContext! This warning can be ignored when running in bare mode.
2026-10-03 00:16:00.458 Thread 'MainThread': missing ScriptRunContext! This warning can be ignored when running in bare mode.
2026-10-03 00:16:00.466 Thread 'MainThread': missing ScriptRunContext! This warning can be ignored when running in bare mode.
2026-10-03 00:16:00.475 Thread 'MainThread': missing ScriptRunContext! This warning can be ignored when running in bare mode.
2026-10-03 00:16:00.485 Thread 'MainThread': missing ScriptRunContext! This warning can be ignored when running in bare mode.
2026-10-03 00:16:00.493 Thread 'MainThread': missing ScriptRunContext! This warning can be ignored when running in bare mode.
2026-10-03 00:16:00.502 Thread 'MainThread': missing ScriptRunContext! This warning can be ignored when running in bare mode.
2026-10-03 00:16:00.553 Thread 'MainThread': missing ScriptRunContext! This warning can be ignored when running in bare mode.
2026-10-03 00:16:00.556 Thread 'MainThread': missing ScriptRunContext! This warning can be ignored when running in bare mode.
2026-10-03 00:16:00.556 Thread 'MainThread': missing ScriptRunContext! This warning can be ignored when running in bare mode.
2026-10-03 00:16:00.556 Thread 'MainThread': missing ScriptRunContext! This warning can be ignored when running in bare mode.
2026-10-03 00:16:00.556 Thread 'MainThread': missing ScriptRunContext! This warning can be ignored when running in bare mode.
2026-10-03 00:16:00.556 Thread 'MainThread': missing ScriptRunContext! This warning can be ignored when running in bare mode.
2026-10-03 00:16:00.556 Thread 'MainThread': missing ScriptRunContext! This warning can be ignored when running in bare mode.
2026-10-03 00:16:00.556 Thread 'MainThread': missing ScriptRunContext! This warning can be ignored when running in bare mode.
2026-10-03 00:16:00.556 Thread 'MainThread': missing ScriptRunContext! This warning can be ignored when running in bare mode.
2026-10-03 00:16:00.556 Thread 'MainThread': missing ScriptRunContext! This warning can be ignored when running in bare mode.
2026-10-03 00:16:00.556 Thread 'MainThread': missing ScriptRunContext! This warning can be ignored when running in bare mode.
2026-10-03 00:16:00.556 Thread 'MainThread': missing ScriptRunContext! This warning can be ignored when running in bare mode.
2026-10-03 00:16:00.556 Thread 'MainThread': missing ScriptRunContext! This warning can be ignored when running in bare mode.
2026-10-03 00:16:00.557 Thread 'MainThread': missing ScriptRunContext! This warning can be ignored when running in bare mode.
2026-10-03 00:16:00.557 Thread 'MainThread': missing ScriptRunContext! This warning can be ignored when running in bare mode.
2026-10-03 00:16:00.557 Thread 'MainThread': missing ScriptRunContext! This warning can be ignored when running in bare mode.
2026-10-03 00:16:00.557 Thread 'MainThread': missing ScriptRunContext! This warning can be ignored when running in bare mode.
2026-10-03 00:16:00.557 Thread 'MainThread': missing ScriptRunContext! This warning can be ignored when running in bare mode.
2026-10-03 00:16:00.557 Thread 'MainThread': missing ScriptRunContext! This warning can be ignored when running in bare mode.
2026-10-03 00:16:00.557 Thread 'MainThread': missing ScriptRunContext! This warning can be ignored when running in bare mode.
2026-10-03 00:16:00.557 Thread 'MainThread': missing ScriptRunContext! This warning can be ignored when running in bare mode.
2026-10-03 00:16:00.557 Thread 'MainThread': missing ScriptRunContext! This warning can be ignored when running in bare mode.
2026-10-03 00:16:00.557 Thread 'MainThread': missing ScriptRunContext! This warning can be ignored when running in bare mode.
2026-10-03 00:16:00.557 Thread 'MainThread': missing ScriptRunContext! This warning can be ignored when running in bare mode.
2026-10-03 00:16:00.557 Thread 'MainThread': missing ScriptRunContext! This warning can be ignored when running in bare mode.
2026-10-03 00:16:00.557 Thread 'MainThread': missing ScriptRunContext! This warning can be ignored when running in bare mode.
2026-10-03 00:16:00.557 Thread 'MainThread': missing ScriptRunContext! This warning can be ignored when running in bare mode.
2026-10-03 00:16:00.557 Thread 'MainThread': missing ScriptRunContext! This warning can be ignored when running in bare mode.
2026-10-03 00:16:00.557 Thread 'MainThread': missing ScriptRunContext! This warning can be ignored when running in bare mode.
2026-10-03 00:16:00.557 Thread 'MainThread': missing ScriptRunContext! This warning can be ignored when running in bare mode.
2026-10-03 00:16:00.557 Thread 'MainThread': missing ScriptRunContext! This warning can be ignored when running in bare mode.
2026-10-03 00:16:00.557 Thread 'MainThread': missing ScriptRunContext! This warning can be ignored when running in bare mode.
2026-10-03 00:16:00.557 Thread 'MainThread': missing ScriptRunContext! This warning can be ignored when running in bare mode.
2026-10-03 00:16:00.557 Thread 'MainThread': missing ScriptRunContext! This warning can be ignored when running in bare mode.
2026-10-03 00:16:00.558 Thread 'MainThread': missing ScriptRunContext! This warning can be ignored when running in bare mode.
2026-10-03 00:16:00.558 Thread 'MainThread': missing ScriptRunContext! This warning can be ignored when running in bare mode.
2026-10-03 00:16:00.558 Thread 'MainThread': missing ScriptRunContext! This warning can be ignored when running in bare mode.
2026-10-03 00:16:00.558 Thread 'MainThread': missing ScriptRunContext! This warning can be ignored when running in bare mode.
2026-10-03 00:16:00.558 Thread 'MainThread': missing ScriptRunContext! This warning can be ignored when running in bare mode.
2026-10-03 00:16:00.558 Thread 'MainThread': missing ScriptRunContext! This warning can be ignored when running in bare mode.
2026-10-03 00:16:00.558 Thread 'MainThread': missing ScriptRunContext! This warning can be ignored when running in bare mode.
2026-10-03 00:16:00.558 Thread 'MainThread': missing ScriptRunContext! This warning can be ignored when running in bare mode.
2026-10-03 00:16:00.558 Thread 'MainThread': missing ScriptRunContext! This warning can be ignored when running in bare mode.
2026-10-03 00:16:00.558 Thread 'MainThread': missing ScriptRunContext! This warning can be ignored when running in bare mode.
2026-10-03 00:16:00.609 Thread 'MainThread': missing ScriptRunContext! This warning can be ignored when running in bare mode.
2026-10-03 00:16:00.611 Thread 'MainThread': missing ScriptRunContext! This warning can be ignored when running in bare mode.
2026-10-03 00:16:00.611 Thread 'MainThread': missing ScriptRunContext! This warning can be ignored when running in bare mode.
2026-10-03 00:16:00.611 Thread 'MainThread': missing ScriptRunContext! This warning can be ignored when running in bare mode.
2026-10-03 00:16:00.612 Thread 'MainThread': missing ScriptRunContext! This warning can be ignored when running in bare mode.
2026-10-03 00:16:00.612 Thread 'MainThread': missing ScriptRunContext! This warning can be ignored when running in bare mode.
2026-10-03 00:16:00.612 Thread 'MainThread': missing ScriptRunContext! This warning can be ignored when running in bare mode.
2026-10-03 00:16:00.612 Thread 'MainThread': missing ScriptRunContext! This warning can be ignored when running in bare mode.
2026-10-03 00:16:00.612 Thread 'MainThread': missing ScriptRunContext! This warning can be ignored when running in bare mode.
2026-10-03 00:16:00.612 Thread 'MainThread': missing ScriptRunContext! This warning can be ignored when running in bare mode.
2026-10-03 00:16:00.612 Thread 'MainThread': missing ScriptRunContext! This warning can be ignored when running in bare mode.
2026-10-03 00:16:00.612 Thread 'MainThread': missing ScriptRunContext! This warning can be ignored when running in bare mode.
2026-10-03 00:16:00.612 Thread 'MainThread': missing ScriptRunContext! This warning can be ignored when running in bare mode.
2026-10-03 00:16:00.612 Thread 'MainThread': missing ScriptRunContext! This warning can be ignored when running in bare mode.
2026-10-03 00:16:00.612 Thread 'MainThread': missing ScriptRunContext! This warning can be ignored when running in bare mode.
2026-10-03 00:16:00.612 Thread 'MainThread': missing ScriptRunContext! This warning can be ignored when running in bare mode.
2026-10-03 00:16:00.612 Thread 'MainThread': missing ScriptRunContext! This warning can be ignored when running in bare mode.
2026-10-03 00:16:00.612 Thread 'MainThread': missing ScriptRunContext! This warning can be ignored when running in bare mode.
2026-10-03 00:16:00.612 Thread 'MainThread': missing ScriptRunContext! This warning can be ignored when running in bare mode.
2026-10-03 00:16:00.612 Thread 'MainThread': missing ScriptRunContext! This warning can be ignored when running in bare mode.
2026-10-03 00:16:00.612 Thread 'MainThread': missing ScriptRunContext! This warning can be ignored when running in bare mode.
2026-10-03 00:16:00.612 Thread 'MainThread': missing ScriptRunContext! This warning can be ignored when running in bare mode.
2026-10-03 00:16:00.612 Thread 'MainThread': missing ScriptRunContext! This warning can be ignored when running in bare mode.
2026-10-03 00:16:00.612 Thread 'MainThread': missing ScriptRunContext! This warning can be ignored when running in bare mode.
2026-10-03 00:16:00.612 Thread 'MainThread': missing ScriptRunContext! This warning can be ignored when running in bare mode.
2026-10-03 00:16:00.612 Thread 'MainThread': missing ScriptRunContext! This warning can be ignored when running in bare mode.
2026-10-03 00:16:00.613 Thread 'MainThread': missing ScriptRunContext! This warning can be ignored when running in bare mode.
2026-10-03 00:16:00.613 Thread 'MainThread': missing ScriptRunContext! This warning can be ignored when running in bare mode.
2026-10-03 00:16:00.613 Thread 'MainThread': missing ScriptRunContext! This warning can be ignored when running in bare mode.
2026-10-03 00:16:00.613 Thread 'MainThread': missing ScriptRunContext! This warning can be ignored when running in bare mode.
2026-10-03 00:16:00.613 Thread 'MainThread': missing ScriptRunContext! This warning can be ignored when running in bare mode.
2026-10-03 00:16:00.613 Thread 'MainThread': missing ScriptRunContext! This warning can be ignored when running in bare mode.
2026-10-03 00:16:00.613 Thread 'MainThread': missing ScriptRunContext! This warning can be ignored when running in bare mode.
2026-10-03 00:16:00.613 Thread 'MainThread': missing ScriptRunContext! This warning can be ignored when running in bare mode.
2026-10-03 00:16:00.613 Thread 'MainThread': missing ScriptRunContext! This warning can be ignored when running in bare mode.
2026-10-03 00:16:00.613 Thread 'MainThread': missing ScriptRunContext! This warning can be ignored when running in bare mode.
2026-10-03 00:16:00.613 Thread 'MainThread': missing ScriptRunContext! This warning can be ignored when running in bare mode.
2026-10-03 00:16:00.613 Thread 'MainThread': missing ScriptRunContext! This warning can be ignored when running in bare mode.
2026-10-03 00:16:00.613 Thread 'MainThread': missing ScriptRunContext! This warning can be ignored when running in bare mode.
2026-10-03 00:16:00.613 Thread 'MainThread': missing ScriptRunContext! This warning can be ignored when running in bare mode.
2026-10-03 00:16:00.613 Thread 'MainThread': missing ScriptRunContext! This warning can be ignored when running in bare mode.
2026-10-03 00:16:00.613 Thread 'MainThread': missing ScriptRunContext! This warning can be ignored when running in bare mode.
2026-10-03 00:16:00.613 Thread 'MainThread': missing ScriptRunContext! This warning can be ignored when running in bare mode.
2026-10-03 00:16:00.613 Thread 'MainThread': missing ScriptRunContext! This warning can be ignored when running in bare mode.
2026-10-03 00:16:00.662 Thread 'MainThread': missing ScriptRunContext! This warning can be ignored when running in bare mode.
2026-10-03 00:16:00.664 Thread 'MainThread': missing ScriptRunContext! This warning can be ignored when running in bare mode.
2026-10-03 00:16:00.664 Thread 'MainThread': missing ScriptRunContext! This warning can be ignored when running in bare mode.
2026-10-03 00:16:00.664 Thread 'MainThread': missing ScriptRunContext! This warning can be ignored when running in bare mode.
2026-10-03 00:16:00.664 Thread 'MainThread': missing ScriptRunContext! This warning can be ignored when running in bare mode.
2026-10-03 00:16:00.665 Thread 'MainThread': missing ScriptRunContext! This warning can be ignored when running in bare mode.
2026-10-03 00:16:00.665 Thread 'MainThread': missing ScriptRunContext! This warning can be ignored when running in bare mode.
2026-10-03 00:16:00.665 Thread 'MainThread': missing ScriptRunContext! This warning can be ignored when running in bare mode.
2026-10-03 00:16:00.665 Thread 'MainThread': missing ScriptRunContext! This warning can be ignored when running in bare mode.
2026-10-03 00:16:00.665 Thread 'MainThread': missing ScriptRunContext! This warning can be ignored when running in bare mode.
2026-10-03 00:16:00.665 Thread 'MainThread': missing ScriptRunContext! This warning can be ignored when running in bare mode.
2026-10-03 00:16:00.665 Thread 'MainThread': missing ScriptRunContext! This warning can be ignored when running in bare mode.
2026-10-03 00:16:00.665 Thread 'MainThread': missing ScriptRunContext! This warning can be ignored when running in bare mode.
2026-10-03 00:16:00.665 Thread 'MainThread': missing ScriptRunContext! This warning can be ignored when running in bare mode.
2026-10-03 00:16:00.665 Thread 'MainThread': missing ScriptRunContext! This warning can be ignored when running in bare mode.
2026-10-03 00:16:00.665 Thread 'MainThread': missing ScriptRunContext! This warning can be ignored when running in bare mode.
2026-10-03 00:16:00.665 Thread 'MainThread': missing ScriptRunContext! This warning can be ignored when running in bare mode.
2026-10-03 00:16:00.665 Thread 'MainThread': missing ScriptRunContext! This warning can be ignored when running in bare mode.
2026-10-03 00:16:00.665 Thread 'MainThread': missing ScriptRunContext! This warning can be ignored when running in bare mode.
2026-10-03 00:16:00.665 Thread 'MainThread': missing ScriptRunContext! This warning can be ignored when running in bare mode.
2026-10-03 00:16:00.665 Thread 'MainThread': missing ScriptRunContext! This warning can be ignored when running in bare mode.
2026-10-03 00:16:00.665 Thread 'MainThread': missing ScriptRunContext! This warning can be ignored when running in bare mode.
2026-10-03 00:16:00.665 Thread 'MainThread': missing ScriptRunContext! This warning can be ignored when running in bare mode.
2026-10-03 00:16:00.665 Thread 'MainThread': missing ScriptRunContext! This warning can be ignored when running in bare mode.
2026-10-03 00:16:00.665 Thread 'MainThread': missing ScriptRunContext! This warning can be ignored when running in bare mode.
2026-10-03 00:16:00.665 Thread 'MainThread': missing ScriptRunContext! This warning can be ignored when running in bare mode.
2026-10-03 00:16:00.665 Thread 'MainThread': missing ScriptRunContext! This warning can be ignored when running in bare mode.
2026-10-03 00:16:00.665 Thread 'MainThread': missing ScriptRunContext! This warning can be ignored when running in bare mode.
2026-10-03 00:16:00.665 Thread 'MainThread': missing ScriptRunContext! This warning can be ignored when running in bare mode.
2026-10-03 00:16:00.666 Thread 'MainThread': missing ScriptRunContext! This warning can be ignored when running in bare mode.
2026-10-03 00:16:00.666 Thread 'MainThread': missing ScriptRunContext! This warning can be ignored when running in bare mode.
2026-10-03 00:16:00.666 Thread 'MainThread': missing ScriptRunContext! This warning can be ignored when running in bare mode.
2026-10-03 00:16:00.666 Thread 'MainThread': missing ScriptRunContext! This warning can be ignored when running in bare mode.
2026-10-03 00:16:00.666 Thread 'MainThread': missing ScriptRunContext! This warning can be ignored when running in bare mode.
2026-10-03 00:16:00.666 Thread 'MainThread': missing ScriptRunContext! This warning can be ignored when running in bare mode.
2026-10-03 00:16:00.666 Thread 'MainThread': missing ScriptRunContext! This warning can be ignored when running in bare mode.
2026-10-03 00:16:00.666 Thread 'MainThread': missing ScriptRunContext! This warning can be ignored when running in bare mode.
2026-10-03 00:16:00.666 Thread 'MainThread': missing ScriptRunContext! This warning can be ignored when running in bare mode.
2026-10-03 00:16:00.666 Thread 'MainThread': missing ScriptRunContext! This warning can be ignored when running in bare mode.
2026-10-03 00:16:00.666 Thread 'MainThread': missing ScriptRunContext! This warning can be ignored when running in bare mode.
2026-10-03 00:16:00.666 Thread 'MainThread': missing ScriptRunContext! This warning can be ignored when running in bare mode.
2026-10-03 00:16:00.666 Thread 'MainThread': missing ScriptRunContext! This warning can be ignored when running in bare mode.
2026-10-03 00:16:00.666 Thread 'MainThread': missing ScriptRunContext! This warning can be ignored when running in bare mode.
2026-10-03 00:16:00.666 Thread 'MainThread': missing ScriptRunContext! This warning can be ignored when running in bare mode.
2026-10-03 00:16:00.715 Thread 'MainThread': missing ScriptRunContext! This warning can be ignored when running in bare mode.
2026-10-03 00:16:00.717 Thread 'MainThread': missing ScriptRunContext! This warning can be ignored when running in bare mode.
2026-10-03 00:16:00.717 Thread 'MainThread': missing ScriptRunContext! This warning can be ignored when running in bare mode.
2026-10-03 00:16:00.717 Thread 'MainThread': missing ScriptRunContext! This warning can be ignored when running in bare mode.
2026-10-03 00:16:00.717 Thread 'MainThread': missing ScriptRunContext! This warning can be ignored when running in bare mode.
2026-10-03 00:16:00.717 Thread 'MainThread': missing ScriptRunContext! This warning can be ignored when running in bare mode.
2026-10-03 00:16:00.717 Thread 'MainThread': missing ScriptRunContext! This warning can be ignored when running in bare mode.
2026-10-03 00:16:00.717 Thread 'MainThread': missing ScriptRunContext! This warning can be ignored when running in bare mode.
2026-10-03 00:16:00.717 Thread 'MainThread': missing ScriptRunContext! This warning can be ignored when running in bare mode.
2026-10-03 00:16:00.718 Thread 'MainThread': missing ScriptRunContext! This warning can be ignored when running in bare mode.
2026-10-03 00:16:00.718 Thread 'MainThread': missing ScriptRunContext! This warning can be ignored when running in bare mode.
2026-10-03 00:16:00.718 Thread 'MainThread': missing ScriptRunContext! This warning can be ignored when running in bare mode.
2026-10-03 00:16:00.718 Thread 'MainThread': missing ScriptRunContext! This warning can be ignored when running in bare mode.
2026-10-03 00:16:00.718 Thread 'MainThread': missing ScriptRunContext! This warning can be ignored when running in bare mode.
2026-10-03 00:16:00.718 Thread 'MainThread': missing ScriptRunContext! This warning can be ignored when running in bare mode.
2026-10-03 00:16:00.718 Thread 'MainThread': missing ScriptRunContext! This warning can be ignored when running in bare mode.
2026-10-03 00:16:00.718 Thread 'MainThread': missing ScriptRunContext! This warning can be ignored when running in bare mode.
2026-10-03 00:16:00.718 Thread 'MainThread': missing ScriptRunContext! This warning can be ignored when running in bare mode.
2026-10-03 00:16:00.718 Thread 'MainThread': missing ScriptRunContext! This warning can be ignored when running in bare mode.
2026-10-03 00:16:00.718 Thread 'MainThread': missing ScriptRunContext! This warning can be ignored when running in bare mode.
2026-10-03 00:16:00.718 Thread 'MainThread': missing ScriptRunContext! This warning can be ignored when running in bare mode.
2026-10-03 00:16:00.718 Thread 'MainThread': missing ScriptRunContext! This warning can be ignored when running in bare mode.
2026-10-03 00:16:00.718 Thread 'MainThread': missing ScriptRunContext! This warning can be ignored when running in bare mode.
2026-10-03 00:16:00.718 Thread 'MainThread': missing ScriptRunContext! This warning can be ignored when running in bare mode.
2026-10-03 00:16:00.718 Thread 'MainThread': missing ScriptRunContext! This warning can be ignored when running in bare mode.
2026-10-03 00:16:00.718 Thread 'MainThread': missing ScriptRunContext! This warning can be ignored when running in bare mode.
2026-10-03 00:16:00.718 Thread 'MainThread': missing ScriptRunContext! This warning can be ignored when running in bare mode.
2026-10-03 00:16:00.718 Thread 'MainThread': missing ScriptRunContext! This warning can be ignored when running in bare mode.
2026-10-03 00:16:00.718 Thread 'MainThread': missing ScriptRunContext! This warning can be ignored when running in bare mode.
2026-10-03 00:16:00.718 Thread 'MainThread': missing ScriptRunContext! This warning can be ignored when running in bare mode.
2026-10-03 00:16:00.718 Thread 'MainThread': missing ScriptRunContext! This warning can be ignored when running in bare mode.
2026-10-03 00:16:00.718 Thread 'MainThread': missing ScriptRunContext! This warning can be ignored when running in bare mode.
2026-10-03 00:16:00.719 Thread 'MainThread': missing ScriptRunContext! This warning can be ignored when running in bare mode.
2026-10-03 00:16:00.719 Thread 'MainThread': missing ScriptRunContext! This warning can be ignored when running in bare mode.
2026-10-03 00:16:00.719 Thread 'MainThread': missing ScriptRunContext! This warning can be ignored when running in bare mode.
2026-10-03 00:16:00.719 Thread 'MainThread': missing ScriptRunContext! This warning can be ignored when running in bare mode.
2026-10-03 00:16:00.719 Thread 'MainThread': missing ScriptRunContext! This warning can be ignored when running in bare mode.
2026-10-03 00:16:00.719 Thread 'MainThread': missing ScriptRunContext! This warning can be ignored when running in bare mode.
2026-10-03 00:16:00.719 Thread 'MainThread': missing ScriptRunContext! This warning can be ignored when running in bare mode.
2026-10-03 00:16:00.719 Thread 'MainThread': missing ScriptRunContext! This warning can be ignored when running in bare mode.
2026-10-03 00:16:00.719 Thread 'MainThread': missing ScriptRunContext! This warning can be ignored when running in bare mode.
2026-10-03 00:16:00.719 Thread 'MainThread': missing ScriptRunContext! This warning can be ignored when running in bare mode.
2026-10-03 00:16:00.719 Thread 'MainThread': missing ScriptRunContext! This warning can be ignored when running in bare mode.
2026-10-03 00:16:00.719 Thread 'MainThread': missing ScriptRunContext! This warning can be ignored when running in bare mode.
2026-10-03 00:16:00.773 Thread 'MainThread': missing ScriptRunContext! This warning can be ignored when running in bare mode.
2026-10-03 00:16:00.775 Thread 'MainThread': missing ScriptRunContext! This warning can be ignored when running in bare mode.
2026-10-03 00:16:00.775 Thread 'MainThread': missing ScriptRunContext! This warning can be ignored when running in bare mode.
2026-10-03 00:16:00.776 Thread 'MainThread': missing ScriptRunContext! This warning can be ignored when running in bare mode.
2026-10-03 00:16:00.776 Thread 'MainThread': missing ScriptRunContext! This warning can be ignored when running in bare mode.
2026-10-03 00:16:00.776 Thread 'MainThread': missing ScriptRunContext! This warning can be ignored when running in bare mode.
2026-10-03 00:16:00.776 Thread 'MainThread': missing ScriptRunContext! This warning can be ignored when running in bare mode.
2026-10-03 00:16:00.776 Thread 'MainThread': missing ScriptRunContext! This warning can be ignored when running in bare mode.
2026-10-03 00:16:00.776 Thread 'MainThread': missing ScriptRunContext! This warning can be ignored when running in bare mode.
2026-10-03 00:16:00.776 Thread 'MainThread': missing ScriptRunContext! This warning can be ignored when running in bare mode.
2026-10-03 00:16:00.776 Thread 'MainThread': missing ScriptRunContext! This warning can be ignored when running in bare mode.
2026-10-03 00:16:00.776 Thread 'MainThread': missing ScriptRunContext! This warning can be ignored when running in bare mode.
2026-10-03 00:16:00.776 Thread 'MainThread': missing ScriptRunContext! This warning can be ignored when running in bare mode.
2026-10-03 00:16:00.776 Thread 'MainThread': missing ScriptRunContext! This warning can be ignored when running in bare mode.
2026-10-03 00:16:00.776 Thread 'MainThread': missing ScriptRunContext! This warning can be ignored when running in bare mode.
2026-10-03 00:16:00.776 Thread 'MainThread': missing ScriptRunContext! This warning can be ignored when running in bare mode.
2026-10-03 00:16:00.776 Thread 'MainThread': missing ScriptRunContext! This warning can be ignored when running in bare mode.
2026-10-03 00:16:00.776 Thread 'MainThread': missing ScriptRunContext! This warning can be ignored when running in bare mode.
2026-10-03 00:16:00.776 Thread 'MainThread': missing ScriptRunContext! This warning can be ignored when running in bare mode.
2026-10-03 00:16:00.776 Thread 'MainThread': missing ScriptRunContext! This warning can be ignored when running in bare mode.
2026-10-03 00:16:00.776 Thread 'MainThread': missing ScriptRunContext! This warning can be ignored when running in bare mode.
2026-10-03 00:16:00.776 Thread 'MainThread': missing ScriptRunContext! This warning can be ignored when running in bare mode.
2026-10-03 00:16:00.776 Thread 'MainThread': missing ScriptRunContext! This warning can be ignored when running in bare mode.
2026-10-03 00:16:00.776 Thread 'MainThread': missing ScriptRunContext! This warning can be ignored when running in bare mode.
2026-10-03 00:16:00.776 Thread 'MainThread': missing ScriptRunContext! This warning can be ignored when running in bare mode.
2026-10-03 00:16:00.777 Thread 'MainThread': missing ScriptRunContext! This warning can be ignored when running in bare mode.
2026-10-03 00:16:00.777 Thread 'MainThread': missing ScriptRunContext! This warning can be ignored when running in bare mode.
2026-10-03 00:16:00.777 Thread 'MainThread': missing ScriptRunContext! This warning can be ignored when running in bare mode.
2026-10-03 00:16:00.777 Thread 'MainThread': missing ScriptRunContext! This warning can be ignored when running in bare mode.
2026-10-03 00:16:00.777 Thread 'MainThread': missing ScriptRunContext! This warning can be ignored when running in bare mode.
2026-10-03 00:16:00.777 Thread 'MainThread': missing ScriptRunContext! This warning can be ignored when running in bare mode.
2026-10-03 00:16:00.777 Thread 'MainThread': missing ScriptRunContext! This warning can be ignored when running in bare mode.
2026-10-03 00:16:00.777 Thread 'MainThread': missing ScriptRunContext! This warning can be ignored when running in bare mode.
2026-10-03 00:16:00.777 Thread 'MainThread': missing ScriptRunContext! This warning can be ignored when running in bare mode.
2026-10-03 00:16:00.777 Thread 'MainThread': missing ScriptRunContext! This warning can be ignored when running in bare mode.
2026-10-03 00:16:00.777 Thread 'MainThread': missing ScriptRunContext! This warning can be ignored when running in bare mode.
2026-10-03 00:16:00.777 Thread 'MainThread': missing ScriptRunContext! This warning can be ignored when running in bare mode.
2026-10-03 00:16:00.777 Thread 'MainThread': missing ScriptRunContext! This warning can be ignored when running in bare mode.
2026-10-03 00:16:00.777 Thread 'MainThread': missing ScriptRunContext! This warning can be ignored when running in bare mode.
2026-10-03 00:16:00.777 Thread 'MainThread': missing ScriptRunContext! This warning can be ignored when running in bare mode.
2026-10-03 00:16:00.777 Thread 'MainThread': missing ScriptRunContext! This warning can be ignored when running in bare mode.
2026-10-03 00:16:00.777 Thread 'MainThread': missing ScriptRunContext! This warning can be ignored when running in bare mode.
2026-10-03 00:16:00.777 Thread 'MainThread': missing ScriptRunContext! This warning can be ignored when running in bare mode.
2026-10-03 00:16:00.777 Thread 'MainThread': missing ScriptRunContext! This warning can be ignored when running in bare mode.
2026-10-03 00:16:00.827 Thread 'MainThread': missing ScriptRunContext! This warning can be ignored when running in bare mode.
2026-10-03 00:16:00.829 Thread 'MainThread': missing ScriptRunContext! This warning can be ignored when running in bare mode.
2026-10-03 00:16:00.829 Thread 'MainThread': missing ScriptRunContext! This warning can be ignored when running in bare mode.
2026-10-03 00:16:00.829 Thread 'MainThread': missing ScriptRunContext! This warning can be ignored when running in bare mode.
2026-10-03 00:16:00.830 Thread 'MainThread': missing ScriptRunContext! This warning can be ignored when running in bare mode.
2026-10-03 00:16:00.830 Thread 'MainThread': missing ScriptRunContext! This warning can be ignored when running in bare mode.
2026-10-03 00:16:00.830 Thread 'MainThread': missing ScriptRunContext! This warning can be ignored when running in bare mode.
2026-10-03 00:16:00.830 Thread 'MainThread': missing ScriptRunContext! This warning can be ignored when running in bare mode.
2026-10-03 00:16:00.830 Thread 'MainThread': missing ScriptRunContext! This warning can be ignored when running in bare mode.
2026-10-03 00:16:00.830 Thread 'MainThread': missing ScriptRunContext! This warning can be ignored when running in bare mode.
2026-10-03 00:16:00.830 Thread 'MainThread': missing ScriptRunContext! This warning can be ignored when running in bare mode.
2026-10-03 00:16:00.830 Thread 'MainThread': missing ScriptRunContext! This warning can be ignored when running in bare mode.
2026-10-03 00:16:00.830 Thread 'MainThread': missing ScriptRunContext! This warning can be ignored when running in bare mode.
2026-10-03 00:16:00.830 Thread 'MainThread': missing ScriptRunContext! This warning can be ignored when running in bare mode.
2026-10-03 00:16:00.830 Thread 'MainThread': missing ScriptRunContext! This warning can be ignored when running in bare mode.
2026-10-03 00:16:00.830 Thread 'MainThread': missing ScriptRunContext! This warning can be ignored when running in bare mode.
2026-10-03 00:16:00.830 Thread 'MainThread': missing ScriptRunContext! This warning can be ignored when running in bare mode.
2026-10-03 00:16:00.830 Thread 'MainThread': missing ScriptRunContext! This warning can be ignored when running in bare mode.
2026-10-03 00:16:00.830 Thread 'MainThread': missing ScriptRunContext! This warning can be ignored when running in bare mode.
2026-10-03 00:16:00.830 Thread 'MainThread': missing ScriptRunContext! This warning can be ignored when running in bare mode.
2026-10-03 00:16:00.830 Thread 'MainThread': missing ScriptRunContext! This warning can be ignored when running in bare mode.
2026-10-03 00:16:00.831 Thread 'MainThread': missing ScriptRunContext! This warning can be ignored when running in bare mode.
2026-10-03 00:16:00.831 Thread 'MainThread': missing ScriptRunContext! This warning can be ignored when running in bare mode.
2026-10-03 00:16:00.831 Thread 'MainThread': missing ScriptRunContext! This warning can be ignored when running in bare mode.
2026-10-03 00:16:00.831 Thread 'MainThread': missing ScriptRunContext! This warning can be ignored when running in bare mode.
2026-10-03 00:16:00.831 Thread 'MainThread': missing ScriptRunContext! This warning can be ignored when running in bare mode.
2026-10-03 00:16:00.831 Thread 'MainThread': missing ScriptRunContext! This warning can be ignored when running in bare mode.
2026-10-03 00:16:00.831 Thread 'MainThread': missing ScriptRunContext! This warning can be ignored when running in bare mode.
2026-10-03 00:16:00.831 Thread 'MainThread': missing ScriptRunContext! This warning can be ignored when running in bare mode.
2026-10-03 00:16:00.831 Thread 'MainThread': missing ScriptRunContext! This warning can be ignored when running in bare mode.
2026-10-03 00:16:00.831 Thread 'MainThread': missing ScriptRunContext! This warning can be ignored when running in bare mode.
2026-10-03 00:16:00.831 Thread 'MainThread': missing ScriptRunContext! This warning can be ignored when running in bare mode.
2026-10-03 00:16:00.831 Thread 'MainThread': missing ScriptRunContext! This warning can be ignored when running in bare mode.
2026-10-03 00:16:00.831 Thread 'MainThread': missing ScriptRunContext! This warning can be ignored when running in bare mode.
2026-10-03 00:16:00.831 Thread 'MainThread': missing ScriptRunContext! This warning can be ignored when running in bare mode.
2026-10-03 00:16:00.831 Thread 'MainThread': missing ScriptRunContext! This warning can be ignored when running in bare mode.
2026-10-03 00:16:00.831 Thread 'MainThread': missing ScriptRunContext! This warning can be ignored when running in bare mode.
2026-10-03 00:16:00.832 Thread 'MainThread': missing ScriptRunContext! This warning can be ignored when running in bare mode.
2026-10-03 00:16:00.832 Thread 'MainThread': missing ScriptRunContext! This warning can be ignored when running in bare mode.
2026-10-03 00:16:00.832 Thread 'MainThread': missing ScriptRunContext! This warning can be ignored when running in bare mode.
2026-10-03 00:16:00.832 Thread 'MainThread': missing ScriptRunContext! This warning can be ignored when running in bare mode.
2026-10-03 00:16:00.832 Thread 'MainThread': missing ScriptRunContext! This warning can be ignored when running in bare mode.
2026-10-03 00:16:00.832 Thread 'MainThread': missing ScriptRunContext! This warning can be ignored when running in bare mode.
2026-10-03 00:16:00.832 Thread 'MainThread': missing ScriptRunContext! This warning can be ignored when running in bare mode.
2026-10-03 00:16:00.886 Thread 'MainThread': missing ScriptRunContext! This warning can be ignored when running in bare mode.
2026-10-03 00:16:00.889 Thread 'MainThread': missing ScriptRunContext! This warning can be ignored when running in bare mode.
2026-10-03 00:16:00.889 Thread 'MainThread': missing ScriptRunContext! This warning can be ignored when running in bare mode.
2026-10-03 00:16:00.889 Thread 'MainThread': missing ScriptRunContext! This warning can be ignored when running in bare mode.
2026-10-03 00:16:00.889 Thread 'MainThread': missing ScriptRunContext! This warning can be ignored when running in bare mode.
2026-10-03 00:16:00.889 Thread 'MainThread': missing ScriptRunContext! This warning can be ignored when running in bare mode.
2026-10-03 00:16:00.889 Thread 'MainThread': missing ScriptRunContext! This warning can be ignored when running in bare mode.
2026-10-03 00:16:00.889 Thread 'MainThread': missing ScriptRunContext! This warning can be ignored when running in bare mode.
2026-10-03 00:16:00.889 Thread 'MainThread': missing ScriptRunContext! This warning can be ignored when running in bare mode.
2026-10-03 00:16:00.889 Thread 'MainThread': missing ScriptRunContext! This warning can be ignored when running in bare mode.
2026-10-03 00:16:00.889 Thread 'MainThread': missing ScriptRunContext! This warning can be ignored when running in bare mode.
2026-10-03 00:16:00.889 Thread 'MainThread': missing ScriptRunContext! This warning can be ignored when running in bare mode.
2026-10-03 00:16:00.889 Thread 'MainThread': missing ScriptRunContext! This warning can be ignored when running in bare mode.
2026-10-03 00:16:00.889 Thread 'MainThread': missing ScriptRunContext! This warning can be ignored when running in bare mode.
2026-10-03 00:16:00.889 Thread 'MainThread': missing ScriptRunContext! This warning can be ignored when running in bare mode.
2026-10-03 00:16:00.889 Thread 'MainThread': missing ScriptRunContext! This warning can be ignored when running in bare mode.
2026-10-03 00:16:00.889 Thread 'MainThread': missing ScriptRunContext! This warning can be ignored when running in bare mode.
2026-10-03 00:16:00.889 Thread 'MainThread': missing ScriptRunContext! This warning can be ignored when running in bare mode.
2026-10-03 00:16:00.889 Thread 'MainThread': missing ScriptRunContext! This warning can be ignored when running in bare mode.
2026-10-03 00:16:00.889 Thread 'MainThread': missing ScriptRunContext! This warning can be ignored when running in bare mode.
2026-10-03 00:16:00.889 Thread 'MainThread': missing ScriptRunContext! This warning can be ignored when running in bare mode.
2026-10-03 00:16:00.890 Thread 'MainThread': missing ScriptRunContext! This warning can be ignored when running in bare mode.
2026-10-03 00:16:00.890 Thread 'MainThread': missing ScriptRunContext! This warning can be ignored when running in bare mode.
2026-10-03 00:16:00.890 Thread 'MainThread': missing ScriptRunContext! This warning can be ignored when running in bare mode.
2026-10-03 00:16:00.890 Thread 'MainThread': missing ScriptRunContext! This warning can be ignored when running in bare mode.
2026-10-03 00:16:00.890 Thread 'MainThread': missing ScriptRunContext! This warning can be ignored when running in bare mode.
2026-10-03 00:16:00.890 Thread 'MainThread': missing ScriptRunContext! This warning can be ignored when running in bare mode.
2026-10-03 00:16:00.890 Thread 'MainThread': missing ScriptRunContext! This warning can be ignored when running in bare mode.
2026-10-03 00:16:00.890 Thread 'MainThread': missing ScriptRunContext! This warning can be ignored when running in bare mode.
2026-10-03 00:16:00.890 Thread 'MainThread': missing ScriptRunContext! This warning can be ignored when running in bare mode.
2026-10-03 00:16:00.890 Thread 'MainThread': missing ScriptRunContext! This warning can be ignored when running in bare mode.
2026-10-03 00:16:00.890 Thread 'MainThread': missing ScriptRunContext! This warning can be ignored when running in bare mode.
2026-10-03 00:16:00.890 Thread 'MainThread': missing ScriptRunContext! This warning can be ignored when running in bare mode.
2026-10-03 00:16:00.890 Thread 'MainThread': missing ScriptRunContext! This warning can be ignored when running in bare mode.
2026-10-03 00:16:00.890 Thread 'MainThread': missing ScriptRunContext! This warning can be ignored when running in bare mode.
2026-10-03 00:16:00.890 Thread 'MainThread': missing ScriptRunContext! This warning can be ignored when running in bare mode.
2026-10-03 00:16:00.890 Thread 'MainThread': missing ScriptRunContext! This warning can be ignored when running in bare mode.
2026-10-03 00:16:00.890 Thread 'MainThread': missing ScriptRunContext! This warning can be ignored when running in bare mode.
2026-10-03 00:16:00.890 Thread 'MainThread': missing ScriptRunContext! This warning can be ignored when running in bare mode.
2026-10-03 00:16:00.890 Thread 'MainThread': missing ScriptRunContext! This warning can be ignored when running in bare mode.
2026-10-03 00:16:00.890 Thread 'MainThread': missing ScriptRunContext! This warning can be ignored when running in bare mode.
2026-10-03 00:16:00.890 Thread 'MainThread': missing ScriptRunContext! This warning can be ignored when running in bare mode.
2026-10-03 00:16:00.890 Thread 'MainThread': missing ScriptRunContext! This warning can be ignored when running in bare mode.
2026-10-03 00:16:00.890 Thread 'MainThread': missing ScriptRunContext! This warning can be ignored when running in bare mode.
2026-10-03 00:16:03.346 Thread 'MainThread': missing ScriptRunContext! This warning can be ignored when running in bare mode.
2026-10-03 00:16:03.346 Thread 'MainThread': missing ScriptRunContext! This warning can be ignored when running in bare mode.
2026-10-03 00:16:03.346 Thread 'MainThread': missing ScriptRunContext! This warning can be ignored when running in bare mode.
2026-10-03 00:16:03.346 Thread 'MainThread': missing ScriptRunContext! This warning can be ignored when running in bare mode.
2026-10-03 00:16:03.346 Thread 'MainThread': missing ScriptRunContext! This warning can be ignored when running in bare mode.
2026-10-03 00:16:03.346 Thread 'MainThread': missing ScriptRunContext! This warning can be ignored when running in bare mode.
2026-10-03 00:16:03.346 Thread 'MainThread': missing ScriptRunContext! This warning can be ignored when running in bare mode.
2026-10-03 00:16:04.045 Thread 'MainThread': missing ScriptRunContext! This warning can be ignored when running in bare mode.
2026-10-03 00:16:04.048 Thread 'MainThread': missing ScriptRunContext! This warning can be ignored when running in bare mode.
2026-10-03 00:16:04.048 Thread 'MainThread': missing ScriptRunContext! This warning can be ignored when running in bare mode.
2026-10-03 00:16:04.048 Thread 'MainThread': missing ScriptRunContext! This warning can be ignored when running in bare mode.
2026-10-03 00:16:04.048 Thread 'MainThread': missing ScriptRunContext! This warning can be ignored when running in bare mode.
2026-10-03 00:16:04.048 Thread 'MainThread': missing ScriptRunContext! This warning can be ignored when running in bare mode.
2026-10-03 00:16:04.048 Thread 'MainThread': missing ScriptRunContext! This warning can be ignored when running in bare mode.
2026-10-03 00:16:04.048 Thread 'MainThread': missing ScriptRunContext! This warning can be ignored when running in bare mode.
2026-10-03 00:16:04.725 Thread 'MainThread': missing ScriptRunContext! This warning can be ignored when running in bare mode.
2026-10-03 00:16:04.729 Thread 'MainThread': missing ScriptRunContext! This warning can be ignored when running in bare mode.
2026-10-03 00:16:04.729 Thread 'MainThread': missing ScriptRunContext! This warning can be ignored when running in bare mode.
2026-10-03 00:16:04.729 Thread 'MainThread': missing ScriptRunContext! This warning can be ignored when running in bare mode.
2026-10-03 00:16:04.729 Thread 'MainThread': missing ScriptRunContext! This warning can be ignored when running in bare mode.
2026-10-03 00:16:04.729 Thread 'MainThread': missing ScriptRunContext! This warning can be ignored when running in bare mode.
2026-10-03 00:16:04.729 Thread 'MainThread': missing ScriptRunContext! This warning can be ignored when running in bare mode.
2026-10-03 00:16:04.730 Thread 'MainThread': missing ScriptRunContext! This warning can be ignored when running in bare mode.
2026-10-03 00:16:05.536 Thread 'MainThread': missing ScriptRunContext! This warning can be ignored when running in bare mode.
2026-10-03 00:16:05.542 Thread 'MainThread': missing ScriptRunContext! This warning can be ignored when running in bare mode.
2026-10-03 00:16:05.542 Thread 'MainThread': missing ScriptRunContext! This warning can be ignored when running in bare mode.
2026-10-03 00:16:05.542 Thread 'MainThread': missing ScriptRunContext! This warning can be ignored when running in bare mode.
2026-10-03 00:16:05.542 Thread 'MainThread': missing ScriptRunContext! This warning can be ignored when running in bare mode.
2026-10-03 00:16:05.542 Thread 'MainThread': missing ScriptRunContext! This warning can be ignored when running in bare mode.
2026-10-03 00:16:05.542 Thread 'MainThread': missing ScriptRunContext! This warning can be ignored when running in bare mode.
2026-10-03 00:16:05.543 Thread 'MainThread': missing ScriptRunContext! This warning can be ignored when running in bare mode.
2026-10-03 00:16:06.230 Thread 'MainThread': missing ScriptRunContext! This warning can be ignored when running in bare mode.
2026-10-03 00:16:06.232 Thread 'MainThread': missing ScriptRunContext! This warning can be ignored when running in bare mode.
2026-10-03 00:16:06.233 Thread 'MainThread': missing ScriptRunContext! This warning can be ignored when running in bare mode.
2026-10-03 00:16:06.233 Thread 'MainThread': missing ScriptRunContext! This warning can be ignored when running in bare mode.
2026-10-03 00:16:06.233 Thread 'MainThread': missing ScriptRunContext! This warning can be ignored when running in bare mode.
2026-10-03 00:16:06.233 Thread 'MainThread': missing ScriptRunContext! This warning can be ignored when running in bare mode.
2026-10-03 00:16:06.233 Thread 'MainThread': missing ScriptRunContext! This warning can be ignored when running in bare mode.
2026-10-03 00:16:06.233 Thread 'MainThread': missing ScriptRunContext! This warning can be ignored when running in bare mode.
2026-10-03 00:16:06.971 Thread 'MainThread': missing ScriptRunContext! This warning can be ignored when running in bare mode.
2026-10-03 00:16:06.975 Thread 'MainThread': missing ScriptRunContext! This warning can be ignored when running in bare mode.
2026-10-03 00:16:06.975 Thread 'MainThread': missing ScriptRunContext! This warning can be ignored when running in bare mode.
2026-10-03 00:16:06.975 Thread 'MainThread': missing ScriptRunContext! This warning can be ignored when running in bare mode.
2026-10-03 00:16:06.975 Thread 'MainThread': missing ScriptRunContext! This warning can be ignored when running in bare mode.
2026-10-03 00:16:06.975 Thread 'MainThread': missing ScriptRunContext! This warning can be ignored when running in bare mode.
2026-10-03 00:16:06.975 Thread 'MainThread': missing ScriptRunContext! This warning can be ignored when running in bare mode.
2026-10-03 00:16:06.975 Thread 'MainThread': missing ScriptRunContext! This warning can be ignored when running in bare mode.
2026-10-03 00:16:07.586 Thread 'MainThread': missing ScriptRunContext! This warning can be ignored when running in bare mode.
2026-10-03 00:16:07.586 Thread 'MainThread': missing ScriptRunContext! This warning can be ignored when running in bare mode.
2026-10-03 00:16:08.003 Please replace `use_container_width` with `width`.

`use_container_width` will be removed after 2025-12-31.

For `use_container_width=True`, use `width='stretch'`. For `use_container_width=False`, use `width='content'`.
2026-10-03 00:16:08.015 Thread 'MainThread': missing ScriptRunContext! This warning can be ignored when running in bare mode.
2026-10-03 00:16:08.015 Thread 'MainThread': missing ScriptRunContext! This warning can be ignored when running in bare mode.
2026-10-03 00:16:08.202 Thread 'MainThread': missing ScriptRunContext! This warning can be ignored when running in bare mode.
2026-10-03 00:16:08.203 Thread 'MainThread': missing ScriptRunContext! This warning can be ignored when running in bare mode.
2026-10-03 00:16:08.203 Thread 'MainThread': missing ScriptRunContext! This warning can be ignored when running in bare mode.
2026-10-03 00:16:08.203 Thread 'MainThread': missing ScriptRunContext! This warning can be ignored when running in bare mode.
2026-10-03 00:16:08.203 Thread 'MainThread': missing ScriptRunContext! This warning can be ignored when running in bare mode.
2026-10-03 00:16:08.203 Thread 'MainThread': missing ScriptRunContext! This warning can be ignored when running in bare mode.
2026-10-03 00:16:08.203 Thread 'MainThread': missing ScriptRunContext! This warning can be ignored when running in bare mode.
2026-10-03 00:16:08.843 Thread 'MainThread': missing ScriptRunContext! This warning can be ignored when running in bare mode.
2026-10-03 00:16:10.502 Thread 'MainThread': missing ScriptRunContext! This warning can be ignored when running in bare mode.
2026-10-03 00:16:10.505 Thread 'MainThread': missing ScriptRunContext! This warning can be ignored when running in bare mode.
2026-10-03 00:16:10.505 Thread 'MainThread': missing ScriptRunContext! This warning can be ignored when running in bare mode.
2026-10-03 00:16:10.505 Thread 'MainThread': missing ScriptRunContext! This warning can be ignored when running in bare mode.
2026-10-03 00:16:10.505 Thread 'MainThread': missing ScriptRunContext! This warning can be ignored when running in bare mode.
2026-10-03 00:16:10.505 Thread 'MainThread': missing ScriptRunContext! This warning can be ignored when running in bare mode.
2026-10-03 00:16:10.505 Thread 'MainThread': missing ScriptRunContext! This warning can be ignored when running in bare mode.
2026-10-03 00:16:10.505 Thread 'MainThread': missing ScriptRunContext! This warning can be ignored when running in bare mode.
2026-10-03 00:16:10.505 Thread 'MainThread': missing ScriptRunContext! This warning can be ignored when running in bare mode.
2026-10-03 00:16:10.505 Thread 'MainThread': missing ScriptRunContext! This warning can be ignored when running in bare mode.
2026-10-03 00:16:10.505 Thread 'MainThread': missing ScriptRunContext! This warning can be ignored when running in bare mode.
2026-10-03 00:16:10.505 Thread 'MainThread': missing ScriptRunContext! This warning can be ignored when running in bare mode.
2026-10-03 00:16:10.506 Thread 'MainThread': missing ScriptRunContext! This warning can be ignored when running in bare mode.
2026-10-03 00:16:10.506 Thread 'MainThread': missing ScriptRunContext! This warning can be ignored when running in bare mode.
2026-10-03 00:16:10.506 Thread 'MainThread': missing ScriptRunContext! This warning can be ignored when running in bare mode.
2026-10-03 00:16:10.506 Thread 'MainThread': missing ScriptRunContext! This warning can be ignored when running in bare mode.
2026-10-03 00:16:10.506 Thread 'MainThread': missing ScriptRunContext! This warning can be ignored when running in bare mode.
2026-10-03 00:16:10.506 Thread 'MainThread': missing ScriptRunContext! This warning can be ignored when running in bare mode.
2026-10-03 00:16:10.506 Thread 'MainThread': missing ScriptRunContext! This warning can be ignored when running in bare mode.
2026-10-03 00:16:10.506 Thread 'MainThread': missing ScriptRunContext! This warning can be ignored when running in bare mode.
2026-10-03 00:16:10.506 Thread 'MainThread': missing ScriptRunContext! This warning can be ignored when running in bare mode.
2026-10-03 00:16:10.506 Thread 'MainThread': missing ScriptRunContext! This warning can be ignored when running in bare mode.
2026-10-03 00:16:10.506 Thread 'MainThread': missing ScriptRunContext! This warning can be ignored when running in bare mode.
2026-10-03 00:16:10.506 Thread 'MainThread': missing ScriptRunContext! This warning can be ignored when running in bare mode.
2026-10-03 00:16:10.506 Thread 'MainThread': missing ScriptRunContext! This warning can be ignored when running in bare mode.
2026-10-03 00:16:10.507 Thread 'MainThread': missing ScriptRunContext! This warning can be ignored when running in bare mode.
2026-10-03 00:16:10.507 Thread 'MainThread': missing ScriptRunContext! This warning can be ignored when running in bare mode.
2026-10-03 00:16:10.507 Thread 'MainThread': missing ScriptRunContext! This warning can be ignored when running in bare mode.
2026-10-03 00:16:10.507 Thread 'MainThread': missing ScriptRunContext! This warning can be ignored when running in bare mode.
2026-10-03 00:16:10.507 Thread 'MainThread': missing ScriptRunContext! This warning can be ignored when running in bare mode.
2026-10-03 00:16:10.507 Thread 'MainThread': missing ScriptRunContext! This warning can be ignored when running in bare mode.
2026-10-03 00:16:10.507 Thread 'MainThread': missing ScriptRunContext! This warning can be ignored when running in bare mode.
2026-10-03 00:16:10.507 Thread 'MainThread': missing ScriptRunContext! This warning can be ignored when running in bare mode.
2026-10-03 00:16:10.507 Thread 'MainThread': missing ScriptRunContext! This warning can be ignored when running in bare mode.
2026-10-03 00:16:10.507 Thread 'MainThread': missing ScriptRunContext! This warning can be ignored when running in bare mode.
2026-10-03 00:16:10.507 Thread 'MainThread': missing ScriptRunContext! This warning can be ignored when running in bare mode.
2026-10-03 00:16:10.507 Thread 'MainThread': missing ScriptRunContext! This warning can be ignored when running in bare mode.
2026-10-03 00:16:10.507 Thread 'MainThread': missing ScriptRunContext! This warning can be ignored when running in bare mode.
2026-10-03 00:16:10.507 Thread 'MainThread': missing ScriptRunContext! This warning can be ignored when running in bare mode.
2026-10-03 00:16:10.507 Thread 'MainThread': missing ScriptRunContext! This warning can be ignored when running in bare mode.
2026-10-03 00:16:10.507 Thread 'MainThread': missing ScriptRunContext! This warning can be ignored when running in bare mode.
2026-10-03 00:16:10.507 Thread 'MainThread': missing ScriptRunContext! This warning can be ignored when running in bare mode.
2026-10-03 00:16:10.507 Thread 'MainThread': missing ScriptRunContext! This warning can be ignored when running in bare mode.
2026-10-03 00:16:10.507 Thread 'MainThread': missing ScriptRunContext! This warning can be ignored when running in bare mode.
2026-10-03 00:16:11.173 Thread 'MainThread': missing ScriptRunContext! This warning can be ignored when running in bare mode.
2026-10-03 00:16:11.173 Thread 'MainThread': missing ScriptRunContext! This warning can be ignored when running in bare mode.
2026-10-03 00:16:11.173 Thread 'MainThread': missing ScriptRunContext! This warning can be ignored when running in bare mode.
2026-10-03 00:16:11.173 Thread 'MainThread': missing ScriptRunContext! This warning can be ignored when running in bare mode.
2026-10-03 00:16:11.173 Thread 'MainThread': missing ScriptRunContext! This warning can be ignored when running in bare mode.
2026-10-03 00:16:11.173 Thread 'MainThread': missing ScriptRunContext! This warning can be ignored when running in bare mode.
2026-10-03 00:16:11.173 Thread 'MainThread': missing ScriptRunContext! This warning can be ignored when running in bare mode.
2026-10-03 00:16:11.802 Thread 'MainThread': missing ScriptRunContext! This warning can be ignored when running in bare mode.
2026-10-03 00:16:11.802 Thread 'MainThread': missing ScriptRunContext! This warning can be ignored when running in bare mode.
2026-10-03 00:16:12.080 Please replace `use_container_width` with `width`.

`use_container_width` will be removed after 2025-12-31.

For `use_container_width=True`, use `width='stretch'`. For `use_container_width=False`, use `width='content'`.
2026-10-03 00:16:12.092 Thread 'MainThread': missing ScriptRunContext! This warning can be ignored when running in bare mode.
2026-10-03 00:16:12.092 Thread 'MainThread': missing ScriptRunContext! This warning can be ignored when running in bare mode.
2026-10-03 00:16:12.344 Please replace `use_container_width` with `width`.

`use_container_width` will be removed after 2025-12-31.

For `use_container_width=True`, use `width='stretch'`. For `use_container_width=False`, use `width='content'`.
2026-10-03 00:16:12.364 Thread 'MainThread': missing ScriptRunContext! This warning can be ignored when running in bare mode.
2026-10-03 00:16:12.364 Thread 'MainThread': missing ScriptRunContext! This warning can be ignored when running in bare mode.
2026-10-03 00:16:12.625 Please replace `use_container_width` with `width`.

`use_container_width` will be removed after 2025-12-31.

For `use_container_width=True`, use `width='stretch'`. For `use_container_width=False`, use `width='content'`.
2026-10-03 00:16:12.644 Thread 'MainThread': missing ScriptRunContext! This warning can be ignored when running in bare mode.
2026-10-03 00:16:12.647 Thread 'MainThread': missing ScriptRunContext! This warning can be ignored when running in bare mode.
2026-10-03 00:16:12.647 Thread 'MainThread': missing ScriptRunContext! This warning can be ignored when running in bare mode.
2026-10-03 00:16:12.647 Thread 'MainThread': missing ScriptRunContext! This warning can be ignored when running in bare mode.
2026-10-03 00:16:12.647 Thread 'MainThread': missing ScriptRunContext! This warning can be ignored when running in bare mode.
2026-10-03 00:16:12.647 Thread 'MainThread': missing ScriptRunContext! This warning can be ignored when running in bare mode.
2026-10-03 00:16:12.647 Thread 'MainThread': missing ScriptRunContext! This warning can be ignored when running in bare mode.
2026-10-03 00:16:12.647 Thread 'MainThread': missing ScriptRunContext! This warning can be ignored when running in bare mode.
2026-10-03 00:16:12.647 Thread 'MainThread': missing ScriptRunContext! This warning can be ignored when running in bare mode.
2026-10-03 00:16:12.647 Thread 'MainThread': missing ScriptRunContext! This warning can be ignored when running in bare mode.
2026-10-03 00:16:12.647 Thread 'MainThread': missing ScriptRunContext! This warning can be ignored when running in bare mode.
2026-10-03 00:16:12.647 Thread 'MainThread': missing ScriptRunContext! This warning can be ignored when running in bare mode.
2026-10-03 00:16:12.647 Thread 'MainThread': missing ScriptRunContext! This warning can be ignored when running in bare mode.
2026-10-03 00:16:12.647 Thread 'MainThread': missing ScriptRunContext! This warning can be ignored when running in bare mode.
2026-10-03 00:16:12.647 Thread 'MainThread': missing ScriptRunContext! This warning can be ignored when running in bare mode.
2026-10-03 00:16:12.648 Thread 'MainThread': missing ScriptRunContext! This warning can be ignored when running in bare mode.
2026-10-03 00:16:12.648 Thread 'MainThread': missing ScriptRunContext! This warning can be ignored when running in bare mode.
2026-10-03 00:16:12.648 Thread 'MainThread': missing ScriptRunContext! This warning can be ignored when running in bare mode.
2026-10-03 00:16:12.648 Thread 'MainThread': missing ScriptRunContext! This warning can be ignored when running in bare mode.
2026-10-03 00:16:12.648 Thread 'MainThread': missing ScriptRunContext! This warning can be ignored when running in bare mode.
2026-10-03 00:16:12.648 Thread 'MainThread': missing ScriptRunContext! This warning can be ignored when running in bare mode.
2026-10-03 00:16:12.648 Thread 'MainThread': missing ScriptRunContext! This warning can be ignored when running in bare mode.
2026-10-03 00:16:12.648 Thread 'MainThread': missing ScriptRunContext! This warning can be ignored when running in bare mode.
2026-10-03 00:16:12.648 Thread 'MainThread': missing ScriptRunContext! This warning can be ignored when running in bare mode.
2026-10-03 00:16:12.648 Thread 'MainThread': missing ScriptRunContext! This warning can be ignored when running in bare mode.
2026-10-03 00:16:12.648 Thread 'MainThread': missing ScriptRunContext! This warning can be ignored when running in bare mode.
2026-10-03 00:16:12.648 Thread 'MainThread': missing ScriptRunContext! This warning can be ignored when running in bare mode.
2026-10-03 00:16:12.648 Thread 'MainThread': missing ScriptRunContext! This warning can be ignored when running in bare mode.
2026-10-03 00:16:12.648 Thread 'MainThread': missing ScriptRunContext! This warning can be ignored when running in bare mode.
2026-10-03 00:16:12.648 Thread 'MainThread': missing ScriptRunContext! This warning can be ignored when running in bare mode.
2026-10-03 00:16:12.648 Thread 'MainThread': missing ScriptRunContext! This warning can be ignored when running in bare mode.
2026-10-03 00:16:12.649 Thread 'MainThread': missing ScriptRunContext! This warning can be ignored when running in bare mode.
2026-10-03 00:16:12.649 Thread 'MainThread': missing ScriptRunContext! This warning can be ignored when running in bare mode.
2026-10-03 00:16:12.649 Thread 'MainThread': missing ScriptRunContext! This warning can be ignored when running in bare mode.
2026-10-03 00:16:12.649 Thread 'MainThread': missing ScriptRunContext! This warning can be ignored when running in bare mode.
2026-10-03 00:16:12.649 Thread 'MainThread': missing ScriptRunContext! This warning can be ignored when running in bare mode.
2026-10-03 00:16:12.649 Thread 'MainThread': missing ScriptRunContext! This warning can be ignored when running in bare mode.
2026-10-03 00:16:12.649 Thread 'MainThread': missing ScriptRunContext! This warning can be ignored when running in bare mode.
2026-10-03 00:16:12.649 Thread 'MainThread': missing ScriptRunContext! This warning can be ignored when running in bare mode.
2026-10-03 00:16:12.649 Thread 'MainThread': missing ScriptRunContext! This warning can be ignored when running in bare mode.
2026-10-03 00:16:12.649 Thread 'MainThread': missing ScriptRunContext! This warning can be ignored when running in bare mode.
2026-10-03 00:16:12.649 Thread 'MainThread': missing ScriptRunContext! This warning can be ignored when running in bare mode.
2026-10-03 00:16:12.649 Thread 'MainThread': missing ScriptRunContext! This warning can be ignored when running in bare mode.
2026-10-03 00:16:12.649 Thread 'MainThread': missing ScriptRunContext! This warning can be ignored when running in bare mode.
2026-10-03 00:16:12.657 Thread 'MainThread': missing ScriptRunContext! This warning can be ignored when running in bare mode.
2026-10-03 00:16:12.657 Thread 'MainThread': missing ScriptRunContext! This warning can be ignored when running in bare mode.
2026-10-03 00:16:12.657 Thread 'MainThread': missing ScriptRunContext! This warning can be ignored when running in bare mode.
2026-10-03 00:16:12.657 Thread 'MainThread': missing ScriptRunContext! This warning can be ignored when running in bare mode.
2026-10-03 00:16:12.657 Thread 'MainThread': missing ScriptRunContext! This warning can be ignored when running in bare mode.
2026-10-03 00:16:12.657 Thread 'MainThread': missing ScriptRunContext! This warning can be ignored when running in bare mode.
2026-10-03 00:16:12.657 Thread 'MainThread': missing ScriptRunContext! This warning can be ignored when running in bare mode.
2026-10-03 00:16:13.262 Thread 'MainThread': missing ScriptRunContext! This warning can be ignored when running in bare mode.
2026-10-03 00:16:13.262 Thread 'MainThread': missing ScriptRunContext! This warning can be ignored when running in bare mode.
2026-10-03 00:16:13.475 Thread 'MainThread': missing ScriptRunContext! This warning can be ignored when running in bare mode.
2026-10-03 00:16:13.475 Thread 'MainThread': missing ScriptRunContext! This warning can be ignored when running in bare mode.
2026-10-03 00:16:13.661 Thread 'MainThread': missing ScriptRunContext! This warning can be ignored when running in bare mode.
2026-10-03 00:16:13.661 Thread 'MainThread': missing ScriptRunContext! This warning can be ignored when running in bare mode.
2026-10-03 00:16:13.661 Thread 'MainThread': missing ScriptRunContext! This warning can be ignored when running in bare mode.
2026-10-03 00:16:13.661 Thread 'MainThread': missing ScriptRunContext! This warning can be ignored when running in bare mode.
2026-10-03 00:16:13.661 Thread 'MainThread': missing ScriptRunContext! This warning can be ignored when running in bare mode.
2026-10-03 00:16:13.661 Thread 'MainThread': missing ScriptRunContext! This warning can be ignored when running in bare mode.
2026-10-03 00:16:13.661 Thread 'MainThread': missing ScriptRunContext! This warning can be ignored when running in bare mode.
2026-10-03 00:16:14.265 Thread 'MainThread': missing ScriptRunContext! This warning can be ignored when running in bare mode.
2026-10-03 00:16:14.265 Thread 'MainThread': missing ScriptRunContext! This warning can be ignored when running in bare mode.
2026-10-03 00:16:14.746 Please replace `use_container_width` with `width`.

`use_container_width` will be removed after 2025-12-31.

For `use_container_width=True`, use `width='stretch'`. For `use_container_width=False`, use `width='content'`.
2026-10-03 00:16:14.762 Thread 'MainThread': missing ScriptRunContext! This warning can be ignored when running in bare mode.
2026-10-03 00:16:14.766 Thread 'MainThread': missing ScriptRunContext! This warning can be ignored when running in bare mode.
2026-10-03 00:16:14.766 Thread 'MainThread': missing ScriptRunContext! This warning can be ignored when running in bare mode.
2026-10-03 00:16:14.766 Thread 'MainThread': missing ScriptRunContext! This warning can be ignored when running in bare mode.
2026-10-03 00:16:14.766 Thread 'MainThread': missing ScriptRunContext! This warning can be ignored when running in bare mode.
2026-10-03 00:16:14.766 Thread 'MainThread': missing ScriptRunContext! This warning can be ignored when running in bare mode.
2026-10-03 00:16:14.766 Thread 'MainThread': missing ScriptRunContext! This warning can be ignored when running in bare mode.
2026-10-03 00:16:14.766 Thread 'MainThread': missing ScriptRunContext! This warning can be ignored when running in bare mode.
2026-10-03 00:16:14.766 Thread 'MainThread': missing ScriptRunContext! This warning can be ignored when running in bare mode.
2026-10-03 00:16:14.766 Thread 'MainThread': missing ScriptRunContext! This warning can be ignored when running in bare mode.
2026-10-03 00:16:14.767 Thread 'MainThread': missing ScriptRunContext! This warning can be ignored when running in bare mode.
2026-10-03 00:16:14.767 Thread 'MainThread': missing ScriptRunContext! This warning can be ignored when running in bare mode.
2026-10-03 00:16:14.767 Thread 'MainThread': missing ScriptRunContext! This warning can be ignored when running in bare mode.
2026-10-03 00:16:14.767 Thread 'MainThread': missing ScriptRunContext! This warning can be ignored when running in bare mode.
2026-10-03 00:16:14.767 Thread 'MainThread': missing ScriptRunContext! This warning can be ignored when running in bare mode.
2026-10-03 00:16:14.767 Thread 'MainThread': missing ScriptRunContext! This warning can be ignored when running in bare mode.
2026-10-03 00:16:14.767 Thread 'MainThread': missing ScriptRunContext! This warning can be ignored when running in bare mode.
2026-10-03 00:16:14.767 Thread 'MainThread': missing ScriptRunContext! This warning can be ignored when running in bare mode.
2026-10-03 00:16:14.767 Thread 'MainThread': missing ScriptRunContext! This warning can be ignored when running in bare mode.
2026-10-03 00:16:14.767 Thread 'MainThread': missing ScriptRunContext! This warning can be ignored when running in bare mode.
2026-10-03 00:16:14.767 Thread 'MainThread': missing ScriptRunContext! This warning can be ignored when running in bare mode.
2026-10-03 00:16:14.767 Thread 'MainThread': missing ScriptRunContext! This warning can be ignored when running in bare mode.
2026-10-03 00:16:14.767 Thread 'MainThread': missing ScriptRunContext! This warning can be ignored when running in bare mode.
2026-10-03 00:16:14.767 Thread 'MainThread': missing ScriptRunContext! This warning can be ignored when running in bare mode.
2026-10-03 00:16:14.767 Thread 'MainThread': missing ScriptRunContext! This warning can be ignored when running in bare mode.
2026-10-03 00:16:14.768 Thread 'MainThread': missing ScriptRunContext! This warning can be ignored when running in bare mode.
2026-10-03 00:16:14.768 Thread 'MainThread': missing ScriptRunContext! This warning can be ignored when running in bare mode.
2026-10-03 00:16:14.768 Thread 'MainThread': missing ScriptRunContext! This warning can be ignored when running in bare mode.
2026-10-03 00:16:14.768 Thread 'MainThread': missing ScriptRunContext! This warning can be ignored when running in bare mode.
2026-10-03 00:16:14.768 Thread 'MainThread': missing ScriptRunContext! This warning can be ignored when running in bare mode.
2026-10-03 00:16:14.768 Thread 'MainThread': missing ScriptRunContext! This warning can be ignored when running in bare mode.
2026-10-03 00:16:14.768 Thread 'MainThread': missing ScriptRunContext! This warning can be ignored when running in bare mode.
2026-10-03 00:16:14.768 Thread 'MainThread': missing ScriptRunContext! This warning can be ignored when running in bare mode.
2026-10-03 00:16:14.768 Thread 'MainThread': missing ScriptRunContext! This warning can be ignored when running in bare mode.
2026-10-03 00:16:14.768 Thread 'MainThread': missing ScriptRunContext! This warning can be ignored when running in bare mode.
2026-10-03 00:16:14.768 Thread 'MainThread': missing ScriptRunContext! This warning can be ignored when running in bare mode.
2026-10-03 00:16:14.768 Thread 'MainThread': missing ScriptRunContext! This warning can be ignored when running in bare mode.
2026-10-03 00:16:14.768 Thread 'MainThread': missing ScriptRunContext! This warning can be ignored when running in bare mode.
2026-10-03 00:16:14.768 Thread 'MainThread': missing ScriptRunContext! This warning can be ignored when running in bare mode.
2026-10-03 00:16:14.768 Thread 'MainThread': missing ScriptRunContext! This warning can be ignored when running in bare mode.
2026-10-03 00:16:14.768 Thread 'MainThread': missing ScriptRunContext! This warning can be ignored when running in bare mode.
2026-10-03 00:16:14.768 Thread 'MainThread': missing ScriptRunContext! This warning can be ignored when running in bare mode.
2026-10-03 00:16:14.768 Thread 'MainThread': missing ScriptRunContext! This warning can be ignored when running in bare mode.
2026-10-03 00:16:14.768 Thread 'MainThread': missing ScriptRunContext! This warning can be ignored when running in bare mode.
2026-10-03 00:16:14.777 Thread 'MainThread': missing ScriptRunContext! This warning can be ignored when running in bare mode.
2026-10-03 00:16:14.777 Thread 'MainThread': missing ScriptRunContext! This warning can be ignored when running in bare mode.
2026-10-03 00:16:14.777 Thread 'MainThread': missing ScriptRunContext! This warning can be ignored when running in bare mode.
2026-10-03 00:16:14.777 Thread 'MainThread': missing ScriptRunContext! This warning can be ignored when running in bare mode.
2026-10-03 00:16:14.777 Thread 'MainThread': missing ScriptRunContext! This warning can be ignored when running in bare mode.
2026-10-03 00:16:14.777 Thread 'MainThread': missing ScriptRunContext! This warning can be ignored when running in bare mode.
2026-10-03 00:16:14.777 Thread 'MainThread': missing ScriptRunContext! This warning can be ignored when running in bare mode.
2026-10-03 00:16:14.777 Thread 'MainThread': missing ScriptRunContext! This warning can be ignored when running in bare mode.
2026-10-03 00:16:14.777 Thread 'MainThread': missing ScriptRunContext! This warning can be ignored when running in bare mode.
2026-10-03 00:16:15.386 Thread 'MainThread': missing ScriptRunContext! This warning can be ignored when running in bare mode.
2026-10-03 00:16:15.386 Thread 'MainThread': missing ScriptRunContext! This warning can be ignored when running in bare mode.
2026-10-03 00:16:15.805 Please replace `use_container_width` with `width`.

`use_container_width` will be removed after 2025-12-31.

For `use_container_width=True`, use `width='stretch'`. For `use_container_width=False`, use `width='content'`.
2026-10-03 00:16:15.947 Thread 'MainThread': missing ScriptRunContext! This warning can be ignored when running in bare mode.
2026-10-03 00:16:15.948 Thread 'MainThread': missing ScriptRunContext! This warning can be ignored when running in bare mode.
2026-10-03 00:16:15.948 Thread 'MainThread': missing ScriptRunContext! This warning can be ignored when running in bare mode.
2026-10-03 00:16:15.948 Thread 'MainThread': missing ScriptRunContext! This warning can be ignored when running in bare mode.
2026-10-03 00:16:15.948 Thread 'MainThread': missing ScriptRunContext! This warning can be ignored when running in bare mode.
2026-10-03 00:16:15.948 Thread 'MainThread': missing ScriptRunContext! This warning can be ignored when running in bare mode.
2026-10-03 00:16:15.948 Thread 'MainThread': missing ScriptRunContext! This warning can be ignored when running in bare mode.
2026-10-03 00:16:15.948 Thread 'MainThread': missing ScriptRunContext! This warning can be ignored when running in bare mode.
2026-10-03 00:16:15.948 Thread 'MainThread': missing ScriptRunContext! This warning can be ignored when running in bare mode.
2026-10-03 00:16:15.948 Thread 'MainThread': missing ScriptRunContext! This warning can be ignored when running in bare mode.
2026-10-03 00:16:15.948 Thread 'MainThread': missing ScriptRunContext! This warning can be ignored when running in bare mode.
2026-10-03 00:16:15.949 Thread 'MainThread': missing ScriptRunContext! This warning can be ignored when running in bare mode.
2026-10-03 00:16:15.949 Thread 'MainThread': missing ScriptRunContext! This warning can be ignored when running in bare mode.
2026-10-03 00:16:15.949 Thread 'MainThread': missing ScriptRunContext! This warning can be ignored when running in bare mode.
2026-10-03 00:16:15.949 Thread 'MainThread': missing ScriptRunContext! This warning can be ignored when running in bare mode.
2026-10-03 00:16:15.949 Thread 'MainThread': missing ScriptRunContext! This warning can be ignored when running in bare mode.
2026-10-03 00:16:15.949 Thread 'MainThread': missing ScriptRunContext! This warning can be ignored when running in bare mode.
2026-10-03 00:16:15.949 Thread 'MainThread': missing ScriptRunContext! This warning can be ignored when running in bare mode.
2026-10-03 00:16:15.949 Thread 'MainThread': missing ScriptRunContext! This warning can be ignored when running in bare mode.
2026-10-03 00:16:15.949 Thread 'MainThread': missing ScriptRunContext! This warning can be ignored when running in bare mode.
2026-10-03 00:16:15.949 Thread 'MainThread': missing ScriptRunContext! This warning can be ignored when running in bare mode.
2026-10-03 00:16:15.949 Thread 'MainThread': missing ScriptRunContext! This warning can be ignored when running in bare mode.
2026-10-03 00:16:15.949 Thread 'MainThread': missing ScriptRunContext! This warning can be ignored when running in bare mode.
2026-10-03 00:16:15.949 Thread 'MainThread': missing ScriptRunContext! This warning can be ignored when running in bare mode.
2026-10-03 00:16:15.949 Thread 'MainThread': missing ScriptRunContext! This warning can be ignored when running in bare mode.
2026-10-03 00:16:15.949 Thread 'MainThread': missing ScriptRunContext! This warning can be ignored when running in bare mode.
2026-10-03 00:16:15.949 Thread 'MainThread': missing ScriptRunContext! This warning can be ignored when running in bare mode.
2026-10-03 00:16:15.950 Thread 'MainThread': missing ScriptRunContext! This warning can be ignored when running in bare mode.
2026-10-03 00:16:15.950 Thread 'MainThread': missing ScriptRunContext! This warning can be ignored when running in bare mode.
2026-10-03 00:16:15.950 Thread 'MainThread': missing ScriptRunContext! This warning can be ignored when running in bare mode.
2026-10-03 00:16:15.950 Thread 'MainThread': missing ScriptRunContext! This warning can be ignored when running in bare mode.
2026-10-03 00:16:15.950 Thread 'MainThread': missing ScriptRunContext! This warning can be ignored when running in bare mode.
2026-10-03 00:16:15.950 Thread 'MainThread': missing ScriptRunContext! This warning can be ignored when running in bare mode.
2026-10-03 00:16:15.950 Thread 'MainThread': missing ScriptRunContext! This warning can be ignored when running in bare mode.
2026-10-03 00:16:15.950 Thread 'MainThread': missing ScriptRunContext! This warning can be ignored when running in bare mode.
2026-10-03 00:16:15.950 Thread 'MainThread': missing ScriptRunContext! This warning can be ignored when running in bare mode.
2026-10-03 00:16:15.950 Thread 'MainThread': missing ScriptRunContext! This warning can be ignored when running in bare mode.
2026-10-03 00:16:15.950 Thread 'MainThread': missing ScriptRunContext! This warning can be ignored when running in bare mode.
2026-10-03 00:16:15.950 Thread 'MainThread': missing ScriptRunContext! This warning can be ignored when running in bare mode.
2026-10-03 00:16:15.950 Thread 'MainThread': missing ScriptRunContext! This warning can be ignored when running in bare mode.
2026-10-03 00:16:15.950 Thread 'MainThread': missing ScriptRunContext! This warning can be ignored when running in bare mode.
2026-10-03 00:16:15.950 Thread 'MainThread': missing ScriptRunContext! This warning can be ignored when running in bare mode.
2026-10-03 00:16:15.951 Thread 'MainThread': missing ScriptRunContext! This warning can be ignored when running in bare mode.
2026-10-03 00:16:15.951 Thread 'MainThread': missing ScriptRunContext! This warning can be ignored when running in bare mode.
2026-10-03 00:16:16.720 Thread 'MainThread': missing ScriptRunContext! This warning can be ignored when running in bare mode.
2026-10-03 00:16:16.721 Thread 'MainThread': missing ScriptRunContext! This warning can be ignored when running in bare mode.
2026-10-03 00:16:16.721 Thread 'MainThread': missing ScriptRunContext! This warning can be ignored when running in bare mode.
2026-10-03 00:16:16.721 Thread 'MainThread': missing ScriptRunContext! This warning can be ignored when running in bare mode.
2026-10-03 00:16:16.721 Thread 'MainThread': missing ScriptRunContext! This warning can be ignored when running in bare mode.
2026-10-03 00:16:16.721 Thread 'MainThread': missing ScriptRunContext! This warning can be ignored when running in bare mode.
2026-10-03 00:16:16.721 Thread 'MainThread': missing ScriptRunContext! This warning can be ignored when running in bare mode.
2026-10-03 00:16:16.721 Thread 'MainThread': missing ScriptRunContext! This warning can be ignored when running in bare mode.
2026-10-03 00:16:16.721 Thread 'MainThread': missing ScriptRunContext! This warning can be ignored when running in bare mode.
2026-10-03 00:16:16.721 Thread 'MainThread': missing ScriptRunContext! This warning can be ignored when running in bare mode.
2026-10-03 00:16:16.721 Thread 'MainThread': missing ScriptRunContext! This warning can be ignored when running in bare mode.
2026-10-03 00:16:16.721 Thread 'MainThread': missing ScriptRunContext! This warning can be ignored when running in bare mode.
2026-10-03 00:16:16.721 Thread 'MainThread': missing ScriptRunContext! This warning can be ignored when running in bare mode.
2026-10-03 00:16:16.721 Thread 'MainThread': missing ScriptRunContext! This warning can be ignored when running in bare mode.
2026-10-03 00:16:16.721 Thread 'MainThread': missing ScriptRunContext! This warning can be ignored when running in bare mode.
2026-10-03 00:16:16.721 Thread 'MainThread': missing ScriptRunContext! This warning can be ignored when running in bare mode.
2026-10-03 00:16:16.721 Thread 'MainThread': missing ScriptRunContext! This warning can be ignored when running in bare mode.
2026-10-03 00:16:16.721 Thread 'MainThread': missing ScriptRunContext! This warning can be ignored when running in bare mode.
2026-10-03 00:16:16.721 Thread 'MainThread': missing ScriptRunContext! This warning can be ignored when running in bare mode.
2026-10-03 00:16:16.721 Thread 'MainThread': missing ScriptRunContext! This warning can be ignored when running in bare mode.
2026-10-03 00:16:16.721 Thread 'MainThread': missing ScriptRunContext! This warning can be ignored when running in bare mode.
2026-10-03 00:16:16.721 Thread 'MainThread': missing ScriptRunContext! This warning can be ignored when running in bare mode.
2026-10-03 00:16:16.721 Thread 'MainThread': missing ScriptRunContext! This warning can be ignored when running in bare mode.
2026-10-03 00:16:16.722 Thread 'MainThread': missing ScriptRunContext! This warning can be ignored when running in bare mode.
2026-10-03 00:16:16.722 Thread 'MainThread': missing ScriptRunContext! This warning can be ignored when running in bare mode.
2026-10-03 00:16:16.722 Thread 'MainThread': missing ScriptRunContext! This warning can be ignored when running in bare mode.
2026-10-03 00:16:16.722 Thread 'MainThread': missing ScriptRunContext! This warning can be ignored when running in bare mode.
2026-10-03 00:16:16.722 Thread 'MainThread': missing ScriptRunContext! This warning can be ignored when running in bare mode.
2026-10-03 00:16:16.722 Thread 'MainThread': missing ScriptRunContext! This warning can be ignored when running in bare mode.
2026-10-03 00:16:16.722 Thread 'MainThread': missing ScriptRunContext! This warning can be ignored when running in bare mode.
2026-10-03 00:16:16.722 Thread 'MainThread': missing ScriptRunContext! This warning can be ignored when running in bare mode.
2026-10-03 00:16:16.722 Thread 'MainThread': missing ScriptRunContext! This warning can be ignored when running in bare mode.
2026-10-03 00:16:16.722 Thread 'MainThread': missing ScriptRunContext! This warning can be ignored when running in bare mode.
2026-10-03 00:16:16.722 Thread 'MainThread': missing ScriptRunContext! This warning can be ignored when running in bare mode.
2026-10-03 00:16:16.722 Thread 'MainThread': missing ScriptRunContext! This warning can be ignored when running in bare mode.
2026-10-03 00:16:16.722 Thread 'MainThread': missing ScriptRunContext! This warning can be ignored when running in bare mode.
2026-10-03 00:16:16.722 Thread 'MainThread': missing ScriptRunContext! This warning can be ignored when running in bare mode.
2026-10-03 00:16:16.722 Thread 'MainThread': missing ScriptRunContext! This warning can be ignored when running in bare mode.
2026-10-03 00:16:16.722 Thread 'MainThread': missing ScriptRunContext! This warning can be ignored when running in bare mode.
2026-10-03 00:16:16.722 Thread 'MainThread': missing ScriptRunContext! This warning can be ignored when running in bare mode.
2026-10-03 00:16:16.722 Thread 'MainThread': missing ScriptRunContext! This warning can be ignored when running in bare mode.
2026-10-03 00:16:16.722 Thread 'MainThread': missing ScriptRunContext! This warning can be ignored when running in bare mode.
2026-10-03 00:16:16.722 Thread 'MainThread': missing ScriptRunContext! This warning can be ignored when running in bare mode.
2026-10-03 00:16:16.722 Thread 'MainThread': missing ScriptRunContext! This warning can be ignored when running in bare mode.
2026-10-03 00:16:16.730 Thread 'MainThread': missing ScriptRunContext! This warning can be ignored when running in bare mode.
2026-10-03 00:16:16.738 Thread 'MainThread': missing ScriptRunContext! This warning can be ignored when running in bare mode.
2026-10-03 00:16:16.743 Thread 'MainThread': missing ScriptRunContext! This warning can be ignored when running in bare mode.
2026-10-03 00:16:16.743 Thread 'MainThread': missing ScriptRunContext! This warning can be ignored when running in bare mode.
2026-10-03 00:16:17.955 Thread 'MainThread': missing ScriptRunContext! This warning can be ignored when running in bare mode.
2026-10-03 00:16:17.955 Thread 'MainThread': missing ScriptRunContext! This warning can be ignored when running in bare mode.
2026-10-03 00:16:17.955 Thread 'MainThread': missing ScriptRunContext! This warning can be ignored when running in bare mode.
2026-10-03 00:16:17.955 Thread 'MainThread': missing ScriptRunContext! This warning can be ignored when running in bare mode.
2026-10-03 00:16:17.955 Thread 'MainThread': missing ScriptRunContext! This warning can be ignored when running in bare mode.
2026-10-03 00:16:17.955 Thread 'MainThread': missing ScriptRunContext! This warning can be ignored when running in bare mode.
2026-10-03 00:16:17.955 Thread 'MainThread': missing ScriptRunContext! This warning can be ignored when running in bare mode.
2026-10-03 00:16:18.565 Thread 'MainThread': missing ScriptRunContext! This warning can be ignored when running in bare mode.
2026-10-03 00:16:18.565 Thread 'MainThread': missing ScriptRunContext! This warning can be ignored when running in bare mode.
2026-10-03 00:16:18.891 Please replace `use_container_width` with `width`.

`use_container_width` will be removed after 2025-12-31.

For `use_container_width=True`, use `width='stretch'`. For `use_container_width=False`, use `width='content'`.
2026-10-03 00:16:18.901 Thread 'MainThread': missing ScriptRunContext! This warning can be ignored when running in bare mode.
2026-10-03 00:16:18.901 Thread 'MainThread': missing ScriptRunContext! This warning can be ignored when running in bare mode.
2026-10-03 00:16:19.158 Please replace `use_container_width` with `width`.

`use_container_width` will be removed after 2025-12-31.

For `use_container_width=True`, use `width='stretch'`. For `use_container_width=False`, use `width='content'`.
2026-10-03 00:16:19.176 Thread 'MainThread': missing ScriptRunContext! This warning can be ignored when running in bare mode.
2026-10-03 00:16:19.177 Thread 'MainThread': missing ScriptRunContext! This warning can be ignored when running in bare mode.
2026-10-03 00:16:19.464 Please replace `use_container_width` with `width`.

`use_container_width` will be removed after 2025-12-31.

For `use_container_width=True`, use `width='stretch'`. For `use_container_width=False`, use `width='content'`.
2026-10-03 00:16:19.788 Thread 'MainThread': missing ScriptRunContext! This warning can be ignored when running in bare mode.
2026-10-03 00:16:19.985 Thread 'MainThread': missing ScriptRunContext! This warning can be ignored when running in bare mode.
2026-10-03 00:16:19.985 Thread 'MainThread': missing ScriptRunContext! This warning can be ignored when running in bare mode.
2026-10-03 00:16:19.985 Thread 'MainThread': missing ScriptRunContext! This warning can be ignored when running in bare mode.
2026-10-03 00:16:19.985 Thread 'MainThread': missing ScriptRunContext! This warning can be ignored when running in bare mode.
2026-10-03 00:16:19.985 Thread 'MainThread': missing ScriptRunContext! This warning can be ignored when running in bare mode.
2026-10-03 00:16:19.986 Thread 'MainThread': missing ScriptRunContext! This warning can be ignored when running in bare mode.
2026-10-03 00:16:19.986 Thread 'MainThread': missing ScriptRunContext! This warning can be ignored when running in bare mode.
2026-10-03 00:16:19.986 Thread 'MainThread': missing ScriptRunContext! This warning can be ignored when running in bare mode.
2026-10-03 00:16:19.986 Thread 'MainThread': missing ScriptRunContext! This warning can be ignored when running in bare mode.
2026-10-03 00:16:19.986 Thread 'MainThread': missing ScriptRunContext! This warning can be ignored when running in bare mode.
2026-10-03 00:16:19.986 Thread 'MainThread': missing ScriptRunContext! This warning can be ignored when running in bare mode.
2026-10-03 00:16:19.986 Thread 'MainThread': missing ScriptRunContext! This warning can be ignored when running in bare mode.
2026-10-03 00:16:19.986 Thread 'MainThread': missing ScriptRunContext! This warning can be ignored when running in bare mode.
2026-10-03 00:16:19.986 Thread 'MainThread': missing ScriptRunContext! This warning can be ignored when running in bare mode.
2026-10-03 00:16:20.168 Thread 'MainThread': missing ScriptRunContext! This warning can be ignored when running in bare mode.
2026-10-03 00:16:20.169 Thread 'MainThread': missing ScriptRunContext! This warning can be ignored when running in bare mode.
2026-10-03 00:16:20.169 Thread 'MainThread': missing ScriptRunContext! This warning can be ignored when running in bare mode.
2026-10-03 00:16:20.169 Thread 'MainThread': missing ScriptRunContext! This warning can be ignored when running in bare mode.
2026-10-03 00:16:20.169 Thread 'MainThread': missing ScriptRunContext! This warning can be ignored when running in bare mode.
2026-10-03 00:16:20.169 Thread 'MainThread': missing ScriptRunContext! This warning can be ignored when running in bare mode.
2026-10-03 00:16:20.169 Thread 'MainThread': missing ScriptRunContext! This warning can be ignored when running in bare mode.
2026-10-03 00:16:20.169 Thread 'MainThread': missing ScriptRunContext! This warning can be ignored when running in bare mode.
2026-10-03 00:16:20.169 Thread 'MainThread': missing ScriptRunContext! This warning can be ignored when running in bare mode.
2026-10-03 00:16:20.169 Thread 'MainThread': missing ScriptRunContext! This warning can be ignored when running in bare mode.
2026-10-03 00:16:20.169 Thread 'MainThread': missing ScriptRunContext! This warning can be ignored when running in bare mode.
2026-10-03 00:16:20.169 Thread 'MainThread': missing ScriptRunContext! This warning can be ignored when running in bare mode.
2026-10-03 00:16:20.169 Thread 'MainThread': missing ScriptRunContext! This warning can be ignored when running in bare mode.
2026-10-03 00:16:20.169 Thread 'MainThread': missing ScriptRunContext! This warning can be ignored when running in bare mode.
2026-10-03 00:16:20.366 Thread 'MainThread': missing ScriptRunContext! This warning can be ignored when running in bare mode.
2026-10-03 00:16:20.388 Thread 'MainThread': missing ScriptRunContext! This warning can be ignored when running in bare mode.
2026-10-03 00:16:20.388 Thread 'MainThread': missing ScriptRunContext! This warning can be ignored when running in bare mode.
2026-10-03 00:16:20.390 Thread 'MainThread': missing ScriptRunContext! This warning can be ignored when running in bare mode.
2026-10-03 00:16:20.390 Thread 'MainThread': missing ScriptRunContext! This warning can be ignored when running in bare mode.
2026-10-03 00:16:20.390 Thread 'MainThread': missing ScriptRunContext! This warning can be ignored when running in bare mode.
2026-10-03 00:16:20.587 Thread 'MainThread': missing ScriptRunContext! This warning can be ignored when running in bare mode.
2026-10-03 00:16:21.244 Thread 'MainThread': missing ScriptRunContext! This warning can be ignored when running in bare mode.
2026-10-03 00:16:21.272 Thread 'MainThread': missing ScriptRunContext! This warning can be ignored when running in bare mode.
2026-10-03 00:16:21.272 Thread 'MainThread': missing ScriptRunContext! This warning can be ignored when running in bare mode.
2026-10-03 00:16:21.274 Thread 'MainThread': missing ScriptRunContext! This warning can be ignored when running in bare mode.
2026-10-03 00:16:21.274 Thread 'MainThread': missing ScriptRunContext! This warning can be ignored when running in bare mode.
2026-10-03 00:16:21.274 Thread 'MainThread': missing ScriptRunContext! This warning can be ignored when running in bare mode.
2026-10-03 00:16:21.499 Thread 'MainThread': missing ScriptRunContext! This warning can be ignored when running in bare mode.
2026-10-03 00:16:22.243 Thread 'MainThread': missing ScriptRunContext! This warning can be ignored when running in bare mode.
2026-10-03 00:16:22.266 Thread 'MainThread': missing ScriptRunContext! This warning can be ignored when running in bare mode.
2026-10-03 00:16:22.266 Thread 'MainThread': missing ScriptRunContext! This warning can be ignored when running in bare mode.
2026-10-03 00:16:22.268 Thread 'MainThread': missing ScriptRunContext! This warning can be ignored when running in bare mode.
2026-10-03 00:16:22.268 Thread 'MainThread': missing ScriptRunContext! This warning can be ignored when running in bare mode.
2026-10-03 00:16:22.268 Thread 'MainThread': missing ScriptRunContext! This warning can be ignored when running in bare mode.
2026-10-03 00:16:22.678 Thread 'MainThread': missing ScriptRunContext! This warning can be ignored when running in bare mode.
2026-10-03 00:16:22.678 Thread 'MainThread': missing ScriptRunContext! This warning can be ignored when running in bare mode.
2026-10-03 00:16:23.313 Thread 'MainThread': missing ScriptRunContext! This warning can be ignored when running in bare mode.
2026-10-03 00:16:23.338 Thread 'MainThread': missing ScriptRunContext! This warning can be ignored when running in bare mode.
2026-10-03 00:16:23.338 Thread 'MainThread': missing ScriptRunContext! This warning can be ignored when running in bare mode.
2026-10-03 00:16:23.340 Thread 'MainThread': missing ScriptRunContext! This warning can be ignored when running in bare mode.
2026-10-03 00:16:23.340 Thread 'MainThread': missing ScriptRunContext! This warning can be ignored when running in bare mode.
2026-10-03 00:16:23.340 Thread 'MainThread': missing ScriptRunContext! This warning can be ignored when running in bare mode.
2026-10-03 00:16:23.540 Thread 'MainThread': missing ScriptRunContext! This warning can be ignored when running in bare mode.
2026-10-03 00:16:23.540 Thread 'MainThread': missing ScriptRunContext! This warning can be ignored when running in bare mode.
2026-10-03 00:16:24.612 Thread 'MainThread': missing ScriptRunContext! This warning can be ignored when running in bare mode.
2026-10-03 00:16:24.612 Thread 'MainThread': missing ScriptRunContext! This warning can be ignored when running in bare mode.
2026-10-03 00:16:25.120 Thread 'MainThread': missing ScriptRunContext! This warning can be ignored when running in bare mode.
2026-10-03 00:16:25.120 Thread 'MainThread': missing ScriptRunContext! This warning can be ignored when running in bare mode.
2026-10-03 00:16:25.120 Thread 'MainThread': missing ScriptRunContext! This warning can be ignored when running in bare mode.
2026-10-03 00:16:25.120 Thread 'MainThread': missing ScriptRunContext! This warning can be ignored when running in bare mode.
2026-10-03 00:16:25.166 Thread 'MainThread': missing ScriptRunContext! This warning can be ignored when running in bare mode.
2026-10-03 00:16:25.166 Thread 'MainThread': missing ScriptRunContext! This warning can be ignored when running in bare mode.
2026-10-03 00:16:25.199 Thread 'MainThread': missing ScriptRunContext! This warning can be ignored when running in bare mode.
2026-10-03 00:16:25.199 Thread 'MainThread': missing ScriptRunContext! This warning can be ignored when running in bare mode.
2026-10-03 00:16:25.664 Thread 'MainThread': missing ScriptRunContext! This warning can be ignored when running in bare mode.
2026-10-03 00:16:25.664 Thread 'MainThread': missing ScriptRunContext! This warning can be ignored when running in bare mode.
2026-10-03 00:16:25.665 Thread 'MainThread': missing ScriptRunContext! This warning can be ignored when running in bare mode.
2026-10-03 00:16:25.665 Thread 'MainThread': missing ScriptRunContext! This warning can be ignored when running in bare mode.
2026-10-03 00:16:25.706 Thread 'MainThread': missing ScriptRunContext! This warning can be ignored when running in bare mode.
2026-10-03 00:16:25.706 Thread 'MainThread': missing ScriptRunContext! This warning can be ignored when running in bare mode.
2026-10-03 00:16:25.739 Thread 'MainThread': missing ScriptRunContext! This warning can be ignored when running in bare mode.
2026-10-03 00:16:25.739 Thread 'MainThread': missing ScriptRunContext! This warning can be ignored when running in bare mode.
2026-10-03 00:16:26.218 Thread 'MainThread': missing ScriptRunContext! This warning can be ignored when running in bare mode.
2026-10-03 00:16:26.218 Thread 'MainThread': missing ScriptRunContext! This warning can be ignored when running in bare mode.
2026-10-03 00:16:26.225 Thread 'MainThread': missing ScriptRunContext! This warning can be ignored when running in bare mode.
2026-10-03 00:16:26.225 Thread 'MainThread': missing ScriptRunContext! This warning can be ignored when running in bare mode.
2026-10-03 00:16:26.261 Thread 'MainThread': missing ScriptRunContext! This warning can be ignored when running in bare mode.
2026-10-03 00:16:26.261 Thread 'MainThread': missing ScriptRunContext! This warning can be ignored when running in bare mode.
2026-10-03 00:16:26.760 Thread 'MainThread': missing ScriptRunContext! This warning can be ignored when running in bare mode.
2026-10-03 00:16:26.760 Thread 'MainThread': missing ScriptRunContext! This warning can be ignored when running in bare mode.
2026-10-03 00:16:26.761 Thread 'MainThread': missing ScriptRunContext! This warning can be ignored when running in bare mode.
2026-10-03 00:16:26.761 Thread 'MainThread': missing ScriptRunContext! This warning can be ignored when running in bare mode.
2026-10-03 00:16:26.815 Thread 'MainThread': missing ScriptRunContext! This warning can be ignored when running in bare mode.
2026-10-03 00:16:26.815 Thread 'MainThread': missing ScriptRunContext! This warning can be ignored when running in bare mode.
2026-10-03 00:16:27.122 Thread 'MainThread': missing ScriptRunContext! This warning can be ignored when running in bare mode.
2026-10-03 00:16:27.122 Thread 'MainThread': missing ScriptRunContext! This warning can be ignored when running in bare mode.
2026-10-03 00:16:27.641 Thread 'MainThread': missing ScriptRunContext! This warning can be ignored when running in bare mode.
2026-10-03 00:16:27.641 Thread 'MainThread': missing ScriptRunContext! This warning can be ignored when running in bare mode.
2026-10-03 00:16:27.679 Thread 'MainThread': missing ScriptRunContext! This warning can be ignored when running in bare mode.
2026-10-03 00:16:27.679 Thread 'MainThread': missing ScriptRunContext! This warning can be ignored when running in bare mode.
2026-10-03 00:16:27.716 Thread 'MainThread': missing ScriptRunContext! This warning can be ignored when running in bare mode.
2026-10-03 00:16:27.716 Thread 'MainThread': missing ScriptRunContext! This warning can be ignored when running in bare mode.
2026-10-03 00:16:28.201 Thread 'MainThread': missing ScriptRunContext! This warning can be ignored when running in bare mode.
2026-10-03 00:16:28.201 Thread 'MainThread': missing ScriptRunContext! This warning can be ignored when running in bare mode.
2026-10-03 00:16:28.201 Thread 'MainThread': missing ScriptRunContext! This warning can be ignored when running in bare mode.
2026-10-03 00:16:28.202 Thread 'MainThread': missing ScriptRunContext! This warning can be ignored when running in bare mode.
2026-10-03 00:16:28.243 Thread 'MainThread': missing ScriptRunContext! This warning can be ignored when running in bare mode.
2026-10-03 00:16:28.243 Thread 'MainThread': missing ScriptRunContext! This warning can be ignored when running in bare mode.
2026-10-03 00:16:28.250 Thread 'MainThread': missing ScriptRunContext! This warning can be ignored when running in bare mode.
2026-10-03 00:16:28.275 Thread 'MainThread': missing ScriptRunContext! This warning can be ignored when running in bare mode.
2026-10-03 00:16:28.275 Thread 'MainThread': missing ScriptRunContext! This warning can be ignored when running in bare mode.
2026-10-03 00:16:28.277 Thread 'MainThread': missing ScriptRunContext! This warning can be ignored when running in bare mode.
2026-10-03 00:16:28.277 Thread 'MainThread': missing ScriptRunContext! This warning can be ignored when running in bare mode.
2026-10-03 00:16:28.277 Thread 'MainThread': missing ScriptRunContext! This warning can be ignored when running in bare mode.
2026-10-03 00:16:28.479 Thread 'MainThread': missing ScriptRunContext! This warning can be ignored when running in bare mode.
2026-10-03 00:16:28.479 Thread 'MainThread': missing ScriptRunContext! This warning can be ignored when running in bare mode.
2026-10-03 00:16:29.250 Thread 'MainThread': missing ScriptRunContext! This warning can be ignored when running in bare mode.
2026-10-03 00:16:29.281 Thread 'MainThread': missing ScriptRunContext! This warning can be ignored when running in bare mode.
2026-10-03 00:16:29.281 Thread 'MainThread': missing ScriptRunContext! This warning can be ignored when running in bare mode.
2026-10-03 00:16:29.283 Thread 'MainThread': missing ScriptRunContext! This warning can be ignored when running in bare mode.
2026-10-03 00:16:29.283 Thread 'MainThread': missing ScriptRunContext! This warning can be ignored when running in bare mode.
2026-10-03 00:16:29.283 Thread 'MainThread': missing ScriptRunContext! This warning can be ignored when running in bare mode.
2026-10-03 00:16:29.589 Thread 'MainThread': missing ScriptRunContext! This warning can be ignored when running in bare mode.
2026-10-03 00:16:30.416 Thread 'MainThread': missing ScriptRunContext! This warning can be ignored when running in bare mode.
2026-10-03 00:16:30.454 Thread 'MainThread': missing ScriptRunContext! This warning can be ignored when running in bare mode.
2026-10-03 00:16:30.455 Thread 'MainThread': missing ScriptRunContext! This warning can be ignored when running in bare mode.
2026-10-03 00:16:30.457 Thread 'MainThread': missing ScriptRunContext! This warning can be ignored when running in bare mode.
2026-10-03 00:16:30.457 Thread 'MainThread': missing ScriptRunContext! This warning can be ignored when running in bare mode.
2026-10-03 00:16:30.457 Thread 'MainThread': missing ScriptRunContext! This warning can be ignored when running in bare mode.
2026-10-03 00:16:31.356 Thread 'MainThread': missing ScriptRunContext! This warning can be ignored when running in bare mode.
2026-10-03 00:16:33.030 Thread 'MainThread': missing ScriptRunContext! This warning can be ignored when running in bare mode.
2026-10-03 00:16:33.063 Thread 'MainThread': missing ScriptRunContext! This warning can be ignored when running in bare mode.
2026-10-03 00:16:33.063 Thread 'MainThread': missing ScriptRunContext! This warning can be ignored when running in bare mode.
2026-10-03 00:16:33.066 Thread 'MainThread': missing ScriptRunContext! This warning can be ignored when running in bare mode.
2026-10-03 00:16:33.066 Thread 'MainThread': missing ScriptRunContext! This warning can be ignored when running in bare mode.
2026-10-03 00:16:33.066 Thread 'MainThread': missing ScriptRunContext! This warning can be ignored when running in bare mode.
2026-10-03 00:16:33.347 Thread 'MainThread': missing ScriptRunContext! This warning can be ignored when running in bare mode.
Local document adapter rejected counts={'requested_pages': [], 'parsed_pages': [], 'chars': {}, 'regions_produced': 0, 'normalized_regions': 0} reason=document: selected pages
Local document adapter rejected counts={'requested_pages': [], 'parsed_pages': [], 'chars': {}, 'regions_produced': 0, 'normalized_regions': 0} reason=document: selected pages
Local document adapter rejected counts={'requested_pages': [], 'parsed_pages': [], 'chars': {}, 'regions_produced': 0, 'normalized_regions': 0} reason=document: selected pages
Local document adapter rejected counts={'requested_pages': [], 'parsed_pages': [], 'chars': {}, 'regions_produced': 0, 'normalized_regions': 0} reason=document: selected pages
Local document adapter rejected counts={'requested_pages': [], 'parsed_pages': [], 'chars': {}, 'regions_produced': 0, 'normalized_regions': 0} reason=document: selected pages
Local document adapter rejected counts={'requested_pages': [3], 'parsed_pages': [], 'chars': {}, 'regions_produced': 0, 'normalized_regions': 0} reason=document: page outside PDF
Local document adapter rejected counts={'requested_pages': [1], 'parsed_pages': [1], 'chars': {1: 125}, 'regions_produced': 21, 'normalized_regions': 0} reason=document: native box
Local document adapter rejected counts={'requested_pages': [1], 'parsed_pages': [1], 'chars': {1: 17}, 'regions_produced': 1, 'normalized_regions': 0} reason=document: invalid region fields: regions[0].plain_text
Local document adapter rejected counts={'requested_pages': [1], 'parsed_pages': [1], 'chars': {1: 21}, 'regions_produced': 1, 'normalized_regions': 0} reason=document: invalid region fields: regions[0].plain_text
2026-10-03 00:16:37.835 Thread 'MainThread': missing ScriptRunContext! This warning can be ignored when running in bare mode.
2026-10-03 00:16:37.865 Thread 'MainThread': missing ScriptRunContext! This warning can be ignored when running in bare mode.
2026-10-03 00:16:37.865 Thread 'MainThread': missing ScriptRunContext! This warning can be ignored when running in bare mode.
2026-10-03 00:16:37.868 Thread 'MainThread': missing ScriptRunContext! This warning can be ignored when running in bare mode.
2026-10-03 00:16:37.868 Thread 'MainThread': missing ScriptRunContext! This warning can be ignored when running in bare mode.
2026-10-03 00:16:37.868 Thread 'MainThread': missing ScriptRunContext! This warning can be ignored when running in bare mode.
2026-10-03 00:16:38.106 Thread 'MainThread': missing ScriptRunContext! This warning can be ignored when running in bare mode.
2026-10-03 00:16:38.107 Thread 'MainThread': missing ScriptRunContext! This warning can be ignored when running in bare mode.
2026-10-03 00:16:38.111 Thread 'MainThread': missing ScriptRunContext! This warning can be ignored when running in bare mode.
2026-10-03 00:16:38.218 Thread 'MainThread': missing ScriptRunContext! This warning can be ignored when running in bare mode.
2026-10-03 00:16:38.218 Thread 'MainThread': missing ScriptRunContext! This warning can be ignored when running in bare mode.
2026-10-03 00:16:38.851 Thread 'MainThread': missing ScriptRunContext! This warning can be ignored when running in bare mode.
2026-10-03 00:16:38.875 Thread 'MainThread': missing ScriptRunContext! This warning can be ignored when running in bare mode.
2026-10-03 00:16:38.875 Thread 'MainThread': missing ScriptRunContext! This warning can be ignored when running in bare mode.
2026-10-03 00:16:38.877 Thread 'MainThread': missing ScriptRunContext! This warning can be ignored when running in bare mode.
2026-10-03 00:16:38.877 Thread 'MainThread': missing ScriptRunContext! This warning can be ignored when running in bare mode.
2026-10-03 00:16:38.878 Thread 'MainThread': missing ScriptRunContext! This warning can be ignored when running in bare mode.
2026-10-03 00:16:39.081 Thread 'MainThread': missing ScriptRunContext! This warning can be ignored when running in bare mode.
2026-10-03 00:16:39.081 Thread 'MainThread': missing ScriptRunContext! This warning can be ignored when running in bare mode.
2026-10-03 00:16:39.085 Thread 'MainThread': missing ScriptRunContext! This warning can be ignored when running in bare mode.
2026-10-03 00:16:39.935 Thread 'MainThread': missing ScriptRunContext! This warning can be ignored when running in bare mode.
2026-10-03 00:16:39.981 Thread 'MainThread': missing ScriptRunContext! This warning can be ignored when running in bare mode.
2026-10-03 00:16:39.981 Thread 'MainThread': missing ScriptRunContext! This warning can be ignored when running in bare mode.
2026-10-03 00:16:39.985 Thread 'MainThread': missing ScriptRunContext! This warning can be ignored when running in bare mode.
2026-10-03 00:16:39.985 Thread 'MainThread': missing ScriptRunContext! This warning can be ignored when running in bare mode.
2026-10-03 00:16:39.985 Thread 'MainThread': missing ScriptRunContext! This warning can be ignored when running in bare mode.
2026-10-03 00:16:40.205 Thread 'MainThread': missing ScriptRunContext! This warning can be ignored when running in bare mode.
2026-10-03 00:16:40.205 Thread 'MainThread': missing ScriptRunContext! This warning can be ignored when running in bare mode.
2026-10-03 00:16:40.209 Thread 'MainThread': missing ScriptRunContext! This warning can be ignored when running in bare mode.
2026-10-03 00:16:40.955 Thread 'MainThread': missing ScriptRunContext! This warning can be ignored when running in bare mode.
2026-10-03 00:16:40.979 Thread 'MainThread': missing ScriptRunContext! This warning can be ignored when running in bare mode.
2026-10-03 00:16:40.979 Thread 'MainThread': missing ScriptRunContext! This warning can be ignored when running in bare mode.
2026-10-03 00:16:40.981 Thread 'MainThread': missing ScriptRunContext! This warning can be ignored when running in bare mode.
2026-10-03 00:16:40.981 Thread 'MainThread': missing ScriptRunContext! This warning can be ignored when running in bare mode.
2026-10-03 00:16:40.981 Thread 'MainThread': missing ScriptRunContext! This warning can be ignored when running in bare mode.
2026-10-03 00:16:41.176 Thread 'MainThread': missing ScriptRunContext! This warning can be ignored when running in bare mode.
2026-10-03 00:16:41.176 Thread 'MainThread': missing ScriptRunContext! This warning can be ignored when running in bare mode.
2026-10-03 00:16:41.180 Thread 'MainThread': missing ScriptRunContext! This warning can be ignored when running in bare mode.
2026-10-03 00:16:41.977 Thread 'MainThread': missing ScriptRunContext! This warning can be ignored when running in bare mode.
2026-10-03 00:16:41.977 Thread 'MainThread': missing ScriptRunContext! This warning can be ignored when running in bare mode.
2026-10-03 00:16:41.977 Thread 'MainThread': missing ScriptRunContext! This warning can be ignored when running in bare mode.
2026-10-03 00:16:41.977 Thread 'MainThread': missing ScriptRunContext! This warning can be ignored when running in bare mode.
2026-10-03 00:16:41.977 Thread 'MainThread': missing ScriptRunContext! This warning can be ignored when running in bare mode.
2026-10-03 00:16:41.977 Thread 'MainThread': missing ScriptRunContext! This warning can be ignored when running in bare mode.
2026-10-03 00:16:42.610 Thread 'MainThread': missing ScriptRunContext! This warning can be ignored when running in bare mode.
2026-10-03 00:16:42.610 Thread 'MainThread': missing ScriptRunContext! This warning can be ignored when running in bare mode.
2026-10-03 00:16:42.807 Thread 'MainThread': missing ScriptRunContext! This warning can be ignored when running in bare mode.
2026-10-03 00:16:42.807 Thread 'MainThread': missing ScriptRunContext! This warning can be ignored when running in bare mode.
2026-10-03 00:16:42.988 Thread 'MainThread': missing ScriptRunContext! This warning can be ignored when running in bare mode.
2026-10-03 00:16:42.988 Thread 'MainThread': missing ScriptRunContext! This warning can be ignored when running in bare mode.
2026-10-03 00:16:43.167 Thread 'MainThread': missing ScriptRunContext! This warning can be ignored when running in bare mode.
2026-10-03 00:16:43.167 Thread 'MainThread': missing ScriptRunContext! This warning can be ignored when running in bare mode.
2026-10-03 00:16:43.361 Thread 'MainThread': missing ScriptRunContext! This warning can be ignored when running in bare mode.
2026-10-03 00:16:43.361 Thread 'MainThread': missing ScriptRunContext! This warning can be ignored when running in bare mode.
2026-10-03 00:16:43.674 Thread 'MainThread': missing ScriptRunContext! This warning can be ignored when running in bare mode.
2026-10-03 00:16:43.674 Thread 'MainThread': missing ScriptRunContext! This warning can be ignored when running in bare mode.
2026-10-03 00:16:43.674 Thread 'MainThread': missing ScriptRunContext! This warning can be ignored when running in bare mode.
2026-10-03 00:16:43.674 Thread 'MainThread': missing ScriptRunContext! This warning can be ignored when running in bare mode.
2026-10-03 00:16:43.674 Thread 'MainThread': missing ScriptRunContext! This warning can be ignored when running in bare mode.
2026-10-03 00:16:43.674 Thread 'MainThread': missing ScriptRunContext! This warning can be ignored when running in bare mode.
2026-10-03 00:16:43.793 Thread 'MainThread': missing ScriptRunContext! This warning can be ignored when running in bare mode.
2026-10-03 00:16:43.795 Thread 'MainThread': missing ScriptRunContext! This warning can be ignored when running in bare mode.
2026-10-03 00:16:43.795 Thread 'MainThread': missing ScriptRunContext! This warning can be ignored when running in bare mode.
2026-10-03 00:16:43.796 Thread 'MainThread': missing ScriptRunContext! This warning can be ignored when running in bare mode.
2026-10-03 00:16:43.796 Thread 'MainThread': missing ScriptRunContext! This warning can be ignored when running in bare mode.
2026-10-03 00:16:43.902 Thread 'MainThread': missing ScriptRunContext! This warning can be ignored when running in bare mode.
2026-10-03 00:16:43.902 Thread 'MainThread': missing ScriptRunContext! This warning can be ignored when running in bare mode.
2026-10-03 00:16:44.517 Thread 'MainThread': missing ScriptRunContext! This warning can be ignored when running in bare mode.
2026-10-03 00:16:44.517 Thread 'MainThread': missing ScriptRunContext! This warning can be ignored when running in bare mode.
2026-10-03 00:16:44.784 Thread 'MainThread': missing ScriptRunContext! This warning can be ignored when running in bare mode.
2026-10-03 00:16:44.784 Thread 'MainThread': missing ScriptRunContext! This warning can be ignored when running in bare mode.
2026-10-03 00:16:44.784 Thread 'MainThread': missing ScriptRunContext! This warning can be ignored when running in bare mode.
Local document UI structure_available=False parser_available=True requested_pages=[1] reason=document: no native text regions (no OCR)
2026-10-03 00:16:45.120 Thread 'MainThread': missing ScriptRunContext! This warning can be ignored when running in bare mode.
2026-10-03 00:16:45.120 Thread 'MainThread': missing ScriptRunContext! This warning can be ignored when running in bare mode.
2026-10-03 00:16:45.120 Thread 'MainThread': missing ScriptRunContext! This warning can be ignored when running in bare mode.
2026-10-03 00:16:45.368 Please replace `use_container_width` with `width`.

`use_container_width` will be removed after 2025-12-31.

For `use_container_width=True`, use `width='stretch'`. For `use_container_width=False`, use `width='content'`.
2026-10-03 00:16:45.384 Thread 'MainThread': missing ScriptRunContext! This warning can be ignored when running in bare mode.
2026-10-03 00:16:45.384 Thread 'MainThread': missing ScriptRunContext! This warning can be ignored when running in bare mode.
2026-10-03 00:16:45.384 Thread 'MainThread': missing ScriptRunContext! This warning can be ignored when running in bare mode.
2026-10-03 00:16:45.384 Thread 'MainThread': missing ScriptRunContext! This warning can be ignored when running in bare mode.
2026-10-03 00:16:45.385 Thread 'MainThread': missing ScriptRunContext! This warning can be ignored when running in bare mode.
2026-10-03 00:16:45.385 Thread 'MainThread': missing ScriptRunContext! This warning can be ignored when running in bare mode.
2026-10-03 00:16:45.521 Thread 'MainThread': missing ScriptRunContext! This warning can be ignored when running in bare mode.
2026-10-03 00:16:45.523 Thread 'MainThread': missing ScriptRunContext! This warning can be ignored when running in bare mode.
2026-10-03 00:16:45.523 Thread 'MainThread': missing ScriptRunContext! This warning can be ignored when running in bare mode.
2026-10-03 00:16:45.523 Thread 'MainThread': missing ScriptRunContext! This warning can be ignored when running in bare mode.
2026-10-03 00:16:45.523 Thread 'MainThread': missing ScriptRunContext! This warning can be ignored when running in bare mode.
2026-10-03 00:16:45.523 Thread 'MainThread': missing ScriptRunContext! This warning can be ignored when running in bare mode.
2026-10-03 00:16:46.203 Thread 'MainThread': missing ScriptRunContext! This warning can be ignored when running in bare mode.
2026-10-03 00:16:46.203 Thread 'MainThread': missing ScriptRunContext! This warning can be ignored when running in bare mode.
2026-10-03 00:16:46.643 Thread 'MainThread': missing ScriptRunContext! This warning can be ignored when running in bare mode.
2026-10-03 00:16:46.644 Thread 'MainThread': missing ScriptRunContext! This warning can be ignored when running in bare mode.
2026-10-03 00:16:46.644 Thread 'MainThread': missing ScriptRunContext! This warning can be ignored when running in bare mode.
2026-10-03 00:16:46.644 Thread 'MainThread': missing ScriptRunContext! This warning can be ignored when running in bare mode.
2026-10-03 00:16:46.909 Please replace `use_container_width` with `width`.

`use_container_width` will be removed after 2025-12-31.

For `use_container_width=True`, use `width='stretch'`. For `use_container_width=False`, use `width='content'`.
2026-10-03 00:16:46.921 Thread 'MainThread': missing ScriptRunContext! This warning can be ignored when running in bare mode.
2026-10-03 00:16:46.921 Thread 'MainThread': missing ScriptRunContext! This warning can be ignored when running in bare mode.
2026-10-03 00:16:46.921 Thread 'MainThread': missing ScriptRunContext! This warning can be ignored when running in bare mode.
2026-10-03 00:16:46.921 Thread 'MainThread': missing ScriptRunContext! This warning can be ignored when running in bare mode.
2026-10-03 00:16:46.921 Thread 'MainThread': missing ScriptRunContext! This warning can be ignored when running in bare mode.
2026-10-03 00:16:46.922 Thread 'MainThread': missing ScriptRunContext! This warning can be ignored when running in bare mode.
2026-10-03 00:16:47.528 Thread 'MainThread': missing ScriptRunContext! This warning can be ignored when running in bare mode.
2026-10-03 00:16:47.528 Thread 'MainThread': missing ScriptRunContext! This warning can be ignored when running in bare mode.
2026-10-03 00:16:47.705 Thread 'MainThread': missing ScriptRunContext! This warning can be ignored when running in bare mode.
2026-10-03 00:16:47.705 Thread 'MainThread': missing ScriptRunContext! This warning can be ignored when running in bare mode.
2026-10-03 00:16:47.705 Thread 'MainThread': missing ScriptRunContext! This warning can be ignored when running in bare mode.
2026-10-03 00:16:47.705 Thread 'MainThread': missing ScriptRunContext! This warning can be ignored when running in bare mode.
2026-10-03 00:16:47.705 Thread 'MainThread': missing ScriptRunContext! This warning can be ignored when running in bare mode.
2026-10-03 00:16:47.705 Thread 'MainThread': missing ScriptRunContext! This warning can be ignored when running in bare mode.
2026-10-03 00:16:48.291 Thread 'MainThread': missing ScriptRunContext! This warning can be ignored when running in bare mode.
2026-10-03 00:16:48.291 Thread 'MainThread': missing ScriptRunContext! This warning can be ignored when running in bare mode.
2026-10-03 00:16:48.464 Thread 'MainThread': missing ScriptRunContext! This warning can be ignored when running in bare mode.
2026-10-03 00:16:48.464 Thread 'MainThread': missing ScriptRunContext! This warning can be ignored when running in bare mode.
2026-10-03 00:16:48.655 Thread 'MainThread': missing ScriptRunContext! This warning can be ignored when running in bare mode.
2026-10-03 00:16:48.655 Thread 'MainThread': missing ScriptRunContext! This warning can be ignored when running in bare mode.
2026-10-03 00:16:48.848 Thread 'MainThread': missing ScriptRunContext! This warning can be ignored when running in bare mode.
2026-10-03 00:16:48.849 Thread 'MainThread': missing ScriptRunContext! This warning can be ignored when running in bare mode.
2026-10-03 00:16:48.849 Thread 'MainThread': missing ScriptRunContext! This warning can be ignored when running in bare mode.
2026-10-03 00:16:48.849 Thread 'MainThread': missing ScriptRunContext! This warning can be ignored when running in bare mode.
2026-10-03 00:16:48.849 Thread 'MainThread': missing ScriptRunContext! This warning can be ignored when running in bare mode.
2026-10-03 00:16:48.849 Thread 'MainThread': missing ScriptRunContext! This warning can be ignored when running in bare mode.
2026-10-03 00:16:48.982 Thread 'MainThread': missing ScriptRunContext! This warning can be ignored when running in bare mode.
2026-10-03 00:16:48.984 Thread 'MainThread': missing ScriptRunContext! This warning can be ignored when running in bare mode.
2026-10-03 00:16:48.984 Thread 'MainThread': missing ScriptRunContext! This warning can be ignored when running in bare mode.
2026-10-03 00:16:48.984 Thread 'MainThread': missing ScriptRunContext! This warning can be ignored when running in bare mode.
2026-10-03 00:16:48.985 Thread 'MainThread': missing ScriptRunContext! This warning can be ignored when running in bare mode.
2026-10-03 00:16:49.595 Thread 'MainThread': missing ScriptRunContext! This warning can be ignored when running in bare mode.
2026-10-03 00:16:49.595 Thread 'MainThread': missing ScriptRunContext! This warning can be ignored when running in bare mode.
2026-10-03 00:16:49.874 Thread 'MainThread': missing ScriptRunContext! This warning can be ignored when running in bare mode.
2026-10-03 00:16:49.874 Thread 'MainThread': missing ScriptRunContext! This warning can be ignored when running in bare mode.
2026-10-03 00:16:49.875 Thread 'MainThread': missing ScriptRunContext! This warning can be ignored when running in bare mode.
2026-10-03 00:16:49.875 Thread 'MainThread': missing ScriptRunContext! This warning can be ignored when running in bare mode.
2026-10-03 00:16:49.875 Thread 'MainThread': missing ScriptRunContext! This warning can be ignored when running in bare mode.
2026-10-03 00:16:49.875 Thread 'MainThread': missing ScriptRunContext! This warning can be ignored when running in bare mode.
2026-10-03 00:16:50.134 Thread 'MainThread': missing ScriptRunContext! This warning can be ignored when running in bare mode.
2026-10-03 00:16:50.134 Thread 'MainThread': missing ScriptRunContext! This warning can be ignored when running in bare mode.
2026-10-03 00:16:50.134 Thread 'MainThread': missing ScriptRunContext! This warning can be ignored when running in bare mode.
2026-10-03 00:16:50.134 Thread 'MainThread': missing ScriptRunContext! This warning can be ignored when running in bare mode.
2026-10-03 00:16:50.134 Thread 'MainThread': missing ScriptRunContext! This warning can be ignored when running in bare mode.
2026-10-03 00:16:50.134 Thread 'MainThread': missing ScriptRunContext! This warning can be ignored when running in bare mode.
2026-10-03 00:16:50.332 Thread 'MainThread': missing ScriptRunContext! This warning can be ignored when running in bare mode.
2026-10-03 00:16:50.332 Thread 'MainThread': missing ScriptRunContext! This warning can be ignored when running in bare mode.
2026-10-03 00:16:50.332 Thread 'MainThread': missing ScriptRunContext! This warning can be ignored when running in bare mode.
2026-10-03 00:16:50.332 Thread 'MainThread': missing ScriptRunContext! This warning can be ignored when running in bare mode.
2026-10-03 00:16:50.332 Thread 'MainThread': missing ScriptRunContext! This warning can be ignored when running in bare mode.
2026-10-03 00:16:50.332 Thread 'MainThread': missing ScriptRunContext! This warning can be ignored when running in bare mode.
2026-10-03 00:16:50.541 Please replace `use_container_width` with `width`.

`use_container_width` will be removed after 2025-12-31.

For `use_container_width=True`, use `width='stretch'`. For `use_container_width=False`, use `width='content'`.
2026-10-03 00:16:50.557 Thread 'MainThread': missing ScriptRunContext! This warning can be ignored when running in bare mode.
2026-10-03 00:16:50.558 Thread 'MainThread': missing ScriptRunContext! This warning can be ignored when running in bare mode.
2026-10-03 00:16:50.889 Please replace `use_container_width` with `width`.

`use_container_width` will be removed after 2025-12-31.

For `use_container_width=True`, use `width='stretch'`. For `use_container_width=False`, use `width='content'`.
2026-10-03 00:16:50.917 Thread 'MainThread': missing ScriptRunContext! This warning can be ignored when running in bare mode.
2026-10-03 00:16:50.917 Thread 'MainThread': missing ScriptRunContext! This warning can be ignored when running in bare mode.
2026-10-03 00:16:51.157 Thread 'MainThread': missing ScriptRunContext! This warning can be ignored when running in bare mode.
2026-10-03 00:16:51.158 Thread 'MainThread': missing ScriptRunContext! This warning can be ignored when running in bare mode.
2026-10-03 00:16:51.158 Thread 'MainThread': missing ScriptRunContext! This warning can be ignored when running in bare mode.
2026-10-03 00:16:51.158 Thread 'MainThread': missing ScriptRunContext! This warning can be ignored when running in bare mode.
2026-10-03 00:16:51.158 Thread 'MainThread': missing ScriptRunContext! This warning can be ignored when running in bare mode.
2026-10-03 00:16:51.158 Thread 'MainThread': missing ScriptRunContext! This warning can be ignored when running in bare mode.
2026-10-03 00:16:51.357 Thread 'MainThread': missing ScriptRunContext! This warning can be ignored when running in bare mode.
2026-10-03 00:16:51.357 Thread 'MainThread': missing ScriptRunContext! This warning can be ignored when running in bare mode.
2026-10-03 00:16:51.357 Thread 'MainThread': missing ScriptRunContext! This warning can be ignored when running in bare mode.
2026-10-03 00:16:51.357 Thread 'MainThread': missing ScriptRunContext! This warning can be ignored when running in bare mode.
2026-10-03 00:16:51.357 Thread 'MainThread': missing ScriptRunContext! This warning can be ignored when running in bare mode.
2026-10-03 00:16:51.357 Thread 'MainThread': missing ScriptRunContext! This warning can be ignored when running in bare mode.
2026-10-03 00:16:51.468 Thread 'MainThread': missing ScriptRunContext! This warning can be ignored when running in bare mode.
2026-10-03 00:16:51.470 Thread 'MainThread': missing ScriptRunContext! This warning can be ignored when running in bare mode.
2026-10-03 00:16:51.470 Thread 'MainThread': missing ScriptRunContext! This warning can be ignored when running in bare mode.
2026-10-03 00:16:51.470 Thread 'MainThread': missing ScriptRunContext! This warning can be ignored when running in bare mode.
2026-10-03 00:16:51.470 Thread 'MainThread': missing ScriptRunContext! This warning can be ignored when running in bare mode.
2026-10-03 00:16:52.095 Thread 'MainThread': missing ScriptRunContext! This warning can be ignored when running in bare mode.
2026-10-03 00:16:52.095 Thread 'MainThread': missing ScriptRunContext! This warning can be ignored when running in bare mode.
2026-10-03 00:16:52.313 Please replace `use_container_width` with `width`.

`use_container_width` will be removed after 2025-12-31.

For `use_container_width=True`, use `width='stretch'`. For `use_container_width=False`, use `width='content'`.
2026-10-03 00:16:52.326 Thread 'MainThread': missing ScriptRunContext! This warning can be ignored when running in bare mode.
2026-10-03 00:16:52.326 Thread 'MainThread': missing ScriptRunContext! This warning can be ignored when running in bare mode.
2026-10-03 00:16:52.524 Please replace `use_container_width` with `width`.

`use_container_width` will be removed after 2025-12-31.

For `use_container_width=True`, use `width='stretch'`. For `use_container_width=False`, use `width='content'`.
2026-10-03 00:16:52.541 Thread 'MainThread': missing ScriptRunContext! This warning can be ignored when running in bare mode.
2026-10-03 00:16:52.541 Thread 'MainThread': missing ScriptRunContext! This warning can be ignored when running in bare mode.
2026-10-03 00:16:52.756 Thread 'MainThread': missing ScriptRunContext! This warning can be ignored when running in bare mode.
2026-10-03 00:16:52.757 Thread 'MainThread': missing ScriptRunContext! This warning can be ignored when running in bare mode.
2026-10-03 00:16:52.757 Thread 'MainThread': missing ScriptRunContext! This warning can be ignored when running in bare mode.
2026-10-03 00:16:52.757 Thread 'MainThread': missing ScriptRunContext! This warning can be ignored when running in bare mode.
2026-10-03 00:16:52.757 Thread 'MainThread': missing ScriptRunContext! This warning can be ignored when running in bare mode.
2026-10-03 00:16:52.757 Thread 'MainThread': missing ScriptRunContext! This warning can be ignored when running in bare mode.
2026-10-03 00:16:52.957 Thread 'MainThread': missing ScriptRunContext! This warning can be ignored when running in bare mode.
2026-10-03 00:16:52.957 Thread 'MainThread': missing ScriptRunContext! This warning can be ignored when running in bare mode.
2026-10-03 00:16:52.957 Thread 'MainThread': missing ScriptRunContext! This warning can be ignored when running in bare mode.
2026-10-03 00:16:52.957 Thread 'MainThread': missing ScriptRunContext! This warning can be ignored when running in bare mode.
2026-10-03 00:16:52.958 Thread 'MainThread': missing ScriptRunContext! This warning can be ignored when running in bare mode.
2026-10-03 00:16:52.958 Thread 'MainThread': missing ScriptRunContext! This warning can be ignored when running in bare mode.
2026-10-03 00:16:53.188 Please replace `use_container_width` with `width`.

`use_container_width` will be removed after 2025-12-31.

For `use_container_width=True`, use `width='stretch'`. For `use_container_width=False`, use `width='content'`.
======================================================================
ERROR: test_accessible_selection_and_explicit_explanation_cache (test_day14.StreamlitInteractionTests.test_accessible_selection_and_explicit_explanation_cache)
----------------------------------------------------------------------
Traceback (most recent call last):
  File "C:\Users\88690\OneDrive\桌面\visual-learning-lab\tests\test_day14.py", line 313, in test_accessible_selection_and_explicit_explanation_cache
    at.selectbox[1].select("transform").run()
    ~~~~~~~~~~~~~~~~~~~~~~~~~~~~~~~~~~~~~~~^^
  File "C:\Users\88690\AppData\Local\Python\pythoncore-3.14-64\Lib\site-packages\streamlit\testing\v1\element_tree.py", line 223, in run
    return self.root.run(timeout=timeout)
           ~~~~~~~~~~~~~^^^^^^^^^^^^^^^^^
  File "C:\Users\88690\AppData\Local\Python\pythoncore-3.14-64\Lib\site-packages\streamlit\testing\v1\element_tree.py", line 2692, in run
    widget_states = self.get_widget_states()
  File "C:\Users\88690\AppData\Local\Python\pythoncore-3.14-64\Lib\site-packages\streamlit\testing\v1\element_tree.py", line 2675, in get_widget_states
    w = get_widget_state(node)
  File "C:\Users\88690\AppData\Local\Python\pythoncore-3.14-64\Lib\site-packages\streamlit\testing\v1\element_tree.py", line 2616, in get_widget_state
    return node._widget_state
           ^^^^^^^^^^^^^^^^^^
  File "C:\Users\88690\AppData\Local\Python\pythoncore-3.14-64\Lib\site-packages\streamlit\testing\v1\element_tree.py", line 1587, in _widget_state
    if self.index is not None and len(self.options) > 0:
       ^^^^^^^^^^
  File "C:\Users\88690\AppData\Local\Python\pythoncore-3.14-64\Lib\site-packages\streamlit\testing\v1\element_tree.py", line 1558, in index
    return self.options.index(formatted_value)
           ~~~~~~~~~~~~~~~~~~^^^^^^^^^^^^^^^^^
ValueError: list.index(x): x not in list

======================================================================
ERROR: test_comparison_direct_buttons_and_text_source (test_day14.StreamlitInteractionTests.test_comparison_direct_buttons_and_text_source)
----------------------------------------------------------------------
Traceback (most recent call last):
  File "C:\Users\88690\OneDrive\桌面\visual-learning-lab\tests\test_day14.py", line 325, in test_comparison_direct_buttons_and_text_source
    self.click(at, "Material transformation")
    ~~~~~~~~~~^^^^^^^^^^^^^^^^^^^^^^^^^^^^^^^
  File "C:\Users\88690\OneDrive\桌面\visual-learning-lab\tests\test_day14.py", line 285, in click
    next(button for button in at.button if button.label == label).click().run()
    ~~~~~~~~~~~~~~~~~~~~~~~~~~~~~~~~~~~~~~~~~~~~~~~~~~~~~~~~~~~~~~~~~~~~~~~~~^^
  File "C:\Users\88690\AppData\Local\Python\pythoncore-3.14-64\Lib\site-packages\streamlit\testing\v1\element_tree.py", line 223, in run
    return self.root.run(timeout=timeout)
           ~~~~~~~~~~~~~^^^^^^^^^^^^^^^^^
  File "C:\Users\88690\AppData\Local\Python\pythoncore-3.14-64\Lib\site-packages\streamlit\testing\v1\element_tree.py", line 2692, in run
    widget_states = self.get_widget_states()
  File "C:\Users\88690\AppData\Local\Python\pythoncore-3.14-64\Lib\site-packages\streamlit\testing\v1\element_tree.py", line 2675, in get_widget_states
    w = get_widget_state(node)
  File "C:\Users\88690\AppData\Local\Python\pythoncore-3.14-64\Lib\site-packages\streamlit\testing\v1\element_tree.py", line 2616, in get_widget_state
    return node._widget_state
           ^^^^^^^^^^^^^^^^^^
  File "C:\Users\88690\AppData\Local\Python\pythoncore-3.14-64\Lib\site-packages\streamlit\testing\v1\element_tree.py", line 1587, in _widget_state
    if self.index is not None and len(self.options) > 0:
       ^^^^^^^^^^
  File "C:\Users\88690\AppData\Local\Python\pythoncore-3.14-64\Lib\site-packages\streamlit\testing\v1\element_tree.py", line 1558, in index
    return self.options.index(formatted_value)
           ~~~~~~~~~~~~~~~~~~^^^^^^^^^^^^^^^^^
ValueError: list.index(x): x not in list

======================================================================
ERROR: test_component_error_graphviz_and_list_remain_usable (test_day14.StreamlitInteractionTests.test_component_error_graphviz_and_list_remain_usable)
----------------------------------------------------------------------
Traceback (most recent call last):
  File "C:\Users\88690\OneDrive\桌面\visual-learning-lab\tests\test_day14.py", line 340, in test_component_error_graphviz_and_list_remain_usable
    at.selectbox[1].select("input").run()
    ~~~~~~~~~~~~~~~~~~~~~~~~~~~~~~~~~~~^^
  File "C:\Users\88690\AppData\Local\Python\pythoncore-3.14-64\Lib\site-packages\streamlit\testing\v1\element_tree.py", line 223, in run
    return self.root.run(timeout=timeout)
           ~~~~~~~~~~~~~^^^^^^^^^^^^^^^^^
  File "C:\Users\88690\AppData\Local\Python\pythoncore-3.14-64\Lib\site-packages\streamlit\testing\v1\element_tree.py", line 2692, in run
    widget_states = self.get_widget_states()
  File "C:\Users\88690\AppData\Local\Python\pythoncore-3.14-64\Lib\site-packages\streamlit\testing\v1\element_tree.py", line 2675, in get_widget_states
    w = get_widget_state(node)
  File "C:\Users\88690\AppData\Local\Python\pythoncore-3.14-64\Lib\site-packages\streamlit\testing\v1\element_tree.py", line 2616, in get_widget_state
    return node._widget_state
           ^^^^^^^^^^^^^^^^^^
  File "C:\Users\88690\AppData\Local\Python\pythoncore-3.14-64\Lib\site-packages\streamlit\testing\v1\element_tree.py", line 1587, in _widget_state
    if self.index is not None and len(self.options) > 0:
       ^^^^^^^^^^
  File "C:\Users\88690\AppData\Local\Python\pythoncore-3.14-64\Lib\site-packages\streamlit\testing\v1\element_tree.py", line 1558, in index
    return self.options.index(formatted_value)
           ~~~~~~~~~~~~~~~~~~^^^^^^^^^^^^^^^^^
ValueError: list.index(x): x not in list

======================================================================
ERROR: test_focused_failure_keeps_queue_and_all_correct_needs_no_call (test_day14.StreamlitInteractionTests.test_focused_failure_keeps_queue_and_all_correct_needs_no_call)
----------------------------------------------------------------------
Traceback (most recent call last):
  File "C:\Users\88690\OneDrive\桌面\visual-learning-lab\tests\test_day14.py", line 413, in test_focused_failure_keeps_queue_and_all_correct_needs_no_call
    at.radio(key="workspace-mode-offline-material").set_value("practice").run()
    ~~~~~~~~~~~~~~~~~~~~~~~~~~~~~~~~~~~~~~~~~~~~~~~~~~~~~~~~~~~~~~~~~~~~~~~~~^^
  File "C:\Users\88690\AppData\Local\Python\pythoncore-3.14-64\Lib\site-packages\streamlit\testing\v1\element_tree.py", line 223, in run
    return self.root.run(timeout=timeout)
           ~~~~~~~~~~~~~^^^^^^^^^^^^^^^^^
  File "C:\Users\88690\AppData\Local\Python\pythoncore-3.14-64\Lib\site-packages\streamlit\testing\v1\element_tree.py", line 2692, in run
    widget_states = self.get_widget_states()
  File "C:\Users\88690\AppData\Local\Python\pythoncore-3.14-64\Lib\site-packages\streamlit\testing\v1\element_tree.py", line 2675, in get_widget_states
    w = get_widget_state(node)
  File "C:\Users\88690\AppData\Local\Python\pythoncore-3.14-64\Lib\site-packages\streamlit\testing\v1\element_tree.py", line 2616, in get_widget_state
    return node._widget_state
           ^^^^^^^^^^^^^^^^^^
  File "C:\Users\88690\AppData\Local\Python\pythoncore-3.14-64\Lib\site-packages\streamlit\testing\v1\element_tree.py", line 1587, in _widget_state
    if self.index is not None and len(self.options) > 0:
       ^^^^^^^^^^
  File "C:\Users\88690\AppData\Local\Python\pythoncore-3.14-64\Lib\site-packages\streamlit\testing\v1\element_tree.py", line 1558, in index
    return self.options.index(formatted_value)
           ~~~~~~~~~~~~~~~~~~^^^^^^^^^^^^^^^^^
ValueError: list.index(x): x not in list

======================================================================
ERROR: test_knowledge_review_focused_cache_retry_and_cross_navigation (test_day14.StreamlitInteractionTests.test_knowledge_review_focused_cache_retry_and_cross_navigation)
----------------------------------------------------------------------
Traceback (most recent call last):
  File "C:\Users\88690\OneDrive\桌面\visual-learning-lab\tests\test_day14.py", line 356, in test_knowledge_review_focused_cache_retry_and_cross_navigation
    at.radio(key="workspace-mode-offline-material").set_value("practice").run()
    ~~~~~~~~~~~~~~~~~~~~~~~~~~~~~~~~~~~~~~~~~~~~~~~~~~~~~~~~~~~~~~~~~~~~~~~~~^^
  File "C:\Users\88690\AppData\Local\Python\pythoncore-3.14-64\Lib\site-packages\streamlit\testing\v1\element_tree.py", line 223, in run
    return self.root.run(timeout=timeout)
           ~~~~~~~~~~~~~^^^^^^^^^^^^^^^^^
  File "C:\Users\88690\AppData\Local\Python\pythoncore-3.14-64\Lib\site-packages\streamlit\testing\v1\element_tree.py", line 2692, in run
    widget_states = self.get_widget_states()
  File "C:\Users\88690\AppData\Local\Python\pythoncore-3.14-64\Lib\site-packages\streamlit\testing\v1\element_tree.py", line 2675, in get_widget_states
    w = get_widget_state(node)
  File "C:\Users\88690\AppData\Local\Python\pythoncore-3.14-64\Lib\site-packages\streamlit\testing\v1\element_tree.py", line 2616, in get_widget_state
    return node._widget_state
           ^^^^^^^^^^^^^^^^^^
  File "C:\Users\88690\AppData\Local\Python\pythoncore-3.14-64\Lib\site-packages\streamlit\testing\v1\element_tree.py", line 1587, in _widget_state
    if self.index is not None and len(self.options) > 0:
       ^^^^^^^^^^
  File "C:\Users\88690\AppData\Local\Python\pythoncore-3.14-64\Lib\site-packages\streamlit\testing\v1\element_tree.py", line 1558, in index
    return self.options.index(formatted_value)
           ~~~~~~~~~~~~~~~~~~^^^^^^^^^^^^^^^^^
ValueError: list.index(x): x not in list

======================================================================
ERROR: test_missing_pdf_bytes_and_sparse_page_fallback (test_day14.StreamlitInteractionTests.test_missing_pdf_bytes_and_sparse_page_fallback)
----------------------------------------------------------------------
Traceback (most recent call last):
  File "C:\Users\88690\OneDrive\桌面\visual-learning-lab\tests\test_day14.py", line 429, in test_missing_pdf_bytes_and_sparse_page_fallback
    at.selectbox[1].select("transform").run()
    ~~~~~~~~~~~~~~~~~~~~~~~~~~~~~~~~~~~~~~~^^
  File "C:\Users\88690\AppData\Local\Python\pythoncore-3.14-64\Lib\site-packages\streamlit\testing\v1\element_tree.py", line 223, in run
    return self.root.run(timeout=timeout)
           ~~~~~~~~~~~~~^^^^^^^^^^^^^^^^^
  File "C:\Users\88690\AppData\Local\Python\pythoncore-3.14-64\Lib\site-packages\streamlit\testing\v1\element_tree.py", line 2692, in run
    widget_states = self.get_widget_states()
  File "C:\Users\88690\AppData\Local\Python\pythoncore-3.14-64\Lib\site-packages\streamlit\testing\v1\element_tree.py", line 2675, in get_widget_states
    w = get_widget_state(node)
  File "C:\Users\88690\AppData\Local\Python\pythoncore-3.14-64\Lib\site-packages\streamlit\testing\v1\element_tree.py", line 2616, in get_widget_state
    return node._widget_state
           ^^^^^^^^^^^^^^^^^^
  File "C:\Users\88690\AppData\Local\Python\pythoncore-3.14-64\Lib\site-packages\streamlit\testing\v1\element_tree.py", line 1587, in _widget_state
    if self.index is not None and len(self.options) > 0:
       ^^^^^^^^^^
  File "C:\Users\88690\AppData\Local\Python\pythoncore-3.14-64\Lib\site-packages\streamlit\testing\v1\element_tree.py", line 1558, in index
    return self.options.index(formatted_value)
           ~~~~~~~~~~~~~~~~~~^^^^^^^^^^^^^^^^^
ValueError: list.index(x): x not in list

======================================================================
ERROR: test_new_analysis_resets_canvas_source_quiz_and_review (test_day14.StreamlitInteractionTests.test_new_analysis_resets_canvas_source_quiz_and_review)
----------------------------------------------------------------------
Traceback (most recent call last):
  File "C:\Users\88690\OneDrive\桌面\visual-learning-lab\tests\test_day14.py", line 389, in test_new_analysis_resets_canvas_source_quiz_and_review
    at.selectbox[1].select("transform").run()
    ~~~~~~~~~~~~~~~~~~~~~~~~~~~~~~~~~~~~~~~^^
  File "C:\Users\88690\AppData\Local\Python\pythoncore-3.14-64\Lib\site-packages\streamlit\testing\v1\element_tree.py", line 223, in run
    return self.root.run(timeout=timeout)
           ~~~~~~~~~~~~~^^^^^^^^^^^^^^^^^
  File "C:\Users\88690\AppData\Local\Python\pythoncore-3.14-64\Lib\site-packages\streamlit\testing\v1\element_tree.py", line 2692, in run
    widget_states = self.get_widget_states()
  File "C:\Users\88690\AppData\Local\Python\pythoncore-3.14-64\Lib\site-packages\streamlit\testing\v1\element_tree.py", line 2675, in get_widget_states
    w = get_widget_state(node)
  File "C:\Users\88690\AppData\Local\Python\pythoncore-3.14-64\Lib\site-packages\streamlit\testing\v1\element_tree.py", line 2616, in get_widget_state
    return node._widget_state
           ^^^^^^^^^^^^^^^^^^
  File "C:\Users\88690\AppData\Local\Python\pythoncore-3.14-64\Lib\site-packages\streamlit\testing\v1\element_tree.py", line 1587, in _widget_state
    if self.index is not None and len(self.options) > 0:
       ^^^^^^^^^^
  File "C:\Users\88690\AppData\Local\Python\pythoncore-3.14-64\Lib\site-packages\streamlit\testing\v1\element_tree.py", line 1558, in index
    return self.options.index(formatted_value)
           ~~~~~~~~~~~~~~~~~~^^^^^^^^^^^^^^^^^
ValueError: list.index(x): x not in list

======================================================================
ERROR: test_node_click_source_pages_and_lesson_navigation_are_local (test_day14.StreamlitInteractionTests.test_node_click_source_pages_and_lesson_navigation_are_local)
----------------------------------------------------------------------
Traceback (most recent call last):
  File "C:\Users\88690\OneDrive\桌面\visual-learning-lab\tests\test_day14.py", line 297, in test_node_click_source_pages_and_lesson_navigation_are_local
    at.run()
    ~~~~~~^^
  File "C:\Users\88690\AppData\Local\Python\pythoncore-3.14-64\Lib\site-packages\streamlit\testing\v1\app_test.py", line 568, in run
    return self._tree.run(timeout=timeout)
           ~~~~~~~~~~~~~~^^^^^^^^^^^^^^^^^
  File "C:\Users\88690\AppData\Local\Python\pythoncore-3.14-64\Lib\site-packages\streamlit\testing\v1\element_tree.py", line 2692, in run
    widget_states = self.get_widget_states()
  File "C:\Users\88690\AppData\Local\Python\pythoncore-3.14-64\Lib\site-packages\streamlit\testing\v1\element_tree.py", line 2675, in get_widget_states
    w = get_widget_state(node)
  File "C:\Users\88690\AppData\Local\Python\pythoncore-3.14-64\Lib\site-packages\streamlit\testing\v1\element_tree.py", line 2616, in get_widget_state
    return node._widget_state
           ^^^^^^^^^^^^^^^^^^
  File "C:\Users\88690\AppData\Local\Python\pythoncore-3.14-64\Lib\site-packages\streamlit\testing\v1\element_tree.py", line 1587, in _widget_state
    if self.index is not None and len(self.options) > 0:
       ^^^^^^^^^^
  File "C:\Users\88690\AppData\Local\Python\pythoncore-3.14-64\Lib\site-packages\streamlit\testing\v1\element_tree.py", line 1558, in index
    return self.options.index(formatted_value)
           ~~~~~~~~~~~~~~~~~~^^^^^^^^^^^^^^^^^
ValueError: list.index(x): x not in list

======================================================================
ERROR: test_source_failure_text_fallback_does_not_clear_selection (test_day14.StreamlitInteractionTests.test_source_failure_text_fallback_does_not_clear_selection)
----------------------------------------------------------------------
Traceback (most recent call last):
  File "C:\Users\88690\OneDrive\桌面\visual-learning-lab\tests\test_day14.py", line 347, in test_source_failure_text_fallback_does_not_clear_selection
    at.selectbox[1].select("input").run()
    ~~~~~~~~~~~~~~~~~~~~~~~~~~~~~~~~~~~^^
  File "C:\Users\88690\AppData\Local\Python\pythoncore-3.14-64\Lib\site-packages\streamlit\testing\v1\element_tree.py", line 223, in run
    return self.root.run(timeout=timeout)
           ~~~~~~~~~~~~~^^^^^^^^^^^^^^^^^
  File "C:\Users\88690\AppData\Local\Python\pythoncore-3.14-64\Lib\site-packages\streamlit\testing\v1\element_tree.py", line 2692, in run
    widget_states = self.get_widget_states()
  File "C:\Users\88690\AppData\Local\Python\pythoncore-3.14-64\Lib\site-packages\streamlit\testing\v1\element_tree.py", line 2675, in get_widget_states
    w = get_widget_state(node)
  File "C:\Users\88690\AppData\Local\Python\pythoncore-3.14-64\Lib\site-packages\streamlit\testing\v1\element_tree.py", line 2616, in get_widget_state
    return node._widget_state
           ^^^^^^^^^^^^^^^^^^
  File "C:\Users\88690\AppData\Local\Python\pythoncore-3.14-64\Lib\site-packages\streamlit\testing\v1\element_tree.py", line 1587, in _widget_state
    if self.index is not None and len(self.options) > 0:
       ^^^^^^^^^^
  File "C:\Users\88690\AppData\Local\Python\pythoncore-3.14-64\Lib\site-packages\streamlit\testing\v1\element_tree.py", line 1558, in index
    return self.options.index(formatted_value)
           ~~~~~~~~~~~~~~~~~~^^^^^^^^^^^^^^^^^
ValueError: list.index(x): x not in list

======================================================================
ERROR: test_day15 (unittest.loader._FailedTest.test_day15)
----------------------------------------------------------------------
ImportError: Failed to import test module: test_day15
Traceback (most recent call last):
  File "C:\Users\88690\AppData\Local\Python\pythoncore-3.14-64\Lib\unittest\loader.py", line 433, in _find_test_path
    module = self._get_module_from_name(name)
  File "C:\Users\88690\AppData\Local\Python\pythoncore-3.14-64\Lib\unittest\loader.py", line 374, in _get_module_from_name
    __import__(name)
    ~~~~~~~~~~^^^^^^
  File "C:\Users\88690\OneDrive\桌面\visual-learning-lab\tests\test_day15.py", line 193
    at.session_state["allowed_source_pages"] = [1, 2]
IndentationError: unexpected indent


======================================================================
ERROR: test_api_failure_malformed_scene_and_unsuitable_cached_preserve_analysis (test_day16.SimulationInteractionTests.test_api_failure_malformed_scene_and_unsuitable_cached_preserve_analysis)
----------------------------------------------------------------------
Traceback (most recent call last):
  File "C:\Users\88690\OneDrive\桌面\visual-learning-lab\tests\test_day16.py", line 371, in test_api_failure_malformed_scene_and_unsuitable_cached_preserve_analysis
    self.click(at, "Create dynamic simulation")
    ~~~~~~~~~~^^^^^^^^^^^^^^^^^^^^^^^^^^^^^^^^^
  File "C:\Users\88690\OneDrive\桌面\visual-learning-lab\tests\test_day16.py", line 295, in click
    next(button for button in at.button if button.label == label).click().run()
    ~~~~~~~~~~~~~~~~~~~~~~~~~~~~~~~~~~~~~~~~~~~~~~~~~~~~~~~~~~~~~~~~~~~~~~~~~^^
  File "C:\Users\88690\AppData\Local\Python\pythoncore-3.14-64\Lib\site-packages\streamlit\testing\v1\element_tree.py", line 223, in run
    return self.root.run(timeout=timeout)
           ~~~~~~~~~~~~~^^^^^^^^^^^^^^^^^
  File "C:\Users\88690\AppData\Local\Python\pythoncore-3.14-64\Lib\site-packages\streamlit\testing\v1\element_tree.py", line 2692, in run
    widget_states = self.get_widget_states()
  File "C:\Users\88690\AppData\Local\Python\pythoncore-3.14-64\Lib\site-packages\streamlit\testing\v1\element_tree.py", line 2675, in get_widget_states
    w = get_widget_state(node)
  File "C:\Users\88690\AppData\Local\Python\pythoncore-3.14-64\Lib\site-packages\streamlit\testing\v1\element_tree.py", line 2616, in get_widget_state
    return node._widget_state
           ^^^^^^^^^^^^^^^^^^
  File "C:\Users\88690\AppData\Local\Python\pythoncore-3.14-64\Lib\site-packages\streamlit\testing\v1\element_tree.py", line 1587, in _widget_state
    if self.index is not None and len(self.options) > 0:
       ^^^^^^^^^^
  File "C:\Users\88690\AppData\Local\Python\pythoncore-3.14-64\Lib\site-packages\streamlit\testing\v1\element_tree.py", line 1558, in index
    return self.options.index(formatted_value)
           ~~~~~~~~~~~~~~~~~~^^^^^^^^^^^^^^^^^
ValueError: list.index(x): x not in list

======================================================================
ERROR: test_build_one_cached_zero_local_options_and_shared_sliders_preserve_learning (test_day16.SimulationInteractionTests.test_build_one_cached_zero_local_options_and_shared_sliders_preserve_learning)
----------------------------------------------------------------------
Traceback (most recent call last):
  File "C:\Users\88690\OneDrive\桌面\visual-learning-lab\tests\test_day16.py", line 307, in test_build_one_cached_zero_local_options_and_shared_sliders_preserve_learning
    at.selectbox(key="canvas-list-sim-material-concept_map").select("transform").run()
    ~~~~~~~~~~~~~~~~~~~~~~~~~~~~~~~~~~~~~~~~~~~~~~~~~~~~~~~~~~~~~~~~~~~~~~~~~~~~~~~~^^
  File "C:\Users\88690\AppData\Local\Python\pythoncore-3.14-64\Lib\site-packages\streamlit\testing\v1\element_tree.py", line 223, in run
    return self.root.run(timeout=timeout)
           ~~~~~~~~~~~~~^^^^^^^^^^^^^^^^^
  File "C:\Users\88690\AppData\Local\Python\pythoncore-3.14-64\Lib\site-packages\streamlit\testing\v1\element_tree.py", line 2692, in run
    widget_states = self.get_widget_states()
  File "C:\Users\88690\AppData\Local\Python\pythoncore-3.14-64\Lib\site-packages\streamlit\testing\v1\element_tree.py", line 2675, in get_widget_states
    w = get_widget_state(node)
  File "C:\Users\88690\AppData\Local\Python\pythoncore-3.14-64\Lib\site-packages\streamlit\testing\v1\element_tree.py", line 2616, in get_widget_state
    return node._widget_state
           ^^^^^^^^^^^^^^^^^^
  File "C:\Users\88690\AppData\Local\Python\pythoncore-3.14-64\Lib\site-packages\streamlit\testing\v1\element_tree.py", line 1587, in _widget_state
    if self.index is not None and len(self.options) > 0:
       ^^^^^^^^^^
  File "C:\Users\88690\AppData\Local\Python\pythoncore-3.14-64\Lib\site-packages\streamlit\testing\v1\element_tree.py", line 1558, in index
    return self.options.index(formatted_value)
           ~~~~~~~~~~~~~~~~~~^^^^^^^^^^^^^^^^^
ValueError: list.index(x): x not in list

======================================================================
ERROR: test_damped_phasor_helix_render_and_api_site_is_isolated (test_day16.SimulationInteractionTests.test_damped_phasor_helix_render_and_api_site_is_isolated)
----------------------------------------------------------------------
Traceback (most recent call last):
  File "C:\Users\88690\OneDrive\桌面\visual-learning-lab\tests\test_day16.py", line 415, in test_damped_phasor_helix_render_and_api_site_is_isolated
    self.build(at)
    ~~~~~~~~~~^^^^
  File "C:\Users\88690\OneDrive\桌面\visual-learning-lab\tests\test_day16.py", line 300, in build
    self.click(at, "Create dynamic simulation")
    ~~~~~~~~~~^^^^^^^^^^^^^^^^^^^^^^^^^^^^^^^^^
  File "C:\Users\88690\OneDrive\桌面\visual-learning-lab\tests\test_day16.py", line 295, in click
    next(button for button in at.button if button.label == label).click().run()
    ~~~~~~~~~~~~~~~~~~~~~~~~~~~~~~~~~~~~~~~~~~~~~~~~~~~~~~~~~~~~~~~~~~~~~~~~~^^
  File "C:\Users\88690\AppData\Local\Python\pythoncore-3.14-64\Lib\site-packages\streamlit\testing\v1\element_tree.py", line 223, in run
    return self.root.run(timeout=timeout)
           ~~~~~~~~~~~~~^^^^^^^^^^^^^^^^^
  File "C:\Users\88690\AppData\Local\Python\pythoncore-3.14-64\Lib\site-packages\streamlit\testing\v1\element_tree.py", line 2692, in run
    widget_states = self.get_widget_states()
  File "C:\Users\88690\AppData\Local\Python\pythoncore-3.14-64\Lib\site-packages\streamlit\testing\v1\element_tree.py", line 2675, in get_widget_states
    w = get_widget_state(node)
  File "C:\Users\88690\AppData\Local\Python\pythoncore-3.14-64\Lib\site-packages\streamlit\testing\v1\element_tree.py", line 2616, in get_widget_state
    return node._widget_state
           ^^^^^^^^^^^^^^^^^^
  File "C:\Users\88690\AppData\Local\Python\pythoncore-3.14-64\Lib\site-packages\streamlit\testing\v1\element_tree.py", line 1587, in _widget_state
    if self.index is not None and len(self.options) > 0:
       ^^^^^^^^^^
  File "C:\Users\88690\AppData\Local\Python\pythoncore-3.14-64\Lib\site-packages\streamlit\testing\v1\element_tree.py", line 1558, in index
    return self.options.index(formatted_value)
           ~~~~~~~~~~~~~~~~~~^^^^^^^^^^^^^^^^^
ValueError: list.index(x): x not in list

======================================================================
ERROR: test_lesson_inspector_review_and_focused_review_use_existing_mapping (test_day16.SimulationInteractionTests.test_lesson_inspector_review_and_focused_review_use_existing_mapping)
----------------------------------------------------------------------
Traceback (most recent call last):
  File "C:\Users\88690\OneDrive\桌面\visual-learning-lab\tests\test_day16.py", line 341, in test_lesson_inspector_review_and_focused_review_use_existing_mapping
    at.radio(key="workspace-mode-sim-material").set_value("practice").run()
    ~~~~~~~~~~~~~~~~~~~~~~~~~~~~~~~~~~~~~~~~~~~~~~~~~~~~~~~~~~~~~~~~~~~~~^^
  File "C:\Users\88690\AppData\Local\Python\pythoncore-3.14-64\Lib\site-packages\streamlit\testing\v1\element_tree.py", line 223, in run
    return self.root.run(timeout=timeout)
           ~~~~~~~~~~~~~^^^^^^^^^^^^^^^^^
  File "C:\Users\88690\AppData\Local\Python\pythoncore-3.14-64\Lib\site-packages\streamlit\testing\v1\element_tree.py", line 2692, in run
    widget_states = self.get_widget_states()
  File "C:\Users\88690\AppData\Local\Python\pythoncore-3.14-64\Lib\site-packages\streamlit\testing\v1\element_tree.py", line 2675, in get_widget_states
    w = get_widget_state(node)
  File "C:\Users\88690\AppData\Local\Python\pythoncore-3.14-64\Lib\site-packages\streamlit\testing\v1\element_tree.py", line 2616, in get_widget_state
    return node._widget_state
           ^^^^^^^^^^^^^^^^^^
  File "C:\Users\88690\AppData\Local\Python\pythoncore-3.14-64\Lib\site-packages\streamlit\testing\v1\element_tree.py", line 1587, in _widget_state
    if self.index is not None and len(self.options) > 0:
       ^^^^^^^^^^
  File "C:\Users\88690\AppData\Local\Python\pythoncore-3.14-64\Lib\site-packages\streamlit\testing\v1\element_tree.py", line 1558, in index
    return self.options.index(formatted_value)
           ~~~~~~~~~~~~~~~~~~^^^^^^^^^^^^^^^^^
ValueError: list.index(x): x not in list

======================================================================
ERROR: test_numeric_and_plot_failures_fallback_and_new_material_clear_only_simulation (test_day16.SimulationInteractionTests.test_numeric_and_plot_failures_fallback_and_new_material_clear_only_simulation)
----------------------------------------------------------------------
Traceback (most recent call last):
  File "C:\Users\88690\OneDrive\桌面\visual-learning-lab\tests\test_day16.py", line 388, in test_numeric_and_plot_failures_fallback_and_new_material_clear_only_simulation
    self.build(at)
    ~~~~~~~~~~^^^^
  File "C:\Users\88690\OneDrive\桌面\visual-learning-lab\tests\test_day16.py", line 300, in build
    self.click(at, "Create dynamic simulation")
    ~~~~~~~~~~^^^^^^^^^^^^^^^^^^^^^^^^^^^^^^^^^
  File "C:\Users\88690\OneDrive\桌面\visual-learning-lab\tests\test_day16.py", line 295, in click
    next(button for button in at.button if button.label == label).click().run()
    ~~~~~~~~~~~~~~~~~~~~~~~~~~~~~~~~~~~~~~~~~~~~~~~~~~~~~~~~~~~~~~~~~~~~~~~~~^^
  File "C:\Users\88690\AppData\Local\Python\pythoncore-3.14-64\Lib\site-packages\streamlit\testing\v1\element_tree.py", line 223, in run
    return self.root.run(timeout=timeout)
           ~~~~~~~~~~~~~^^^^^^^^^^^^^^^^^
  File "C:\Users\88690\AppData\Local\Python\pythoncore-3.14-64\Lib\site-packages\streamlit\testing\v1\element_tree.py", line 2692, in run
    widget_states = self.get_widget_states()
  File "C:\Users\88690\AppData\Local\Python\pythoncore-3.14-64\Lib\site-packages\streamlit\testing\v1\element_tree.py", line 2675, in get_widget_states
    w = get_widget_state(node)
  File "C:\Users\88690\AppData\Local\Python\pythoncore-3.14-64\Lib\site-packages\streamlit\testing\v1\element_tree.py", line 2616, in get_widget_state
    return node._widget_state
           ^^^^^^^^^^^^^^^^^^
  File "C:\Users\88690\AppData\Local\Python\pythoncore-3.14-64\Lib\site-packages\streamlit\testing\v1\element_tree.py", line 1587, in _widget_state
    if self.index is not None and len(self.options) > 0:
       ^^^^^^^^^^
  File "C:\Users\88690\AppData\Local\Python\pythoncore-3.14-64\Lib\site-packages\streamlit\testing\v1\element_tree.py", line 1558, in index
    return self.options.index(formatted_value)
           ~~~~~~~~~~~~~~~~~~^^^^^^^^^^^^^^^^^
ValueError: list.index(x): x not in list

======================================================================
ERROR: test_explicit_build_once_then_all_scene_interactions_are_local (test_day17.LearningSceneAppTests.test_explicit_build_once_then_all_scene_interactions_are_local)
----------------------------------------------------------------------
Traceback (most recent call last):
  File "C:\Users\88690\OneDrive\桌面\visual-learning-lab\tests\test_day17.py", line 292, in test_explicit_build_once_then_all_scene_interactions_are_local
    next(button for button in at.button if button.label == "Build Learning Scene").click().run()
    ~~~~~~~~~~~~~~~~~~~~~~~~~~~~~~~~~~~~~~~~~~~~~~~~~~~~~~~~~~~~~~~~~~~~~~~~~~~~~~~~~~~~~~~~~~^^
  File "C:\Users\88690\AppData\Local\Python\pythoncore-3.14-64\Lib\site-packages\streamlit\testing\v1\element_tree.py", line 223, in run
    return self.root.run(timeout=timeout)
           ~~~~~~~~~~~~~^^^^^^^^^^^^^^^^^
  File "C:\Users\88690\AppData\Local\Python\pythoncore-3.14-64\Lib\site-packages\streamlit\testing\v1\element_tree.py", line 2692, in run
    widget_states = self.get_widget_states()
  File "C:\Users\88690\AppData\Local\Python\pythoncore-3.14-64\Lib\site-packages\streamlit\testing\v1\element_tree.py", line 2675, in get_widget_states
    w = get_widget_state(node)
  File "C:\Users\88690\AppData\Local\Python\pythoncore-3.14-64\Lib\site-packages\streamlit\testing\v1\element_tree.py", line 2616, in get_widget_state
    return node._widget_state
           ^^^^^^^^^^^^^^^^^^
  File "C:\Users\88690\AppData\Local\Python\pythoncore-3.14-64\Lib\site-packages\streamlit\testing\v1\element_tree.py", line 1587, in _widget_state
    if self.index is not None and len(self.options) > 0:
       ^^^^^^^^^^
  File "C:\Users\88690\AppData\Local\Python\pythoncore-3.14-64\Lib\site-packages\streamlit\testing\v1\element_tree.py", line 1558, in index
    return self.options.index(formatted_value)
           ~~~~~~~~~~~~~~~~~~^^^^^^^^^^^^^^^^^
ValueError: list.index(x): x not in list

======================================================================
ERROR: test_malformed_scene_is_isolated_from_existing_learning_features (test_day17.LearningSceneAppTests.test_malformed_scene_is_isolated_from_existing_learning_features)
----------------------------------------------------------------------
Traceback (most recent call last):
  File "C:\Users\88690\OneDrive\桌面\visual-learning-lab\tests\test_day17.py", line 311, in test_malformed_scene_is_isolated_from_existing_learning_features
    next(button for button in at.button if button.label == "Build Learning Scene").click().run()
    ~~~~~~~~~~~~~~~~~~~~~~~~~~~~~~~~~~~~~~~~~~~~~~~~~~~~~~~~~~~~~~~~~~~~~~~~~~~~~~~~~~~~~~~~~~^^
  File "C:\Users\88690\AppData\Local\Python\pythoncore-3.14-64\Lib\site-packages\streamlit\testing\v1\element_tree.py", line 223, in run
    return self.root.run(timeout=timeout)
           ~~~~~~~~~~~~~^^^^^^^^^^^^^^^^^
  File "C:\Users\88690\AppData\Local\Python\pythoncore-3.14-64\Lib\site-packages\streamlit\testing\v1\element_tree.py", line 2692, in run
    widget_states = self.get_widget_states()
  File "C:\Users\88690\AppData\Local\Python\pythoncore-3.14-64\Lib\site-packages\streamlit\testing\v1\element_tree.py", line 2675, in get_widget_states
    w = get_widget_state(node)
  File "C:\Users\88690\AppData\Local\Python\pythoncore-3.14-64\Lib\site-packages\streamlit\testing\v1\element_tree.py", line 2616, in get_widget_state
    return node._widget_state
           ^^^^^^^^^^^^^^^^^^
  File "C:\Users\88690\AppData\Local\Python\pythoncore-3.14-64\Lib\site-packages\streamlit\testing\v1\element_tree.py", line 1587, in _widget_state
    if self.index is not None and len(self.options) > 0:
       ^^^^^^^^^^
  File "C:\Users\88690\AppData\Local\Python\pythoncore-3.14-64\Lib\site-packages\streamlit\testing\v1\element_tree.py", line 1558, in index
    return self.options.index(formatted_value)
           ~~~~~~~~~~~~~~~~~~^^^^^^^^^^^^^^^^^
ValueError: list.index(x): x not in list

======================================================================
ERROR: test_browser_inverse_reaches_canonical_state_without_api (test_day18.WorldProductTests.test_browser_inverse_reaches_canonical_state_without_api)
----------------------------------------------------------------------
Traceback (most recent call last):
  File "C:\Users\88690\OneDrive\桌面\visual-learning-lab\tests\test_day18.py", line 408, in test_browser_inverse_reaches_canonical_state_without_api
    at = self.app(); self.build(at)
                     ~~~~~~~~~~^^^^
  File "C:\Users\88690\OneDrive\桌面\visual-learning-lab\tests\test_day18.py", line 365, in build
    at.button(key="scene-widget-build-physics-pdf").click().run()
    ~~~~~~~~~~~~~~~~~~~~~~~~~~~~~~~~~~~~~~~~~~~~~~~~~~~~~~~~~~~^^
  File "C:\Users\88690\AppData\Local\Python\pythoncore-3.14-64\Lib\site-packages\streamlit\testing\v1\element_tree.py", line 223, in run
    return self.root.run(timeout=timeout)
           ~~~~~~~~~~~~~^^^^^^^^^^^^^^^^^
  File "C:\Users\88690\AppData\Local\Python\pythoncore-3.14-64\Lib\site-packages\streamlit\testing\v1\element_tree.py", line 2692, in run
    widget_states = self.get_widget_states()
  File "C:\Users\88690\AppData\Local\Python\pythoncore-3.14-64\Lib\site-packages\streamlit\testing\v1\element_tree.py", line 2675, in get_widget_states
    w = get_widget_state(node)
  File "C:\Users\88690\AppData\Local\Python\pythoncore-3.14-64\Lib\site-packages\streamlit\testing\v1\element_tree.py", line 2616, in get_widget_state
    return node._widget_state
           ^^^^^^^^^^^^^^^^^^
  File "C:\Users\88690\AppData\Local\Python\pythoncore-3.14-64\Lib\site-packages\streamlit\testing\v1\element_tree.py", line 1587, in _widget_state
    if self.index is not None and len(self.options) > 0:
       ^^^^^^^^^^
  File "C:\Users\88690\AppData\Local\Python\pythoncore-3.14-64\Lib\site-packages\streamlit\testing\v1\element_tree.py", line 1558, in index
    return self.options.index(formatted_value)
           ~~~~~~~~~~~~~~~~~~^^^^^^^^^^^^^^^^^
ValueError: list.index(x): x not in list

======================================================================
ERROR: test_build_once_and_parameter_time_experiment_recording_remain_local (test_day18.WorldProductTests.test_build_once_and_parameter_time_experiment_recording_remain_local)
----------------------------------------------------------------------
Traceback (most recent call last):
  File "C:\Users\88690\OneDrive\桌面\visual-learning-lab\tests\test_day18.py", line 383, in test_build_once_and_parameter_time_experiment_recording_remain_local
    at = self.app(); self.build(at)
                     ~~~~~~~~~~^^^^
  File "C:\Users\88690\OneDrive\桌面\visual-learning-lab\tests\test_day18.py", line 365, in build
    at.button(key="scene-widget-build-physics-pdf").click().run()
    ~~~~~~~~~~~~~~~~~~~~~~~~~~~~~~~~~~~~~~~~~~~~~~~~~~~~~~~~~~~^^
  File "C:\Users\88690\AppData\Local\Python\pythoncore-3.14-64\Lib\site-packages\streamlit\testing\v1\element_tree.py", line 223, in run
    return self.root.run(timeout=timeout)
           ~~~~~~~~~~~~~^^^^^^^^^^^^^^^^^
  File "C:\Users\88690\AppData\Local\Python\pythoncore-3.14-64\Lib\site-packages\streamlit\testing\v1\element_tree.py", line 2692, in run
    widget_states = self.get_widget_states()
  File "C:\Users\88690\AppData\Local\Python\pythoncore-3.14-64\Lib\site-packages\streamlit\testing\v1\element_tree.py", line 2675, in get_widget_states
    w = get_widget_state(node)
  File "C:\Users\88690\AppData\Local\Python\pythoncore-3.14-64\Lib\site-packages\streamlit\testing\v1\element_tree.py", line 2616, in get_widget_state
    return node._widget_state
           ^^^^^^^^^^^^^^^^^^
  File "C:\Users\88690\AppData\Local\Python\pythoncore-3.14-64\Lib\site-packages\streamlit\testing\v1\element_tree.py", line 1587, in _widget_state
    if self.index is not None and len(self.options) > 0:
       ^^^^^^^^^^
  File "C:\Users\88690\AppData\Local\Python\pythoncore-3.14-64\Lib\site-packages\streamlit\testing\v1\element_tree.py", line 1558, in index
    return self.options.index(formatted_value)
           ~~~~~~~~~~~~~~~~~~^^^^^^^^^^^^^^^^^
ValueError: list.index(x): x not in list

======================================================================
ERROR: test_cached_world_reopens_and_new_material_resets_local_state (test_day18.WorldProductTests.test_cached_world_reopens_and_new_material_resets_local_state)
----------------------------------------------------------------------
Traceback (most recent call last):
  File "C:\Users\88690\OneDrive\桌面\visual-learning-lab\tests\test_day18.py", line 439, in test_cached_world_reopens_and_new_material_resets_local_state
    at = self.app(); self.build(at)
                     ~~~~~~~~~~^^^^
  File "C:\Users\88690\OneDrive\桌面\visual-learning-lab\tests\test_day18.py", line 365, in build
    at.button(key="scene-widget-build-physics-pdf").click().run()
    ~~~~~~~~~~~~~~~~~~~~~~~~~~~~~~~~~~~~~~~~~~~~~~~~~~~~~~~~~~~^^
  File "C:\Users\88690\AppData\Local\Python\pythoncore-3.14-64\Lib\site-packages\streamlit\testing\v1\element_tree.py", line 223, in run
    return self.root.run(timeout=timeout)
           ~~~~~~~~~~~~~^^^^^^^^^^^^^^^^^
  File "C:\Users\88690\AppData\Local\Python\pythoncore-3.14-64\Lib\site-packages\streamlit\testing\v1\element_tree.py", line 2692, in run
    widget_states = self.get_widget_states()
  File "C:\Users\88690\AppData\Local\Python\pythoncore-3.14-64\Lib\site-packages\streamlit\testing\v1\element_tree.py", line 2675, in get_widget_states
    w = get_widget_state(node)
  File "C:\Users\88690\AppData\Local\Python\pythoncore-3.14-64\Lib\site-packages\streamlit\testing\v1\element_tree.py", line 2616, in get_widget_state
    return node._widget_state
           ^^^^^^^^^^^^^^^^^^
  File "C:\Users\88690\AppData\Local\Python\pythoncore-3.14-64\Lib\site-packages\streamlit\testing\v1\element_tree.py", line 1587, in _widget_state
    if self.index is not None and len(self.options) > 0:
       ^^^^^^^^^^
  File "C:\Users\88690\AppData\Local\Python\pythoncore-3.14-64\Lib\site-packages\streamlit\testing\v1\element_tree.py", line 1558, in index
    return self.options.index(formatted_value)
           ~~~~~~~~~~~~~~~~~~^^^^^^^^^^^^^^^^^
ValueError: list.index(x): x not in list

======================================================================
ERROR: test_invalid_browser_gesture_is_acknowledged_without_losing_world (test_day18.WorldProductTests.test_invalid_browser_gesture_is_acknowledged_without_losing_world)
----------------------------------------------------------------------
Traceback (most recent call last):
  File "C:\Users\88690\OneDrive\桌面\visual-learning-lab\tests\test_day18.py", line 417, in test_invalid_browser_gesture_is_acknowledged_without_losing_world
    at = self.app(); self.build(at)
                     ~~~~~~~~~~^^^^
  File "C:\Users\88690\OneDrive\桌面\visual-learning-lab\tests\test_day18.py", line 365, in build
    at.button(key="scene-widget-build-physics-pdf").click().run()
    ~~~~~~~~~~~~~~~~~~~~~~~~~~~~~~~~~~~~~~~~~~~~~~~~~~~~~~~~~~~^^
  File "C:\Users\88690\AppData\Local\Python\pythoncore-3.14-64\Lib\site-packages\streamlit\testing\v1\element_tree.py", line 223, in run
    return self.root.run(timeout=timeout)
           ~~~~~~~~~~~~~^^^^^^^^^^^^^^^^^
  File "C:\Users\88690\AppData\Local\Python\pythoncore-3.14-64\Lib\site-packages\streamlit\testing\v1\element_tree.py", line 2692, in run
    widget_states = self.get_widget_states()
  File "C:\Users\88690\AppData\Local\Python\pythoncore-3.14-64\Lib\site-packages\streamlit\testing\v1\element_tree.py", line 2675, in get_widget_states
    w = get_widget_state(node)
  File "C:\Users\88690\AppData\Local\Python\pythoncore-3.14-64\Lib\site-packages\streamlit\testing\v1\element_tree.py", line 2616, in get_widget_state
    return node._widget_state
           ^^^^^^^^^^^^^^^^^^
  File "C:\Users\88690\AppData\Local\Python\pythoncore-3.14-64\Lib\site-packages\streamlit\testing\v1\element_tree.py", line 1587, in _widget_state
    if self.index is not None and len(self.options) > 0:
       ^^^^^^^^^^
  File "C:\Users\88690\AppData\Local\Python\pythoncore-3.14-64\Lib\site-packages\streamlit\testing\v1\element_tree.py", line 1558, in index
    return self.options.index(formatted_value)
           ~~~~~~~~~~~~~~~~~~^^^^^^^^^^^^^^^^^
ValueError: list.index(x): x not in list

======================================================================
ERROR: test_invalid_generated_world_does_not_break_old_features (test_day18.WorldProductTests.test_invalid_generated_world_does_not_break_old_features)
----------------------------------------------------------------------
Traceback (most recent call last):
  File "C:\Users\88690\OneDrive\桌面\visual-learning-lab\tests\test_day18.py", line 428, in test_invalid_generated_world_does_not_break_old_features
    at.button(key="scene-widget-build-physics-pdf").click().run()
    ~~~~~~~~~~~~~~~~~~~~~~~~~~~~~~~~~~~~~~~~~~~~~~~~~~~~~~~~~~~^^
  File "C:\Users\88690\AppData\Local\Python\pythoncore-3.14-64\Lib\site-packages\streamlit\testing\v1\element_tree.py", line 223, in run
    return self.root.run(timeout=timeout)
           ~~~~~~~~~~~~~^^^^^^^^^^^^^^^^^
  File "C:\Users\88690\AppData\Local\Python\pythoncore-3.14-64\Lib\site-packages\streamlit\testing\v1\element_tree.py", line 2692, in run
    widget_states = self.get_widget_states()
  File "C:\Users\88690\AppData\Local\Python\pythoncore-3.14-64\Lib\site-packages\streamlit\testing\v1\element_tree.py", line 2675, in get_widget_states
    w = get_widget_state(node)
  File "C:\Users\88690\AppData\Local\Python\pythoncore-3.14-64\Lib\site-packages\streamlit\testing\v1\element_tree.py", line 2616, in get_widget_state
    return node._widget_state
           ^^^^^^^^^^^^^^^^^^
  File "C:\Users\88690\AppData\Local\Python\pythoncore-3.14-64\Lib\site-packages\streamlit\testing\v1\element_tree.py", line 1587, in _widget_state
    if self.index is not None and len(self.options) > 0:
       ^^^^^^^^^^
  File "C:\Users\88690\AppData\Local\Python\pythoncore-3.14-64\Lib\site-packages\streamlit\testing\v1\element_tree.py", line 1558, in index
    return self.options.index(formatted_value)
           ~~~~~~~~~~~~~~~~~~^^^^^^^^^^^^^^^^^
ValueError: list.index(x): x not in list

======================================================================
ERROR: test_projectile_uses_identical_product_runtime (test_day18.WorldProductTests.test_projectile_uses_identical_product_runtime)
----------------------------------------------------------------------
Traceback (most recent call last):
  File "C:\Users\88690\OneDrive\桌面\visual-learning-lab\tests\test_day18.py", line 453, in test_projectile_uses_identical_product_runtime
    self.build(at)
    ~~~~~~~~~~^^^^
  File "C:\Users\88690\OneDrive\桌面\visual-learning-lab\tests\test_day18.py", line 365, in build
    at.button(key="scene-widget-build-physics-pdf").click().run()
    ~~~~~~~~~~~~~~~~~~~~~~~~~~~~~~~~~~~~~~~~~~~~~~~~~~~~~~~~~~~^^
  File "C:\Users\88690\AppData\Local\Python\pythoncore-3.14-64\Lib\site-packages\streamlit\testing\v1\element_tree.py", line 223, in run
    return self.root.run(timeout=timeout)
           ~~~~~~~~~~~~~^^^^^^^^^^^^^^^^^
  File "C:\Users\88690\AppData\Local\Python\pythoncore-3.14-64\Lib\site-packages\streamlit\testing\v1\element_tree.py", line 2692, in run
    widget_states = self.get_widget_states()
  File "C:\Users\88690\AppData\Local\Python\pythoncore-3.14-64\Lib\site-packages\streamlit\testing\v1\element_tree.py", line 2675, in get_widget_states
    w = get_widget_state(node)
  File "C:\Users\88690\AppData\Local\Python\pythoncore-3.14-64\Lib\site-packages\streamlit\testing\v1\element_tree.py", line 2616, in get_widget_state
    return node._widget_state
           ^^^^^^^^^^^^^^^^^^
  File "C:\Users\88690\AppData\Local\Python\pythoncore-3.14-64\Lib\site-packages\streamlit\testing\v1\element_tree.py", line 1587, in _widget_state
    if self.index is not None and len(self.options) > 0:
       ^^^^^^^^^^
  File "C:\Users\88690\AppData\Local\Python\pythoncore-3.14-64\Lib\site-packages\streamlit\testing\v1\element_tree.py", line 1558, in index
    return self.options.index(formatted_value)
           ~~~~~~~~~~~~~~~~~~^^^^^^^^^^^^^^^^^
ValueError: list.index(x): x not in list

======================================================================
ERROR: test_bad_atlas_isolated_from_existing_world_and_analysis (test_day19.NormalPDFTests.test_bad_atlas_isolated_from_existing_world_and_analysis)
----------------------------------------------------------------------
Traceback (most recent call last):
  File "C:\Users\88690\OneDrive\桌面\visual-learning-lab\tests\test_day19.py", line 280, in test_bad_atlas_isolated_from_existing_world_and_analysis
    at=self.app().run();at.button(key="atlas-widget-build-pdf19").click().run()
                        ~~~~~~~~~^^^^^^^^^^^^^^^^^^^^^^^^^^^^^^^^
  File "C:\Users\88690\AppData\Local\Python\pythoncore-3.14-64\Lib\site-packages\streamlit\testing\v1\element_tree.py", line 339, in __call__
    raise KeyError(key)
KeyError: 'atlas-widget-build-pdf19'

======================================================================
ERROR: test_normal_pdf_build_and_two_way_focus_no_local_api (test_day19.NormalPDFTests.test_normal_pdf_build_and_two_way_focus_no_local_api)
----------------------------------------------------------------------
Traceback (most recent call last):
  File "C:\Users\88690\OneDrive\桌面\visual-learning-lab\tests\test_day19.py", line 262, in test_normal_pdf_build_and_two_way_focus_no_local_api
    at.button(key="atlas-widget-build-pdf19").click().run();self.assertFalse(at.exception)
    ~~~~~~~~~^^^^^^^^^^^^^^^^^^^^^^^^^^^^^^^^
  File "C:\Users\88690\AppData\Local\Python\pythoncore-3.14-64\Lib\site-packages\streamlit\testing\v1\element_tree.py", line 339, in __call__
    raise KeyError(key)
KeyError: 'atlas-widget-build-pdf19'

======================================================================
ERROR: test_real_pdf_path_builds_atlas_before_world_then_enables_links (test_day19_optional_scene.NormalPDFOptionalSceneTests.test_real_pdf_path_builds_atlas_before_world_then_enables_links)
----------------------------------------------------------------------
Traceback (most recent call last):
  File "C:\Users\88690\OneDrive\桌面\visual-learning-lab\tests\test_day19_optional_scene.py", line 145, in test_real_pdf_path_builds_atlas_before_world_then_enables_links
    at.button(key="atlas-widget-build-pdf19").click().run()
    ~~~~~~~~~^^^^^^^^^^^^^^^^^^^^^^^^^^^^^^^^
  File "C:\Users\88690\AppData\Local\Python\pythoncore-3.14-64\Lib\site-packages\streamlit\testing\v1\element_tree.py", line 339, in __call__
    raise KeyError(key)
KeyError: 'atlas-widget-build-pdf19'

======================================================================
ERROR: test_local_preview_without_scene_or_api (test_day20.DocumentProductTests.test_local_preview_without_scene_or_api)
----------------------------------------------------------------------
Traceback (most recent call last):
  File "C:\Users\88690\OneDrive\桌面\visual-learning-lab\tests\test_day20.py", line 177, in test_local_preview_without_scene_or_api
    at.button(key="atlas-widget-native-pdf19").click().run()
    ~~~~~~~~~^^^^^^^^^^^^^^^^^^^^^^^^^^^^^^^^^
  File "C:\Users\88690\AppData\Local\Python\pythoncore-3.14-64\Lib\site-packages\streamlit\testing\v1\element_tree.py", line 339, in __call__
    raise KeyError(key)
KeyError: 'atlas-widget-native-pdf19'

======================================================================
ERROR: test_missing_optional_dependency_disables_only_local_button (test_day20.DocumentProductTests.test_missing_optional_dependency_disables_only_local_button)
----------------------------------------------------------------------
Traceback (most recent call last):
  File "C:\Users\88690\OneDrive\桌面\visual-learning-lab\tests\test_day20.py", line 189, in test_missing_optional_dependency_disables_only_local_button
    self.assertTrue(at.button(key="atlas-widget-native-pdf19").disabled)
                    ~~~~~~~~~^^^^^^^^^^^^^^^^^^^^^^^^^^^^^^^^^
  File "C:\Users\88690\AppData\Local\Python\pythoncore-3.14-64\Lib\site-packages\streamlit\testing\v1\element_tree.py", line 339, in __call__
    raise KeyError(key)
KeyError: 'atlas-widget-native-pdf19'

======================================================================
ERROR: test_normal_pdf_local_preview_then_semantic_build_no_extra_calls (test_day20.DocumentProductTests.test_normal_pdf_local_preview_then_semantic_build_no_extra_calls)
----------------------------------------------------------------------
Traceback (most recent call last):
  File "C:\Users\88690\OneDrive\桌面\visual-learning-lab\tests\test_day20.py", line 213, in test_normal_pdf_local_preview_then_semantic_build_no_extra_calls
    at.button(key="atlas-widget-native-pdf19").click().run()
    ~~~~~~~~~^^^^^^^^^^^^^^^^^^^^^^^^^^^^^^^^^
  File "C:\Users\88690\AppData\Local\Python\pythoncore-3.14-64\Lib\site-packages\streamlit\testing\v1\element_tree.py", line 339, in __call__
    raise KeyError(key)
KeyError: 'atlas-widget-native-pdf19'

======================================================================
ERROR: test_parser_failure_preserves_existing_analysis_and_world (test_day20.DocumentProductTests.test_parser_failure_preserves_existing_analysis_and_world)
----------------------------------------------------------------------
Traceback (most recent call last):
  File "C:\Users\88690\OneDrive\桌面\visual-learning-lab\tests\test_day20.py", line 198, in test_parser_failure_preserves_existing_analysis_and_world
    at.button(key="atlas-widget-native-pdf19").click().run()
    ~~~~~~~~~^^^^^^^^^^^^^^^^^^^^^^^^^^^^^^^^^
  File "C:\Users\88690\AppData\Local\Python\pythoncore-3.14-64\Lib\site-packages\streamlit\testing\v1\element_tree.py", line 339, in __call__
    raise KeyError(key)
KeyError: 'atlas-widget-native-pdf19'

======================================================================
ERROR: test_no_text_layer_preserves_graceful_ui_fallback (test_day20.LivePDFRegressionTests.test_no_text_layer_preserves_graceful_ui_fallback)
----------------------------------------------------------------------
Traceback (most recent call last):
  File "C:\Users\88690\OneDrive\桌面\visual-learning-lab\tests\test_day20.py", line 344, in test_no_text_layer_preserves_graceful_ui_fallback
    at.run(); at.button(key="atlas-widget-native-pdf19").click().run()
              ~~~~~~~~~^^^^^^^^^^^^^^^^^^^^^^^^^^^^^^^^^
  File "C:\Users\88690\AppData\Local\Python\pythoncore-3.14-64\Lib\site-packages\streamlit\testing\v1\element_tree.py", line 339, in __call__
    raise KeyError(key)
KeyError: 'atlas-widget-native-pdf19'

======================================================================
ERROR: test_old_document_contract_can_be_explicitly_rebuilt (test_day20.LivePDFRegressionTests.test_old_document_contract_can_be_explicitly_rebuilt)
----------------------------------------------------------------------
Traceback (most recent call last):
  File "C:\Users\88690\AppData\Local\Python\pythoncore-3.14-64\Lib\site-packages\streamlit\runtime\state\session_state.py", line 790, in __getitem__
    base_value = self._getitem(widget_id, key)
  File "C:\Users\88690\AppData\Local\Python\pythoncore-3.14-64\Lib\site-packages\streamlit\runtime\state\session_state.py", line 843, in _getitem
    raise KeyError
KeyError

During handling of the above exception, another exception occurred:

Traceback (most recent call last):
  File "C:\Users\88690\OneDrive\桌面\visual-learning-lab\tests\test_day20.py", line 330, in test_old_document_contract_can_be_explicitly_rebuilt
    at.session_state["source_atlas_state"]["document_model"] = dict(version="1.0")
    ~~~~~~~~~~~~~~~~^^^^^^^^^^^^^^^^^^^^^^
  File "C:\Users\88690\AppData\Local\Python\pythoncore-3.14-64\Lib\site-packages\streamlit\testing\v1\app_test.py", line 158, in __getitem__
    return self._state[key]
           ~~~~~~~~~~~^^^^^
  File "C:\Users\88690\AppData\Local\Python\pythoncore-3.14-64\Lib\site-packages\streamlit\runtime\state\safe_session_state.py", line 121, in __getitem__
    return self._state[key]
           ~~~~~~~~~~~^^^^^
  File "C:\Users\88690\AppData\Local\Python\pythoncore-3.14-64\Lib\site-packages\streamlit\runtime\state\session_state.py", line 797, in __getitem__
    raise KeyError(_missing_key_error_message(key))
KeyError: 'st.session_state has no key "source_atlas_state". Did you forget to initialize it? More info: https://docs.streamlit.io/develop/concepts/architecture/session-state#initialization'

======================================================================
ERROR: test_optional_dependency_gate_is_rechecked_not_cached (test_day20.LivePDFRegressionTests.test_optional_dependency_gate_is_rechecked_not_cached)
----------------------------------------------------------------------
Traceback (most recent call last):
  File "C:\Users\88690\OneDrive\桌面\visual-learning-lab\tests\test_day20.py", line 357, in test_optional_dependency_gate_is_rechecked_not_cached
    self.assertTrue(at.button(key="atlas-widget-native-pdf19").disabled)
                    ~~~~~~~~~^^^^^^^^^^^^^^^^^^^^^^^^^^^^^^^^^
  File "C:\Users\88690\AppData\Local\Python\pythoncore-3.14-64\Lib\site-packages\streamlit\testing\v1\element_tree.py", line 339, in __call__
    raise KeyError(key)
KeyError: 'atlas-widget-native-pdf19'

======================================================================
ERROR: test_real_normal_pdf_visible_availability_retry_and_filtering (test_day20.LivePDFRegressionTests.test_real_normal_pdf_visible_availability_retry_and_filtering)
----------------------------------------------------------------------
Traceback (most recent call last):
  File "C:\Users\88690\AppData\Local\Python\pythoncore-3.14-64\Lib\site-packages\streamlit\runtime\state\session_state.py", line 790, in __getitem__
    base_value = self._getitem(widget_id, key)
  File "C:\Users\88690\AppData\Local\Python\pythoncore-3.14-64\Lib\site-packages\streamlit\runtime\state\session_state.py", line 843, in _getitem
    raise KeyError
KeyError

During handling of the above exception, another exception occurred:

Traceback (most recent call last):
  File "C:\Users\88690\OneDrive\桌面\visual-learning-lab\tests\test_day20.py", line 303, in test_real_normal_pdf_visible_availability_retry_and_filtering
    at.session_state["source_atlas_state"]["document_error"] = True
    ~~~~~~~~~~~~~~~~^^^^^^^^^^^^^^^^^^^^^^
  File "C:\Users\88690\AppData\Local\Python\pythoncore-3.14-64\Lib\site-packages\streamlit\testing\v1\app_test.py", line 158, in __getitem__
    return self._state[key]
           ~~~~~~~~~~~^^^^^
  File "C:\Users\88690\AppData\Local\Python\pythoncore-3.14-64\Lib\site-packages\streamlit\runtime\state\safe_session_state.py", line 121, in __getitem__
    return self._state[key]
           ~~~~~~~~~~~^^^^^
  File "C:\Users\88690\AppData\Local\Python\pythoncore-3.14-64\Lib\site-packages\streamlit\runtime\state\session_state.py", line 797, in __getitem__
    raise KeyError(_missing_key_error_message(key))
KeyError: 'st.session_state has no key "source_atlas_state". Did you forget to initialize it? More info: https://docs.streamlit.io/develop/concepts/architecture/session-state#initialization'

----------------------------------------------------------------------
Ran 219 tests in 88.362s

FAILED (errors=34)
