2026-10-09 17:20:43.626 Thread 'MainThread': missing ScriptRunContext! This warning can be ignored when running in bare mode.
2026-10-09 17:20:44.583 Thread 'MainThread': missing ScriptRunContext! This warning can be ignored when running in bare mode.
2026-10-09 17:20:45.238 Thread 'MainThread': missing ScriptRunContext! This warning can be ignored when running in bare mode.
2026-10-09 17:20:45.314 Thread 'MainThread': missing ScriptRunContext! This warning can be ignored when running in bare mode.
2026-10-09 17:20:45.802 Thread 'MainThread': missing ScriptRunContext! This warning can be ignored when running in bare mode.
2026-10-09 17:20:45.828 Thread 'MainThread': missing ScriptRunContext! This warning can be ignored when running in bare mode.
2026-10-09 17:20:45.828 Thread 'MainThread': missing ScriptRunContext! This warning can be ignored when running in bare mode.
2026-10-09 17:20:45.828 Thread 'MainThread': missing ScriptRunContext! This warning can be ignored when running in bare mode.
2026-10-09 17:20:45.828 Thread 'MainThread': missing ScriptRunContext! This warning can be ignored when running in bare mode.
2026-10-09 17:20:45.828 Thread 'MainThread': missing ScriptRunContext! This warning can be ignored when running in bare mode.
2026-10-09 17:20:45.828 Thread 'MainThread': missing ScriptRunContext! This warning can be ignored when running in bare mode.
2026-10-09 17:20:45.828 Thread 'MainThread': missing ScriptRunContext! This warning can be ignored when running in bare mode.
2026-10-09 17:20:45.828 Thread 'MainThread': missing ScriptRunContext! This warning can be ignored when running in bare mode.
2026-10-09 17:20:47.935 Please replace `use_container_width` with `width`.

`use_container_width` will be removed after 2025-12-31.

For `use_container_width=True`, use `width='stretch'`. For `use_container_width=False`, use `width='content'`.
2026-10-09 17:20:48.138 Please replace `use_container_width` with `width`.

`use_container_width` will be removed after 2025-12-31.

For `use_container_width=True`, use `width='stretch'`. For `use_container_width=False`, use `width='content'`.
2026-10-09 17:20:49.396 Thread 'MainThread': missing ScriptRunContext! This warning can be ignored when running in bare mode.
2026-10-09 17:20:49.397 Thread 'MainThread': missing ScriptRunContext! This warning can be ignored when running in bare mode.
2026-10-09 17:20:49.397 Thread 'MainThread': missing ScriptRunContext! This warning can be ignored when running in bare mode.
2026-10-09 17:20:49.397 Thread 'MainThread': missing ScriptRunContext! This warning can be ignored when running in bare mode.
2026-10-09 17:20:49.397 Thread 'MainThread': missing ScriptRunContext! This warning can be ignored when running in bare mode.
2026-10-09 17:20:49.397 Thread 'MainThread': missing ScriptRunContext! This warning can be ignored when running in bare mode.
2026-10-09 17:20:49.397 Thread 'MainThread': missing ScriptRunContext! This warning can be ignored when running in bare mode.
2026-10-09 17:20:49.397 Thread 'MainThread': missing ScriptRunContext! This warning can be ignored when running in bare mode.
2026-10-09 17:20:50.350 Please replace `use_container_width` with `width`.

`use_container_width` will be removed after 2025-12-31.

For `use_container_width=True`, use `width='stretch'`. For `use_container_width=False`, use `width='content'`.
2026-10-09 17:20:50.594 Please replace `use_container_width` with `width`.

`use_container_width` will be removed after 2025-12-31.

For `use_container_width=True`, use `width='stretch'`. For `use_container_width=False`, use `width='content'`.
2026-10-09 17:20:50.602 Thread 'MainThread': missing ScriptRunContext! This warning can be ignored when running in bare mode.
2026-10-09 17:20:50.602 Thread 'MainThread': missing ScriptRunContext! This warning can be ignored when running in bare mode.
2026-10-09 17:20:50.603 Thread 'MainThread': missing ScriptRunContext! This warning can be ignored when running in bare mode.
2026-10-09 17:20:50.603 Thread 'MainThread': missing ScriptRunContext! This warning can be ignored when running in bare mode.
2026-10-09 17:20:50.603 Thread 'MainThread': missing ScriptRunContext! This warning can be ignored when running in bare mode.
2026-10-09 17:20:50.603 Thread 'MainThread': missing ScriptRunContext! This warning can be ignored when running in bare mode.
2026-10-09 17:20:50.603 Thread 'MainThread': missing ScriptRunContext! This warning can be ignored when running in bare mode.
2026-10-09 17:20:51.993 Thread 'MainThread': missing ScriptRunContext! This warning can be ignored when running in bare mode.
2026-10-09 17:20:51.993 Thread 'MainThread': missing ScriptRunContext! This warning can be ignored when running in bare mode.
2026-10-09 17:20:51.993 Thread 'MainThread': missing ScriptRunContext! This warning can be ignored when running in bare mode.
2026-10-09 17:20:51.993 Thread 'MainThread': missing ScriptRunContext! This warning can be ignored when running in bare mode.
2026-10-09 17:20:51.993 Thread 'MainThread': missing ScriptRunContext! This warning can be ignored when running in bare mode.
2026-10-09 17:20:51.993 Thread 'MainThread': missing ScriptRunContext! This warning can be ignored when running in bare mode.
2026-10-09 17:20:51.993 Thread 'MainThread': missing ScriptRunContext! This warning can be ignored when running in bare mode.
2026-10-09 17:20:51.994 Thread 'MainThread': missing ScriptRunContext! This warning can be ignored when running in bare mode.
2026-10-09 17:20:52.001 Thread 'MainThread': missing ScriptRunContext! This warning can be ignored when running in bare mode.
2026-10-09 17:20:52.001 Thread 'MainThread': missing ScriptRunContext! This warning can be ignored when running in bare mode.
2026-10-09 17:20:52.002 Thread 'MainThread': missing ScriptRunContext! This warning can be ignored when running in bare mode.
Analogy rejected stage=request code=RuntimeError path=$
Analogy rejected stage=response code=response_bound path=$
Analogy rejected stage=normalize code=mapping path=$
Analogy rejected stage=normalize code=mapping path=$
Analogy rejected stage=normalize code=mapping path=$
Analogy rejected stage=normalize code=mapping path=$
Analogy rejected stage=normalize code=mapping path=$
Analogy rejected stage=normalize code=mapping path=$
Analogy rejected stage=normalize code=mapping path=$
Analogy rejected stage=normalize code=mapping path=$
Analogy rejected stage=normalize code=mapping path=$
Analogy rejected stage=normalize code=mapping path=$
Analogy rejected stage=response code=incomplete_response path=$
Analogy rejected stage=response code=model_refusal path=$
Analogy rejected stage=response code=invalid_json path=$
Analogy rejected stage=request code=RuntimeError path=$
Analogy rejected stage=request code=RuntimeError path=$
Analogy rejected stage=normalize code=numeric_bounds path=$.parameters[0].step
2026-10-09 17:20:57.910 Thread 'MainThread': missing ScriptRunContext! This warning can be ignored when running in bare mode.
2026-10-09 17:20:57.910 Thread 'MainThread': missing ScriptRunContext! This warning can be ignored when running in bare mode.
2026-10-09 17:20:57.910 Thread 'MainThread': missing ScriptRunContext! This warning can be ignored when running in bare mode.
2026-10-09 17:20:57.910 Thread 'MainThread': missing ScriptRunContext! This warning can be ignored when running in bare mode.
2026-10-09 17:20:57.910 Thread 'MainThread': missing ScriptRunContext! This warning can be ignored when running in bare mode.
2026-10-09 17:20:57.910 Thread 'MainThread': missing ScriptRunContext! This warning can be ignored when running in bare mode.
2026-10-09 17:20:57.910 Thread 'MainThread': missing ScriptRunContext! This warning can be ignored when running in bare mode.
2026-10-09 17:20:57.910 Thread 'MainThread': missing ScriptRunContext! This warning can be ignored when running in bare mode.
Analogy rejected stage=renderer code=RuntimeError path=$
2026-10-09 17:20:59.087 Thread 'MainThread': missing ScriptRunContext! This warning can be ignored when running in bare mode.
2026-10-09 17:20:59.087 Thread 'MainThread': missing ScriptRunContext! This warning can be ignored when running in bare mode.
2026-10-09 17:20:59.087 Thread 'MainThread': missing ScriptRunContext! This warning can be ignored when running in bare mode.
2026-10-09 17:20:59.087 Thread 'MainThread': missing ScriptRunContext! This warning can be ignored when running in bare mode.
2026-10-09 17:20:59.087 Thread 'MainThread': missing ScriptRunContext! This warning can be ignored when running in bare mode.
2026-10-09 17:20:59.087 Thread 'MainThread': missing ScriptRunContext! This warning can be ignored when running in bare mode.
2026-10-09 17:20:59.087 Thread 'MainThread': missing ScriptRunContext! This warning can be ignored when running in bare mode.
2026-10-09 17:20:59.087 Thread 'MainThread': missing ScriptRunContext! This warning can be ignored when running in bare mode.
Analogy rejected stage=renderer code=RuntimeError path=$
Analogy rejected stage=normalize code=geometry_bounds path=$.primitives
2026-10-09 17:21:00.512 Thread 'MainThread': missing ScriptRunContext! This warning can be ignored when running in bare mode.
2026-10-09 17:21:00.513 Thread 'MainThread': missing ScriptRunContext! This warning can be ignored when running in bare mode.
2026-10-09 17:21:00.513 Thread 'MainThread': missing ScriptRunContext! This warning can be ignored when running in bare mode.
2026-10-09 17:21:00.513 Thread 'MainThread': missing ScriptRunContext! This warning can be ignored when running in bare mode.
2026-10-09 17:21:00.513 Thread 'MainThread': missing ScriptRunContext! This warning can be ignored when running in bare mode.
2026-10-09 17:21:00.513 Thread 'MainThread': missing ScriptRunContext! This warning can be ignored when running in bare mode.
2026-10-09 17:21:00.513 Thread 'MainThread': missing ScriptRunContext! This warning can be ignored when running in bare mode.
2026-10-09 17:21:02.407 Thread 'MainThread': missing ScriptRunContext! This warning can be ignored when running in bare mode.
2026-10-09 17:21:02.407 Thread 'MainThread': missing ScriptRunContext! This warning can be ignored when running in bare mode.
2026-10-09 17:21:02.407 Thread 'MainThread': missing ScriptRunContext! This warning can be ignored when running in bare mode.
2026-10-09 17:21:02.407 Thread 'MainThread': missing ScriptRunContext! This warning can be ignored when running in bare mode.
2026-10-09 17:21:02.407 Thread 'MainThread': missing ScriptRunContext! This warning can be ignored when running in bare mode.
2026-10-09 17:21:02.407 Thread 'MainThread': missing ScriptRunContext! This warning can be ignored when running in bare mode.
2026-10-09 17:21:02.407 Thread 'MainThread': missing ScriptRunContext! This warning can be ignored when running in bare mode.
Analogy rejected stage=normalize code=mapping path=$.mappings[0]
Analogy rejected stage=normalize code=unsafe_expression path=$.primitives[0].radius
Analogy rejected stage=normalize code=envelope_fields path=$
Analogy rejected stage=normalize code=unsafe_expression path=$
Analogy rejected stage=normalize code=unsafe_expression path=$
Analogy rejected stage=normalize code=unsafe_expression path=$
Analogy rejected stage=normalize code=unsafe_expression path=$
Analogy rejected stage=normalize code=unsafe_expression path=$
Analogy rejected stage=normalize code=unsafe_expression path=$
2026-10-09 17:21:04.112 Thread 'MainThread': missing ScriptRunContext! This warning can be ignored when running in bare mode.
2026-10-09 17:21:04.112 Thread 'MainThread': missing ScriptRunContext! This warning can be ignored when running in bare mode.
2026-10-09 17:21:04.112 Thread 'MainThread': missing ScriptRunContext! This warning can be ignored when running in bare mode.
2026-10-09 17:21:04.112 Thread 'MainThread': missing ScriptRunContext! This warning can be ignored when running in bare mode.
2026-10-09 17:21:04.112 Thread 'MainThread': missing ScriptRunContext! This warning can be ignored when running in bare mode.
2026-10-09 17:21:04.112 Thread 'MainThread': missing ScriptRunContext! This warning can be ignored when running in bare mode.
2026-10-09 17:21:04.112 Thread 'MainThread': missing ScriptRunContext! This warning can be ignored when running in bare mode.
2026-10-09 17:21:04.112 Thread 'MainThread': missing ScriptRunContext! This warning can be ignored when running in bare mode.
Analogy rejected stage=normalize code=unsafe_expression path=$.primitives[0].radius
Analogy rejected stage=normalize code=unsafe_expression path=$.primitives[0].radius
Analogy rejected stage=normalize code=unsafe_expression path=$.primitives[0].radius
Analogy rejected stage=normalize code=unsafe_expression path=$.primitives[0].radius
2026-10-09 17:21:08.743 Thread 'MainThread': missing ScriptRunContext! This warning can be ignored when running in bare mode.
2026-10-09 17:21:08.744 Thread 'MainThread': missing ScriptRunContext! This warning can be ignored when running in bare mode.
2026-10-09 17:21:08.744 Thread 'MainThread': missing ScriptRunContext! This warning can be ignored when running in bare mode.
2026-10-09 17:21:08.744 Thread 'MainThread': missing ScriptRunContext! This warning can be ignored when running in bare mode.
2026-10-09 17:21:08.744 Thread 'MainThread': missing ScriptRunContext! This warning can be ignored when running in bare mode.
2026-10-09 17:21:08.744 Thread 'MainThread': missing ScriptRunContext! This warning can be ignored when running in bare mode.
2026-10-09 17:21:08.744 Thread 'MainThread': missing ScriptRunContext! This warning can be ignored when running in bare mode.
2026-10-09 17:21:09.887 Thread 'MainThread': missing ScriptRunContext! This warning can be ignored when running in bare mode.
2026-10-09 17:21:09.888 Thread 'MainThread': missing ScriptRunContext! This warning can be ignored when running in bare mode.
2026-10-09 17:21:09.888 Thread 'MainThread': missing ScriptRunContext! This warning can be ignored when running in bare mode.
2026-10-09 17:21:09.888 Thread 'MainThread': missing ScriptRunContext! This warning can be ignored when running in bare mode.
2026-10-09 17:21:09.888 Thread 'MainThread': missing ScriptRunContext! This warning can be ignored when running in bare mode.
2026-10-09 17:21:09.888 Thread 'MainThread': missing ScriptRunContext! This warning can be ignored when running in bare mode.
2026-10-09 17:21:09.888 Thread 'MainThread': missing ScriptRunContext! This warning can be ignored when running in bare mode.
2026-10-09 17:21:11.165 Thread 'MainThread': missing ScriptRunContext! This warning can be ignored when running in bare mode.
2026-10-09 17:21:11.165 Thread 'MainThread': missing ScriptRunContext! This warning can be ignored when running in bare mode.
2026-10-09 17:21:11.165 Thread 'MainThread': missing ScriptRunContext! This warning can be ignored when running in bare mode.
2026-10-09 17:21:11.165 Thread 'MainThread': missing ScriptRunContext! This warning can be ignored when running in bare mode.
2026-10-09 17:21:11.165 Thread 'MainThread': missing ScriptRunContext! This warning can be ignored when running in bare mode.
2026-10-09 17:21:11.165 Thread 'MainThread': missing ScriptRunContext! This warning can be ignored when running in bare mode.
2026-10-09 17:21:11.165 Thread 'MainThread': missing ScriptRunContext! This warning can be ignored when running in bare mode.
2026-10-09 17:21:11.934 Please replace `use_container_width` with `width`.

`use_container_width` will be removed after 2025-12-31.

For `use_container_width=True`, use `width='stretch'`. For `use_container_width=False`, use `width='content'`.
2026-10-09 17:21:12.168 Please replace `use_container_width` with `width`.

`use_container_width` will be removed after 2025-12-31.

For `use_container_width=True`, use `width='stretch'`. For `use_container_width=False`, use `width='content'`.
2026-10-09 17:21:12.178 Thread 'MainThread': missing ScriptRunContext! This warning can be ignored when running in bare mode.
2026-10-09 17:21:12.179 Thread 'MainThread': missing ScriptRunContext! This warning can be ignored when running in bare mode.
2026-10-09 17:21:12.179 Thread 'MainThread': missing ScriptRunContext! This warning can be ignored when running in bare mode.
2026-10-09 17:21:12.179 Thread 'MainThread': missing ScriptRunContext! This warning can be ignored when running in bare mode.
2026-10-09 17:21:12.179 Thread 'MainThread': missing ScriptRunContext! This warning can be ignored when running in bare mode.
2026-10-09 17:21:12.179 Thread 'MainThread': missing ScriptRunContext! This warning can be ignored when running in bare mode.
2026-10-09 17:21:12.179 Thread 'MainThread': missing ScriptRunContext! This warning can be ignored when running in bare mode.
2026-10-09 17:21:12.811 Thread 'MainThread': missing ScriptRunContext! This warning can be ignored when running in bare mode.
2026-10-09 17:21:12.811 Thread 'MainThread': missing ScriptRunContext! This warning can be ignored when running in bare mode.
2026-10-09 17:21:12.811 Thread 'MainThread': missing ScriptRunContext! This warning can be ignored when running in bare mode.
2026-10-09 17:21:12.812 Thread 'MainThread': missing ScriptRunContext! This warning can be ignored when running in bare mode.
2026-10-09 17:21:13.916 Thread 'MainThread': missing ScriptRunContext! This warning can be ignored when running in bare mode.
2026-10-09 17:21:13.916 Thread 'MainThread': missing ScriptRunContext! This warning can be ignored when running in bare mode.
2026-10-09 17:21:13.917 Thread 'MainThread': missing ScriptRunContext! This warning can be ignored when running in bare mode.
2026-10-09 17:21:13.917 Thread 'MainThread': missing ScriptRunContext! This warning can be ignored when running in bare mode.
2026-10-09 17:21:13.917 Thread 'MainThread': missing ScriptRunContext! This warning can be ignored when running in bare mode.
2026-10-09 17:21:13.917 Thread 'MainThread': missing ScriptRunContext! This warning can be ignored when running in bare mode.
2026-10-09 17:21:13.917 Thread 'MainThread': missing ScriptRunContext! This warning can be ignored when running in bare mode.
2026-10-09 17:21:18.332 Thread 'MainThread': missing ScriptRunContext! This warning can be ignored when running in bare mode.
2026-10-09 17:21:18.332 Thread 'MainThread': missing ScriptRunContext! This warning can be ignored when running in bare mode.
2026-10-09 17:21:18.332 Thread 'MainThread': missing ScriptRunContext! This warning can be ignored when running in bare mode.
2026-10-09 17:21:18.332 Thread 'MainThread': missing ScriptRunContext! This warning can be ignored when running in bare mode.
2026-10-09 17:21:18.333 Thread 'MainThread': missing ScriptRunContext! This warning can be ignored when running in bare mode.
2026-10-09 17:21:18.333 Thread 'MainThread': missing ScriptRunContext! This warning can be ignored when running in bare mode.
2026-10-09 17:21:18.333 Thread 'MainThread': missing ScriptRunContext! This warning can be ignored when running in bare mode.
2026-10-09 17:21:19.733 Thread 'MainThread': missing ScriptRunContext! This warning can be ignored when running in bare mode.
2026-10-09 17:21:19.733 Thread 'MainThread': missing ScriptRunContext! This warning can be ignored when running in bare mode.
2026-10-09 17:21:19.734 Thread 'MainThread': missing ScriptRunContext! This warning can be ignored when running in bare mode.
2026-10-09 17:21:19.734 Thread 'MainThread': missing ScriptRunContext! This warning can be ignored when running in bare mode.
2026-10-09 17:21:19.734 Thread 'MainThread': missing ScriptRunContext! This warning can be ignored when running in bare mode.
2026-10-09 17:21:19.734 Thread 'MainThread': missing ScriptRunContext! This warning can be ignored when running in bare mode.
2026-10-09 17:21:19.734 Thread 'MainThread': missing ScriptRunContext! This warning can be ignored when running in bare mode.
2026-10-09 17:21:20.871 Thread 'MainThread': missing ScriptRunContext! This warning can be ignored when running in bare mode.
2026-10-09 17:21:21.054 Thread 'MainThread': missing ScriptRunContext! This warning can be ignored when running in bare mode.
2026-10-09 17:21:21.054 Thread 'MainThread': missing ScriptRunContext! This warning can be ignored when running in bare mode.
2026-10-09 17:21:21.055 Thread 'MainThread': missing ScriptRunContext! This warning can be ignored when running in bare mode.
2026-10-09 17:21:21.055 Thread 'MainThread': missing ScriptRunContext! This warning can be ignored when running in bare mode.
2026-10-09 17:21:21.055 Thread 'MainThread': missing ScriptRunContext! This warning can be ignored when running in bare mode.
2026-10-09 17:21:21.055 Thread 'MainThread': missing ScriptRunContext! This warning can be ignored when running in bare mode.
2026-10-09 17:21:21.055 Thread 'MainThread': missing ScriptRunContext! This warning can be ignored when running in bare mode.
2026-10-09 17:21:23.011 Thread 'MainThread': missing ScriptRunContext! This warning can be ignored when running in bare mode.
2026-10-09 17:21:23.011 Thread 'MainThread': missing ScriptRunContext! This warning can be ignored when running in bare mode.
2026-10-09 17:21:23.011 Thread 'MainThread': missing ScriptRunContext! This warning can be ignored when running in bare mode.
2026-10-09 17:21:23.011 Thread 'MainThread': missing ScriptRunContext! This warning can be ignored when running in bare mode.
2026-10-09 17:21:23.011 Thread 'MainThread': missing ScriptRunContext! This warning can be ignored when running in bare mode.
2026-10-09 17:21:23.011 Thread 'MainThread': missing ScriptRunContext! This warning can be ignored when running in bare mode.
2026-10-09 17:21:23.011 Thread 'MainThread': missing ScriptRunContext! This warning can be ignored when running in bare mode.
2026-10-09 17:21:24.002 Thread 'MainThread': missing ScriptRunContext! This warning can be ignored when running in bare mode.
2026-10-09 17:21:25.509 Thread 'MainThread': missing ScriptRunContext! This warning can be ignored when running in bare mode.
2026-10-09 17:21:25.510 Thread 'MainThread': missing ScriptRunContext! This warning can be ignored when running in bare mode.
2026-10-09 17:21:25.510 Thread 'MainThread': missing ScriptRunContext! This warning can be ignored when running in bare mode.
2026-10-09 17:21:25.510 Thread 'MainThread': missing ScriptRunContext! This warning can be ignored when running in bare mode.
2026-10-09 17:21:25.510 Thread 'MainThread': missing ScriptRunContext! This warning can be ignored when running in bare mode.
2026-10-09 17:21:25.510 Thread 'MainThread': missing ScriptRunContext! This warning can be ignored when running in bare mode.
2026-10-09 17:21:25.510 Thread 'MainThread': missing ScriptRunContext! This warning can be ignored when running in bare mode.
2026-10-09 17:21:26.520 Please replace `use_container_width` with `width`.

`use_container_width` will be removed after 2025-12-31.

For `use_container_width=True`, use `width='stretch'`. For `use_container_width=False`, use `width='content'`.
2026-10-09 17:21:27.288 Thread 'MainThread': missing ScriptRunContext! This warning can be ignored when running in bare mode.
2026-10-09 17:21:27.288 Thread 'MainThread': missing ScriptRunContext! This warning can be ignored when running in bare mode.
2026-10-09 17:21:27.696 Please replace `use_container_width` with `width`.

`use_container_width` will be removed after 2025-12-31.

For `use_container_width=True`, use `width='stretch'`. For `use_container_width=False`, use `width='content'`.
2026-10-09 17:21:28.294 Thread 'MainThread': missing ScriptRunContext! This warning can be ignored when running in bare mode.
2026-10-09 17:21:28.294 Thread 'MainThread': missing ScriptRunContext! This warning can be ignored when running in bare mode.
2026-10-09 17:21:28.294 Thread 'MainThread': missing ScriptRunContext! This warning can be ignored when running in bare mode.
2026-10-09 17:21:28.294 Thread 'MainThread': missing ScriptRunContext! This warning can be ignored when running in bare mode.
2026-10-09 17:21:28.294 Thread 'MainThread': missing ScriptRunContext! This warning can be ignored when running in bare mode.
2026-10-09 17:21:28.294 Thread 'MainThread': missing ScriptRunContext! This warning can be ignored when running in bare mode.
2026-10-09 17:21:28.294 Thread 'MainThread': missing ScriptRunContext! This warning can be ignored when running in bare mode.
2026-10-09 17:21:28.931 Please replace `use_container_width` with `width`.

`use_container_width` will be removed after 2025-12-31.

For `use_container_width=True`, use `width='stretch'`. For `use_container_width=False`, use `width='content'`.
2026-10-09 17:21:29.892 Please replace `use_container_width` with `width`.

`use_container_width` will be removed after 2025-12-31.

For `use_container_width=True`, use `width='stretch'`. For `use_container_width=False`, use `width='content'`.
2026-10-09 17:21:30.108 Please replace `use_container_width` with `width`.

`use_container_width` will be removed after 2025-12-31.

For `use_container_width=True`, use `width='stretch'`. For `use_container_width=False`, use `width='content'`.
2026-10-09 17:21:30.333 Please replace `use_container_width` with `width`.

`use_container_width` will be removed after 2025-12-31.

For `use_container_width=True`, use `width='stretch'`. For `use_container_width=False`, use `width='content'`.
2026-10-09 17:21:30.548 Please replace `use_container_width` with `width`.

`use_container_width` will be removed after 2025-12-31.

For `use_container_width=True`, use `width='stretch'`. For `use_container_width=False`, use `width='content'`.
2026-10-09 17:21:30.775 Please replace `use_container_width` with `width`.

`use_container_width` will be removed after 2025-12-31.

For `use_container_width=True`, use `width='stretch'`. For `use_container_width=False`, use `width='content'`.
2026-10-09 17:21:32.848 Please replace `use_container_width` with `width`.

`use_container_width` will be removed after 2025-12-31.

For `use_container_width=True`, use `width='stretch'`. For `use_container_width=False`, use `width='content'`.
2026-10-09 17:21:33.355 Please replace `use_container_width` with `width`.

`use_container_width` will be removed after 2025-12-31.

For `use_container_width=True`, use `width='stretch'`. For `use_container_width=False`, use `width='content'`.
2026-10-09 17:21:33.368 Thread 'MainThread': missing ScriptRunContext! This warning can be ignored when running in bare mode.
2026-10-09 17:21:33.369 Thread 'MainThread': missing ScriptRunContext! This warning can be ignored when running in bare mode.
2026-10-09 17:21:33.369 Thread 'MainThread': missing ScriptRunContext! This warning can be ignored when running in bare mode.
2026-10-09 17:21:33.369 Thread 'MainThread': missing ScriptRunContext! This warning can be ignored when running in bare mode.
2026-10-09 17:21:33.369 Thread 'MainThread': missing ScriptRunContext! This warning can be ignored when running in bare mode.
2026-10-09 17:21:33.369 Thread 'MainThread': missing ScriptRunContext! This warning can be ignored when running in bare mode.
2026-10-09 17:21:33.369 Thread 'MainThread': missing ScriptRunContext! This warning can be ignored when running in bare mode.
2026-10-09 17:21:34.000 Please replace `use_container_width` with `width`.

`use_container_width` will be removed after 2025-12-31.

For `use_container_width=True`, use `width='stretch'`. For `use_container_width=False`, use `width='content'`.
2026-10-09 17:21:34.246 Please replace `use_container_width` with `width`.

`use_container_width` will be removed after 2025-12-31.

For `use_container_width=True`, use `width='stretch'`. For `use_container_width=False`, use `width='content'`.
2026-10-09 17:21:34.256 Thread 'MainThread': missing ScriptRunContext! This warning can be ignored when running in bare mode.
2026-10-09 17:21:34.257 Thread 'MainThread': missing ScriptRunContext! This warning can be ignored when running in bare mode.
2026-10-09 17:21:34.257 Thread 'MainThread': missing ScriptRunContext! This warning can be ignored when running in bare mode.
2026-10-09 17:21:34.257 Thread 'MainThread': missing ScriptRunContext! This warning can be ignored when running in bare mode.
2026-10-09 17:21:34.257 Thread 'MainThread': missing ScriptRunContext! This warning can be ignored when running in bare mode.
2026-10-09 17:21:34.257 Thread 'MainThread': missing ScriptRunContext! This warning can be ignored when running in bare mode.
2026-10-09 17:21:34.257 Thread 'MainThread': missing ScriptRunContext! This warning can be ignored when running in bare mode.
2026-10-09 17:21:34.516 Please replace `use_container_width` with `width`.

`use_container_width` will be removed after 2025-12-31.

For `use_container_width=True`, use `width='stretch'`. For `use_container_width=False`, use `width='content'`.
2026-10-09 17:21:34.817 Please replace `use_container_width` with `width`.

`use_container_width` will be removed after 2025-12-31.

For `use_container_width=True`, use `width='stretch'`. For `use_container_width=False`, use `width='content'`.
2026-10-09 17:21:35.042 Please replace `use_container_width` with `width`.

`use_container_width` will be removed after 2025-12-31.

For `use_container_width=True`, use `width='stretch'`. For `use_container_width=False`, use `width='content'`.
2026-10-09 17:21:35.279 Please replace `use_container_width` with `width`.

`use_container_width` will be removed after 2025-12-31.

For `use_container_width=True`, use `width='stretch'`. For `use_container_width=False`, use `width='content'`.
2026-10-09 17:21:35.515 Please replace `use_container_width` with `width`.

`use_container_width` will be removed after 2025-12-31.

For `use_container_width=True`, use `width='stretch'`. For `use_container_width=False`, use `width='content'`.
2026-10-09 17:21:35.732 Please replace `use_container_width` with `width`.

`use_container_width` will be removed after 2025-12-31.

For `use_container_width=True`, use `width='stretch'`. For `use_container_width=False`, use `width='content'`.
2026-10-09 17:21:35.743 Thread 'MainThread': missing ScriptRunContext! This warning can be ignored when running in bare mode.
2026-10-09 17:21:35.743 Thread 'MainThread': missing ScriptRunContext! This warning can be ignored when running in bare mode.
2026-10-09 17:21:35.743 Thread 'MainThread': missing ScriptRunContext! This warning can be ignored when running in bare mode.
2026-10-09 17:21:35.743 Thread 'MainThread': missing ScriptRunContext! This warning can be ignored when running in bare mode.
2026-10-09 17:21:35.743 Thread 'MainThread': missing ScriptRunContext! This warning can be ignored when running in bare mode.
2026-10-09 17:21:35.743 Thread 'MainThread': missing ScriptRunContext! This warning can be ignored when running in bare mode.
2026-10-09 17:21:35.743 Thread 'MainThread': missing ScriptRunContext! This warning can be ignored when running in bare mode.
2026-10-09 17:21:36.428 Please replace `use_container_width` with `width`.

`use_container_width` will be removed after 2025-12-31.

For `use_container_width=True`, use `width='stretch'`. For `use_container_width=False`, use `width='content'`.
2026-10-09 17:21:36.693 Please replace `use_container_width` with `width`.

`use_container_width` will be removed after 2025-12-31.

For `use_container_width=True`, use `width='stretch'`. For `use_container_width=False`, use `width='content'`.
2026-10-09 17:21:36.916 Please replace `use_container_width` with `width`.

`use_container_width` will be removed after 2025-12-31.

For `use_container_width=True`, use `width='stretch'`. For `use_container_width=False`, use `width='content'`.
2026-10-09 17:21:37.181 Please replace `use_container_width` with `width`.

`use_container_width` will be removed after 2025-12-31.

For `use_container_width=True`, use `width='stretch'`. For `use_container_width=False`, use `width='content'`.
2026-10-09 17:21:37.415 Please replace `use_container_width` with `width`.

`use_container_width` will be removed after 2025-12-31.

For `use_container_width=True`, use `width='stretch'`. For `use_container_width=False`, use `width='content'`.
2026-10-09 17:21:37.425 Thread 'MainThread': missing ScriptRunContext! This warning can be ignored when running in bare mode.
2026-10-09 17:21:37.425 Thread 'MainThread': missing ScriptRunContext! This warning can be ignored when running in bare mode.
2026-10-09 17:21:37.425 Thread 'MainThread': missing ScriptRunContext! This warning can be ignored when running in bare mode.
2026-10-09 17:21:37.425 Thread 'MainThread': missing ScriptRunContext! This warning can be ignored when running in bare mode.
2026-10-09 17:21:38.145 Please replace `use_container_width` with `width`.

`use_container_width` will be removed after 2025-12-31.

For `use_container_width=True`, use `width='stretch'`. For `use_container_width=False`, use `width='content'`.
2026-10-09 17:21:38.409 Please replace `use_container_width` with `width`.

`use_container_width` will be removed after 2025-12-31.

For `use_container_width=True`, use `width='stretch'`. For `use_container_width=False`, use `width='content'`.
2026-10-09 17:21:38.746 Thread 'MainThread': missing ScriptRunContext! This warning can be ignored when running in bare mode.
2026-10-09 17:21:38.746 Session state does not function when running a script without `streamlit run`
2026-10-09 17:21:38.769 Thread 'MainThread': missing ScriptRunContext! This warning can be ignored when running in bare mode.
2026-10-09 17:21:38.771 Thread 'MainThread': missing ScriptRunContext! This warning can be ignored when running in bare mode.
2026-10-09 17:21:38.773 Thread 'MainThread': missing ScriptRunContext! This warning can be ignored when running in bare mode.
2026-10-09 17:21:38.775 Thread 'MainThread': missing ScriptRunContext! This warning can be ignored when running in bare mode.
2026-10-09 17:21:38.777 Thread 'MainThread': missing ScriptRunContext! This warning can be ignored when running in bare mode.
2026-10-09 17:21:38.779 Thread 'MainThread': missing ScriptRunContext! This warning can be ignored when running in bare mode.
2026-10-09 17:21:38.781 Thread 'MainThread': missing ScriptRunContext! This warning can be ignored when running in bare mode.
2026-10-09 17:21:38.783 Thread 'MainThread': missing ScriptRunContext! This warning can be ignored when running in bare mode.
2026-10-09 17:21:38.785 Thread 'MainThread': missing ScriptRunContext! This warning can be ignored when running in bare mode.
2026-10-09 17:21:38.788 Thread 'MainThread': missing ScriptRunContext! This warning can be ignored when running in bare mode.
2026-10-09 17:21:38.790 Thread 'MainThread': missing ScriptRunContext! This warning can be ignored when running in bare mode.
2026-10-09 17:21:38.792 Thread 'MainThread': missing ScriptRunContext! This warning can be ignored when running in bare mode.
2026-10-09 17:21:38.794 Thread 'MainThread': missing ScriptRunContext! This warning can be ignored when running in bare mode.
2026-10-09 17:21:38.796 Thread 'MainThread': missing ScriptRunContext! This warning can be ignored when running in bare mode.
2026-10-09 17:21:38.798 Thread 'MainThread': missing ScriptRunContext! This warning can be ignored when running in bare mode.
2026-10-09 17:21:38.800 Thread 'MainThread': missing ScriptRunContext! This warning can be ignored when running in bare mode.
2026-10-09 17:21:38.802 Thread 'MainThread': missing ScriptRunContext! This warning can be ignored when running in bare mode.
2026-10-09 17:21:38.804 Thread 'MainThread': missing ScriptRunContext! This warning can be ignored when running in bare mode.
2026-10-09 17:21:38.805 Thread 'MainThread': missing ScriptRunContext! This warning can be ignored when running in bare mode.
2026-10-09 17:21:38.807 Thread 'MainThread': missing ScriptRunContext! This warning can be ignored when running in bare mode.
2026-10-09 17:21:38.809 Thread 'MainThread': missing ScriptRunContext! This warning can be ignored when running in bare mode.
2026-10-09 17:21:38.812 Thread 'MainThread': missing ScriptRunContext! This warning can be ignored when running in bare mode.
2026-10-09 17:21:38.814 Thread 'MainThread': missing ScriptRunContext! This warning can be ignored when running in bare mode.
2026-10-09 17:21:38.816 Thread 'MainThread': missing ScriptRunContext! This warning can be ignored when running in bare mode.
2026-10-09 17:21:38.818 Thread 'MainThread': missing ScriptRunContext! This warning can be ignored when running in bare mode.
2026-10-09 17:21:38.820 Thread 'MainThread': missing ScriptRunContext! This warning can be ignored when running in bare mode.
2026-10-09 17:21:38.822 Thread 'MainThread': missing ScriptRunContext! This warning can be ignored when running in bare mode.
2026-10-09 17:21:38.824 Thread 'MainThread': missing ScriptRunContext! This warning can be ignored when running in bare mode.
2026-10-09 17:21:38.826 Thread 'MainThread': missing ScriptRunContext! This warning can be ignored when running in bare mode.
2026-10-09 17:21:38.828 Thread 'MainThread': missing ScriptRunContext! This warning can be ignored when running in bare mode.
2026-10-09 17:21:38.830 Thread 'MainThread': missing ScriptRunContext! This warning can be ignored when running in bare mode.
2026-10-09 17:21:38.832 Thread 'MainThread': missing ScriptRunContext! This warning can be ignored when running in bare mode.
2026-10-09 17:21:38.835 Thread 'MainThread': missing ScriptRunContext! This warning can be ignored when running in bare mode.
2026-10-09 17:21:38.837 Thread 'MainThread': missing ScriptRunContext! This warning can be ignored when running in bare mode.
2026-10-09 17:21:38.839 Thread 'MainThread': missing ScriptRunContext! This warning can be ignored when running in bare mode.
2026-10-09 17:21:38.841 Thread 'MainThread': missing ScriptRunContext! This warning can be ignored when running in bare mode.
2026-10-09 17:21:38.843 Thread 'MainThread': missing ScriptRunContext! This warning can be ignored when running in bare mode.
2026-10-09 17:21:38.845 Thread 'MainThread': missing ScriptRunContext! This warning can be ignored when running in bare mode.
2026-10-09 17:21:38.847 Thread 'MainThread': missing ScriptRunContext! This warning can be ignored when running in bare mode.
2026-10-09 17:21:38.850 Thread 'MainThread': missing ScriptRunContext! This warning can be ignored when running in bare mode.
2026-10-09 17:21:38.852 Thread 'MainThread': missing ScriptRunContext! This warning can be ignored when running in bare mode.
2026-10-09 17:21:38.854 Thread 'MainThread': missing ScriptRunContext! This warning can be ignored when running in bare mode.
2026-10-09 17:21:38.856 Thread 'MainThread': missing ScriptRunContext! This warning can be ignored when running in bare mode.
2026-10-09 17:21:38.858 Thread 'MainThread': missing ScriptRunContext! This warning can be ignored when running in bare mode.
2026-10-09 17:21:38.860 Thread 'MainThread': missing ScriptRunContext! This warning can be ignored when running in bare mode.
2026-10-09 17:21:38.863 Thread 'MainThread': missing ScriptRunContext! This warning can be ignored when running in bare mode.
2026-10-09 17:21:38.869 Thread 'MainThread': missing ScriptRunContext! This warning can be ignored when running in bare mode.
2026-10-09 17:21:38.871 Thread 'MainThread': missing ScriptRunContext! This warning can be ignored when running in bare mode.
2026-10-09 17:21:38.873 Thread 'MainThread': missing ScriptRunContext! This warning can be ignored when running in bare mode.
2026-10-09 17:21:38.875 Thread 'MainThread': missing ScriptRunContext! This warning can be ignored when running in bare mode.
2026-10-09 17:21:38.877 Thread 'MainThread': missing ScriptRunContext! This warning can be ignored when running in bare mode.
2026-10-09 17:21:38.880 Thread 'MainThread': missing ScriptRunContext! This warning can be ignored when running in bare mode.
2026-10-09 17:21:38.882 Thread 'MainThread': missing ScriptRunContext! This warning can be ignored when running in bare mode.
2026-10-09 17:21:38.885 Thread 'MainThread': missing ScriptRunContext! This warning can be ignored when running in bare mode.
2026-10-09 17:21:38.887 Thread 'MainThread': missing ScriptRunContext! This warning can be ignored when running in bare mode.
2026-10-09 17:21:38.889 Thread 'MainThread': missing ScriptRunContext! This warning can be ignored when running in bare mode.
2026-10-09 17:21:38.892 Thread 'MainThread': missing ScriptRunContext! This warning can be ignored when running in bare mode.
2026-10-09 17:21:38.894 Thread 'MainThread': missing ScriptRunContext! This warning can be ignored when running in bare mode.
2026-10-09 17:21:38.897 Thread 'MainThread': missing ScriptRunContext! This warning can be ignored when running in bare mode.
2026-10-09 17:21:38.900 Thread 'MainThread': missing ScriptRunContext! This warning can be ignored when running in bare mode.
2026-10-09 17:21:38.902 Thread 'MainThread': missing ScriptRunContext! This warning can be ignored when running in bare mode.
2026-10-09 17:21:38.905 Thread 'MainThread': missing ScriptRunContext! This warning can be ignored when running in bare mode.
2026-10-09 17:21:38.907 Thread 'MainThread': missing ScriptRunContext! This warning can be ignored when running in bare mode.
2026-10-09 17:21:38.910 Thread 'MainThread': missing ScriptRunContext! This warning can be ignored when running in bare mode.
2026-10-09 17:21:38.913 Thread 'MainThread': missing ScriptRunContext! This warning can be ignored when running in bare mode.
2026-10-09 17:21:38.917 Thread 'MainThread': missing ScriptRunContext! This warning can be ignored when running in bare mode.
2026-10-09 17:21:38.919 Thread 'MainThread': missing ScriptRunContext! This warning can be ignored when running in bare mode.
2026-10-09 17:21:38.922 Thread 'MainThread': missing ScriptRunContext! This warning can be ignored when running in bare mode.
2026-10-09 17:21:38.924 Thread 'MainThread': missing ScriptRunContext! This warning can be ignored when running in bare mode.
2026-10-09 17:21:38.927 Thread 'MainThread': missing ScriptRunContext! This warning can be ignored when running in bare mode.
2026-10-09 17:21:38.930 Thread 'MainThread': missing ScriptRunContext! This warning can be ignored when running in bare mode.
2026-10-09 17:21:38.932 Thread 'MainThread': missing ScriptRunContext! This warning can be ignored when running in bare mode.
2026-10-09 17:21:38.935 Thread 'MainThread': missing ScriptRunContext! This warning can be ignored when running in bare mode.
2026-10-09 17:21:38.937 Thread 'MainThread': missing ScriptRunContext! This warning can be ignored when running in bare mode.
2026-10-09 17:21:38.939 Thread 'MainThread': missing ScriptRunContext! This warning can be ignored when running in bare mode.
2026-10-09 17:21:38.942 Thread 'MainThread': missing ScriptRunContext! This warning can be ignored when running in bare mode.
2026-10-09 17:21:38.944 Thread 'MainThread': missing ScriptRunContext! This warning can be ignored when running in bare mode.
2026-10-09 17:21:38.948 Thread 'MainThread': missing ScriptRunContext! This warning can be ignored when running in bare mode.
2026-10-09 17:21:38.952 Thread 'MainThread': missing ScriptRunContext! This warning can be ignored when running in bare mode.
2026-10-09 17:21:38.955 Thread 'MainThread': missing ScriptRunContext! This warning can be ignored when running in bare mode.
2026-10-09 17:21:38.958 Thread 'MainThread': missing ScriptRunContext! This warning can be ignored when running in bare mode.
2026-10-09 17:21:38.960 Thread 'MainThread': missing ScriptRunContext! This warning can be ignored when running in bare mode.
2026-10-09 17:21:38.963 Thread 'MainThread': missing ScriptRunContext! This warning can be ignored when running in bare mode.
2026-10-09 17:21:38.966 Thread 'MainThread': missing ScriptRunContext! This warning can be ignored when running in bare mode.
2026-10-09 17:21:38.968 Thread 'MainThread': missing ScriptRunContext! This warning can be ignored when running in bare mode.
2026-10-09 17:21:38.971 Thread 'MainThread': missing ScriptRunContext! This warning can be ignored when running in bare mode.
2026-10-09 17:21:38.973 Thread 'MainThread': missing ScriptRunContext! This warning can be ignored when running in bare mode.
2026-10-09 17:21:38.976 Thread 'MainThread': missing ScriptRunContext! This warning can be ignored when running in bare mode.
2026-10-09 17:21:38.978 Thread 'MainThread': missing ScriptRunContext! This warning can be ignored when running in bare mode.
2026-10-09 17:21:38.981 Thread 'MainThread': missing ScriptRunContext! This warning can be ignored when running in bare mode.
2026-10-09 17:21:38.983 Thread 'MainThread': missing ScriptRunContext! This warning can be ignored when running in bare mode.
2026-10-09 17:21:38.986 Thread 'MainThread': missing ScriptRunContext! This warning can be ignored when running in bare mode.
2026-10-09 17:21:38.988 Thread 'MainThread': missing ScriptRunContext! This warning can be ignored when running in bare mode.
2026-10-09 17:21:38.991 Thread 'MainThread': missing ScriptRunContext! This warning can be ignored when running in bare mode.
2026-10-09 17:21:38.993 Thread 'MainThread': missing ScriptRunContext! This warning can be ignored when running in bare mode.
2026-10-09 17:21:38.996 Thread 'MainThread': missing ScriptRunContext! This warning can be ignored when running in bare mode.
2026-10-09 17:21:38.998 Thread 'MainThread': missing ScriptRunContext! This warning can be ignored when running in bare mode.
2026-10-09 17:21:39.001 Thread 'MainThread': missing ScriptRunContext! This warning can be ignored when running in bare mode.
2026-10-09 17:21:39.003 Thread 'MainThread': missing ScriptRunContext! This warning can be ignored when running in bare mode.
2026-10-09 17:21:39.005 Thread 'MainThread': missing ScriptRunContext! This warning can be ignored when running in bare mode.
2026-10-09 17:21:39.007 Thread 'MainThread': missing ScriptRunContext! This warning can be ignored when running in bare mode.
2026-10-09 17:21:39.010 Thread 'MainThread': missing ScriptRunContext! This warning can be ignored when running in bare mode.
2026-10-09 17:21:39.012 Thread 'MainThread': missing ScriptRunContext! This warning can be ignored when running in bare mode.
2026-10-09 17:21:39.015 Thread 'MainThread': missing ScriptRunContext! This warning can be ignored when running in bare mode.
2026-10-09 17:21:39.017 Thread 'MainThread': missing ScriptRunContext! This warning can be ignored when running in bare mode.
2026-10-09 17:21:39.020 Thread 'MainThread': missing ScriptRunContext! This warning can be ignored when running in bare mode.
2026-10-09 17:21:39.022 Thread 'MainThread': missing ScriptRunContext! This warning can be ignored when running in bare mode.
2026-10-09 17:21:39.024 Thread 'MainThread': missing ScriptRunContext! This warning can be ignored when running in bare mode.
2026-10-09 17:21:39.027 Thread 'MainThread': missing ScriptRunContext! This warning can be ignored when running in bare mode.
2026-10-09 17:21:39.029 Thread 'MainThread': missing ScriptRunContext! This warning can be ignored when running in bare mode.
2026-10-09 17:21:39.031 Thread 'MainThread': missing ScriptRunContext! This warning can be ignored when running in bare mode.
2026-10-09 17:21:39.033 Thread 'MainThread': missing ScriptRunContext! This warning can be ignored when running in bare mode.
2026-10-09 17:21:39.036 Thread 'MainThread': missing ScriptRunContext! This warning can be ignored when running in bare mode.
2026-10-09 17:21:39.038 Thread 'MainThread': missing ScriptRunContext! This warning can be ignored when running in bare mode.
2026-10-09 17:21:39.040 Thread 'MainThread': missing ScriptRunContext! This warning can be ignored when running in bare mode.
2026-10-09 17:21:39.042 Thread 'MainThread': missing ScriptRunContext! This warning can be ignored when running in bare mode.
2026-10-09 17:21:39.045 Thread 'MainThread': missing ScriptRunContext! This warning can be ignored when running in bare mode.
2026-10-09 17:21:39.047 Thread 'MainThread': missing ScriptRunContext! This warning can be ignored when running in bare mode.
2026-10-09 17:21:39.049 Thread 'MainThread': missing ScriptRunContext! This warning can be ignored when running in bare mode.
2026-10-09 17:21:39.052 Thread 'MainThread': missing ScriptRunContext! This warning can be ignored when running in bare mode.
2026-10-09 17:21:39.054 Thread 'MainThread': missing ScriptRunContext! This warning can be ignored when running in bare mode.
2026-10-09 17:21:39.223 Thread 'MainThread': missing ScriptRunContext! This warning can be ignored when running in bare mode.
2026-10-09 17:21:39.223 Thread 'MainThread': missing ScriptRunContext! This warning can be ignored when running in bare mode.
2026-10-09 17:21:39.223 Thread 'MainThread': missing ScriptRunContext! This warning can be ignored when running in bare mode.
2026-10-09 17:21:39.223 Thread 'MainThread': missing ScriptRunContext! This warning can be ignored when running in bare mode.
2026-10-09 17:21:39.418 Thread 'MainThread': missing ScriptRunContext! This warning can be ignored when running in bare mode.
2026-10-09 17:21:39.433 Thread 'MainThread': missing ScriptRunContext! This warning can be ignored when running in bare mode.
2026-10-09 17:21:39.434 Thread 'MainThread': missing ScriptRunContext! This warning can be ignored when running in bare mode.
2026-10-09 17:21:39.436 Thread 'MainThread': missing ScriptRunContext! This warning can be ignored when running in bare mode.
2026-10-09 17:21:39.437 Thread 'MainThread': missing ScriptRunContext! This warning can be ignored when running in bare mode.
2026-10-09 17:21:39.439 Thread 'MainThread': missing ScriptRunContext! This warning can be ignored when running in bare mode.
2026-10-09 17:21:39.440 Thread 'MainThread': missing ScriptRunContext! This warning can be ignored when running in bare mode.
2026-10-09 17:21:39.442 Thread 'MainThread': missing ScriptRunContext! This warning can be ignored when running in bare mode.
2026-10-09 17:21:39.444 Thread 'MainThread': missing ScriptRunContext! This warning can be ignored when running in bare mode.
2026-10-09 17:21:39.445 Thread 'MainThread': missing ScriptRunContext! This warning can be ignored when running in bare mode.
2026-10-09 17:21:39.447 Thread 'MainThread': missing ScriptRunContext! This warning can be ignored when running in bare mode.
2026-10-09 17:21:39.449 Thread 'MainThread': missing ScriptRunContext! This warning can be ignored when running in bare mode.
2026-10-09 17:21:39.451 Thread 'MainThread': missing ScriptRunContext! This warning can be ignored when running in bare mode.
2026-10-09 17:21:39.453 Thread 'MainThread': missing ScriptRunContext! This warning can be ignored when running in bare mode.
2026-10-09 17:21:39.454 Thread 'MainThread': missing ScriptRunContext! This warning can be ignored when running in bare mode.
2026-10-09 17:21:39.456 Thread 'MainThread': missing ScriptRunContext! This warning can be ignored when running in bare mode.
2026-10-09 17:21:39.457 Thread 'MainThread': missing ScriptRunContext! This warning can be ignored when running in bare mode.
2026-10-09 17:21:39.459 Thread 'MainThread': missing ScriptRunContext! This warning can be ignored when running in bare mode.
2026-10-09 17:21:39.461 Thread 'MainThread': missing ScriptRunContext! This warning can be ignored when running in bare mode.
2026-10-09 17:21:39.462 Thread 'MainThread': missing ScriptRunContext! This warning can be ignored when running in bare mode.
2026-10-09 17:21:39.464 Thread 'MainThread': missing ScriptRunContext! This warning can be ignored when running in bare mode.
2026-10-09 17:21:39.466 Thread 'MainThread': missing ScriptRunContext! This warning can be ignored when running in bare mode.
2026-10-09 17:21:39.468 Thread 'MainThread': missing ScriptRunContext! This warning can be ignored when running in bare mode.
2026-10-09 17:21:39.469 Thread 'MainThread': missing ScriptRunContext! This warning can be ignored when running in bare mode.
2026-10-09 17:21:39.471 Thread 'MainThread': missing ScriptRunContext! This warning can be ignored when running in bare mode.
2026-10-09 17:21:39.473 Thread 'MainThread': missing ScriptRunContext! This warning can be ignored when running in bare mode.
2026-10-09 17:21:39.475 Thread 'MainThread': missing ScriptRunContext! This warning can be ignored when running in bare mode.
2026-10-09 17:21:39.477 Thread 'MainThread': missing ScriptRunContext! This warning can be ignored when running in bare mode.
2026-10-09 17:21:39.479 Thread 'MainThread': missing ScriptRunContext! This warning can be ignored when running in bare mode.
2026-10-09 17:21:39.480 Thread 'MainThread': missing ScriptRunContext! This warning can be ignored when running in bare mode.
2026-10-09 17:21:39.482 Thread 'MainThread': missing ScriptRunContext! This warning can be ignored when running in bare mode.
2026-10-09 17:21:39.484 Thread 'MainThread': missing ScriptRunContext! This warning can be ignored when running in bare mode.
2026-10-09 17:21:39.486 Thread 'MainThread': missing ScriptRunContext! This warning can be ignored when running in bare mode.
2026-10-09 17:21:39.488 Thread 'MainThread': missing ScriptRunContext! This warning can be ignored when running in bare mode.
2026-10-09 17:21:39.490 Thread 'MainThread': missing ScriptRunContext! This warning can be ignored when running in bare mode.
2026-10-09 17:21:39.491 Thread 'MainThread': missing ScriptRunContext! This warning can be ignored when running in bare mode.
2026-10-09 17:21:39.493 Thread 'MainThread': missing ScriptRunContext! This warning can be ignored when running in bare mode.
2026-10-09 17:21:39.495 Thread 'MainThread': missing ScriptRunContext! This warning can be ignored when running in bare mode.
2026-10-09 17:21:39.497 Thread 'MainThread': missing ScriptRunContext! This warning can be ignored when running in bare mode.
2026-10-09 17:21:39.499 Thread 'MainThread': missing ScriptRunContext! This warning can be ignored when running in bare mode.
2026-10-09 17:21:39.501 Thread 'MainThread': missing ScriptRunContext! This warning can be ignored when running in bare mode.
2026-10-09 17:21:39.505 Thread 'MainThread': missing ScriptRunContext! This warning can be ignored when running in bare mode.
2026-10-09 17:21:39.507 Thread 'MainThread': missing ScriptRunContext! This warning can be ignored when running in bare mode.
2026-10-09 17:21:39.508 Thread 'MainThread': missing ScriptRunContext! This warning can be ignored when running in bare mode.
2026-10-09 17:21:39.510 Thread 'MainThread': missing ScriptRunContext! This warning can be ignored when running in bare mode.
2026-10-09 17:21:39.512 Thread 'MainThread': missing ScriptRunContext! This warning can be ignored when running in bare mode.
2026-10-09 17:21:39.515 Thread 'MainThread': missing ScriptRunContext! This warning can be ignored when running in bare mode.
2026-10-09 17:21:39.516 Thread 'MainThread': missing ScriptRunContext! This warning can be ignored when running in bare mode.
2026-10-09 17:21:39.518 Thread 'MainThread': missing ScriptRunContext! This warning can be ignored when running in bare mode.
2026-10-09 17:21:39.520 Thread 'MainThread': missing ScriptRunContext! This warning can be ignored when running in bare mode.
2026-10-09 17:21:39.522 Thread 'MainThread': missing ScriptRunContext! This warning can be ignored when running in bare mode.
2026-10-09 17:21:39.524 Thread 'MainThread': missing ScriptRunContext! This warning can be ignored when running in bare mode.
2026-10-09 17:21:39.526 Thread 'MainThread': missing ScriptRunContext! This warning can be ignored when running in bare mode.
2026-10-09 17:21:39.528 Thread 'MainThread': missing ScriptRunContext! This warning can be ignored when running in bare mode.
2026-10-09 17:21:39.530 Thread 'MainThread': missing ScriptRunContext! This warning can be ignored when running in bare mode.
2026-10-09 17:21:39.532 Thread 'MainThread': missing ScriptRunContext! This warning can be ignored when running in bare mode.
2026-10-09 17:21:39.534 Thread 'MainThread': missing ScriptRunContext! This warning can be ignored when running in bare mode.
2026-10-09 17:21:39.536 Thread 'MainThread': missing ScriptRunContext! This warning can be ignored when running in bare mode.
2026-10-09 17:21:39.538 Thread 'MainThread': missing ScriptRunContext! This warning can be ignored when running in bare mode.
2026-10-09 17:21:39.540 Thread 'MainThread': missing ScriptRunContext! This warning can be ignored when running in bare mode.
2026-10-09 17:21:39.541 Thread 'MainThread': missing ScriptRunContext! This warning can be ignored when running in bare mode.
2026-10-09 17:21:39.543 Thread 'MainThread': missing ScriptRunContext! This warning can be ignored when running in bare mode.
2026-10-09 17:21:39.545 Thread 'MainThread': missing ScriptRunContext! This warning can be ignored when running in bare mode.
2026-10-09 17:21:39.547 Thread 'MainThread': missing ScriptRunContext! This warning can be ignored when running in bare mode.
2026-10-09 17:21:39.549 Thread 'MainThread': missing ScriptRunContext! This warning can be ignored when running in bare mode.
2026-10-09 17:21:39.551 Thread 'MainThread': missing ScriptRunContext! This warning can be ignored when running in bare mode.
2026-10-09 17:21:39.553 Thread 'MainThread': missing ScriptRunContext! This warning can be ignored when running in bare mode.
2026-10-09 17:21:39.555 Thread 'MainThread': missing ScriptRunContext! This warning can be ignored when running in bare mode.
2026-10-09 17:21:39.557 Thread 'MainThread': missing ScriptRunContext! This warning can be ignored when running in bare mode.
2026-10-09 17:21:39.559 Thread 'MainThread': missing ScriptRunContext! This warning can be ignored when running in bare mode.
2026-10-09 17:21:39.561 Thread 'MainThread': missing ScriptRunContext! This warning can be ignored when running in bare mode.
2026-10-09 17:21:39.565 Thread 'MainThread': missing ScriptRunContext! This warning can be ignored when running in bare mode.
2026-10-09 17:21:39.567 Thread 'MainThread': missing ScriptRunContext! This warning can be ignored when running in bare mode.
2026-10-09 17:21:39.569 Thread 'MainThread': missing ScriptRunContext! This warning can be ignored when running in bare mode.
2026-10-09 17:21:39.571 Thread 'MainThread': missing ScriptRunContext! This warning can be ignored when running in bare mode.
2026-10-09 17:21:39.573 Thread 'MainThread': missing ScriptRunContext! This warning can be ignored when running in bare mode.
2026-10-09 17:21:39.575 Thread 'MainThread': missing ScriptRunContext! This warning can be ignored when running in bare mode.
2026-10-09 17:21:39.578 Thread 'MainThread': missing ScriptRunContext! This warning can be ignored when running in bare mode.
2026-10-09 17:21:39.580 Thread 'MainThread': missing ScriptRunContext! This warning can be ignored when running in bare mode.
2026-10-09 17:21:39.582 Thread 'MainThread': missing ScriptRunContext! This warning can be ignored when running in bare mode.
2026-10-09 17:21:39.584 Thread 'MainThread': missing ScriptRunContext! This warning can be ignored when running in bare mode.
2026-10-09 17:21:39.586 Thread 'MainThread': missing ScriptRunContext! This warning can be ignored when running in bare mode.
2026-10-09 17:21:39.588 Thread 'MainThread': missing ScriptRunContext! This warning can be ignored when running in bare mode.
2026-10-09 17:21:39.590 Thread 'MainThread': missing ScriptRunContext! This warning can be ignored when running in bare mode.
2026-10-09 17:21:39.592 Thread 'MainThread': missing ScriptRunContext! This warning can be ignored when running in bare mode.
2026-10-09 17:21:39.595 Thread 'MainThread': missing ScriptRunContext! This warning can be ignored when running in bare mode.
2026-10-09 17:21:39.598 Thread 'MainThread': missing ScriptRunContext! This warning can be ignored when running in bare mode.
2026-10-09 17:21:39.600 Thread 'MainThread': missing ScriptRunContext! This warning can be ignored when running in bare mode.
2026-10-09 17:21:39.602 Thread 'MainThread': missing ScriptRunContext! This warning can be ignored when running in bare mode.
2026-10-09 17:21:39.604 Thread 'MainThread': missing ScriptRunContext! This warning can be ignored when running in bare mode.
2026-10-09 17:21:39.607 Thread 'MainThread': missing ScriptRunContext! This warning can be ignored when running in bare mode.
2026-10-09 17:21:39.609 Thread 'MainThread': missing ScriptRunContext! This warning can be ignored when running in bare mode.
2026-10-09 17:21:39.611 Thread 'MainThread': missing ScriptRunContext! This warning can be ignored when running in bare mode.
2026-10-09 17:21:39.614 Thread 'MainThread': missing ScriptRunContext! This warning can be ignored when running in bare mode.
2026-10-09 17:21:39.616 Thread 'MainThread': missing ScriptRunContext! This warning can be ignored when running in bare mode.
2026-10-09 17:21:39.619 Thread 'MainThread': missing ScriptRunContext! This warning can be ignored when running in bare mode.
2026-10-09 17:21:39.621 Thread 'MainThread': missing ScriptRunContext! This warning can be ignored when running in bare mode.
2026-10-09 17:21:39.624 Thread 'MainThread': missing ScriptRunContext! This warning can be ignored when running in bare mode.
2026-10-09 17:21:39.626 Thread 'MainThread': missing ScriptRunContext! This warning can be ignored when running in bare mode.
2026-10-09 17:21:39.629 Thread 'MainThread': missing ScriptRunContext! This warning can be ignored when running in bare mode.
2026-10-09 17:21:39.631 Thread 'MainThread': missing ScriptRunContext! This warning can be ignored when running in bare mode.
2026-10-09 17:21:39.634 Thread 'MainThread': missing ScriptRunContext! This warning can be ignored when running in bare mode.
2026-10-09 17:21:39.636 Thread 'MainThread': missing ScriptRunContext! This warning can be ignored when running in bare mode.
2026-10-09 17:21:39.638 Thread 'MainThread': missing ScriptRunContext! This warning can be ignored when running in bare mode.
2026-10-09 17:21:39.640 Thread 'MainThread': missing ScriptRunContext! This warning can be ignored when running in bare mode.
2026-10-09 17:21:39.643 Thread 'MainThread': missing ScriptRunContext! This warning can be ignored when running in bare mode.
2026-10-09 17:21:39.645 Thread 'MainThread': missing ScriptRunContext! This warning can be ignored when running in bare mode.
2026-10-09 17:21:39.647 Thread 'MainThread': missing ScriptRunContext! This warning can be ignored when running in bare mode.
2026-10-09 17:21:39.650 Thread 'MainThread': missing ScriptRunContext! This warning can be ignored when running in bare mode.
2026-10-09 17:21:39.652 Thread 'MainThread': missing ScriptRunContext! This warning can be ignored when running in bare mode.
2026-10-09 17:21:39.654 Thread 'MainThread': missing ScriptRunContext! This warning can be ignored when running in bare mode.
2026-10-09 17:21:39.656 Thread 'MainThread': missing ScriptRunContext! This warning can be ignored when running in bare mode.
2026-10-09 17:21:39.659 Thread 'MainThread': missing ScriptRunContext! This warning can be ignored when running in bare mode.
2026-10-09 17:21:39.661 Thread 'MainThread': missing ScriptRunContext! This warning can be ignored when running in bare mode.
2026-10-09 17:21:39.663 Thread 'MainThread': missing ScriptRunContext! This warning can be ignored when running in bare mode.
2026-10-09 17:21:39.666 Thread 'MainThread': missing ScriptRunContext! This warning can be ignored when running in bare mode.
2026-10-09 17:21:39.668 Thread 'MainThread': missing ScriptRunContext! This warning can be ignored when running in bare mode.
2026-10-09 17:21:39.671 Thread 'MainThread': missing ScriptRunContext! This warning can be ignored when running in bare mode.
2026-10-09 17:21:39.673 Thread 'MainThread': missing ScriptRunContext! This warning can be ignored when running in bare mode.
2026-10-09 17:21:39.675 Thread 'MainThread': missing ScriptRunContext! This warning can be ignored when running in bare mode.
2026-10-09 17:21:39.677 Thread 'MainThread': missing ScriptRunContext! This warning can be ignored when running in bare mode.
2026-10-09 17:21:39.680 Thread 'MainThread': missing ScriptRunContext! This warning can be ignored when running in bare mode.
2026-10-09 17:21:39.811 Thread 'MainThread': missing ScriptRunContext! This warning can be ignored when running in bare mode.
2026-10-09 17:21:39.811 Thread 'MainThread': missing ScriptRunContext! This warning can be ignored when running in bare mode.
2026-10-09 17:21:39.811 Thread 'MainThread': missing ScriptRunContext! This warning can be ignored when running in bare mode.
2026-10-09 17:21:39.812 Thread 'MainThread': missing ScriptRunContext! This warning can be ignored when running in bare mode.
2026-10-09 17:21:39.905 Thread 'MainThread': missing ScriptRunContext! This warning can be ignored when running in bare mode.
2026-10-09 17:21:39.919 Thread 'MainThread': missing ScriptRunContext! This warning can be ignored when running in bare mode.
2026-10-09 17:21:39.921 Thread 'MainThread': missing ScriptRunContext! This warning can be ignored when running in bare mode.
2026-10-09 17:21:39.923 Thread 'MainThread': missing ScriptRunContext! This warning can be ignored when running in bare mode.
2026-10-09 17:21:39.925 Thread 'MainThread': missing ScriptRunContext! This warning can be ignored when running in bare mode.
2026-10-09 17:21:39.927 Thread 'MainThread': missing ScriptRunContext! This warning can be ignored when running in bare mode.
2026-10-09 17:21:39.929 Thread 'MainThread': missing ScriptRunContext! This warning can be ignored when running in bare mode.
2026-10-09 17:21:39.930 Thread 'MainThread': missing ScriptRunContext! This warning can be ignored when running in bare mode.
2026-10-09 17:21:39.933 Thread 'MainThread': missing ScriptRunContext! This warning can be ignored when running in bare mode.
2026-10-09 17:21:39.935 Thread 'MainThread': missing ScriptRunContext! This warning can be ignored when running in bare mode.
2026-10-09 17:21:39.937 Thread 'MainThread': missing ScriptRunContext! This warning can be ignored when running in bare mode.
2026-10-09 17:21:39.938 Thread 'MainThread': missing ScriptRunContext! This warning can be ignored when running in bare mode.
2026-10-09 17:21:39.940 Thread 'MainThread': missing ScriptRunContext! This warning can be ignored when running in bare mode.
2026-10-09 17:21:39.942 Thread 'MainThread': missing ScriptRunContext! This warning can be ignored when running in bare mode.
2026-10-09 17:21:39.944 Thread 'MainThread': missing ScriptRunContext! This warning can be ignored when running in bare mode.
2026-10-09 17:21:39.946 Thread 'MainThread': missing ScriptRunContext! This warning can be ignored when running in bare mode.
2026-10-09 17:21:39.948 Thread 'MainThread': missing ScriptRunContext! This warning can be ignored when running in bare mode.
2026-10-09 17:21:39.950 Thread 'MainThread': missing ScriptRunContext! This warning can be ignored when running in bare mode.
2026-10-09 17:21:39.954 Thread 'MainThread': missing ScriptRunContext! This warning can be ignored when running in bare mode.
2026-10-09 17:21:39.956 Thread 'MainThread': missing ScriptRunContext! This warning can be ignored when running in bare mode.
2026-10-09 17:21:39.958 Thread 'MainThread': missing ScriptRunContext! This warning can be ignored when running in bare mode.
2026-10-09 17:21:39.960 Thread 'MainThread': missing ScriptRunContext! This warning can be ignored when running in bare mode.
2026-10-09 17:21:39.963 Thread 'MainThread': missing ScriptRunContext! This warning can be ignored when running in bare mode.
2026-10-09 17:21:39.965 Thread 'MainThread': missing ScriptRunContext! This warning can be ignored when running in bare mode.
2026-10-09 17:21:39.967 Thread 'MainThread': missing ScriptRunContext! This warning can be ignored when running in bare mode.
2026-10-09 17:21:39.969 Thread 'MainThread': missing ScriptRunContext! This warning can be ignored when running in bare mode.
2026-10-09 17:21:39.971 Thread 'MainThread': missing ScriptRunContext! This warning can be ignored when running in bare mode.
2026-10-09 17:21:39.973 Thread 'MainThread': missing ScriptRunContext! This warning can be ignored when running in bare mode.
2026-10-09 17:21:39.975 Thread 'MainThread': missing ScriptRunContext! This warning can be ignored when running in bare mode.
2026-10-09 17:21:39.977 Thread 'MainThread': missing ScriptRunContext! This warning can be ignored when running in bare mode.
2026-10-09 17:21:39.979 Thread 'MainThread': missing ScriptRunContext! This warning can be ignored when running in bare mode.
2026-10-09 17:21:39.981 Thread 'MainThread': missing ScriptRunContext! This warning can be ignored when running in bare mode.
2026-10-09 17:21:39.983 Thread 'MainThread': missing ScriptRunContext! This warning can be ignored when running in bare mode.
2026-10-09 17:21:39.986 Thread 'MainThread': missing ScriptRunContext! This warning can be ignored when running in bare mode.
2026-10-09 17:21:39.988 Thread 'MainThread': missing ScriptRunContext! This warning can be ignored when running in bare mode.
2026-10-09 17:21:39.990 Thread 'MainThread': missing ScriptRunContext! This warning can be ignored when running in bare mode.
2026-10-09 17:21:39.992 Thread 'MainThread': missing ScriptRunContext! This warning can be ignored when running in bare mode.
2026-10-09 17:21:39.994 Thread 'MainThread': missing ScriptRunContext! This warning can be ignored when running in bare mode.
2026-10-09 17:21:39.996 Thread 'MainThread': missing ScriptRunContext! This warning can be ignored when running in bare mode.
2026-10-09 17:21:39.998 Thread 'MainThread': missing ScriptRunContext! This warning can be ignored when running in bare mode.
2026-10-09 17:21:40.001 Thread 'MainThread': missing ScriptRunContext! This warning can be ignored when running in bare mode.
2026-10-09 17:21:40.003 Thread 'MainThread': missing ScriptRunContext! This warning can be ignored when running in bare mode.
2026-10-09 17:21:40.005 Thread 'MainThread': missing ScriptRunContext! This warning can be ignored when running in bare mode.
2026-10-09 17:21:40.007 Thread 'MainThread': missing ScriptRunContext! This warning can be ignored when running in bare mode.
2026-10-09 17:21:40.010 Thread 'MainThread': missing ScriptRunContext! This warning can be ignored when running in bare mode.
2026-10-09 17:21:40.012 Thread 'MainThread': missing ScriptRunContext! This warning can be ignored when running in bare mode.
2026-10-09 17:21:40.014 Thread 'MainThread': missing ScriptRunContext! This warning can be ignored when running in bare mode.
2026-10-09 17:21:40.016 Thread 'MainThread': missing ScriptRunContext! This warning can be ignored when running in bare mode.
2026-10-09 17:21:40.018 Thread 'MainThread': missing ScriptRunContext! This warning can be ignored when running in bare mode.
2026-10-09 17:21:40.021 Thread 'MainThread': missing ScriptRunContext! This warning can be ignored when running in bare mode.
2026-10-09 17:21:40.023 Thread 'MainThread': missing ScriptRunContext! This warning can be ignored when running in bare mode.
2026-10-09 17:21:40.025 Thread 'MainThread': missing ScriptRunContext! This warning can be ignored when running in bare mode.
2026-10-09 17:21:40.027 Thread 'MainThread': missing ScriptRunContext! This warning can be ignored when running in bare mode.
2026-10-09 17:21:40.029 Thread 'MainThread': missing ScriptRunContext! This warning can be ignored when running in bare mode.
2026-10-09 17:21:40.031 Thread 'MainThread': missing ScriptRunContext! This warning can be ignored when running in bare mode.
2026-10-09 17:21:40.034 Thread 'MainThread': missing ScriptRunContext! This warning can be ignored when running in bare mode.
2026-10-09 17:21:40.036 Thread 'MainThread': missing ScriptRunContext! This warning can be ignored when running in bare mode.
2026-10-09 17:21:40.038 Thread 'MainThread': missing ScriptRunContext! This warning can be ignored when running in bare mode.
2026-10-09 17:21:40.040 Thread 'MainThread': missing ScriptRunContext! This warning can be ignored when running in bare mode.
2026-10-09 17:21:40.042 Thread 'MainThread': missing ScriptRunContext! This warning can be ignored when running in bare mode.
2026-10-09 17:21:40.044 Thread 'MainThread': missing ScriptRunContext! This warning can be ignored when running in bare mode.
2026-10-09 17:21:40.047 Thread 'MainThread': missing ScriptRunContext! This warning can be ignored when running in bare mode.
2026-10-09 17:21:40.049 Thread 'MainThread': missing ScriptRunContext! This warning can be ignored when running in bare mode.
2026-10-09 17:21:40.051 Thread 'MainThread': missing ScriptRunContext! This warning can be ignored when running in bare mode.
2026-10-09 17:21:40.053 Thread 'MainThread': missing ScriptRunContext! This warning can be ignored when running in bare mode.
2026-10-09 17:21:40.056 Thread 'MainThread': missing ScriptRunContext! This warning can be ignored when running in bare mode.
2026-10-09 17:21:40.058 Thread 'MainThread': missing ScriptRunContext! This warning can be ignored when running in bare mode.
2026-10-09 17:21:40.060 Thread 'MainThread': missing ScriptRunContext! This warning can be ignored when running in bare mode.
2026-10-09 17:21:40.062 Thread 'MainThread': missing ScriptRunContext! This warning can be ignored when running in bare mode.
2026-10-09 17:21:40.065 Thread 'MainThread': missing ScriptRunContext! This warning can be ignored when running in bare mode.
2026-10-09 17:21:40.067 Thread 'MainThread': missing ScriptRunContext! This warning can be ignored when running in bare mode.
2026-10-09 17:21:40.069 Thread 'MainThread': missing ScriptRunContext! This warning can be ignored when running in bare mode.
2026-10-09 17:21:40.071 Thread 'MainThread': missing ScriptRunContext! This warning can be ignored when running in bare mode.
2026-10-09 17:21:40.073 Thread 'MainThread': missing ScriptRunContext! This warning can be ignored when running in bare mode.
2026-10-09 17:21:40.075 Thread 'MainThread': missing ScriptRunContext! This warning can be ignored when running in bare mode.
2026-10-09 17:21:40.078 Thread 'MainThread': missing ScriptRunContext! This warning can be ignored when running in bare mode.
2026-10-09 17:21:40.080 Thread 'MainThread': missing ScriptRunContext! This warning can be ignored when running in bare mode.
2026-10-09 17:21:40.082 Thread 'MainThread': missing ScriptRunContext! This warning can be ignored when running in bare mode.
2026-10-09 17:21:40.085 Thread 'MainThread': missing ScriptRunContext! This warning can be ignored when running in bare mode.
2026-10-09 17:21:40.087 Thread 'MainThread': missing ScriptRunContext! This warning can be ignored when running in bare mode.
2026-10-09 17:21:40.090 Thread 'MainThread': missing ScriptRunContext! This warning can be ignored when running in bare mode.
2026-10-09 17:21:40.092 Thread 'MainThread': missing ScriptRunContext! This warning can be ignored when running in bare mode.
2026-10-09 17:21:40.095 Thread 'MainThread': missing ScriptRunContext! This warning can be ignored when running in bare mode.
2026-10-09 17:21:40.098 Thread 'MainThread': missing ScriptRunContext! This warning can be ignored when running in bare mode.
2026-10-09 17:21:40.100 Thread 'MainThread': missing ScriptRunContext! This warning can be ignored when running in bare mode.
2026-10-09 17:21:40.102 Thread 'MainThread': missing ScriptRunContext! This warning can be ignored when running in bare mode.
2026-10-09 17:21:40.105 Thread 'MainThread': missing ScriptRunContext! This warning can be ignored when running in bare mode.
2026-10-09 17:21:40.107 Thread 'MainThread': missing ScriptRunContext! This warning can be ignored when running in bare mode.
2026-10-09 17:21:40.109 Thread 'MainThread': missing ScriptRunContext! This warning can be ignored when running in bare mode.
2026-10-09 17:21:40.112 Thread 'MainThread': missing ScriptRunContext! This warning can be ignored when running in bare mode.
2026-10-09 17:21:40.114 Thread 'MainThread': missing ScriptRunContext! This warning can be ignored when running in bare mode.
2026-10-09 17:21:40.117 Thread 'MainThread': missing ScriptRunContext! This warning can be ignored when running in bare mode.
2026-10-09 17:21:40.119 Thread 'MainThread': missing ScriptRunContext! This warning can be ignored when running in bare mode.
2026-10-09 17:21:40.121 Thread 'MainThread': missing ScriptRunContext! This warning can be ignored when running in bare mode.
2026-10-09 17:21:40.124 Thread 'MainThread': missing ScriptRunContext! This warning can be ignored when running in bare mode.
2026-10-09 17:21:40.126 Thread 'MainThread': missing ScriptRunContext! This warning can be ignored when running in bare mode.
2026-10-09 17:21:40.128 Thread 'MainThread': missing ScriptRunContext! This warning can be ignored when running in bare mode.
2026-10-09 17:21:40.130 Thread 'MainThread': missing ScriptRunContext! This warning can be ignored when running in bare mode.
2026-10-09 17:21:40.133 Thread 'MainThread': missing ScriptRunContext! This warning can be ignored when running in bare mode.
2026-10-09 17:21:40.135 Thread 'MainThread': missing ScriptRunContext! This warning can be ignored when running in bare mode.
2026-10-09 17:21:40.138 Thread 'MainThread': missing ScriptRunContext! This warning can be ignored when running in bare mode.
2026-10-09 17:21:40.140 Thread 'MainThread': missing ScriptRunContext! This warning can be ignored when running in bare mode.
2026-10-09 17:21:40.142 Thread 'MainThread': missing ScriptRunContext! This warning can be ignored when running in bare mode.
2026-10-09 17:21:40.145 Thread 'MainThread': missing ScriptRunContext! This warning can be ignored when running in bare mode.
2026-10-09 17:21:40.147 Thread 'MainThread': missing ScriptRunContext! This warning can be ignored when running in bare mode.
2026-10-09 17:21:40.149 Thread 'MainThread': missing ScriptRunContext! This warning can be ignored when running in bare mode.
2026-10-09 17:21:40.154 Thread 'MainThread': missing ScriptRunContext! This warning can be ignored when running in bare mode.
2026-10-09 17:21:40.156 Thread 'MainThread': missing ScriptRunContext! This warning can be ignored when running in bare mode.
2026-10-09 17:21:40.158 Thread 'MainThread': missing ScriptRunContext! This warning can be ignored when running in bare mode.
2026-10-09 17:21:40.161 Thread 'MainThread': missing ScriptRunContext! This warning can be ignored when running in bare mode.
2026-10-09 17:21:40.163 Thread 'MainThread': missing ScriptRunContext! This warning can be ignored when running in bare mode.
2026-10-09 17:21:40.165 Thread 'MainThread': missing ScriptRunContext! This warning can be ignored when running in bare mode.
2026-10-09 17:21:40.168 Thread 'MainThread': missing ScriptRunContext! This warning can be ignored when running in bare mode.
2026-10-09 17:21:40.170 Thread 'MainThread': missing ScriptRunContext! This warning can be ignored when running in bare mode.
2026-10-09 17:21:40.172 Thread 'MainThread': missing ScriptRunContext! This warning can be ignored when running in bare mode.
2026-10-09 17:21:40.175 Thread 'MainThread': missing ScriptRunContext! This warning can be ignored when running in bare mode.
2026-10-09 17:21:40.177 Thread 'MainThread': missing ScriptRunContext! This warning can be ignored when running in bare mode.
2026-10-09 17:21:40.179 Thread 'MainThread': missing ScriptRunContext! This warning can be ignored when running in bare mode.
2026-10-09 17:21:40.182 Thread 'MainThread': missing ScriptRunContext! This warning can be ignored when running in bare mode.
2026-10-09 17:21:40.184 Thread 'MainThread': missing ScriptRunContext! This warning can be ignored when running in bare mode.
2026-10-09 17:21:40.186 Thread 'MainThread': missing ScriptRunContext! This warning can be ignored when running in bare mode.
2026-10-09 17:21:40.189 Thread 'MainThread': missing ScriptRunContext! This warning can be ignored when running in bare mode.
2026-10-09 17:21:40.352 Thread 'MainThread': missing ScriptRunContext! This warning can be ignored when running in bare mode.
2026-10-09 17:21:40.352 Thread 'MainThread': missing ScriptRunContext! This warning can be ignored when running in bare mode.
2026-10-09 17:21:40.352 Thread 'MainThread': missing ScriptRunContext! This warning can be ignored when running in bare mode.
2026-10-09 17:21:40.352 Thread 'MainThread': missing ScriptRunContext! This warning can be ignored when running in bare mode.
2026-10-09 17:21:40.460 Thread 'MainThread': missing ScriptRunContext! This warning can be ignored when running in bare mode.
2026-10-09 17:21:40.621 Thread 'MainThread': missing ScriptRunContext! This warning can be ignored when running in bare mode.
2026-10-09 17:21:40.623 Thread 'MainThread': missing ScriptRunContext! This warning can be ignored when running in bare mode.
2026-10-09 17:21:40.625 Thread 'MainThread': missing ScriptRunContext! This warning can be ignored when running in bare mode.
2026-10-09 17:21:40.627 Thread 'MainThread': missing ScriptRunContext! This warning can be ignored when running in bare mode.
2026-10-09 17:21:40.629 Thread 'MainThread': missing ScriptRunContext! This warning can be ignored when running in bare mode.
2026-10-09 17:21:40.630 Thread 'MainThread': missing ScriptRunContext! This warning can be ignored when running in bare mode.
2026-10-09 17:21:40.632 Thread 'MainThread': missing ScriptRunContext! This warning can be ignored when running in bare mode.
2026-10-09 17:21:40.634 Thread 'MainThread': missing ScriptRunContext! This warning can be ignored when running in bare mode.
2026-10-09 17:21:40.635 Thread 'MainThread': missing ScriptRunContext! This warning can be ignored when running in bare mode.
2026-10-09 17:21:40.637 Thread 'MainThread': missing ScriptRunContext! This warning can be ignored when running in bare mode.
2026-10-09 17:21:40.638 Thread 'MainThread': missing ScriptRunContext! This warning can be ignored when running in bare mode.
2026-10-09 17:21:40.640 Thread 'MainThread': missing ScriptRunContext! This warning can be ignored when running in bare mode.
2026-10-09 17:21:40.641 Thread 'MainThread': missing ScriptRunContext! This warning can be ignored when running in bare mode.
2026-10-09 17:21:40.643 Thread 'MainThread': missing ScriptRunContext! This warning can be ignored when running in bare mode.
2026-10-09 17:21:40.645 Thread 'MainThread': missing ScriptRunContext! This warning can be ignored when running in bare mode.
2026-10-09 17:21:40.646 Thread 'MainThread': missing ScriptRunContext! This warning can be ignored when running in bare mode.
2026-10-09 17:21:40.648 Thread 'MainThread': missing ScriptRunContext! This warning can be ignored when running in bare mode.
2026-10-09 17:21:40.649 Thread 'MainThread': missing ScriptRunContext! This warning can be ignored when running in bare mode.
2026-10-09 17:21:40.651 Thread 'MainThread': missing ScriptRunContext! This warning can be ignored when running in bare mode.
2026-10-09 17:21:40.652 Thread 'MainThread': missing ScriptRunContext! This warning can be ignored when running in bare mode.
2026-10-09 17:21:40.654 Thread 'MainThread': missing ScriptRunContext! This warning can be ignored when running in bare mode.
2026-10-09 17:21:40.655 Thread 'MainThread': missing ScriptRunContext! This warning can be ignored when running in bare mode.
2026-10-09 17:21:40.656 Thread 'MainThread': missing ScriptRunContext! This warning can be ignored when running in bare mode.
2026-10-09 17:21:40.658 Thread 'MainThread': missing ScriptRunContext! This warning can be ignored when running in bare mode.
2026-10-09 17:21:40.659 Thread 'MainThread': missing ScriptRunContext! This warning can be ignored when running in bare mode.
2026-10-09 17:21:40.661 Thread 'MainThread': missing ScriptRunContext! This warning can be ignored when running in bare mode.
2026-10-09 17:21:40.662 Thread 'MainThread': missing ScriptRunContext! This warning can be ignored when running in bare mode.
2026-10-09 17:21:40.663 Thread 'MainThread': missing ScriptRunContext! This warning can be ignored when running in bare mode.
2026-10-09 17:21:40.665 Thread 'MainThread': missing ScriptRunContext! This warning can be ignored when running in bare mode.
2026-10-09 17:21:40.666 Thread 'MainThread': missing ScriptRunContext! This warning can be ignored when running in bare mode.
2026-10-09 17:21:40.668 Thread 'MainThread': missing ScriptRunContext! This warning can be ignored when running in bare mode.
2026-10-09 17:21:40.669 Thread 'MainThread': missing ScriptRunContext! This warning can be ignored when running in bare mode.
2026-10-09 17:21:40.671 Thread 'MainThread': missing ScriptRunContext! This warning can be ignored when running in bare mode.
2026-10-09 17:21:40.672 Thread 'MainThread': missing ScriptRunContext! This warning can be ignored when running in bare mode.
2026-10-09 17:21:40.673 Thread 'MainThread': missing ScriptRunContext! This warning can be ignored when running in bare mode.
2026-10-09 17:21:40.675 Thread 'MainThread': missing ScriptRunContext! This warning can be ignored when running in bare mode.
2026-10-09 17:21:40.676 Thread 'MainThread': missing ScriptRunContext! This warning can be ignored when running in bare mode.
2026-10-09 17:21:40.677 Thread 'MainThread': missing ScriptRunContext! This warning can be ignored when running in bare mode.
2026-10-09 17:21:40.679 Thread 'MainThread': missing ScriptRunContext! This warning can be ignored when running in bare mode.
2026-10-09 17:21:40.682 Thread 'MainThread': missing ScriptRunContext! This warning can be ignored when running in bare mode.
2026-10-09 17:21:40.683 Thread 'MainThread': missing ScriptRunContext! This warning can be ignored when running in bare mode.
2026-10-09 17:21:40.684 Thread 'MainThread': missing ScriptRunContext! This warning can be ignored when running in bare mode.
2026-10-09 17:21:40.686 Thread 'MainThread': missing ScriptRunContext! This warning can be ignored when running in bare mode.
2026-10-09 17:21:40.687 Thread 'MainThread': missing ScriptRunContext! This warning can be ignored when running in bare mode.
2026-10-09 17:21:40.688 Thread 'MainThread': missing ScriptRunContext! This warning can be ignored when running in bare mode.
2026-10-09 17:21:40.690 Thread 'MainThread': missing ScriptRunContext! This warning can be ignored when running in bare mode.
2026-10-09 17:21:40.691 Thread 'MainThread': missing ScriptRunContext! This warning can be ignored when running in bare mode.
2026-10-09 17:21:40.693 Thread 'MainThread': missing ScriptRunContext! This warning can be ignored when running in bare mode.
2026-10-09 17:21:40.694 Thread 'MainThread': missing ScriptRunContext! This warning can be ignored when running in bare mode.
2026-10-09 17:21:40.695 Thread 'MainThread': missing ScriptRunContext! This warning can be ignored when running in bare mode.
2026-10-09 17:21:40.697 Thread 'MainThread': missing ScriptRunContext! This warning can be ignored when running in bare mode.
2026-10-09 17:21:40.698 Thread 'MainThread': missing ScriptRunContext! This warning can be ignored when running in bare mode.
2026-10-09 17:21:40.699 Thread 'MainThread': missing ScriptRunContext! This warning can be ignored when running in bare mode.
2026-10-09 17:21:40.701 Thread 'MainThread': missing ScriptRunContext! This warning can be ignored when running in bare mode.
2026-10-09 17:21:40.702 Thread 'MainThread': missing ScriptRunContext! This warning can be ignored when running in bare mode.
2026-10-09 17:21:40.703 Thread 'MainThread': missing ScriptRunContext! This warning can be ignored when running in bare mode.
2026-10-09 17:21:40.705 Thread 'MainThread': missing ScriptRunContext! This warning can be ignored when running in bare mode.
2026-10-09 17:21:40.706 Thread 'MainThread': missing ScriptRunContext! This warning can be ignored when running in bare mode.
2026-10-09 17:21:40.707 Thread 'MainThread': missing ScriptRunContext! This warning can be ignored when running in bare mode.
2026-10-09 17:21:40.708 Thread 'MainThread': missing ScriptRunContext! This warning can be ignored when running in bare mode.
2026-10-09 17:21:40.710 Thread 'MainThread': missing ScriptRunContext! This warning can be ignored when running in bare mode.
2026-10-09 17:21:40.711 Thread 'MainThread': missing ScriptRunContext! This warning can be ignored when running in bare mode.
2026-10-09 17:21:40.712 Thread 'MainThread': missing ScriptRunContext! This warning can be ignored when running in bare mode.
2026-10-09 17:21:40.714 Thread 'MainThread': missing ScriptRunContext! This warning can be ignored when running in bare mode.
2026-10-09 17:21:40.715 Thread 'MainThread': missing ScriptRunContext! This warning can be ignored when running in bare mode.
2026-10-09 17:21:40.717 Thread 'MainThread': missing ScriptRunContext! This warning can be ignored when running in bare mode.
2026-10-09 17:21:40.718 Thread 'MainThread': missing ScriptRunContext! This warning can be ignored when running in bare mode.
2026-10-09 17:21:40.719 Thread 'MainThread': missing ScriptRunContext! This warning can be ignored when running in bare mode.
2026-10-09 17:21:40.721 Thread 'MainThread': missing ScriptRunContext! This warning can be ignored when running in bare mode.
2026-10-09 17:21:40.722 Thread 'MainThread': missing ScriptRunContext! This warning can be ignored when running in bare mode.
2026-10-09 17:21:40.723 Thread 'MainThread': missing ScriptRunContext! This warning can be ignored when running in bare mode.
2026-10-09 17:21:40.724 Thread 'MainThread': missing ScriptRunContext! This warning can be ignored when running in bare mode.
2026-10-09 17:21:40.726 Thread 'MainThread': missing ScriptRunContext! This warning can be ignored when running in bare mode.
2026-10-09 17:21:40.727 Thread 'MainThread': missing ScriptRunContext! This warning can be ignored when running in bare mode.
2026-10-09 17:21:40.728 Thread 'MainThread': missing ScriptRunContext! This warning can be ignored when running in bare mode.
2026-10-09 17:21:40.729 Thread 'MainThread': missing ScriptRunContext! This warning can be ignored when running in bare mode.
2026-10-09 17:21:40.731 Thread 'MainThread': missing ScriptRunContext! This warning can be ignored when running in bare mode.
2026-10-09 17:21:40.732 Thread 'MainThread': missing ScriptRunContext! This warning can be ignored when running in bare mode.
2026-10-09 17:21:40.733 Thread 'MainThread': missing ScriptRunContext! This warning can be ignored when running in bare mode.
2026-10-09 17:21:40.735 Thread 'MainThread': missing ScriptRunContext! This warning can be ignored when running in bare mode.
2026-10-09 17:21:40.736 Thread 'MainThread': missing ScriptRunContext! This warning can be ignored when running in bare mode.
2026-10-09 17:21:40.737 Thread 'MainThread': missing ScriptRunContext! This warning can be ignored when running in bare mode.
2026-10-09 17:21:40.739 Thread 'MainThread': missing ScriptRunContext! This warning can be ignored when running in bare mode.
2026-10-09 17:21:40.740 Thread 'MainThread': missing ScriptRunContext! This warning can be ignored when running in bare mode.
2026-10-09 17:21:40.741 Thread 'MainThread': missing ScriptRunContext! This warning can be ignored when running in bare mode.
2026-10-09 17:21:40.742 Thread 'MainThread': missing ScriptRunContext! This warning can be ignored when running in bare mode.
2026-10-09 17:21:40.744 Thread 'MainThread': missing ScriptRunContext! This warning can be ignored when running in bare mode.
2026-10-09 17:21:40.745 Thread 'MainThread': missing ScriptRunContext! This warning can be ignored when running in bare mode.
2026-10-09 17:21:40.746 Thread 'MainThread': missing ScriptRunContext! This warning can be ignored when running in bare mode.
2026-10-09 17:21:40.747 Thread 'MainThread': missing ScriptRunContext! This warning can be ignored when running in bare mode.
2026-10-09 17:21:40.749 Thread 'MainThread': missing ScriptRunContext! This warning can be ignored when running in bare mode.
2026-10-09 17:21:40.750 Thread 'MainThread': missing ScriptRunContext! This warning can be ignored when running in bare mode.
2026-10-09 17:21:40.751 Thread 'MainThread': missing ScriptRunContext! This warning can be ignored when running in bare mode.
2026-10-09 17:21:40.752 Thread 'MainThread': missing ScriptRunContext! This warning can be ignored when running in bare mode.
2026-10-09 17:21:40.754 Thread 'MainThread': missing ScriptRunContext! This warning can be ignored when running in bare mode.
2026-10-09 17:21:40.755 Thread 'MainThread': missing ScriptRunContext! This warning can be ignored when running in bare mode.
2026-10-09 17:21:40.756 Thread 'MainThread': missing ScriptRunContext! This warning can be ignored when running in bare mode.
2026-10-09 17:21:40.758 Thread 'MainThread': missing ScriptRunContext! This warning can be ignored when running in bare mode.
2026-10-09 17:21:40.759 Thread 'MainThread': missing ScriptRunContext! This warning can be ignored when running in bare mode.
2026-10-09 17:21:40.760 Thread 'MainThread': missing ScriptRunContext! This warning can be ignored when running in bare mode.
2026-10-09 17:21:40.762 Thread 'MainThread': missing ScriptRunContext! This warning can be ignored when running in bare mode.
2026-10-09 17:21:40.763 Thread 'MainThread': missing ScriptRunContext! This warning can be ignored when running in bare mode.
2026-10-09 17:21:40.764 Thread 'MainThread': missing ScriptRunContext! This warning can be ignored when running in bare mode.
2026-10-09 17:21:40.766 Thread 'MainThread': missing ScriptRunContext! This warning can be ignored when running in bare mode.
2026-10-09 17:21:40.767 Thread 'MainThread': missing ScriptRunContext! This warning can be ignored when running in bare mode.
2026-10-09 17:21:40.768 Thread 'MainThread': missing ScriptRunContext! This warning can be ignored when running in bare mode.
2026-10-09 17:21:40.769 Thread 'MainThread': missing ScriptRunContext! This warning can be ignored when running in bare mode.
2026-10-09 17:21:40.771 Thread 'MainThread': missing ScriptRunContext! This warning can be ignored when running in bare mode.
2026-10-09 17:21:40.772 Thread 'MainThread': missing ScriptRunContext! This warning can be ignored when running in bare mode.
2026-10-09 17:21:40.773 Thread 'MainThread': missing ScriptRunContext! This warning can be ignored when running in bare mode.
2026-10-09 17:21:40.775 Thread 'MainThread': missing ScriptRunContext! This warning can be ignored when running in bare mode.
2026-10-09 17:21:40.776 Thread 'MainThread': missing ScriptRunContext! This warning can be ignored when running in bare mode.
2026-10-09 17:21:40.777 Thread 'MainThread': missing ScriptRunContext! This warning can be ignored when running in bare mode.
2026-10-09 17:21:40.779 Thread 'MainThread': missing ScriptRunContext! This warning can be ignored when running in bare mode.
2026-10-09 17:21:40.780 Thread 'MainThread': missing ScriptRunContext! This warning can be ignored when running in bare mode.
2026-10-09 17:21:40.781 Thread 'MainThread': missing ScriptRunContext! This warning can be ignored when running in bare mode.
2026-10-09 17:21:40.783 Thread 'MainThread': missing ScriptRunContext! This warning can be ignored when running in bare mode.
2026-10-09 17:21:40.784 Thread 'MainThread': missing ScriptRunContext! This warning can be ignored when running in bare mode.
2026-10-09 17:21:40.785 Thread 'MainThread': missing ScriptRunContext! This warning can be ignored when running in bare mode.
2026-10-09 17:21:40.787 Thread 'MainThread': missing ScriptRunContext! This warning can be ignored when running in bare mode.
2026-10-09 17:21:40.788 Thread 'MainThread': missing ScriptRunContext! This warning can be ignored when running in bare mode.
2026-10-09 17:21:40.903 Thread 'MainThread': missing ScriptRunContext! This warning can be ignored when running in bare mode.
2026-10-09 17:21:40.903 Thread 'MainThread': missing ScriptRunContext! This warning can be ignored when running in bare mode.
2026-10-09 17:21:40.903 Thread 'MainThread': missing ScriptRunContext! This warning can be ignored when running in bare mode.
2026-10-09 17:21:40.903 Thread 'MainThread': missing ScriptRunContext! This warning can be ignored when running in bare mode.
2026-10-09 17:21:40.981 Thread 'MainThread': missing ScriptRunContext! This warning can be ignored when running in bare mode.
2026-10-09 17:21:40.995 Thread 'MainThread': missing ScriptRunContext! This warning can be ignored when running in bare mode.
2026-10-09 17:21:40.997 Thread 'MainThread': missing ScriptRunContext! This warning can be ignored when running in bare mode.
2026-10-09 17:21:40.999 Thread 'MainThread': missing ScriptRunContext! This warning can be ignored when running in bare mode.
2026-10-09 17:21:41.000 Thread 'MainThread': missing ScriptRunContext! This warning can be ignored when running in bare mode.
2026-10-09 17:21:41.002 Thread 'MainThread': missing ScriptRunContext! This warning can be ignored when running in bare mode.
2026-10-09 17:21:41.004 Thread 'MainThread': missing ScriptRunContext! This warning can be ignored when running in bare mode.
2026-10-09 17:21:41.006 Thread 'MainThread': missing ScriptRunContext! This warning can be ignored when running in bare mode.
2026-10-09 17:21:41.008 Thread 'MainThread': missing ScriptRunContext! This warning can be ignored when running in bare mode.
2026-10-09 17:21:41.010 Thread 'MainThread': missing ScriptRunContext! This warning can be ignored when running in bare mode.
2026-10-09 17:21:41.011 Thread 'MainThread': missing ScriptRunContext! This warning can be ignored when running in bare mode.
2026-10-09 17:21:41.013 Thread 'MainThread': missing ScriptRunContext! This warning can be ignored when running in bare mode.
2026-10-09 17:21:41.015 Thread 'MainThread': missing ScriptRunContext! This warning can be ignored when running in bare mode.
2026-10-09 17:21:41.017 Thread 'MainThread': missing ScriptRunContext! This warning can be ignored when running in bare mode.
2026-10-09 17:21:41.019 Thread 'MainThread': missing ScriptRunContext! This warning can be ignored when running in bare mode.
2026-10-09 17:21:41.021 Thread 'MainThread': missing ScriptRunContext! This warning can be ignored when running in bare mode.
2026-10-09 17:21:41.022 Thread 'MainThread': missing ScriptRunContext! This warning can be ignored when running in bare mode.
2026-10-09 17:21:41.024 Thread 'MainThread': missing ScriptRunContext! This warning can be ignored when running in bare mode.
2026-10-09 17:21:41.026 Thread 'MainThread': missing ScriptRunContext! This warning can be ignored when running in bare mode.
2026-10-09 17:21:41.027 Thread 'MainThread': missing ScriptRunContext! This warning can be ignored when running in bare mode.
2026-10-09 17:21:41.029 Thread 'MainThread': missing ScriptRunContext! This warning can be ignored when running in bare mode.
2026-10-09 17:21:41.031 Thread 'MainThread': missing ScriptRunContext! This warning can be ignored when running in bare mode.
2026-10-09 17:21:41.033 Thread 'MainThread': missing ScriptRunContext! This warning can be ignored when running in bare mode.
2026-10-09 17:21:41.034 Thread 'MainThread': missing ScriptRunContext! This warning can be ignored when running in bare mode.
2026-10-09 17:21:41.036 Thread 'MainThread': missing ScriptRunContext! This warning can be ignored when running in bare mode.
2026-10-09 17:21:41.038 Thread 'MainThread': missing ScriptRunContext! This warning can be ignored when running in bare mode.
2026-10-09 17:21:41.040 Thread 'MainThread': missing ScriptRunContext! This warning can be ignored when running in bare mode.
2026-10-09 17:21:41.042 Thread 'MainThread': missing ScriptRunContext! This warning can be ignored when running in bare mode.
2026-10-09 17:21:41.043 Thread 'MainThread': missing ScriptRunContext! This warning can be ignored when running in bare mode.
2026-10-09 17:21:41.045 Thread 'MainThread': missing ScriptRunContext! This warning can be ignored when running in bare mode.
2026-10-09 17:21:41.047 Thread 'MainThread': missing ScriptRunContext! This warning can be ignored when running in bare mode.
2026-10-09 17:21:41.048 Thread 'MainThread': missing ScriptRunContext! This warning can be ignored when running in bare mode.
2026-10-09 17:21:41.050 Thread 'MainThread': missing ScriptRunContext! This warning can be ignored when running in bare mode.
2026-10-09 17:21:41.052 Thread 'MainThread': missing ScriptRunContext! This warning can be ignored when running in bare mode.
2026-10-09 17:21:41.053 Thread 'MainThread': missing ScriptRunContext! This warning can be ignored when running in bare mode.
2026-10-09 17:21:41.055 Thread 'MainThread': missing ScriptRunContext! This warning can be ignored when running in bare mode.
2026-10-09 17:21:41.057 Thread 'MainThread': missing ScriptRunContext! This warning can be ignored when running in bare mode.
2026-10-09 17:21:41.058 Thread 'MainThread': missing ScriptRunContext! This warning can be ignored when running in bare mode.
2026-10-09 17:21:41.060 Thread 'MainThread': missing ScriptRunContext! This warning can be ignored when running in bare mode.
2026-10-09 17:21:41.062 Thread 'MainThread': missing ScriptRunContext! This warning can be ignored when running in bare mode.
2026-10-09 17:21:41.064 Thread 'MainThread': missing ScriptRunContext! This warning can be ignored when running in bare mode.
2026-10-09 17:21:41.066 Thread 'MainThread': missing ScriptRunContext! This warning can be ignored when running in bare mode.
2026-10-09 17:21:41.068 Thread 'MainThread': missing ScriptRunContext! This warning can be ignored when running in bare mode.
2026-10-09 17:21:41.070 Thread 'MainThread': missing ScriptRunContext! This warning can be ignored when running in bare mode.
2026-10-09 17:21:41.071 Thread 'MainThread': missing ScriptRunContext! This warning can be ignored when running in bare mode.
2026-10-09 17:21:41.073 Thread 'MainThread': missing ScriptRunContext! This warning can be ignored when running in bare mode.
2026-10-09 17:21:41.075 Thread 'MainThread': missing ScriptRunContext! This warning can be ignored when running in bare mode.
2026-10-09 17:21:41.076 Thread 'MainThread': missing ScriptRunContext! This warning can be ignored when running in bare mode.
2026-10-09 17:21:41.078 Thread 'MainThread': missing ScriptRunContext! This warning can be ignored when running in bare mode.
2026-10-09 17:21:41.080 Thread 'MainThread': missing ScriptRunContext! This warning can be ignored when running in bare mode.
2026-10-09 17:21:41.082 Thread 'MainThread': missing ScriptRunContext! This warning can be ignored when running in bare mode.
2026-10-09 17:21:41.084 Thread 'MainThread': missing ScriptRunContext! This warning can be ignored when running in bare mode.
2026-10-09 17:21:41.086 Thread 'MainThread': missing ScriptRunContext! This warning can be ignored when running in bare mode.
2026-10-09 17:21:41.088 Thread 'MainThread': missing ScriptRunContext! This warning can be ignored when running in bare mode.
2026-10-09 17:21:41.089 Thread 'MainThread': missing ScriptRunContext! This warning can be ignored when running in bare mode.
2026-10-09 17:21:41.091 Thread 'MainThread': missing ScriptRunContext! This warning can be ignored when running in bare mode.
2026-10-09 17:21:41.093 Thread 'MainThread': missing ScriptRunContext! This warning can be ignored when running in bare mode.
2026-10-09 17:21:41.095 Thread 'MainThread': missing ScriptRunContext! This warning can be ignored when running in bare mode.
2026-10-09 17:21:41.096 Thread 'MainThread': missing ScriptRunContext! This warning can be ignored when running in bare mode.
2026-10-09 17:21:41.098 Thread 'MainThread': missing ScriptRunContext! This warning can be ignored when running in bare mode.
2026-10-09 17:21:41.100 Thread 'MainThread': missing ScriptRunContext! This warning can be ignored when running in bare mode.
2026-10-09 17:21:41.102 Thread 'MainThread': missing ScriptRunContext! This warning can be ignored when running in bare mode.
2026-10-09 17:21:41.103 Thread 'MainThread': missing ScriptRunContext! This warning can be ignored when running in bare mode.
2026-10-09 17:21:41.105 Thread 'MainThread': missing ScriptRunContext! This warning can be ignored when running in bare mode.
2026-10-09 17:21:41.107 Thread 'MainThread': missing ScriptRunContext! This warning can be ignored when running in bare mode.
2026-10-09 17:21:41.109 Thread 'MainThread': missing ScriptRunContext! This warning can be ignored when running in bare mode.
2026-10-09 17:21:41.110 Thread 'MainThread': missing ScriptRunContext! This warning can be ignored when running in bare mode.
2026-10-09 17:21:41.112 Thread 'MainThread': missing ScriptRunContext! This warning can be ignored when running in bare mode.
2026-10-09 17:21:41.114 Thread 'MainThread': missing ScriptRunContext! This warning can be ignored when running in bare mode.
2026-10-09 17:21:41.116 Thread 'MainThread': missing ScriptRunContext! This warning can be ignored when running in bare mode.
2026-10-09 17:21:41.118 Thread 'MainThread': missing ScriptRunContext! This warning can be ignored when running in bare mode.
2026-10-09 17:21:41.119 Thread 'MainThread': missing ScriptRunContext! This warning can be ignored when running in bare mode.
2026-10-09 17:21:41.121 Thread 'MainThread': missing ScriptRunContext! This warning can be ignored when running in bare mode.
2026-10-09 17:21:41.123 Thread 'MainThread': missing ScriptRunContext! This warning can be ignored when running in bare mode.
2026-10-09 17:21:41.125 Thread 'MainThread': missing ScriptRunContext! This warning can be ignored when running in bare mode.
2026-10-09 17:21:41.126 Thread 'MainThread': missing ScriptRunContext! This warning can be ignored when running in bare mode.
2026-10-09 17:21:41.128 Thread 'MainThread': missing ScriptRunContext! This warning can be ignored when running in bare mode.
2026-10-09 17:21:41.130 Thread 'MainThread': missing ScriptRunContext! This warning can be ignored when running in bare mode.
2026-10-09 17:21:41.134 Thread 'MainThread': missing ScriptRunContext! This warning can be ignored when running in bare mode.
2026-10-09 17:21:41.136 Thread 'MainThread': missing ScriptRunContext! This warning can be ignored when running in bare mode.
2026-10-09 17:21:41.138 Thread 'MainThread': missing ScriptRunContext! This warning can be ignored when running in bare mode.
2026-10-09 17:21:41.139 Thread 'MainThread': missing ScriptRunContext! This warning can be ignored when running in bare mode.
2026-10-09 17:21:41.141 Thread 'MainThread': missing ScriptRunContext! This warning can be ignored when running in bare mode.
2026-10-09 17:21:41.143 Thread 'MainThread': missing ScriptRunContext! This warning can be ignored when running in bare mode.
2026-10-09 17:21:41.145 Thread 'MainThread': missing ScriptRunContext! This warning can be ignored when running in bare mode.
2026-10-09 17:21:41.147 Thread 'MainThread': missing ScriptRunContext! This warning can be ignored when running in bare mode.
2026-10-09 17:21:41.149 Thread 'MainThread': missing ScriptRunContext! This warning can be ignored when running in bare mode.
2026-10-09 17:21:41.150 Thread 'MainThread': missing ScriptRunContext! This warning can be ignored when running in bare mode.
2026-10-09 17:21:41.152 Thread 'MainThread': missing ScriptRunContext! This warning can be ignored when running in bare mode.
2026-10-09 17:21:41.154 Thread 'MainThread': missing ScriptRunContext! This warning can be ignored when running in bare mode.
2026-10-09 17:21:41.156 Thread 'MainThread': missing ScriptRunContext! This warning can be ignored when running in bare mode.
2026-10-09 17:21:41.158 Thread 'MainThread': missing ScriptRunContext! This warning can be ignored when running in bare mode.
2026-10-09 17:21:41.159 Thread 'MainThread': missing ScriptRunContext! This warning can be ignored when running in bare mode.
2026-10-09 17:21:41.161 Thread 'MainThread': missing ScriptRunContext! This warning can be ignored when running in bare mode.
2026-10-09 17:21:41.163 Thread 'MainThread': missing ScriptRunContext! This warning can be ignored when running in bare mode.
2026-10-09 17:21:41.165 Thread 'MainThread': missing ScriptRunContext! This warning can be ignored when running in bare mode.
2026-10-09 17:21:41.166 Thread 'MainThread': missing ScriptRunContext! This warning can be ignored when running in bare mode.
2026-10-09 17:21:41.168 Thread 'MainThread': missing ScriptRunContext! This warning can be ignored when running in bare mode.
2026-10-09 17:21:41.170 Thread 'MainThread': missing ScriptRunContext! This warning can be ignored when running in bare mode.
2026-10-09 17:21:41.172 Thread 'MainThread': missing ScriptRunContext! This warning can be ignored when running in bare mode.
2026-10-09 17:21:41.173 Thread 'MainThread': missing ScriptRunContext! This warning can be ignored when running in bare mode.
2026-10-09 17:21:41.175 Thread 'MainThread': missing ScriptRunContext! This warning can be ignored when running in bare mode.
2026-10-09 17:21:41.177 Thread 'MainThread': missing ScriptRunContext! This warning can be ignored when running in bare mode.
2026-10-09 17:21:41.178 Thread 'MainThread': missing ScriptRunContext! This warning can be ignored when running in bare mode.
2026-10-09 17:21:41.180 Thread 'MainThread': missing ScriptRunContext! This warning can be ignored when running in bare mode.
2026-10-09 17:21:41.182 Thread 'MainThread': missing ScriptRunContext! This warning can be ignored when running in bare mode.
2026-10-09 17:21:41.184 Thread 'MainThread': missing ScriptRunContext! This warning can be ignored when running in bare mode.
2026-10-09 17:21:41.186 Thread 'MainThread': missing ScriptRunContext! This warning can be ignored when running in bare mode.
2026-10-09 17:21:41.187 Thread 'MainThread': missing ScriptRunContext! This warning can be ignored when running in bare mode.
2026-10-09 17:21:41.189 Thread 'MainThread': missing ScriptRunContext! This warning can be ignored when running in bare mode.
2026-10-09 17:21:41.191 Thread 'MainThread': missing ScriptRunContext! This warning can be ignored when running in bare mode.
2026-10-09 17:21:41.192 Thread 'MainThread': missing ScriptRunContext! This warning can be ignored when running in bare mode.
2026-10-09 17:21:41.194 Thread 'MainThread': missing ScriptRunContext! This warning can be ignored when running in bare mode.
2026-10-09 17:21:41.196 Thread 'MainThread': missing ScriptRunContext! This warning can be ignored when running in bare mode.
2026-10-09 17:21:41.197 Thread 'MainThread': missing ScriptRunContext! This warning can be ignored when running in bare mode.
2026-10-09 17:21:41.199 Thread 'MainThread': missing ScriptRunContext! This warning can be ignored when running in bare mode.
2026-10-09 17:21:41.201 Thread 'MainThread': missing ScriptRunContext! This warning can be ignored when running in bare mode.
2026-10-09 17:21:41.203 Thread 'MainThread': missing ScriptRunContext! This warning can be ignored when running in bare mode.
2026-10-09 17:21:41.204 Thread 'MainThread': missing ScriptRunContext! This warning can be ignored when running in bare mode.
2026-10-09 17:21:41.206 Thread 'MainThread': missing ScriptRunContext! This warning can be ignored when running in bare mode.
2026-10-09 17:21:41.208 Thread 'MainThread': missing ScriptRunContext! This warning can be ignored when running in bare mode.
2026-10-09 17:21:41.210 Thread 'MainThread': missing ScriptRunContext! This warning can be ignored when running in bare mode.
2026-10-09 17:21:41.345 Thread 'MainThread': missing ScriptRunContext! This warning can be ignored when running in bare mode.
2026-10-09 17:21:41.345 Thread 'MainThread': missing ScriptRunContext! This warning can be ignored when running in bare mode.
2026-10-09 17:21:41.345 Thread 'MainThread': missing ScriptRunContext! This warning can be ignored when running in bare mode.
2026-10-09 17:21:41.345 Thread 'MainThread': missing ScriptRunContext! This warning can be ignored when running in bare mode.
2026-10-09 17:21:41.733 Thread 'MainThread': missing ScriptRunContext! This warning can be ignored when running in bare mode.
2026-10-09 17:21:41.733 Thread 'MainThread': missing ScriptRunContext! This warning can be ignored when running in bare mode.
2026-10-09 17:21:41.733 Thread 'MainThread': missing ScriptRunContext! This warning can be ignored when running in bare mode.
2026-10-09 17:21:41.733 Thread 'MainThread': missing ScriptRunContext! This warning can be ignored when running in bare mode.
2026-10-09 17:21:41.733 Thread 'MainThread': missing ScriptRunContext! This warning can be ignored when running in bare mode.
2026-10-09 17:21:41.733 Thread 'MainThread': missing ScriptRunContext! This warning can be ignored when running in bare mode.
2026-10-09 17:21:41.733 Thread 'MainThread': missing ScriptRunContext! This warning can be ignored when running in bare mode.
2026-10-09 17:21:42.326 Please replace `use_container_width` with `width`.

`use_container_width` will be removed after 2025-12-31.

For `use_container_width=True`, use `width='stretch'`. For `use_container_width=False`, use `width='content'`.
2026-10-09 17:21:42.529 Please replace `use_container_width` with `width`.

`use_container_width` will be removed after 2025-12-31.

For `use_container_width=True`, use `width='stretch'`. For `use_container_width=False`, use `width='content'`.
2026-10-09 17:21:42.735 Please replace `use_container_width` with `width`.

`use_container_width` will be removed after 2025-12-31.

For `use_container_width=True`, use `width='stretch'`. For `use_container_width=False`, use `width='content'`.
2026-10-09 17:21:42.939 Please replace `use_container_width` with `width`.

`use_container_width` will be removed after 2025-12-31.

For `use_container_width=True`, use `width='stretch'`. For `use_container_width=False`, use `width='content'`.
2026-10-09 17:21:43.145 Please replace `use_container_width` with `width`.

`use_container_width` will be removed after 2025-12-31.

For `use_container_width=True`, use `width='stretch'`. For `use_container_width=False`, use `width='content'`.
2026-10-09 17:21:43.328 Thread 'MainThread': missing ScriptRunContext! This warning can be ignored when running in bare mode.
2026-10-09 17:21:43.328 Thread 'MainThread': missing ScriptRunContext! This warning can be ignored when running in bare mode.
2026-10-09 17:21:43.328 Thread 'MainThread': missing ScriptRunContext! This warning can be ignored when running in bare mode.
2026-10-09 17:21:43.328 Thread 'MainThread': missing ScriptRunContext! This warning can be ignored when running in bare mode.
2026-10-09 17:21:43.328 Thread 'MainThread': missing ScriptRunContext! This warning can be ignored when running in bare mode.
2026-10-09 17:21:43.328 Thread 'MainThread': missing ScriptRunContext! This warning can be ignored when running in bare mode.
2026-10-09 17:21:43.328 Thread 'MainThread': missing ScriptRunContext! This warning can be ignored when running in bare mode.
2026-10-09 17:21:44.022 Please replace `use_container_width` with `width`.

`use_container_width` will be removed after 2025-12-31.

For `use_container_width=True`, use `width='stretch'`. For `use_container_width=False`, use `width='content'`.
2026-10-09 17:21:44.248 Please replace `use_container_width` with `width`.

`use_container_width` will be removed after 2025-12-31.

For `use_container_width=True`, use `width='stretch'`. For `use_container_width=False`, use `width='content'`.
2026-10-09 17:21:44.258 Thread 'MainThread': missing ScriptRunContext! This warning can be ignored when running in bare mode.
2026-10-09 17:21:44.258 Thread 'MainThread': missing ScriptRunContext! This warning can be ignored when running in bare mode.
2026-10-09 17:21:44.258 Thread 'MainThread': missing ScriptRunContext! This warning can be ignored when running in bare mode.
2026-10-09 17:21:44.258 Thread 'MainThread': missing ScriptRunContext! This warning can be ignored when running in bare mode.
2026-10-09 17:21:44.258 Thread 'MainThread': missing ScriptRunContext! This warning can be ignored when running in bare mode.
2026-10-09 17:21:44.258 Thread 'MainThread': missing ScriptRunContext! This warning can be ignored when running in bare mode.
2026-10-09 17:21:44.473 Please replace `use_container_width` with `width`.

`use_container_width` will be removed after 2025-12-31.

For `use_container_width=True`, use `width='stretch'`. For `use_container_width=False`, use `width='content'`.
2026-10-09 17:21:46.072 Please replace `use_container_width` with `width`.

`use_container_width` will be removed after 2025-12-31.

For `use_container_width=True`, use `width='stretch'`. For `use_container_width=False`, use `width='content'`.
2026-10-09 17:21:47.019 Please replace `use_container_width` with `width`.

`use_container_width` will be removed after 2025-12-31.

For `use_container_width=True`, use `width='stretch'`. For `use_container_width=False`, use `width='content'`.
2026-10-09 17:21:47.928 Please replace `use_container_width` with `width`.

`use_container_width` will be removed after 2025-12-31.

For `use_container_width=True`, use `width='stretch'`. For `use_container_width=False`, use `width='content'`.
2026-10-09 17:21:48.581 Please replace `use_container_width` with `width`.

`use_container_width` will be removed after 2025-12-31.

For `use_container_width=True`, use `width='stretch'`. For `use_container_width=False`, use `width='content'`.
2026-10-09 17:21:48.613 Please replace `use_container_width` with `width`.

`use_container_width` will be removed after 2025-12-31.

For `use_container_width=True`, use `width='stretch'`. For `use_container_width=False`, use `width='content'`.
2026-10-09 17:21:48.823 Please replace `use_container_width` with `width`.

`use_container_width` will be removed after 2025-12-31.

For `use_container_width=True`, use `width='stretch'`. For `use_container_width=False`, use `width='content'`.
2026-10-09 17:21:48.854 Please replace `use_container_width` with `width`.

`use_container_width` will be removed after 2025-12-31.

For `use_container_width=True`, use `width='stretch'`. For `use_container_width=False`, use `width='content'`.
2026-10-09 17:21:49.097 Please replace `use_container_width` with `width`.

`use_container_width` will be removed after 2025-12-31.

For `use_container_width=True`, use `width='stretch'`. For `use_container_width=False`, use `width='content'`.
2026-10-09 17:21:49.135 Please replace `use_container_width` with `width`.

`use_container_width` will be removed after 2025-12-31.

For `use_container_width=True`, use `width='stretch'`. For `use_container_width=False`, use `width='content'`.
2026-10-09 17:21:49.401 Please replace `use_container_width` with `width`.

`use_container_width` will be removed after 2025-12-31.

For `use_container_width=True`, use `width='stretch'`. For `use_container_width=False`, use `width='content'`.
2026-10-09 17:21:49.439 Please replace `use_container_width` with `width`.

`use_container_width` will be removed after 2025-12-31.

For `use_container_width=True`, use `width='stretch'`. For `use_container_width=False`, use `width='content'`.
2026-10-09 17:21:49.450 Thread 'MainThread': missing ScriptRunContext! This warning can be ignored when running in bare mode.
2026-10-09 17:21:49.450 Thread 'MainThread': missing ScriptRunContext! This warning can be ignored when running in bare mode.
2026-10-09 17:21:49.451 Thread 'MainThread': missing ScriptRunContext! This warning can be ignored when running in bare mode.
2026-10-09 17:21:49.451 Thread 'MainThread': missing ScriptRunContext! This warning can be ignored when running in bare mode.
2026-10-09 17:21:49.451 Thread 'MainThread': missing ScriptRunContext! This warning can be ignored when running in bare mode.
2026-10-09 17:21:49.451 Thread 'MainThread': missing ScriptRunContext! This warning can be ignored when running in bare mode.
2026-10-09 17:21:49.451 Thread 'MainThread': missing ScriptRunContext! This warning can be ignored when running in bare mode.
2026-10-09 17:21:50.149 Please replace `use_container_width` with `width`.

`use_container_width` will be removed after 2025-12-31.

For `use_container_width=True`, use `width='stretch'`. For `use_container_width=False`, use `width='content'`.
2026-10-09 17:21:50.448 Please replace `use_container_width` with `width`.

`use_container_width` will be removed after 2025-12-31.

For `use_container_width=True`, use `width='stretch'`. For `use_container_width=False`, use `width='content'`.
2026-10-09 17:21:51.851 Thread 'MainThread': missing ScriptRunContext! This warning can be ignored when running in bare mode.
2026-10-09 17:21:51.851 Thread 'MainThread': missing ScriptRunContext! This warning can be ignored when running in bare mode.
2026-10-09 17:21:51.851 Thread 'MainThread': missing ScriptRunContext! This warning can be ignored when running in bare mode.
2026-10-09 17:21:51.852 Thread 'MainThread': missing ScriptRunContext! This warning can be ignored when running in bare mode.
2026-10-09 17:21:51.852 Thread 'MainThread': missing ScriptRunContext! This warning can be ignored when running in bare mode.
2026-10-09 17:21:51.852 Thread 'MainThread': missing ScriptRunContext! This warning can be ignored when running in bare mode.
2026-10-09 17:21:51.852 Thread 'MainThread': missing ScriptRunContext! This warning can be ignored when running in bare mode.
2026-10-09 17:21:53.091 Please replace `use_container_width` with `width`.

`use_container_width` will be removed after 2025-12-31.

For `use_container_width=True`, use `width='stretch'`. For `use_container_width=False`, use `width='content'`.
2026-10-09 17:21:53.468 Please replace `use_container_width` with `width`.

`use_container_width` will be removed after 2025-12-31.

For `use_container_width=True`, use `width='stretch'`. For `use_container_width=False`, use `width='content'`.
2026-10-09 17:21:54.382 Thread 'MainThread': missing ScriptRunContext! This warning can be ignored when running in bare mode.
2026-10-09 17:21:54.382 Thread 'MainThread': missing ScriptRunContext! This warning can be ignored when running in bare mode.
2026-10-09 17:21:54.382 Thread 'MainThread': missing ScriptRunContext! This warning can be ignored when running in bare mode.
2026-10-09 17:21:54.382 Thread 'MainThread': missing ScriptRunContext! This warning can be ignored when running in bare mode.
2026-10-09 17:21:54.382 Thread 'MainThread': missing ScriptRunContext! This warning can be ignored when running in bare mode.
2026-10-09 17:21:54.382 Thread 'MainThread': missing ScriptRunContext! This warning can be ignored when running in bare mode.
2026-10-09 17:21:54.382 Thread 'MainThread': missing ScriptRunContext! This warning can be ignored when running in bare mode.
2026-10-09 17:21:55.095 Please replace `use_container_width` with `width`.

`use_container_width` will be removed after 2025-12-31.

For `use_container_width=True`, use `width='stretch'`. For `use_container_width=False`, use `width='content'`.
2026-10-09 17:21:55.357 Please replace `use_container_width` with `width`.

`use_container_width` will be removed after 2025-12-31.

For `use_container_width=True`, use `width='stretch'`. For `use_container_width=False`, use `width='content'`.
2026-10-09 17:21:56.470 Thread 'MainThread': missing ScriptRunContext! This warning can be ignored when running in bare mode.
2026-10-09 17:21:56.470 Thread 'MainThread': missing ScriptRunContext! This warning can be ignored when running in bare mode.
2026-10-09 17:21:56.470 Thread 'MainThread': missing ScriptRunContext! This warning can be ignored when running in bare mode.
2026-10-09 17:21:56.470 Thread 'MainThread': missing ScriptRunContext! This warning can be ignored when running in bare mode.
2026-10-09 17:21:56.470 Thread 'MainThread': missing ScriptRunContext! This warning can be ignored when running in bare mode.
2026-10-09 17:21:56.470 Thread 'MainThread': missing ScriptRunContext! This warning can be ignored when running in bare mode.
2026-10-09 17:21:56.470 Thread 'MainThread': missing ScriptRunContext! This warning can be ignored when running in bare mode.
2026-10-09 17:21:57.077 Please replace `use_container_width` with `width`.

`use_container_width` will be removed after 2025-12-31.

For `use_container_width=True`, use `width='stretch'`. For `use_container_width=False`, use `width='content'`.
2026-10-09 17:21:57.681 Please replace `use_container_width` with `width`.

`use_container_width` will be removed after 2025-12-31.

For `use_container_width=True`, use `width='stretch'`. For `use_container_width=False`, use `width='content'`.
2026-10-09 17:21:58.802 Please replace `use_container_width` with `width`.

`use_container_width` will be removed after 2025-12-31.

For `use_container_width=True`, use `width='stretch'`. For `use_container_width=False`, use `width='content'`.
2026-10-09 17:21:59.702 Please replace `use_container_width` with `width`.

`use_container_width` will be removed after 2025-12-31.

For `use_container_width=True`, use `width='stretch'`. For `use_container_width=False`, use `width='content'`.
2026-10-09 17:22:00.619 Please replace `use_container_width` with `width`.

`use_container_width` will be removed after 2025-12-31.

For `use_container_width=True`, use `width='stretch'`. For `use_container_width=False`, use `width='content'`.
2026-10-09 17:22:01.545 Please replace `use_container_width` with `width`.

`use_container_width` will be removed after 2025-12-31.

For `use_container_width=True`, use `width='stretch'`. For `use_container_width=False`, use `width='content'`.
2026-10-09 17:22:04.685 Please replace `use_container_width` with `width`.

`use_container_width` will be removed after 2025-12-31.

For `use_container_width=True`, use `width='stretch'`. For `use_container_width=False`, use `width='content'`.
2026-10-09 17:22:05.790 Please replace `use_container_width` with `width`.

`use_container_width` will be removed after 2025-12-31.

For `use_container_width=True`, use `width='stretch'`. For `use_container_width=False`, use `width='content'`.
2026-10-09 17:22:06.500 Thread 'MainThread': missing ScriptRunContext! This warning can be ignored when running in bare mode.
2026-10-09 17:22:06.500 Thread 'MainThread': missing ScriptRunContext! This warning can be ignored when running in bare mode.
2026-10-09 17:22:06.500 Thread 'MainThread': missing ScriptRunContext! This warning can be ignored when running in bare mode.
2026-10-09 17:22:06.500 Thread 'MainThread': missing ScriptRunContext! This warning can be ignored when running in bare mode.
2026-10-09 17:22:06.500 Thread 'MainThread': missing ScriptRunContext! This warning can be ignored when running in bare mode.
2026-10-09 17:22:06.500 Thread 'MainThread': missing ScriptRunContext! This warning can be ignored when running in bare mode.
2026-10-09 17:22:06.500 Thread 'MainThread': missing ScriptRunContext! This warning can be ignored when running in bare mode.
2026-10-09 17:22:07.160 Please replace `use_container_width` with `width`.

`use_container_width` will be removed after 2025-12-31.

For `use_container_width=True`, use `width='stretch'`. For `use_container_width=False`, use `width='content'`.
2026-10-09 17:22:07.388 Please replace `use_container_width` with `width`.

`use_container_width` will be removed after 2025-12-31.

For `use_container_width=True`, use `width='stretch'`. For `use_container_width=False`, use `width='content'`.
2026-10-09 17:22:08.282 Please replace `use_container_width` with `width`.

`use_container_width` will be removed after 2025-12-31.

For `use_container_width=True`, use `width='stretch'`. For `use_container_width=False`, use `width='content'`.
2026-10-09 17:22:08.316 Please replace `use_container_width` with `width`.

`use_container_width` will be removed after 2025-12-31.

For `use_container_width=True`, use `width='stretch'`. For `use_container_width=False`, use `width='content'`.
2026-10-09 17:22:08.523 Please replace `use_container_width` with `width`.

`use_container_width` will be removed after 2025-12-31.

For `use_container_width=True`, use `width='stretch'`. For `use_container_width=False`, use `width='content'`.
2026-10-09 17:22:08.535 Thread 'MainThread': missing ScriptRunContext! This warning can be ignored when running in bare mode.
2026-10-09 17:22:08.904 Please replace `use_container_width` with `width`.

`use_container_width` will be removed after 2025-12-31.

For `use_container_width=True`, use `width='stretch'`. For `use_container_width=False`, use `width='content'`.
2026-10-09 17:22:08.915 Thread 'MainThread': missing ScriptRunContext! This warning can be ignored when running in bare mode.
2026-10-09 17:22:08.916 Thread 'MainThread': missing ScriptRunContext! This warning can be ignored when running in bare mode.
2026-10-09 17:22:08.916 Thread 'MainThread': missing ScriptRunContext! This warning can be ignored when running in bare mode.
2026-10-09 17:22:08.916 Thread 'MainThread': missing ScriptRunContext! This warning can be ignored when running in bare mode.
2026-10-09 17:22:08.916 Thread 'MainThread': missing ScriptRunContext! This warning can be ignored when running in bare mode.
2026-10-09 17:22:08.916 Thread 'MainThread': missing ScriptRunContext! This warning can be ignored when running in bare mode.
2026-10-09 17:22:08.916 Thread 'MainThread': missing ScriptRunContext! This warning can be ignored when running in bare mode.
2026-10-09 17:22:09.673 Please replace `use_container_width` with `width`.

`use_container_width` will be removed after 2025-12-31.

For `use_container_width=True`, use `width='stretch'`. For `use_container_width=False`, use `width='content'`.
2026-10-09 17:22:09.677 Please replace `use_container_width` with `width`.

`use_container_width` will be removed after 2025-12-31.

For `use_container_width=True`, use `width='stretch'`. For `use_container_width=False`, use `width='content'`.
2026-10-09 17:22:09.693 Please replace `use_container_width` with `width`.

`use_container_width` will be removed after 2025-12-31.

For `use_container_width=True`, use `width='stretch'`. For `use_container_width=False`, use `width='content'`.
2026-10-09 17:22:09.891 Please replace `use_container_width` with `width`.

`use_container_width` will be removed after 2025-12-31.

For `use_container_width=True`, use `width='stretch'`. For `use_container_width=False`, use `width='content'`.
2026-10-09 17:22:09.895 Please replace `use_container_width` with `width`.

`use_container_width` will be removed after 2025-12-31.

For `use_container_width=True`, use `width='stretch'`. For `use_container_width=False`, use `width='content'`.
2026-10-09 17:22:09.913 Please replace `use_container_width` with `width`.

`use_container_width` will be removed after 2025-12-31.

For `use_container_width=True`, use `width='stretch'`. For `use_container_width=False`, use `width='content'`.
2026-10-09 17:22:10.136 Please replace `use_container_width` with `width`.

`use_container_width` will be removed after 2025-12-31.

For `use_container_width=True`, use `width='stretch'`. For `use_container_width=False`, use `width='content'`.
2026-10-09 17:22:10.139 Please replace `use_container_width` with `width`.

`use_container_width` will be removed after 2025-12-31.

For `use_container_width=True`, use `width='stretch'`. For `use_container_width=False`, use `width='content'`.
2026-10-09 17:22:10.373 Please replace `use_container_width` with `width`.

`use_container_width` will be removed after 2025-12-31.

For `use_container_width=True`, use `width='stretch'`. For `use_container_width=False`, use `width='content'`.
2026-10-09 17:22:10.722 Please replace `use_container_width` with `width`.

`use_container_width` will be removed after 2025-12-31.

For `use_container_width=True`, use `width='stretch'`. For `use_container_width=False`, use `width='content'`.
2026-10-09 17:22:11.007 Please replace `use_container_width` with `width`.

`use_container_width` will be removed after 2025-12-31.

For `use_container_width=True`, use `width='stretch'`. For `use_container_width=False`, use `width='content'`.
2026-10-09 17:22:11.322 Please replace `use_container_width` with `width`.

`use_container_width` will be removed after 2025-12-31.

For `use_container_width=True`, use `width='stretch'`. For `use_container_width=False`, use `width='content'`.
2026-10-09 17:22:11.325 Please replace `use_container_width` with `width`.

`use_container_width` will be removed after 2025-12-31.

For `use_container_width=True`, use `width='stretch'`. For `use_container_width=False`, use `width='content'`.
2026-10-09 17:22:11.340 Please replace `use_container_width` with `width`.

`use_container_width` will be removed after 2025-12-31.

For `use_container_width=True`, use `width='stretch'`. For `use_container_width=False`, use `width='content'`.
2026-10-09 17:22:11.554 Please replace `use_container_width` with `width`.

`use_container_width` will be removed after 2025-12-31.

For `use_container_width=True`, use `width='stretch'`. For `use_container_width=False`, use `width='content'`.
2026-10-09 17:22:11.559 Please replace `use_container_width` with `width`.

`use_container_width` will be removed after 2025-12-31.

For `use_container_width=True`, use `width='stretch'`. For `use_container_width=False`, use `width='content'`.
2026-10-09 17:22:11.584 Please replace `use_container_width` with `width`.

`use_container_width` will be removed after 2025-12-31.

For `use_container_width=True`, use `width='stretch'`. For `use_container_width=False`, use `width='content'`.
2026-10-09 17:22:11.800 Please replace `use_container_width` with `width`.

`use_container_width` will be removed after 2025-12-31.

For `use_container_width=True`, use `width='stretch'`. For `use_container_width=False`, use `width='content'`.
2026-10-09 17:22:11.804 Please replace `use_container_width` with `width`.

`use_container_width` will be removed after 2025-12-31.

For `use_container_width=True`, use `width='stretch'`. For `use_container_width=False`, use `width='content'`.
2026-10-09 17:22:11.826 Please replace `use_container_width` with `width`.

`use_container_width` will be removed after 2025-12-31.

For `use_container_width=True`, use `width='stretch'`. For `use_container_width=False`, use `width='content'`.
2026-10-09 17:22:12.046 Please replace `use_container_width` with `width`.

`use_container_width` will be removed after 2025-12-31.

For `use_container_width=True`, use `width='stretch'`. For `use_container_width=False`, use `width='content'`.
2026-10-09 17:22:12.049 Please replace `use_container_width` with `width`.

`use_container_width` will be removed after 2025-12-31.

For `use_container_width=True`, use `width='stretch'`. For `use_container_width=False`, use `width='content'`.
2026-10-09 17:22:12.069 Please replace `use_container_width` with `width`.

`use_container_width` will be removed after 2025-12-31.

For `use_container_width=True`, use `width='stretch'`. For `use_container_width=False`, use `width='content'`.
2026-10-09 17:22:12.080 Thread 'MainThread': missing ScriptRunContext! This warning can be ignored when running in bare mode.
2026-10-09 17:22:12.080 Thread 'MainThread': missing ScriptRunContext! This warning can be ignored when running in bare mode.
2026-10-09 17:22:12.080 Thread 'MainThread': missing ScriptRunContext! This warning can be ignored when running in bare mode.
2026-10-09 17:22:12.080 Thread 'MainThread': missing ScriptRunContext! This warning can be ignored when running in bare mode.
2026-10-09 17:22:12.080 Thread 'MainThread': missing ScriptRunContext! This warning can be ignored when running in bare mode.
2026-10-09 17:22:12.080 Thread 'MainThread': missing ScriptRunContext! This warning can be ignored when running in bare mode.
2026-10-09 17:22:12.080 Thread 'MainThread': missing ScriptRunContext! This warning can be ignored when running in bare mode.
Learning Scene validator rejected domain=probability_sets reason=Unsupported Learning Scene version or domain.
2026-10-09 17:22:13.098 Thread 'MainThread': missing ScriptRunContext! This warning can be ignored when running in bare mode.
2026-10-09 17:22:13.098 Thread 'MainThread': missing ScriptRunContext! This warning can be ignored when running in bare mode.
2026-10-09 17:22:13.098 Thread 'MainThread': missing ScriptRunContext! This warning can be ignored when running in bare mode.
2026-10-09 17:22:13.098 Thread 'MainThread': missing ScriptRunContext! This warning can be ignored when running in bare mode.
2026-10-09 17:22:13.098 Thread 'MainThread': missing ScriptRunContext! This warning can be ignored when running in bare mode.
2026-10-09 17:22:13.098 Thread 'MainThread': missing ScriptRunContext! This warning can be ignored when running in bare mode.
2026-10-09 17:22:14.089 Please replace `use_container_width` with `width`.

`use_container_width` will be removed after 2025-12-31.

For `use_container_width=True`, use `width='stretch'`. For `use_container_width=False`, use `width='content'`.
2026-10-09 17:22:14.092 Please replace `use_container_width` with `width`.

`use_container_width` will be removed after 2025-12-31.

For `use_container_width=True`, use `width='stretch'`. For `use_container_width=False`, use `width='content'`.
2026-10-09 17:22:14.108 Please replace `use_container_width` with `width`.

`use_container_width` will be removed after 2025-12-31.

For `use_container_width=True`, use `width='stretch'`. For `use_container_width=False`, use `width='content'`.
2026-10-09 17:22:14.326 Please replace `use_container_width` with `width`.

`use_container_width` will be removed after 2025-12-31.

For `use_container_width=True`, use `width='stretch'`. For `use_container_width=False`, use `width='content'`.
2026-10-09 17:22:14.330 Please replace `use_container_width` with `width`.

`use_container_width` will be removed after 2025-12-31.

For `use_container_width=True`, use `width='stretch'`. For `use_container_width=False`, use `width='content'`.
2026-10-09 17:22:14.345 Please replace `use_container_width` with `width`.

`use_container_width` will be removed after 2025-12-31.

For `use_container_width=True`, use `width='stretch'`. For `use_container_width=False`, use `width='content'`.
2026-10-09 17:22:14.613 Thread 'MainThread': missing ScriptRunContext! This warning can be ignored when running in bare mode.
2026-10-09 17:22:14.856 Thread 'MainThread': missing ScriptRunContext! This warning can be ignored when running in bare mode.
2026-10-09 17:22:14.858 Thread 'MainThread': missing ScriptRunContext! This warning can be ignored when running in bare mode.
2026-10-09 17:22:14.858 Thread 'MainThread': missing ScriptRunContext! This warning can be ignored when running in bare mode.
2026-10-09 17:22:14.858 Thread 'MainThread': missing ScriptRunContext! This warning can be ignored when running in bare mode.
2026-10-09 17:22:14.858 Thread 'MainThread': missing ScriptRunContext! This warning can be ignored when running in bare mode.
2026-10-09 17:22:14.858 Thread 'MainThread': missing ScriptRunContext! This warning can be ignored when running in bare mode.
2026-10-09 17:22:14.858 Thread 'MainThread': missing ScriptRunContext! This warning can be ignored when running in bare mode.
2026-10-09 17:22:14.858 Thread 'MainThread': missing ScriptRunContext! This warning can be ignored when running in bare mode.
2026-10-09 17:22:14.858 Thread 'MainThread': missing ScriptRunContext! This warning can be ignored when running in bare mode.
2026-10-09 17:22:14.858 Thread 'MainThread': missing ScriptRunContext! This warning can be ignored when running in bare mode.
2026-10-09 17:22:14.858 Thread 'MainThread': missing ScriptRunContext! This warning can be ignored when running in bare mode.
2026-10-09 17:22:14.858 Thread 'MainThread': missing ScriptRunContext! This warning can be ignored when running in bare mode.
2026-10-09 17:22:14.858 Thread 'MainThread': missing ScriptRunContext! This warning can be ignored when running in bare mode.
2026-10-09 17:22:14.859 Thread 'MainThread': missing ScriptRunContext! This warning can be ignored when running in bare mode.
2026-10-09 17:22:14.859 Thread 'MainThread': missing ScriptRunContext! This warning can be ignored when running in bare mode.
2026-10-09 17:22:14.859 Thread 'MainThread': missing ScriptRunContext! This warning can be ignored when running in bare mode.
2026-10-09 17:22:14.859 Thread 'MainThread': missing ScriptRunContext! This warning can be ignored when running in bare mode.
2026-10-09 17:22:14.859 Thread 'MainThread': missing ScriptRunContext! This warning can be ignored when running in bare mode.
2026-10-09 17:22:14.859 Thread 'MainThread': missing ScriptRunContext! This warning can be ignored when running in bare mode.
2026-10-09 17:22:14.859 Thread 'MainThread': missing ScriptRunContext! This warning can be ignored when running in bare mode.
2026-10-09 17:22:14.859 Thread 'MainThread': missing ScriptRunContext! This warning can be ignored when running in bare mode.
2026-10-09 17:22:14.859 Thread 'MainThread': missing ScriptRunContext! This warning can be ignored when running in bare mode.
2026-10-09 17:22:14.859 Thread 'MainThread': missing ScriptRunContext! This warning can be ignored when running in bare mode.
2026-10-09 17:22:14.859 Thread 'MainThread': missing ScriptRunContext! This warning can be ignored when running in bare mode.
2026-10-09 17:22:14.859 Thread 'MainThread': missing ScriptRunContext! This warning can be ignored when running in bare mode.
2026-10-09 17:22:14.859 Thread 'MainThread': missing ScriptRunContext! This warning can be ignored when running in bare mode.
2026-10-09 17:22:14.859 Thread 'MainThread': missing ScriptRunContext! This warning can be ignored when running in bare mode.
2026-10-09 17:22:14.859 Thread 'MainThread': missing ScriptRunContext! This warning can be ignored when running in bare mode.
2026-10-09 17:22:14.859 Thread 'MainThread': missing ScriptRunContext! This warning can be ignored when running in bare mode.
2026-10-09 17:22:14.859 Thread 'MainThread': missing ScriptRunContext! This warning can be ignored when running in bare mode.
2026-10-09 17:22:14.860 Thread 'MainThread': missing ScriptRunContext! This warning can be ignored when running in bare mode.
2026-10-09 17:22:14.860 Thread 'MainThread': missing ScriptRunContext! This warning can be ignored when running in bare mode.
2026-10-09 17:22:14.860 Thread 'MainThread': missing ScriptRunContext! This warning can be ignored when running in bare mode.
2026-10-09 17:22:14.860 Thread 'MainThread': missing ScriptRunContext! This warning can be ignored when running in bare mode.
2026-10-09 17:22:14.860 Thread 'MainThread': missing ScriptRunContext! This warning can be ignored when running in bare mode.
2026-10-09 17:22:14.860 Thread 'MainThread': missing ScriptRunContext! This warning can be ignored when running in bare mode.
2026-10-09 17:22:14.860 Thread 'MainThread': missing ScriptRunContext! This warning can be ignored when running in bare mode.
2026-10-09 17:22:14.860 Thread 'MainThread': missing ScriptRunContext! This warning can be ignored when running in bare mode.
2026-10-09 17:22:14.860 Thread 'MainThread': missing ScriptRunContext! This warning can be ignored when running in bare mode.
2026-10-09 17:22:14.860 Thread 'MainThread': missing ScriptRunContext! This warning can be ignored when running in bare mode.
2026-10-09 17:22:14.860 Thread 'MainThread': missing ScriptRunContext! This warning can be ignored when running in bare mode.
2026-10-09 17:22:14.860 Thread 'MainThread': missing ScriptRunContext! This warning can be ignored when running in bare mode.
2026-10-09 17:22:14.860 Thread 'MainThread': missing ScriptRunContext! This warning can be ignored when running in bare mode.
2026-10-09 17:22:14.860 Thread 'MainThread': missing ScriptRunContext! This warning can be ignored when running in bare mode.
2026-10-09 17:22:14.860 Thread 'MainThread': missing ScriptRunContext! This warning can be ignored when running in bare mode.
2026-10-09 17:22:14.860 Thread 'MainThread': missing ScriptRunContext! This warning can be ignored when running in bare mode.
2026-10-09 17:22:14.929 Thread 'MainThread': missing ScriptRunContext! This warning can be ignored when running in bare mode.
2026-10-09 17:22:14.932 Thread 'MainThread': missing ScriptRunContext! This warning can be ignored when running in bare mode.
2026-10-09 17:22:14.932 Thread 'MainThread': missing ScriptRunContext! This warning can be ignored when running in bare mode.
2026-10-09 17:22:14.932 Thread 'MainThread': missing ScriptRunContext! This warning can be ignored when running in bare mode.
2026-10-09 17:22:14.932 Thread 'MainThread': missing ScriptRunContext! This warning can be ignored when running in bare mode.
2026-10-09 17:22:14.932 Thread 'MainThread': missing ScriptRunContext! This warning can be ignored when running in bare mode.
2026-10-09 17:22:14.932 Thread 'MainThread': missing ScriptRunContext! This warning can be ignored when running in bare mode.
2026-10-09 17:22:14.932 Thread 'MainThread': missing ScriptRunContext! This warning can be ignored when running in bare mode.
2026-10-09 17:22:14.932 Thread 'MainThread': missing ScriptRunContext! This warning can be ignored when running in bare mode.
2026-10-09 17:22:14.932 Thread 'MainThread': missing ScriptRunContext! This warning can be ignored when running in bare mode.
2026-10-09 17:22:14.932 Thread 'MainThread': missing ScriptRunContext! This warning can be ignored when running in bare mode.
2026-10-09 17:22:14.933 Thread 'MainThread': missing ScriptRunContext! This warning can be ignored when running in bare mode.
2026-10-09 17:22:14.933 Thread 'MainThread': missing ScriptRunContext! This warning can be ignored when running in bare mode.
2026-10-09 17:22:14.933 Thread 'MainThread': missing ScriptRunContext! This warning can be ignored when running in bare mode.
2026-10-09 17:22:14.933 Thread 'MainThread': missing ScriptRunContext! This warning can be ignored when running in bare mode.
2026-10-09 17:22:14.933 Thread 'MainThread': missing ScriptRunContext! This warning can be ignored when running in bare mode.
2026-10-09 17:22:14.933 Thread 'MainThread': missing ScriptRunContext! This warning can be ignored when running in bare mode.
2026-10-09 17:22:14.933 Thread 'MainThread': missing ScriptRunContext! This warning can be ignored when running in bare mode.
2026-10-09 17:22:14.933 Thread 'MainThread': missing ScriptRunContext! This warning can be ignored when running in bare mode.
2026-10-09 17:22:14.933 Thread 'MainThread': missing ScriptRunContext! This warning can be ignored when running in bare mode.
2026-10-09 17:22:14.933 Thread 'MainThread': missing ScriptRunContext! This warning can be ignored when running in bare mode.
2026-10-09 17:22:14.933 Thread 'MainThread': missing ScriptRunContext! This warning can be ignored when running in bare mode.
2026-10-09 17:22:14.933 Thread 'MainThread': missing ScriptRunContext! This warning can be ignored when running in bare mode.
2026-10-09 17:22:14.933 Thread 'MainThread': missing ScriptRunContext! This warning can be ignored when running in bare mode.
2026-10-09 17:22:14.933 Thread 'MainThread': missing ScriptRunContext! This warning can be ignored when running in bare mode.
2026-10-09 17:22:14.933 Thread 'MainThread': missing ScriptRunContext! This warning can be ignored when running in bare mode.
2026-10-09 17:22:14.933 Thread 'MainThread': missing ScriptRunContext! This warning can be ignored when running in bare mode.
2026-10-09 17:22:14.933 Thread 'MainThread': missing ScriptRunContext! This warning can be ignored when running in bare mode.
2026-10-09 17:22:14.933 Thread 'MainThread': missing ScriptRunContext! This warning can be ignored when running in bare mode.
2026-10-09 17:22:14.934 Thread 'MainThread': missing ScriptRunContext! This warning can be ignored when running in bare mode.
2026-10-09 17:22:14.934 Thread 'MainThread': missing ScriptRunContext! This warning can be ignored when running in bare mode.
2026-10-09 17:22:14.934 Thread 'MainThread': missing ScriptRunContext! This warning can be ignored when running in bare mode.
2026-10-09 17:22:14.934 Thread 'MainThread': missing ScriptRunContext! This warning can be ignored when running in bare mode.
2026-10-09 17:22:14.934 Thread 'MainThread': missing ScriptRunContext! This warning can be ignored when running in bare mode.
2026-10-09 17:22:14.934 Thread 'MainThread': missing ScriptRunContext! This warning can be ignored when running in bare mode.
2026-10-09 17:22:14.934 Thread 'MainThread': missing ScriptRunContext! This warning can be ignored when running in bare mode.
2026-10-09 17:22:14.934 Thread 'MainThread': missing ScriptRunContext! This warning can be ignored when running in bare mode.
2026-10-09 17:22:14.934 Thread 'MainThread': missing ScriptRunContext! This warning can be ignored when running in bare mode.
2026-10-09 17:22:14.934 Thread 'MainThread': missing ScriptRunContext! This warning can be ignored when running in bare mode.
2026-10-09 17:22:14.934 Thread 'MainThread': missing ScriptRunContext! This warning can be ignored when running in bare mode.
2026-10-09 17:22:14.934 Thread 'MainThread': missing ScriptRunContext! This warning can be ignored when running in bare mode.
2026-10-09 17:22:14.934 Thread 'MainThread': missing ScriptRunContext! This warning can be ignored when running in bare mode.
2026-10-09 17:22:14.934 Thread 'MainThread': missing ScriptRunContext! This warning can be ignored when running in bare mode.
2026-10-09 17:22:14.934 Thread 'MainThread': missing ScriptRunContext! This warning can be ignored when running in bare mode.
2026-10-09 17:22:14.934 Thread 'MainThread': missing ScriptRunContext! This warning can be ignored when running in bare mode.
2026-10-09 17:22:14.934 Thread 'MainThread': missing ScriptRunContext! This warning can be ignored when running in bare mode.
2026-10-09 17:22:14.941 Thread 'MainThread': missing ScriptRunContext! This warning can be ignored when running in bare mode.
2026-10-09 17:22:14.946 Thread 'MainThread': missing ScriptRunContext! This warning can be ignored when running in bare mode.
2026-10-09 17:22:15.004 Thread 'MainThread': missing ScriptRunContext! This warning can be ignored when running in bare mode.
2026-10-09 17:22:15.005 Thread 'MainThread': missing ScriptRunContext! This warning can be ignored when running in bare mode.
2026-10-09 17:22:15.005 Thread 'MainThread': missing ScriptRunContext! This warning can be ignored when running in bare mode.
2026-10-09 17:22:15.005 Thread 'MainThread': missing ScriptRunContext! This warning can be ignored when running in bare mode.
2026-10-09 17:22:15.006 Thread 'MainThread': missing ScriptRunContext! This warning can be ignored when running in bare mode.
2026-10-09 17:22:15.006 Thread 'MainThread': missing ScriptRunContext! This warning can be ignored when running in bare mode.
2026-10-09 17:22:15.006 Thread 'MainThread': missing ScriptRunContext! This warning can be ignored when running in bare mode.
2026-10-09 17:22:15.006 Thread 'MainThread': missing ScriptRunContext! This warning can be ignored when running in bare mode.
2026-10-09 17:22:15.006 Thread 'MainThread': missing ScriptRunContext! This warning can be ignored when running in bare mode.
2026-10-09 17:22:15.006 Thread 'MainThread': missing ScriptRunContext! This warning can be ignored when running in bare mode.
2026-10-09 17:22:15.006 Thread 'MainThread': missing ScriptRunContext! This warning can be ignored when running in bare mode.
2026-10-09 17:22:15.006 Thread 'MainThread': missing ScriptRunContext! This warning can be ignored when running in bare mode.
2026-10-09 17:22:15.006 Thread 'MainThread': missing ScriptRunContext! This warning can be ignored when running in bare mode.
2026-10-09 17:22:15.006 Thread 'MainThread': missing ScriptRunContext! This warning can be ignored when running in bare mode.
2026-10-09 17:22:15.006 Thread 'MainThread': missing ScriptRunContext! This warning can be ignored when running in bare mode.
2026-10-09 17:22:15.006 Thread 'MainThread': missing ScriptRunContext! This warning can be ignored when running in bare mode.
2026-10-09 17:22:15.006 Thread 'MainThread': missing ScriptRunContext! This warning can be ignored when running in bare mode.
2026-10-09 17:22:15.006 Thread 'MainThread': missing ScriptRunContext! This warning can be ignored when running in bare mode.
2026-10-09 17:22:15.006 Thread 'MainThread': missing ScriptRunContext! This warning can be ignored when running in bare mode.
2026-10-09 17:22:15.006 Thread 'MainThread': missing ScriptRunContext! This warning can be ignored when running in bare mode.
2026-10-09 17:22:15.006 Thread 'MainThread': missing ScriptRunContext! This warning can be ignored when running in bare mode.
2026-10-09 17:22:15.007 Thread 'MainThread': missing ScriptRunContext! This warning can be ignored when running in bare mode.
2026-10-09 17:22:15.007 Thread 'MainThread': missing ScriptRunContext! This warning can be ignored when running in bare mode.
2026-10-09 17:22:15.007 Thread 'MainThread': missing ScriptRunContext! This warning can be ignored when running in bare mode.
2026-10-09 17:22:15.007 Thread 'MainThread': missing ScriptRunContext! This warning can be ignored when running in bare mode.
2026-10-09 17:22:15.007 Thread 'MainThread': missing ScriptRunContext! This warning can be ignored when running in bare mode.
2026-10-09 17:22:15.007 Thread 'MainThread': missing ScriptRunContext! This warning can be ignored when running in bare mode.
2026-10-09 17:22:15.007 Thread 'MainThread': missing ScriptRunContext! This warning can be ignored when running in bare mode.
2026-10-09 17:22:15.007 Thread 'MainThread': missing ScriptRunContext! This warning can be ignored when running in bare mode.
2026-10-09 17:22:15.007 Thread 'MainThread': missing ScriptRunContext! This warning can be ignored when running in bare mode.
2026-10-09 17:22:15.007 Thread 'MainThread': missing ScriptRunContext! This warning can be ignored when running in bare mode.
2026-10-09 17:22:15.007 Thread 'MainThread': missing ScriptRunContext! This warning can be ignored when running in bare mode.
2026-10-09 17:22:15.007 Thread 'MainThread': missing ScriptRunContext! This warning can be ignored when running in bare mode.
2026-10-09 17:22:15.007 Thread 'MainThread': missing ScriptRunContext! This warning can be ignored when running in bare mode.
2026-10-09 17:22:15.007 Thread 'MainThread': missing ScriptRunContext! This warning can be ignored when running in bare mode.
2026-10-09 17:22:15.007 Thread 'MainThread': missing ScriptRunContext! This warning can be ignored when running in bare mode.
2026-10-09 17:22:15.007 Thread 'MainThread': missing ScriptRunContext! This warning can be ignored when running in bare mode.
2026-10-09 17:22:15.007 Thread 'MainThread': missing ScriptRunContext! This warning can be ignored when running in bare mode.
2026-10-09 17:22:15.007 Thread 'MainThread': missing ScriptRunContext! This warning can be ignored when running in bare mode.
2026-10-09 17:22:15.008 Thread 'MainThread': missing ScriptRunContext! This warning can be ignored when running in bare mode.
2026-10-09 17:22:15.008 Thread 'MainThread': missing ScriptRunContext! This warning can be ignored when running in bare mode.
2026-10-09 17:22:15.008 Thread 'MainThread': missing ScriptRunContext! This warning can be ignored when running in bare mode.
2026-10-09 17:22:15.008 Thread 'MainThread': missing ScriptRunContext! This warning can be ignored when running in bare mode.
2026-10-09 17:22:15.008 Thread 'MainThread': missing ScriptRunContext! This warning can be ignored when running in bare mode.
2026-10-09 17:22:15.008 Thread 'MainThread': missing ScriptRunContext! This warning can be ignored when running in bare mode.
2026-10-09 17:22:15.008 Thread 'MainThread': missing ScriptRunContext! This warning can be ignored when running in bare mode.
2026-10-09 17:22:15.029 Thread 'MainThread': missing ScriptRunContext! This warning can be ignored when running in bare mode.
2026-10-09 17:22:15.030 Thread 'MainThread': missing ScriptRunContext! This warning can be ignored when running in bare mode.
2026-10-09 17:22:15.030 Thread 'MainThread': missing ScriptRunContext! This warning can be ignored when running in bare mode.
2026-10-09 17:22:15.030 Thread 'MainThread': missing ScriptRunContext! This warning can be ignored when running in bare mode.
2026-10-09 17:22:15.030 Thread 'MainThread': missing ScriptRunContext! This warning can be ignored when running in bare mode.
2026-10-09 17:22:15.030 Thread 'MainThread': missing ScriptRunContext! This warning can be ignored when running in bare mode.
2026-10-09 17:22:15.030 Thread 'MainThread': missing ScriptRunContext! This warning can be ignored when running in bare mode.
2026-10-09 17:22:15.030 Thread 'MainThread': missing ScriptRunContext! This warning can be ignored when running in bare mode.
2026-10-09 17:22:15.030 Thread 'MainThread': missing ScriptRunContext! This warning can be ignored when running in bare mode.
2026-10-09 17:22:15.030 Thread 'MainThread': missing ScriptRunContext! This warning can be ignored when running in bare mode.
2026-10-09 17:22:15.030 Thread 'MainThread': missing ScriptRunContext! This warning can be ignored when running in bare mode.
2026-10-09 17:22:15.030 Thread 'MainThread': missing ScriptRunContext! This warning can be ignored when running in bare mode.
2026-10-09 17:22:15.030 Thread 'MainThread': missing ScriptRunContext! This warning can be ignored when running in bare mode.
2026-10-09 17:22:15.031 Thread 'MainThread': missing ScriptRunContext! This warning can be ignored when running in bare mode.
2026-10-09 17:22:15.031 Thread 'MainThread': missing ScriptRunContext! This warning can be ignored when running in bare mode.
2026-10-09 17:22:15.031 Thread 'MainThread': missing ScriptRunContext! This warning can be ignored when running in bare mode.
2026-10-09 17:22:15.031 Thread 'MainThread': missing ScriptRunContext! This warning can be ignored when running in bare mode.
2026-10-09 17:22:15.031 Thread 'MainThread': missing ScriptRunContext! This warning can be ignored when running in bare mode.
2026-10-09 17:22:15.031 Thread 'MainThread': missing ScriptRunContext! This warning can be ignored when running in bare mode.
2026-10-09 17:22:15.031 Thread 'MainThread': missing ScriptRunContext! This warning can be ignored when running in bare mode.
2026-10-09 17:22:15.031 Thread 'MainThread': missing ScriptRunContext! This warning can be ignored when running in bare mode.
2026-10-09 17:22:15.031 Thread 'MainThread': missing ScriptRunContext! This warning can be ignored when running in bare mode.
2026-10-09 17:22:15.031 Thread 'MainThread': missing ScriptRunContext! This warning can be ignored when running in bare mode.
2026-10-09 17:22:15.031 Thread 'MainThread': missing ScriptRunContext! This warning can be ignored when running in bare mode.
2026-10-09 17:22:15.031 Thread 'MainThread': missing ScriptRunContext! This warning can be ignored when running in bare mode.
2026-10-09 17:22:15.031 Thread 'MainThread': missing ScriptRunContext! This warning can be ignored when running in bare mode.
2026-10-09 17:22:15.031 Thread 'MainThread': missing ScriptRunContext! This warning can be ignored when running in bare mode.
2026-10-09 17:22:15.031 Thread 'MainThread': missing ScriptRunContext! This warning can be ignored when running in bare mode.
2026-10-09 17:22:15.031 Thread 'MainThread': missing ScriptRunContext! This warning can be ignored when running in bare mode.
2026-10-09 17:22:15.031 Thread 'MainThread': missing ScriptRunContext! This warning can be ignored when running in bare mode.
2026-10-09 17:22:15.031 Thread 'MainThread': missing ScriptRunContext! This warning can be ignored when running in bare mode.
2026-10-09 17:22:15.031 Thread 'MainThread': missing ScriptRunContext! This warning can be ignored when running in bare mode.
2026-10-09 17:22:15.032 Thread 'MainThread': missing ScriptRunContext! This warning can be ignored when running in bare mode.
2026-10-09 17:22:15.032 Thread 'MainThread': missing ScriptRunContext! This warning can be ignored when running in bare mode.
2026-10-09 17:22:15.032 Thread 'MainThread': missing ScriptRunContext! This warning can be ignored when running in bare mode.
2026-10-09 17:22:15.032 Thread 'MainThread': missing ScriptRunContext! This warning can be ignored when running in bare mode.
2026-10-09 17:22:15.032 Thread 'MainThread': missing ScriptRunContext! This warning can be ignored when running in bare mode.
2026-10-09 17:22:15.032 Thread 'MainThread': missing ScriptRunContext! This warning can be ignored when running in bare mode.
2026-10-09 17:22:15.032 Thread 'MainThread': missing ScriptRunContext! This warning can be ignored when running in bare mode.
2026-10-09 17:22:15.032 Thread 'MainThread': missing ScriptRunContext! This warning can be ignored when running in bare mode.
2026-10-09 17:22:15.032 Thread 'MainThread': missing ScriptRunContext! This warning can be ignored when running in bare mode.
2026-10-09 17:22:15.032 Thread 'MainThread': missing ScriptRunContext! This warning can be ignored when running in bare mode.
2026-10-09 17:22:15.032 Thread 'MainThread': missing ScriptRunContext! This warning can be ignored when running in bare mode.
2026-10-09 17:22:15.032 Thread 'MainThread': missing ScriptRunContext! This warning can be ignored when running in bare mode.
2026-10-09 17:22:15.032 Thread 'MainThread': missing ScriptRunContext! This warning can be ignored when running in bare mode.
2026-10-09 17:22:15.032 Thread 'MainThread': missing ScriptRunContext! This warning can be ignored when running in bare mode.
2026-10-09 17:22:15.035 Thread 'MainThread': missing ScriptRunContext! This warning can be ignored when running in bare mode.
2026-10-09 17:22:15.037 Thread 'MainThread': missing ScriptRunContext! This warning can be ignored when running in bare mode.
2026-10-09 17:22:15.057 Thread 'MainThread': missing ScriptRunContext! This warning can be ignored when running in bare mode.
2026-10-09 17:22:15.057 Thread 'MainThread': missing ScriptRunContext! This warning can be ignored when running in bare mode.
2026-10-09 17:22:15.057 Thread 'MainThread': missing ScriptRunContext! This warning can be ignored when running in bare mode.
2026-10-09 17:22:15.057 Thread 'MainThread': missing ScriptRunContext! This warning can be ignored when running in bare mode.
2026-10-09 17:22:15.057 Thread 'MainThread': missing ScriptRunContext! This warning can be ignored when running in bare mode.
2026-10-09 17:22:15.057 Thread 'MainThread': missing ScriptRunContext! This warning can be ignored when running in bare mode.
2026-10-09 17:22:15.057 Thread 'MainThread': missing ScriptRunContext! This warning can be ignored when running in bare mode.
2026-10-09 17:22:15.057 Thread 'MainThread': missing ScriptRunContext! This warning can be ignored when running in bare mode.
2026-10-09 17:22:15.057 Thread 'MainThread': missing ScriptRunContext! This warning can be ignored when running in bare mode.
2026-10-09 17:22:15.057 Thread 'MainThread': missing ScriptRunContext! This warning can be ignored when running in bare mode.
2026-10-09 17:22:15.058 Thread 'MainThread': missing ScriptRunContext! This warning can be ignored when running in bare mode.
2026-10-09 17:22:15.058 Thread 'MainThread': missing ScriptRunContext! This warning can be ignored when running in bare mode.
2026-10-09 17:22:15.058 Thread 'MainThread': missing ScriptRunContext! This warning can be ignored when running in bare mode.
2026-10-09 17:22:15.058 Thread 'MainThread': missing ScriptRunContext! This warning can be ignored when running in bare mode.
2026-10-09 17:22:15.058 Thread 'MainThread': missing ScriptRunContext! This warning can be ignored when running in bare mode.
2026-10-09 17:22:15.058 Thread 'MainThread': missing ScriptRunContext! This warning can be ignored when running in bare mode.
2026-10-09 17:22:15.058 Thread 'MainThread': missing ScriptRunContext! This warning can be ignored when running in bare mode.
2026-10-09 17:22:15.058 Thread 'MainThread': missing ScriptRunContext! This warning can be ignored when running in bare mode.
2026-10-09 17:22:15.058 Thread 'MainThread': missing ScriptRunContext! This warning can be ignored when running in bare mode.
2026-10-09 17:22:15.058 Thread 'MainThread': missing ScriptRunContext! This warning can be ignored when running in bare mode.
2026-10-09 17:22:15.058 Thread 'MainThread': missing ScriptRunContext! This warning can be ignored when running in bare mode.
2026-10-09 17:22:15.058 Thread 'MainThread': missing ScriptRunContext! This warning can be ignored when running in bare mode.
2026-10-09 17:22:15.058 Thread 'MainThread': missing ScriptRunContext! This warning can be ignored when running in bare mode.
2026-10-09 17:22:15.058 Thread 'MainThread': missing ScriptRunContext! This warning can be ignored when running in bare mode.
2026-10-09 17:22:15.058 Thread 'MainThread': missing ScriptRunContext! This warning can be ignored when running in bare mode.
2026-10-09 17:22:15.058 Thread 'MainThread': missing ScriptRunContext! This warning can be ignored when running in bare mode.
2026-10-09 17:22:15.058 Thread 'MainThread': missing ScriptRunContext! This warning can be ignored when running in bare mode.
2026-10-09 17:22:15.058 Thread 'MainThread': missing ScriptRunContext! This warning can be ignored when running in bare mode.
2026-10-09 17:22:15.058 Thread 'MainThread': missing ScriptRunContext! This warning can be ignored when running in bare mode.
2026-10-09 17:22:15.058 Thread 'MainThread': missing ScriptRunContext! This warning can be ignored when running in bare mode.
2026-10-09 17:22:15.058 Thread 'MainThread': missing ScriptRunContext! This warning can be ignored when running in bare mode.
2026-10-09 17:22:15.058 Thread 'MainThread': missing ScriptRunContext! This warning can be ignored when running in bare mode.
2026-10-09 17:22:15.058 Thread 'MainThread': missing ScriptRunContext! This warning can be ignored when running in bare mode.
2026-10-09 17:22:15.059 Thread 'MainThread': missing ScriptRunContext! This warning can be ignored when running in bare mode.
2026-10-09 17:22:15.059 Thread 'MainThread': missing ScriptRunContext! This warning can be ignored when running in bare mode.
2026-10-09 17:22:15.059 Thread 'MainThread': missing ScriptRunContext! This warning can be ignored when running in bare mode.
2026-10-09 17:22:15.059 Thread 'MainThread': missing ScriptRunContext! This warning can be ignored when running in bare mode.
2026-10-09 17:22:15.059 Thread 'MainThread': missing ScriptRunContext! This warning can be ignored when running in bare mode.
2026-10-09 17:22:15.059 Thread 'MainThread': missing ScriptRunContext! This warning can be ignored when running in bare mode.
2026-10-09 17:22:15.059 Thread 'MainThread': missing ScriptRunContext! This warning can be ignored when running in bare mode.
2026-10-09 17:22:15.059 Thread 'MainThread': missing ScriptRunContext! This warning can be ignored when running in bare mode.
2026-10-09 17:22:15.059 Thread 'MainThread': missing ScriptRunContext! This warning can be ignored when running in bare mode.
2026-10-09 17:22:15.059 Thread 'MainThread': missing ScriptRunContext! This warning can be ignored when running in bare mode.
2026-10-09 17:22:15.059 Thread 'MainThread': missing ScriptRunContext! This warning can be ignored when running in bare mode.
2026-10-09 17:22:15.059 Thread 'MainThread': missing ScriptRunContext! This warning can be ignored when running in bare mode.
2026-10-09 17:22:15.059 Thread 'MainThread': missing ScriptRunContext! This warning can be ignored when running in bare mode.
2026-10-09 17:22:15.068 Thread 'MainThread': missing ScriptRunContext! This warning can be ignored when running in bare mode.
2026-10-09 17:22:15.068 Thread 'MainThread': missing ScriptRunContext! This warning can be ignored when running in bare mode.
2026-10-09 17:22:15.068 Thread 'MainThread': missing ScriptRunContext! This warning can be ignored when running in bare mode.
2026-10-09 17:22:15.069 Thread 'MainThread': missing ScriptRunContext! This warning can be ignored when running in bare mode.
2026-10-09 17:22:15.069 Thread 'MainThread': missing ScriptRunContext! This warning can be ignored when running in bare mode.
2026-10-09 17:22:15.069 Thread 'MainThread': missing ScriptRunContext! This warning can be ignored when running in bare mode.
2026-10-09 17:22:15.069 Thread 'MainThread': missing ScriptRunContext! This warning can be ignored when running in bare mode.
2026-10-09 17:22:15.069 Thread 'MainThread': missing ScriptRunContext! This warning can be ignored when running in bare mode.
2026-10-09 17:22:15.069 Thread 'MainThread': missing ScriptRunContext! This warning can be ignored when running in bare mode.
2026-10-09 17:22:15.069 Thread 'MainThread': missing ScriptRunContext! This warning can be ignored when running in bare mode.
2026-10-09 17:22:15.069 Thread 'MainThread': missing ScriptRunContext! This warning can be ignored when running in bare mode.
2026-10-09 17:22:15.069 Thread 'MainThread': missing ScriptRunContext! This warning can be ignored when running in bare mode.
2026-10-09 17:22:15.069 Thread 'MainThread': missing ScriptRunContext! This warning can be ignored when running in bare mode.
2026-10-09 17:22:15.069 Thread 'MainThread': missing ScriptRunContext! This warning can be ignored when running in bare mode.
2026-10-09 17:22:15.069 Thread 'MainThread': missing ScriptRunContext! This warning can be ignored when running in bare mode.
2026-10-09 17:22:15.069 Thread 'MainThread': missing ScriptRunContext! This warning can be ignored when running in bare mode.
2026-10-09 17:22:15.069 Thread 'MainThread': missing ScriptRunContext! This warning can be ignored when running in bare mode.
2026-10-09 17:22:15.069 Thread 'MainThread': missing ScriptRunContext! This warning can be ignored when running in bare mode.
2026-10-09 17:22:15.069 Thread 'MainThread': missing ScriptRunContext! This warning can be ignored when running in bare mode.
2026-10-09 17:22:15.069 Thread 'MainThread': missing ScriptRunContext! This warning can be ignored when running in bare mode.
2026-10-09 17:22:15.069 Thread 'MainThread': missing ScriptRunContext! This warning can be ignored when running in bare mode.
2026-10-09 17:22:15.069 Thread 'MainThread': missing ScriptRunContext! This warning can be ignored when running in bare mode.
2026-10-09 17:22:15.069 Thread 'MainThread': missing ScriptRunContext! This warning can be ignored when running in bare mode.
2026-10-09 17:22:15.069 Thread 'MainThread': missing ScriptRunContext! This warning can be ignored when running in bare mode.
2026-10-09 17:22:15.069 Thread 'MainThread': missing ScriptRunContext! This warning can be ignored when running in bare mode.
2026-10-09 17:22:15.069 Thread 'MainThread': missing ScriptRunContext! This warning can be ignored when running in bare mode.
2026-10-09 17:22:15.070 Thread 'MainThread': missing ScriptRunContext! This warning can be ignored when running in bare mode.
2026-10-09 17:22:15.070 Thread 'MainThread': missing ScriptRunContext! This warning can be ignored when running in bare mode.
2026-10-09 17:22:15.070 Thread 'MainThread': missing ScriptRunContext! This warning can be ignored when running in bare mode.
2026-10-09 17:22:15.070 Thread 'MainThread': missing ScriptRunContext! This warning can be ignored when running in bare mode.
2026-10-09 17:22:15.070 Thread 'MainThread': missing ScriptRunContext! This warning can be ignored when running in bare mode.
2026-10-09 17:22:15.070 Thread 'MainThread': missing ScriptRunContext! This warning can be ignored when running in bare mode.
2026-10-09 17:22:15.070 Thread 'MainThread': missing ScriptRunContext! This warning can be ignored when running in bare mode.
2026-10-09 17:22:15.070 Thread 'MainThread': missing ScriptRunContext! This warning can be ignored when running in bare mode.
2026-10-09 17:22:15.070 Thread 'MainThread': missing ScriptRunContext! This warning can be ignored when running in bare mode.
2026-10-09 17:22:15.070 Thread 'MainThread': missing ScriptRunContext! This warning can be ignored when running in bare mode.
2026-10-09 17:22:15.070 Thread 'MainThread': missing ScriptRunContext! This warning can be ignored when running in bare mode.
2026-10-09 17:22:15.070 Thread 'MainThread': missing ScriptRunContext! This warning can be ignored when running in bare mode.
2026-10-09 17:22:15.070 Thread 'MainThread': missing ScriptRunContext! This warning can be ignored when running in bare mode.
2026-10-09 17:22:15.070 Thread 'MainThread': missing ScriptRunContext! This warning can be ignored when running in bare mode.
2026-10-09 17:22:15.070 Thread 'MainThread': missing ScriptRunContext! This warning can be ignored when running in bare mode.
2026-10-09 17:22:15.070 Thread 'MainThread': missing ScriptRunContext! This warning can be ignored when running in bare mode.
2026-10-09 17:22:15.070 Thread 'MainThread': missing ScriptRunContext! This warning can be ignored when running in bare mode.
2026-10-09 17:22:15.070 Thread 'MainThread': missing ScriptRunContext! This warning can be ignored when running in bare mode.
2026-10-09 17:22:15.070 Thread 'MainThread': missing ScriptRunContext! This warning can be ignored when running in bare mode.
2026-10-09 17:22:15.070 Thread 'MainThread': missing ScriptRunContext! This warning can be ignored when running in bare mode.
2026-10-09 17:22:15.072 Thread 'MainThread': missing ScriptRunContext! This warning can be ignored when running in bare mode.
2026-10-09 17:22:15.074 Thread 'MainThread': missing ScriptRunContext! This warning can be ignored when running in bare mode.
2026-10-09 17:22:15.165 Thread 'MainThread': missing ScriptRunContext! This warning can be ignored when running in bare mode.
2026-10-09 17:22:15.166 Thread 'MainThread': missing ScriptRunContext! This warning can be ignored when running in bare mode.
2026-10-09 17:22:15.166 Thread 'MainThread': missing ScriptRunContext! This warning can be ignored when running in bare mode.
2026-10-09 17:22:15.166 Thread 'MainThread': missing ScriptRunContext! This warning can be ignored when running in bare mode.
2026-10-09 17:22:15.166 Thread 'MainThread': missing ScriptRunContext! This warning can be ignored when running in bare mode.
2026-10-09 17:22:15.166 Thread 'MainThread': missing ScriptRunContext! This warning can be ignored when running in bare mode.
2026-10-09 17:22:15.166 Thread 'MainThread': missing ScriptRunContext! This warning can be ignored when running in bare mode.
2026-10-09 17:22:15.167 Thread 'MainThread': missing ScriptRunContext! This warning can be ignored when running in bare mode.
2026-10-09 17:22:15.167 Thread 'MainThread': missing ScriptRunContext! This warning can be ignored when running in bare mode.
2026-10-09 17:22:15.167 Thread 'MainThread': missing ScriptRunContext! This warning can be ignored when running in bare mode.
2026-10-09 17:22:15.167 Thread 'MainThread': missing ScriptRunContext! This warning can be ignored when running in bare mode.
2026-10-09 17:22:15.167 Thread 'MainThread': missing ScriptRunContext! This warning can be ignored when running in bare mode.
2026-10-09 17:22:15.167 Thread 'MainThread': missing ScriptRunContext! This warning can be ignored when running in bare mode.
2026-10-09 17:22:15.167 Thread 'MainThread': missing ScriptRunContext! This warning can be ignored when running in bare mode.
2026-10-09 17:22:15.167 Thread 'MainThread': missing ScriptRunContext! This warning can be ignored when running in bare mode.
2026-10-09 17:22:15.167 Thread 'MainThread': missing ScriptRunContext! This warning can be ignored when running in bare mode.
2026-10-09 17:22:15.167 Thread 'MainThread': missing ScriptRunContext! This warning can be ignored when running in bare mode.
2026-10-09 17:22:15.167 Thread 'MainThread': missing ScriptRunContext! This warning can be ignored when running in bare mode.
2026-10-09 17:22:15.167 Thread 'MainThread': missing ScriptRunContext! This warning can be ignored when running in bare mode.
2026-10-09 17:22:15.167 Thread 'MainThread': missing ScriptRunContext! This warning can be ignored when running in bare mode.
2026-10-09 17:22:15.167 Thread 'MainThread': missing ScriptRunContext! This warning can be ignored when running in bare mode.
2026-10-09 17:22:15.167 Thread 'MainThread': missing ScriptRunContext! This warning can be ignored when running in bare mode.
2026-10-09 17:22:15.167 Thread 'MainThread': missing ScriptRunContext! This warning can be ignored when running in bare mode.
2026-10-09 17:22:15.167 Thread 'MainThread': missing ScriptRunContext! This warning can be ignored when running in bare mode.
2026-10-09 17:22:15.167 Thread 'MainThread': missing ScriptRunContext! This warning can be ignored when running in bare mode.
2026-10-09 17:22:15.167 Thread 'MainThread': missing ScriptRunContext! This warning can be ignored when running in bare mode.
2026-10-09 17:22:15.167 Thread 'MainThread': missing ScriptRunContext! This warning can be ignored when running in bare mode.
2026-10-09 17:22:15.167 Thread 'MainThread': missing ScriptRunContext! This warning can be ignored when running in bare mode.
2026-10-09 17:22:15.167 Thread 'MainThread': missing ScriptRunContext! This warning can be ignored when running in bare mode.
2026-10-09 17:22:15.168 Thread 'MainThread': missing ScriptRunContext! This warning can be ignored when running in bare mode.
2026-10-09 17:22:15.168 Thread 'MainThread': missing ScriptRunContext! This warning can be ignored when running in bare mode.
2026-10-09 17:22:15.168 Thread 'MainThread': missing ScriptRunContext! This warning can be ignored when running in bare mode.
2026-10-09 17:22:15.168 Thread 'MainThread': missing ScriptRunContext! This warning can be ignored when running in bare mode.
2026-10-09 17:22:15.168 Thread 'MainThread': missing ScriptRunContext! This warning can be ignored when running in bare mode.
2026-10-09 17:22:15.168 Thread 'MainThread': missing ScriptRunContext! This warning can be ignored when running in bare mode.
2026-10-09 17:22:15.168 Thread 'MainThread': missing ScriptRunContext! This warning can be ignored when running in bare mode.
2026-10-09 17:22:15.168 Thread 'MainThread': missing ScriptRunContext! This warning can be ignored when running in bare mode.
2026-10-09 17:22:15.168 Thread 'MainThread': missing ScriptRunContext! This warning can be ignored when running in bare mode.
2026-10-09 17:22:15.168 Thread 'MainThread': missing ScriptRunContext! This warning can be ignored when running in bare mode.
2026-10-09 17:22:15.168 Thread 'MainThread': missing ScriptRunContext! This warning can be ignored when running in bare mode.
2026-10-09 17:22:15.168 Thread 'MainThread': missing ScriptRunContext! This warning can be ignored when running in bare mode.
2026-10-09 17:22:15.168 Thread 'MainThread': missing ScriptRunContext! This warning can be ignored when running in bare mode.
2026-10-09 17:22:15.168 Thread 'MainThread': missing ScriptRunContext! This warning can be ignored when running in bare mode.
2026-10-09 17:22:15.168 Thread 'MainThread': missing ScriptRunContext! This warning can be ignored when running in bare mode.
2026-10-09 17:22:15.168 Thread 'MainThread': missing ScriptRunContext! This warning can be ignored when running in bare mode.
2026-10-09 17:22:15.168 Thread 'MainThread': missing ScriptRunContext! This warning can be ignored when running in bare mode.
2026-10-09 17:22:15.193 Thread 'MainThread': missing ScriptRunContext! This warning can be ignored when running in bare mode.
2026-10-09 17:22:15.194 Thread 'MainThread': missing ScriptRunContext! This warning can be ignored when running in bare mode.
2026-10-09 17:22:15.194 Thread 'MainThread': missing ScriptRunContext! This warning can be ignored when running in bare mode.
2026-10-09 17:22:15.194 Thread 'MainThread': missing ScriptRunContext! This warning can be ignored when running in bare mode.
2026-10-09 17:22:15.194 Thread 'MainThread': missing ScriptRunContext! This warning can be ignored when running in bare mode.
2026-10-09 17:22:15.194 Thread 'MainThread': missing ScriptRunContext! This warning can be ignored when running in bare mode.
2026-10-09 17:22:15.195 Thread 'MainThread': missing ScriptRunContext! This warning can be ignored when running in bare mode.
2026-10-09 17:22:15.195 Thread 'MainThread': missing ScriptRunContext! This warning can be ignored when running in bare mode.
2026-10-09 17:22:15.195 Thread 'MainThread': missing ScriptRunContext! This warning can be ignored when running in bare mode.
2026-10-09 17:22:15.195 Thread 'MainThread': missing ScriptRunContext! This warning can be ignored when running in bare mode.
2026-10-09 17:22:15.195 Thread 'MainThread': missing ScriptRunContext! This warning can be ignored when running in bare mode.
2026-10-09 17:22:15.195 Thread 'MainThread': missing ScriptRunContext! This warning can be ignored when running in bare mode.
2026-10-09 17:22:15.195 Thread 'MainThread': missing ScriptRunContext! This warning can be ignored when running in bare mode.
2026-10-09 17:22:15.195 Thread 'MainThread': missing ScriptRunContext! This warning can be ignored when running in bare mode.
2026-10-09 17:22:15.195 Thread 'MainThread': missing ScriptRunContext! This warning can be ignored when running in bare mode.
2026-10-09 17:22:15.195 Thread 'MainThread': missing ScriptRunContext! This warning can be ignored when running in bare mode.
2026-10-09 17:22:15.195 Thread 'MainThread': missing ScriptRunContext! This warning can be ignored when running in bare mode.
2026-10-09 17:22:15.195 Thread 'MainThread': missing ScriptRunContext! This warning can be ignored when running in bare mode.
2026-10-09 17:22:15.195 Thread 'MainThread': missing ScriptRunContext! This warning can be ignored when running in bare mode.
2026-10-09 17:22:15.195 Thread 'MainThread': missing ScriptRunContext! This warning can be ignored when running in bare mode.
2026-10-09 17:22:15.195 Thread 'MainThread': missing ScriptRunContext! This warning can be ignored when running in bare mode.
2026-10-09 17:22:15.195 Thread 'MainThread': missing ScriptRunContext! This warning can be ignored when running in bare mode.
2026-10-09 17:22:15.195 Thread 'MainThread': missing ScriptRunContext! This warning can be ignored when running in bare mode.
2026-10-09 17:22:15.195 Thread 'MainThread': missing ScriptRunContext! This warning can be ignored when running in bare mode.
2026-10-09 17:22:15.195 Thread 'MainThread': missing ScriptRunContext! This warning can be ignored when running in bare mode.
2026-10-09 17:22:15.195 Thread 'MainThread': missing ScriptRunContext! This warning can be ignored when running in bare mode.
2026-10-09 17:22:15.195 Thread 'MainThread': missing ScriptRunContext! This warning can be ignored when running in bare mode.
2026-10-09 17:22:15.195 Thread 'MainThread': missing ScriptRunContext! This warning can be ignored when running in bare mode.
2026-10-09 17:22:15.196 Thread 'MainThread': missing ScriptRunContext! This warning can be ignored when running in bare mode.
2026-10-09 17:22:15.196 Thread 'MainThread': missing ScriptRunContext! This warning can be ignored when running in bare mode.
2026-10-09 17:22:15.196 Thread 'MainThread': missing ScriptRunContext! This warning can be ignored when running in bare mode.
2026-10-09 17:22:15.196 Thread 'MainThread': missing ScriptRunContext! This warning can be ignored when running in bare mode.
2026-10-09 17:22:15.196 Thread 'MainThread': missing ScriptRunContext! This warning can be ignored when running in bare mode.
2026-10-09 17:22:15.196 Thread 'MainThread': missing ScriptRunContext! This warning can be ignored when running in bare mode.
2026-10-09 17:22:15.196 Thread 'MainThread': missing ScriptRunContext! This warning can be ignored when running in bare mode.
2026-10-09 17:22:15.196 Thread 'MainThread': missing ScriptRunContext! This warning can be ignored when running in bare mode.
2026-10-09 17:22:15.196 Thread 'MainThread': missing ScriptRunContext! This warning can be ignored when running in bare mode.
2026-10-09 17:22:15.196 Thread 'MainThread': missing ScriptRunContext! This warning can be ignored when running in bare mode.
2026-10-09 17:22:15.196 Thread 'MainThread': missing ScriptRunContext! This warning can be ignored when running in bare mode.
2026-10-09 17:22:15.196 Thread 'MainThread': missing ScriptRunContext! This warning can be ignored when running in bare mode.
2026-10-09 17:22:15.196 Thread 'MainThread': missing ScriptRunContext! This warning can be ignored when running in bare mode.
2026-10-09 17:22:15.196 Thread 'MainThread': missing ScriptRunContext! This warning can be ignored when running in bare mode.
2026-10-09 17:22:15.196 Thread 'MainThread': missing ScriptRunContext! This warning can be ignored when running in bare mode.
2026-10-09 17:22:15.196 Thread 'MainThread': missing ScriptRunContext! This warning can be ignored when running in bare mode.
2026-10-09 17:22:15.196 Thread 'MainThread': missing ScriptRunContext! This warning can be ignored when running in bare mode.
2026-10-09 17:22:15.196 Thread 'MainThread': missing ScriptRunContext! This warning can be ignored when running in bare mode.
2026-10-09 17:22:15.200 Thread 'MainThread': missing ScriptRunContext! This warning can be ignored when running in bare mode.
2026-10-09 17:22:15.203 Thread 'MainThread': missing ScriptRunContext! This warning can be ignored when running in bare mode.
2026-10-09 17:22:19.281 Thread 'MainThread': missing ScriptRunContext! This warning can be ignored when running in bare mode.
2026-10-09 17:22:19.283 Thread 'MainThread': missing ScriptRunContext! This warning can be ignored when running in bare mode.
2026-10-09 17:22:19.283 Thread 'MainThread': missing ScriptRunContext! This warning can be ignored when running in bare mode.
2026-10-09 17:22:19.283 Thread 'MainThread': missing ScriptRunContext! This warning can be ignored when running in bare mode.
2026-10-09 17:22:19.283 Thread 'MainThread': missing ScriptRunContext! This warning can be ignored when running in bare mode.
2026-10-09 17:22:19.284 Thread 'MainThread': missing ScriptRunContext! This warning can be ignored when running in bare mode.
2026-10-09 17:22:19.284 Thread 'MainThread': missing ScriptRunContext! This warning can be ignored when running in bare mode.
2026-10-09 17:22:19.284 Thread 'MainThread': missing ScriptRunContext! This warning can be ignored when running in bare mode.
2026-10-09 17:22:19.284 Thread 'MainThread': missing ScriptRunContext! This warning can be ignored when running in bare mode.
2026-10-09 17:22:19.284 Thread 'MainThread': missing ScriptRunContext! This warning can be ignored when running in bare mode.
2026-10-09 17:22:19.284 Thread 'MainThread': missing ScriptRunContext! This warning can be ignored when running in bare mode.
2026-10-09 17:22:19.284 Thread 'MainThread': missing ScriptRunContext! This warning can be ignored when running in bare mode.
2026-10-09 17:22:19.284 Thread 'MainThread': missing ScriptRunContext! This warning can be ignored when running in bare mode.
2026-10-09 17:22:19.284 Thread 'MainThread': missing ScriptRunContext! This warning can be ignored when running in bare mode.
2026-10-09 17:22:19.284 Thread 'MainThread': missing ScriptRunContext! This warning can be ignored when running in bare mode.
2026-10-09 17:22:19.284 Thread 'MainThread': missing ScriptRunContext! This warning can be ignored when running in bare mode.
2026-10-09 17:22:19.284 Thread 'MainThread': missing ScriptRunContext! This warning can be ignored when running in bare mode.
2026-10-09 17:22:19.284 Thread 'MainThread': missing ScriptRunContext! This warning can be ignored when running in bare mode.
2026-10-09 17:22:19.284 Thread 'MainThread': missing ScriptRunContext! This warning can be ignored when running in bare mode.
2026-10-09 17:22:19.284 Thread 'MainThread': missing ScriptRunContext! This warning can be ignored when running in bare mode.
2026-10-09 17:22:19.284 Thread 'MainThread': missing ScriptRunContext! This warning can be ignored when running in bare mode.
2026-10-09 17:22:19.284 Thread 'MainThread': missing ScriptRunContext! This warning can be ignored when running in bare mode.
2026-10-09 17:22:19.285 Thread 'MainThread': missing ScriptRunContext! This warning can be ignored when running in bare mode.
2026-10-09 17:22:19.285 Thread 'MainThread': missing ScriptRunContext! This warning can be ignored when running in bare mode.
2026-10-09 17:22:19.285 Thread 'MainThread': missing ScriptRunContext! This warning can be ignored when running in bare mode.
2026-10-09 17:22:19.285 Thread 'MainThread': missing ScriptRunContext! This warning can be ignored when running in bare mode.
2026-10-09 17:22:19.285 Thread 'MainThread': missing ScriptRunContext! This warning can be ignored when running in bare mode.
2026-10-09 17:22:19.285 Thread 'MainThread': missing ScriptRunContext! This warning can be ignored when running in bare mode.
2026-10-09 17:22:19.285 Thread 'MainThread': missing ScriptRunContext! This warning can be ignored when running in bare mode.
2026-10-09 17:22:19.285 Thread 'MainThread': missing ScriptRunContext! This warning can be ignored when running in bare mode.
2026-10-09 17:22:19.285 Thread 'MainThread': missing ScriptRunContext! This warning can be ignored when running in bare mode.
2026-10-09 17:22:19.285 Thread 'MainThread': missing ScriptRunContext! This warning can be ignored when running in bare mode.
2026-10-09 17:22:19.285 Thread 'MainThread': missing ScriptRunContext! This warning can be ignored when running in bare mode.
2026-10-09 17:22:19.285 Thread 'MainThread': missing ScriptRunContext! This warning can be ignored when running in bare mode.
2026-10-09 17:22:19.285 Thread 'MainThread': missing ScriptRunContext! This warning can be ignored when running in bare mode.
2026-10-09 17:22:19.285 Thread 'MainThread': missing ScriptRunContext! This warning can be ignored when running in bare mode.
2026-10-09 17:22:19.285 Thread 'MainThread': missing ScriptRunContext! This warning can be ignored when running in bare mode.
2026-10-09 17:22:19.285 Thread 'MainThread': missing ScriptRunContext! This warning can be ignored when running in bare mode.
2026-10-09 17:22:19.286 Thread 'MainThread': missing ScriptRunContext! This warning can be ignored when running in bare mode.
2026-10-09 17:22:19.286 Thread 'MainThread': missing ScriptRunContext! This warning can be ignored when running in bare mode.
2026-10-09 17:22:19.286 Thread 'MainThread': missing ScriptRunContext! This warning can be ignored when running in bare mode.
2026-10-09 17:22:19.286 Thread 'MainThread': missing ScriptRunContext! This warning can be ignored when running in bare mode.
2026-10-09 17:22:19.286 Thread 'MainThread': missing ScriptRunContext! This warning can be ignored when running in bare mode.
2026-10-09 17:22:19.286 Thread 'MainThread': missing ScriptRunContext! This warning can be ignored when running in bare mode.
2026-10-09 17:22:19.286 Thread 'MainThread': missing ScriptRunContext! This warning can be ignored when running in bare mode.
2026-10-09 17:22:19.286 Thread 'MainThread': missing ScriptRunContext! This warning can be ignored when running in bare mode.
2026-10-09 17:22:23.384 Thread 'MainThread': missing ScriptRunContext! This warning can be ignored when running in bare mode.
2026-10-09 17:22:23.387 Thread 'MainThread': missing ScriptRunContext! This warning can be ignored when running in bare mode.
2026-10-09 17:22:23.387 Thread 'MainThread': missing ScriptRunContext! This warning can be ignored when running in bare mode.
2026-10-09 17:22:23.387 Thread 'MainThread': missing ScriptRunContext! This warning can be ignored when running in bare mode.
2026-10-09 17:22:23.387 Thread 'MainThread': missing ScriptRunContext! This warning can be ignored when running in bare mode.
2026-10-09 17:22:23.387 Thread 'MainThread': missing ScriptRunContext! This warning can be ignored when running in bare mode.
2026-10-09 17:22:23.387 Thread 'MainThread': missing ScriptRunContext! This warning can be ignored when running in bare mode.
2026-10-09 17:22:23.387 Thread 'MainThread': missing ScriptRunContext! This warning can be ignored when running in bare mode.
2026-10-09 17:22:23.387 Thread 'MainThread': missing ScriptRunContext! This warning can be ignored when running in bare mode.
2026-10-09 17:22:23.387 Thread 'MainThread': missing ScriptRunContext! This warning can be ignored when running in bare mode.
2026-10-09 17:22:23.387 Thread 'MainThread': missing ScriptRunContext! This warning can be ignored when running in bare mode.
2026-10-09 17:22:23.387 Thread 'MainThread': missing ScriptRunContext! This warning can be ignored when running in bare mode.
2026-10-09 17:22:23.388 Thread 'MainThread': missing ScriptRunContext! This warning can be ignored when running in bare mode.
2026-10-09 17:22:23.388 Thread 'MainThread': missing ScriptRunContext! This warning can be ignored when running in bare mode.
2026-10-09 17:22:23.388 Thread 'MainThread': missing ScriptRunContext! This warning can be ignored when running in bare mode.
2026-10-09 17:22:23.388 Thread 'MainThread': missing ScriptRunContext! This warning can be ignored when running in bare mode.
2026-10-09 17:22:23.388 Thread 'MainThread': missing ScriptRunContext! This warning can be ignored when running in bare mode.
2026-10-09 17:22:23.388 Thread 'MainThread': missing ScriptRunContext! This warning can be ignored when running in bare mode.
2026-10-09 17:22:23.388 Thread 'MainThread': missing ScriptRunContext! This warning can be ignored when running in bare mode.
2026-10-09 17:22:23.388 Thread 'MainThread': missing ScriptRunContext! This warning can be ignored when running in bare mode.
2026-10-09 17:22:23.388 Thread 'MainThread': missing ScriptRunContext! This warning can be ignored when running in bare mode.
2026-10-09 17:22:23.388 Thread 'MainThread': missing ScriptRunContext! This warning can be ignored when running in bare mode.
2026-10-09 17:22:23.388 Thread 'MainThread': missing ScriptRunContext! This warning can be ignored when running in bare mode.
2026-10-09 17:22:23.388 Thread 'MainThread': missing ScriptRunContext! This warning can be ignored when running in bare mode.
2026-10-09 17:22:23.388 Thread 'MainThread': missing ScriptRunContext! This warning can be ignored when running in bare mode.
2026-10-09 17:22:23.388 Thread 'MainThread': missing ScriptRunContext! This warning can be ignored when running in bare mode.
2026-10-09 17:22:23.388 Thread 'MainThread': missing ScriptRunContext! This warning can be ignored when running in bare mode.
2026-10-09 17:22:23.388 Thread 'MainThread': missing ScriptRunContext! This warning can be ignored when running in bare mode.
2026-10-09 17:22:23.388 Thread 'MainThread': missing ScriptRunContext! This warning can be ignored when running in bare mode.
2026-10-09 17:22:23.389 Thread 'MainThread': missing ScriptRunContext! This warning can be ignored when running in bare mode.
2026-10-09 17:22:23.389 Thread 'MainThread': missing ScriptRunContext! This warning can be ignored when running in bare mode.
2026-10-09 17:22:23.389 Thread 'MainThread': missing ScriptRunContext! This warning can be ignored when running in bare mode.
2026-10-09 17:22:23.389 Thread 'MainThread': missing ScriptRunContext! This warning can be ignored when running in bare mode.
2026-10-09 17:22:23.389 Thread 'MainThread': missing ScriptRunContext! This warning can be ignored when running in bare mode.
2026-10-09 17:22:23.389 Thread 'MainThread': missing ScriptRunContext! This warning can be ignored when running in bare mode.
2026-10-09 17:22:23.389 Thread 'MainThread': missing ScriptRunContext! This warning can be ignored when running in bare mode.
2026-10-09 17:22:23.389 Thread 'MainThread': missing ScriptRunContext! This warning can be ignored when running in bare mode.
2026-10-09 17:22:23.389 Thread 'MainThread': missing ScriptRunContext! This warning can be ignored when running in bare mode.
2026-10-09 17:22:23.389 Thread 'MainThread': missing ScriptRunContext! This warning can be ignored when running in bare mode.
2026-10-09 17:22:23.389 Thread 'MainThread': missing ScriptRunContext! This warning can be ignored when running in bare mode.
2026-10-09 17:22:23.389 Thread 'MainThread': missing ScriptRunContext! This warning can be ignored when running in bare mode.
2026-10-09 17:22:23.389 Thread 'MainThread': missing ScriptRunContext! This warning can be ignored when running in bare mode.
2026-10-09 17:22:23.389 Thread 'MainThread': missing ScriptRunContext! This warning can be ignored when running in bare mode.
2026-10-09 17:22:23.389 Thread 'MainThread': missing ScriptRunContext! This warning can be ignored when running in bare mode.
2026-10-09 17:22:23.389 Thread 'MainThread': missing ScriptRunContext! This warning can be ignored when running in bare mode.
2026-10-09 17:22:23.390 Thread 'MainThread': missing ScriptRunContext! This warning can be ignored when running in bare mode.
2026-10-09 17:22:23.398 Thread 'MainThread': missing ScriptRunContext! This warning can be ignored when running in bare mode.
2026-10-09 17:22:23.403 Thread 'MainThread': missing ScriptRunContext! This warning can be ignored when running in bare mode.
2026-10-09 17:22:23.411 Thread 'MainThread': missing ScriptRunContext! This warning can be ignored when running in bare mode.
2026-10-09 17:22:23.418 Thread 'MainThread': missing ScriptRunContext! This warning can be ignored when running in bare mode.
2026-10-09 17:22:23.426 Thread 'MainThread': missing ScriptRunContext! This warning can be ignored when running in bare mode.
2026-10-09 17:22:23.433 Thread 'MainThread': missing ScriptRunContext! This warning can be ignored when running in bare mode.
2026-10-09 17:22:23.440 Thread 'MainThread': missing ScriptRunContext! This warning can be ignored when running in bare mode.
2026-10-09 17:22:23.448 Thread 'MainThread': missing ScriptRunContext! This warning can be ignored when running in bare mode.
2026-10-09 17:22:23.455 Thread 'MainThread': missing ScriptRunContext! This warning can be ignored when running in bare mode.
2026-10-09 17:22:23.463 Thread 'MainThread': missing ScriptRunContext! This warning can be ignored when running in bare mode.
2026-10-09 17:22:23.471 Thread 'MainThread': missing ScriptRunContext! This warning can be ignored when running in bare mode.
2026-10-09 17:22:23.478 Thread 'MainThread': missing ScriptRunContext! This warning can be ignored when running in bare mode.
2026-10-09 17:22:23.486 Thread 'MainThread': missing ScriptRunContext! This warning can be ignored when running in bare mode.
2026-10-09 17:22:23.493 Thread 'MainThread': missing ScriptRunContext! This warning can be ignored when running in bare mode.
2026-10-09 17:22:23.500 Thread 'MainThread': missing ScriptRunContext! This warning can be ignored when running in bare mode.
2026-10-09 17:22:23.507 Thread 'MainThread': missing ScriptRunContext! This warning can be ignored when running in bare mode.
2026-10-09 17:22:23.515 Thread 'MainThread': missing ScriptRunContext! This warning can be ignored when running in bare mode.
2026-10-09 17:22:23.523 Thread 'MainThread': missing ScriptRunContext! This warning can be ignored when running in bare mode.
2026-10-09 17:22:23.530 Thread 'MainThread': missing ScriptRunContext! This warning can be ignored when running in bare mode.
2026-10-09 17:22:23.538 Thread 'MainThread': missing ScriptRunContext! This warning can be ignored when running in bare mode.
2026-10-09 17:22:23.545 Thread 'MainThread': missing ScriptRunContext! This warning can be ignored when running in bare mode.
2026-10-09 17:22:23.553 Thread 'MainThread': missing ScriptRunContext! This warning can be ignored when running in bare mode.
2026-10-09 17:22:23.560 Thread 'MainThread': missing ScriptRunContext! This warning can be ignored when running in bare mode.
2026-10-09 17:22:23.569 Thread 'MainThread': missing ScriptRunContext! This warning can be ignored when running in bare mode.
2026-10-09 17:22:23.576 Thread 'MainThread': missing ScriptRunContext! This warning can be ignored when running in bare mode.
2026-10-09 17:22:23.584 Thread 'MainThread': missing ScriptRunContext! This warning can be ignored when running in bare mode.
2026-10-09 17:22:23.591 Thread 'MainThread': missing ScriptRunContext! This warning can be ignored when running in bare mode.
2026-10-09 17:22:23.599 Thread 'MainThread': missing ScriptRunContext! This warning can be ignored when running in bare mode.
2026-10-09 17:22:23.606 Thread 'MainThread': missing ScriptRunContext! This warning can be ignored when running in bare mode.
2026-10-09 17:22:23.614 Thread 'MainThread': missing ScriptRunContext! This warning can be ignored when running in bare mode.
2026-10-09 17:22:23.622 Thread 'MainThread': missing ScriptRunContext! This warning can be ignored when running in bare mode.
2026-10-09 17:22:23.629 Thread 'MainThread': missing ScriptRunContext! This warning can be ignored when running in bare mode.
2026-10-09 17:22:23.636 Thread 'MainThread': missing ScriptRunContext! This warning can be ignored when running in bare mode.
2026-10-09 17:22:23.644 Thread 'MainThread': missing ScriptRunContext! This warning can be ignored when running in bare mode.
2026-10-09 17:22:23.652 Thread 'MainThread': missing ScriptRunContext! This warning can be ignored when running in bare mode.
2026-10-09 17:22:23.659 Thread 'MainThread': missing ScriptRunContext! This warning can be ignored when running in bare mode.
2026-10-09 17:22:23.667 Thread 'MainThread': missing ScriptRunContext! This warning can be ignored when running in bare mode.
2026-10-09 17:22:23.675 Thread 'MainThread': missing ScriptRunContext! This warning can be ignored when running in bare mode.
2026-10-09 17:22:23.682 Thread 'MainThread': missing ScriptRunContext! This warning can be ignored when running in bare mode.
2026-10-09 17:22:23.690 Thread 'MainThread': missing ScriptRunContext! This warning can be ignored when running in bare mode.
2026-10-09 17:22:23.738 Thread 'MainThread': missing ScriptRunContext! This warning can be ignored when running in bare mode.
2026-10-09 17:22:23.740 Thread 'MainThread': missing ScriptRunContext! This warning can be ignored when running in bare mode.
2026-10-09 17:22:23.740 Thread 'MainThread': missing ScriptRunContext! This warning can be ignored when running in bare mode.
2026-10-09 17:22:23.740 Thread 'MainThread': missing ScriptRunContext! This warning can be ignored when running in bare mode.
2026-10-09 17:22:23.741 Thread 'MainThread': missing ScriptRunContext! This warning can be ignored when running in bare mode.
2026-10-09 17:22:23.741 Thread 'MainThread': missing ScriptRunContext! This warning can be ignored when running in bare mode.
2026-10-09 17:22:23.741 Thread 'MainThread': missing ScriptRunContext! This warning can be ignored when running in bare mode.
2026-10-09 17:22:23.741 Thread 'MainThread': missing ScriptRunContext! This warning can be ignored when running in bare mode.
2026-10-09 17:22:23.741 Thread 'MainThread': missing ScriptRunContext! This warning can be ignored when running in bare mode.
2026-10-09 17:22:23.741 Thread 'MainThread': missing ScriptRunContext! This warning can be ignored when running in bare mode.
2026-10-09 17:22:23.741 Thread 'MainThread': missing ScriptRunContext! This warning can be ignored when running in bare mode.
2026-10-09 17:22:23.741 Thread 'MainThread': missing ScriptRunContext! This warning can be ignored when running in bare mode.
2026-10-09 17:22:23.741 Thread 'MainThread': missing ScriptRunContext! This warning can be ignored when running in bare mode.
2026-10-09 17:22:23.741 Thread 'MainThread': missing ScriptRunContext! This warning can be ignored when running in bare mode.
2026-10-09 17:22:23.741 Thread 'MainThread': missing ScriptRunContext! This warning can be ignored when running in bare mode.
2026-10-09 17:22:23.741 Thread 'MainThread': missing ScriptRunContext! This warning can be ignored when running in bare mode.
2026-10-09 17:22:23.741 Thread 'MainThread': missing ScriptRunContext! This warning can be ignored when running in bare mode.
2026-10-09 17:22:23.741 Thread 'MainThread': missing ScriptRunContext! This warning can be ignored when running in bare mode.
2026-10-09 17:22:23.741 Thread 'MainThread': missing ScriptRunContext! This warning can be ignored when running in bare mode.
2026-10-09 17:22:23.741 Thread 'MainThread': missing ScriptRunContext! This warning can be ignored when running in bare mode.
2026-10-09 17:22:23.741 Thread 'MainThread': missing ScriptRunContext! This warning can be ignored when running in bare mode.
2026-10-09 17:22:23.741 Thread 'MainThread': missing ScriptRunContext! This warning can be ignored when running in bare mode.
2026-10-09 17:22:23.741 Thread 'MainThread': missing ScriptRunContext! This warning can be ignored when running in bare mode.
2026-10-09 17:22:23.741 Thread 'MainThread': missing ScriptRunContext! This warning can be ignored when running in bare mode.
2026-10-09 17:22:23.742 Thread 'MainThread': missing ScriptRunContext! This warning can be ignored when running in bare mode.
2026-10-09 17:22:23.742 Thread 'MainThread': missing ScriptRunContext! This warning can be ignored when running in bare mode.
2026-10-09 17:22:23.742 Thread 'MainThread': missing ScriptRunContext! This warning can be ignored when running in bare mode.
2026-10-09 17:22:23.742 Thread 'MainThread': missing ScriptRunContext! This warning can be ignored when running in bare mode.
2026-10-09 17:22:23.742 Thread 'MainThread': missing ScriptRunContext! This warning can be ignored when running in bare mode.
2026-10-09 17:22:23.742 Thread 'MainThread': missing ScriptRunContext! This warning can be ignored when running in bare mode.
2026-10-09 17:22:23.742 Thread 'MainThread': missing ScriptRunContext! This warning can be ignored when running in bare mode.
2026-10-09 17:22:23.742 Thread 'MainThread': missing ScriptRunContext! This warning can be ignored when running in bare mode.
2026-10-09 17:22:23.742 Thread 'MainThread': missing ScriptRunContext! This warning can be ignored when running in bare mode.
2026-10-09 17:22:23.742 Thread 'MainThread': missing ScriptRunContext! This warning can be ignored when running in bare mode.
2026-10-09 17:22:23.742 Thread 'MainThread': missing ScriptRunContext! This warning can be ignored when running in bare mode.
2026-10-09 17:22:23.742 Thread 'MainThread': missing ScriptRunContext! This warning can be ignored when running in bare mode.
2026-10-09 17:22:23.742 Thread 'MainThread': missing ScriptRunContext! This warning can be ignored when running in bare mode.
2026-10-09 17:22:23.742 Thread 'MainThread': missing ScriptRunContext! This warning can be ignored when running in bare mode.
2026-10-09 17:22:23.742 Thread 'MainThread': missing ScriptRunContext! This warning can be ignored when running in bare mode.
2026-10-09 17:22:23.742 Thread 'MainThread': missing ScriptRunContext! This warning can be ignored when running in bare mode.
2026-10-09 17:22:23.742 Thread 'MainThread': missing ScriptRunContext! This warning can be ignored when running in bare mode.
2026-10-09 17:22:23.742 Thread 'MainThread': missing ScriptRunContext! This warning can be ignored when running in bare mode.
2026-10-09 17:22:23.742 Thread 'MainThread': missing ScriptRunContext! This warning can be ignored when running in bare mode.
2026-10-09 17:22:23.742 Thread 'MainThread': missing ScriptRunContext! This warning can be ignored when running in bare mode.
2026-10-09 17:22:23.742 Thread 'MainThread': missing ScriptRunContext! This warning can be ignored when running in bare mode.
2026-10-09 17:22:23.742 Thread 'MainThread': missing ScriptRunContext! This warning can be ignored when running in bare mode.
2026-10-09 17:22:23.801 Thread 'MainThread': missing ScriptRunContext! This warning can be ignored when running in bare mode.
2026-10-09 17:22:23.803 Thread 'MainThread': missing ScriptRunContext! This warning can be ignored when running in bare mode.
2026-10-09 17:22:23.803 Thread 'MainThread': missing ScriptRunContext! This warning can be ignored when running in bare mode.
2026-10-09 17:22:23.803 Thread 'MainThread': missing ScriptRunContext! This warning can be ignored when running in bare mode.
2026-10-09 17:22:23.803 Thread 'MainThread': missing ScriptRunContext! This warning can be ignored when running in bare mode.
2026-10-09 17:22:23.803 Thread 'MainThread': missing ScriptRunContext! This warning can be ignored when running in bare mode.
2026-10-09 17:22:23.803 Thread 'MainThread': missing ScriptRunContext! This warning can be ignored when running in bare mode.
2026-10-09 17:22:23.803 Thread 'MainThread': missing ScriptRunContext! This warning can be ignored when running in bare mode.
2026-10-09 17:22:23.804 Thread 'MainThread': missing ScriptRunContext! This warning can be ignored when running in bare mode.
2026-10-09 17:22:23.804 Thread 'MainThread': missing ScriptRunContext! This warning can be ignored when running in bare mode.
2026-10-09 17:22:23.804 Thread 'MainThread': missing ScriptRunContext! This warning can be ignored when running in bare mode.
2026-10-09 17:22:23.804 Thread 'MainThread': missing ScriptRunContext! This warning can be ignored when running in bare mode.
2026-10-09 17:22:23.804 Thread 'MainThread': missing ScriptRunContext! This warning can be ignored when running in bare mode.
2026-10-09 17:22:23.804 Thread 'MainThread': missing ScriptRunContext! This warning can be ignored when running in bare mode.
2026-10-09 17:22:23.804 Thread 'MainThread': missing ScriptRunContext! This warning can be ignored when running in bare mode.
2026-10-09 17:22:23.804 Thread 'MainThread': missing ScriptRunContext! This warning can be ignored when running in bare mode.
2026-10-09 17:22:23.804 Thread 'MainThread': missing ScriptRunContext! This warning can be ignored when running in bare mode.
2026-10-09 17:22:23.804 Thread 'MainThread': missing ScriptRunContext! This warning can be ignored when running in bare mode.
2026-10-09 17:22:23.804 Thread 'MainThread': missing ScriptRunContext! This warning can be ignored when running in bare mode.
2026-10-09 17:22:23.804 Thread 'MainThread': missing ScriptRunContext! This warning can be ignored when running in bare mode.
2026-10-09 17:22:23.804 Thread 'MainThread': missing ScriptRunContext! This warning can be ignored when running in bare mode.
2026-10-09 17:22:23.804 Thread 'MainThread': missing ScriptRunContext! This warning can be ignored when running in bare mode.
2026-10-09 17:22:23.804 Thread 'MainThread': missing ScriptRunContext! This warning can be ignored when running in bare mode.
2026-10-09 17:22:23.804 Thread 'MainThread': missing ScriptRunContext! This warning can be ignored when running in bare mode.
2026-10-09 17:22:23.804 Thread 'MainThread': missing ScriptRunContext! This warning can be ignored when running in bare mode.
2026-10-09 17:22:23.804 Thread 'MainThread': missing ScriptRunContext! This warning can be ignored when running in bare mode.
2026-10-09 17:22:23.804 Thread 'MainThread': missing ScriptRunContext! This warning can be ignored when running in bare mode.
2026-10-09 17:22:23.804 Thread 'MainThread': missing ScriptRunContext! This warning can be ignored when running in bare mode.
2026-10-09 17:22:23.804 Thread 'MainThread': missing ScriptRunContext! This warning can be ignored when running in bare mode.
2026-10-09 17:22:23.804 Thread 'MainThread': missing ScriptRunContext! This warning can be ignored when running in bare mode.
2026-10-09 17:22:23.804 Thread 'MainThread': missing ScriptRunContext! This warning can be ignored when running in bare mode.
2026-10-09 17:22:23.804 Thread 'MainThread': missing ScriptRunContext! This warning can be ignored when running in bare mode.
2026-10-09 17:22:23.805 Thread 'MainThread': missing ScriptRunContext! This warning can be ignored when running in bare mode.
2026-10-09 17:22:23.805 Thread 'MainThread': missing ScriptRunContext! This warning can be ignored when running in bare mode.
2026-10-09 17:22:23.805 Thread 'MainThread': missing ScriptRunContext! This warning can be ignored when running in bare mode.
2026-10-09 17:22:23.805 Thread 'MainThread': missing ScriptRunContext! This warning can be ignored when running in bare mode.
2026-10-09 17:22:23.805 Thread 'MainThread': missing ScriptRunContext! This warning can be ignored when running in bare mode.
2026-10-09 17:22:23.805 Thread 'MainThread': missing ScriptRunContext! This warning can be ignored when running in bare mode.
2026-10-09 17:22:23.805 Thread 'MainThread': missing ScriptRunContext! This warning can be ignored when running in bare mode.
2026-10-09 17:22:23.805 Thread 'MainThread': missing ScriptRunContext! This warning can be ignored when running in bare mode.
2026-10-09 17:22:23.805 Thread 'MainThread': missing ScriptRunContext! This warning can be ignored when running in bare mode.
2026-10-09 17:22:23.805 Thread 'MainThread': missing ScriptRunContext! This warning can be ignored when running in bare mode.
2026-10-09 17:22:23.805 Thread 'MainThread': missing ScriptRunContext! This warning can be ignored when running in bare mode.
2026-10-09 17:22:23.805 Thread 'MainThread': missing ScriptRunContext! This warning can be ignored when running in bare mode.
2026-10-09 17:22:23.805 Thread 'MainThread': missing ScriptRunContext! This warning can be ignored when running in bare mode.
2026-10-09 17:22:23.805 Thread 'MainThread': missing ScriptRunContext! This warning can be ignored when running in bare mode.
2026-10-09 17:22:23.852 Thread 'MainThread': missing ScriptRunContext! This warning can be ignored when running in bare mode.
2026-10-09 17:22:23.854 Thread 'MainThread': missing ScriptRunContext! This warning can be ignored when running in bare mode.
2026-10-09 17:22:23.854 Thread 'MainThread': missing ScriptRunContext! This warning can be ignored when running in bare mode.
2026-10-09 17:22:23.854 Thread 'MainThread': missing ScriptRunContext! This warning can be ignored when running in bare mode.
2026-10-09 17:22:23.854 Thread 'MainThread': missing ScriptRunContext! This warning can be ignored when running in bare mode.
2026-10-09 17:22:23.854 Thread 'MainThread': missing ScriptRunContext! This warning can be ignored when running in bare mode.
2026-10-09 17:22:23.854 Thread 'MainThread': missing ScriptRunContext! This warning can be ignored when running in bare mode.
2026-10-09 17:22:23.854 Thread 'MainThread': missing ScriptRunContext! This warning can be ignored when running in bare mode.
2026-10-09 17:22:23.854 Thread 'MainThread': missing ScriptRunContext! This warning can be ignored when running in bare mode.
2026-10-09 17:22:23.854 Thread 'MainThread': missing ScriptRunContext! This warning can be ignored when running in bare mode.
2026-10-09 17:22:23.855 Thread 'MainThread': missing ScriptRunContext! This warning can be ignored when running in bare mode.
2026-10-09 17:22:23.855 Thread 'MainThread': missing ScriptRunContext! This warning can be ignored when running in bare mode.
2026-10-09 17:22:23.855 Thread 'MainThread': missing ScriptRunContext! This warning can be ignored when running in bare mode.
2026-10-09 17:22:23.855 Thread 'MainThread': missing ScriptRunContext! This warning can be ignored when running in bare mode.
2026-10-09 17:22:23.855 Thread 'MainThread': missing ScriptRunContext! This warning can be ignored when running in bare mode.
2026-10-09 17:22:23.855 Thread 'MainThread': missing ScriptRunContext! This warning can be ignored when running in bare mode.
2026-10-09 17:22:23.855 Thread 'MainThread': missing ScriptRunContext! This warning can be ignored when running in bare mode.
2026-10-09 17:22:23.855 Thread 'MainThread': missing ScriptRunContext! This warning can be ignored when running in bare mode.
2026-10-09 17:22:23.855 Thread 'MainThread': missing ScriptRunContext! This warning can be ignored when running in bare mode.
2026-10-09 17:22:23.855 Thread 'MainThread': missing ScriptRunContext! This warning can be ignored when running in bare mode.
2026-10-09 17:22:23.855 Thread 'MainThread': missing ScriptRunContext! This warning can be ignored when running in bare mode.
2026-10-09 17:22:23.855 Thread 'MainThread': missing ScriptRunContext! This warning can be ignored when running in bare mode.
2026-10-09 17:22:23.855 Thread 'MainThread': missing ScriptRunContext! This warning can be ignored when running in bare mode.
2026-10-09 17:22:23.855 Thread 'MainThread': missing ScriptRunContext! This warning can be ignored when running in bare mode.
2026-10-09 17:22:23.855 Thread 'MainThread': missing ScriptRunContext! This warning can be ignored when running in bare mode.
2026-10-09 17:22:23.855 Thread 'MainThread': missing ScriptRunContext! This warning can be ignored when running in bare mode.
2026-10-09 17:22:23.855 Thread 'MainThread': missing ScriptRunContext! This warning can be ignored when running in bare mode.
2026-10-09 17:22:23.856 Thread 'MainThread': missing ScriptRunContext! This warning can be ignored when running in bare mode.
2026-10-09 17:22:23.856 Thread 'MainThread': missing ScriptRunContext! This warning can be ignored when running in bare mode.
2026-10-09 17:22:23.856 Thread 'MainThread': missing ScriptRunContext! This warning can be ignored when running in bare mode.
2026-10-09 17:22:23.856 Thread 'MainThread': missing ScriptRunContext! This warning can be ignored when running in bare mode.
2026-10-09 17:22:23.856 Thread 'MainThread': missing ScriptRunContext! This warning can be ignored when running in bare mode.
2026-10-09 17:22:23.856 Thread 'MainThread': missing ScriptRunContext! This warning can be ignored when running in bare mode.
2026-10-09 17:22:23.856 Thread 'MainThread': missing ScriptRunContext! This warning can be ignored when running in bare mode.
2026-10-09 17:22:23.856 Thread 'MainThread': missing ScriptRunContext! This warning can be ignored when running in bare mode.
2026-10-09 17:22:23.856 Thread 'MainThread': missing ScriptRunContext! This warning can be ignored when running in bare mode.
2026-10-09 17:22:23.856 Thread 'MainThread': missing ScriptRunContext! This warning can be ignored when running in bare mode.
2026-10-09 17:22:23.856 Thread 'MainThread': missing ScriptRunContext! This warning can be ignored when running in bare mode.
2026-10-09 17:22:23.856 Thread 'MainThread': missing ScriptRunContext! This warning can be ignored when running in bare mode.
2026-10-09 17:22:23.856 Thread 'MainThread': missing ScriptRunContext! This warning can be ignored when running in bare mode.
2026-10-09 17:22:23.856 Thread 'MainThread': missing ScriptRunContext! This warning can be ignored when running in bare mode.
2026-10-09 17:22:23.856 Thread 'MainThread': missing ScriptRunContext! This warning can be ignored when running in bare mode.
2026-10-09 17:22:23.856 Thread 'MainThread': missing ScriptRunContext! This warning can be ignored when running in bare mode.
2026-10-09 17:22:23.856 Thread 'MainThread': missing ScriptRunContext! This warning can be ignored when running in bare mode.
2026-10-09 17:22:23.856 Thread 'MainThread': missing ScriptRunContext! This warning can be ignored when running in bare mode.
2026-10-09 17:22:23.856 Thread 'MainThread': missing ScriptRunContext! This warning can be ignored when running in bare mode.
2026-10-09 17:22:23.904 Thread 'MainThread': missing ScriptRunContext! This warning can be ignored when running in bare mode.
2026-10-09 17:22:23.906 Thread 'MainThread': missing ScriptRunContext! This warning can be ignored when running in bare mode.
2026-10-09 17:22:23.906 Thread 'MainThread': missing ScriptRunContext! This warning can be ignored when running in bare mode.
2026-10-09 17:22:23.906 Thread 'MainThread': missing ScriptRunContext! This warning can be ignored when running in bare mode.
2026-10-09 17:22:23.906 Thread 'MainThread': missing ScriptRunContext! This warning can be ignored when running in bare mode.
2026-10-09 17:22:23.906 Thread 'MainThread': missing ScriptRunContext! This warning can be ignored when running in bare mode.
2026-10-09 17:22:23.906 Thread 'MainThread': missing ScriptRunContext! This warning can be ignored when running in bare mode.
2026-10-09 17:22:23.906 Thread 'MainThread': missing ScriptRunContext! This warning can be ignored when running in bare mode.
2026-10-09 17:22:23.906 Thread 'MainThread': missing ScriptRunContext! This warning can be ignored when running in bare mode.
2026-10-09 17:22:23.906 Thread 'MainThread': missing ScriptRunContext! This warning can be ignored when running in bare mode.
2026-10-09 17:22:23.907 Thread 'MainThread': missing ScriptRunContext! This warning can be ignored when running in bare mode.
2026-10-09 17:22:23.907 Thread 'MainThread': missing ScriptRunContext! This warning can be ignored when running in bare mode.
2026-10-09 17:22:23.907 Thread 'MainThread': missing ScriptRunContext! This warning can be ignored when running in bare mode.
2026-10-09 17:22:23.907 Thread 'MainThread': missing ScriptRunContext! This warning can be ignored when running in bare mode.
2026-10-09 17:22:23.907 Thread 'MainThread': missing ScriptRunContext! This warning can be ignored when running in bare mode.
2026-10-09 17:22:23.907 Thread 'MainThread': missing ScriptRunContext! This warning can be ignored when running in bare mode.
2026-10-09 17:22:23.907 Thread 'MainThread': missing ScriptRunContext! This warning can be ignored when running in bare mode.
2026-10-09 17:22:23.907 Thread 'MainThread': missing ScriptRunContext! This warning can be ignored when running in bare mode.
2026-10-09 17:22:23.907 Thread 'MainThread': missing ScriptRunContext! This warning can be ignored when running in bare mode.
2026-10-09 17:22:23.907 Thread 'MainThread': missing ScriptRunContext! This warning can be ignored when running in bare mode.
2026-10-09 17:22:23.907 Thread 'MainThread': missing ScriptRunContext! This warning can be ignored when running in bare mode.
2026-10-09 17:22:23.907 Thread 'MainThread': missing ScriptRunContext! This warning can be ignored when running in bare mode.
2026-10-09 17:22:23.907 Thread 'MainThread': missing ScriptRunContext! This warning can be ignored when running in bare mode.
2026-10-09 17:22:23.907 Thread 'MainThread': missing ScriptRunContext! This warning can be ignored when running in bare mode.
2026-10-09 17:22:23.907 Thread 'MainThread': missing ScriptRunContext! This warning can be ignored when running in bare mode.
2026-10-09 17:22:23.907 Thread 'MainThread': missing ScriptRunContext! This warning can be ignored when running in bare mode.
2026-10-09 17:22:23.908 Thread 'MainThread': missing ScriptRunContext! This warning can be ignored when running in bare mode.
2026-10-09 17:22:23.908 Thread 'MainThread': missing ScriptRunContext! This warning can be ignored when running in bare mode.
2026-10-09 17:22:23.908 Thread 'MainThread': missing ScriptRunContext! This warning can be ignored when running in bare mode.
2026-10-09 17:22:23.908 Thread 'MainThread': missing ScriptRunContext! This warning can be ignored when running in bare mode.
2026-10-09 17:22:23.908 Thread 'MainThread': missing ScriptRunContext! This warning can be ignored when running in bare mode.
2026-10-09 17:22:23.908 Thread 'MainThread': missing ScriptRunContext! This warning can be ignored when running in bare mode.
2026-10-09 17:22:23.908 Thread 'MainThread': missing ScriptRunContext! This warning can be ignored when running in bare mode.
2026-10-09 17:22:23.908 Thread 'MainThread': missing ScriptRunContext! This warning can be ignored when running in bare mode.
2026-10-09 17:22:23.908 Thread 'MainThread': missing ScriptRunContext! This warning can be ignored when running in bare mode.
2026-10-09 17:22:23.908 Thread 'MainThread': missing ScriptRunContext! This warning can be ignored when running in bare mode.
2026-10-09 17:22:23.908 Thread 'MainThread': missing ScriptRunContext! This warning can be ignored when running in bare mode.
2026-10-09 17:22:23.908 Thread 'MainThread': missing ScriptRunContext! This warning can be ignored when running in bare mode.
2026-10-09 17:22:23.908 Thread 'MainThread': missing ScriptRunContext! This warning can be ignored when running in bare mode.
2026-10-09 17:22:23.908 Thread 'MainThread': missing ScriptRunContext! This warning can be ignored when running in bare mode.
2026-10-09 17:22:23.908 Thread 'MainThread': missing ScriptRunContext! This warning can be ignored when running in bare mode.
2026-10-09 17:22:23.908 Thread 'MainThread': missing ScriptRunContext! This warning can be ignored when running in bare mode.
2026-10-09 17:22:23.908 Thread 'MainThread': missing ScriptRunContext! This warning can be ignored when running in bare mode.
2026-10-09 17:22:23.908 Thread 'MainThread': missing ScriptRunContext! This warning can be ignored when running in bare mode.
2026-10-09 17:22:23.909 Thread 'MainThread': missing ScriptRunContext! This warning can be ignored when running in bare mode.
2026-10-09 17:22:23.909 Thread 'MainThread': missing ScriptRunContext! This warning can be ignored when running in bare mode.
2026-10-09 17:22:23.955 Thread 'MainThread': missing ScriptRunContext! This warning can be ignored when running in bare mode.
2026-10-09 17:22:23.958 Thread 'MainThread': missing ScriptRunContext! This warning can be ignored when running in bare mode.
2026-10-09 17:22:23.958 Thread 'MainThread': missing ScriptRunContext! This warning can be ignored when running in bare mode.
2026-10-09 17:22:23.958 Thread 'MainThread': missing ScriptRunContext! This warning can be ignored when running in bare mode.
2026-10-09 17:22:23.958 Thread 'MainThread': missing ScriptRunContext! This warning can be ignored when running in bare mode.
2026-10-09 17:22:23.958 Thread 'MainThread': missing ScriptRunContext! This warning can be ignored when running in bare mode.
2026-10-09 17:22:23.958 Thread 'MainThread': missing ScriptRunContext! This warning can be ignored when running in bare mode.
2026-10-09 17:22:23.958 Thread 'MainThread': missing ScriptRunContext! This warning can be ignored when running in bare mode.
2026-10-09 17:22:23.958 Thread 'MainThread': missing ScriptRunContext! This warning can be ignored when running in bare mode.
2026-10-09 17:22:23.958 Thread 'MainThread': missing ScriptRunContext! This warning can be ignored when running in bare mode.
2026-10-09 17:22:23.958 Thread 'MainThread': missing ScriptRunContext! This warning can be ignored when running in bare mode.
2026-10-09 17:22:23.958 Thread 'MainThread': missing ScriptRunContext! This warning can be ignored when running in bare mode.
2026-10-09 17:22:23.958 Thread 'MainThread': missing ScriptRunContext! This warning can be ignored when running in bare mode.
2026-10-09 17:22:23.958 Thread 'MainThread': missing ScriptRunContext! This warning can be ignored when running in bare mode.
2026-10-09 17:22:23.958 Thread 'MainThread': missing ScriptRunContext! This warning can be ignored when running in bare mode.
2026-10-09 17:22:23.958 Thread 'MainThread': missing ScriptRunContext! This warning can be ignored when running in bare mode.
2026-10-09 17:22:23.958 Thread 'MainThread': missing ScriptRunContext! This warning can be ignored when running in bare mode.
2026-10-09 17:22:23.959 Thread 'MainThread': missing ScriptRunContext! This warning can be ignored when running in bare mode.
2026-10-09 17:22:23.959 Thread 'MainThread': missing ScriptRunContext! This warning can be ignored when running in bare mode.
2026-10-09 17:22:23.959 Thread 'MainThread': missing ScriptRunContext! This warning can be ignored when running in bare mode.
2026-10-09 17:22:23.959 Thread 'MainThread': missing ScriptRunContext! This warning can be ignored when running in bare mode.
2026-10-09 17:22:23.959 Thread 'MainThread': missing ScriptRunContext! This warning can be ignored when running in bare mode.
2026-10-09 17:22:23.959 Thread 'MainThread': missing ScriptRunContext! This warning can be ignored when running in bare mode.
2026-10-09 17:22:23.959 Thread 'MainThread': missing ScriptRunContext! This warning can be ignored when running in bare mode.
2026-10-09 17:22:23.959 Thread 'MainThread': missing ScriptRunContext! This warning can be ignored when running in bare mode.
2026-10-09 17:22:23.959 Thread 'MainThread': missing ScriptRunContext! This warning can be ignored when running in bare mode.
2026-10-09 17:22:23.959 Thread 'MainThread': missing ScriptRunContext! This warning can be ignored when running in bare mode.
2026-10-09 17:22:23.959 Thread 'MainThread': missing ScriptRunContext! This warning can be ignored when running in bare mode.
2026-10-09 17:22:23.959 Thread 'MainThread': missing ScriptRunContext! This warning can be ignored when running in bare mode.
2026-10-09 17:22:23.959 Thread 'MainThread': missing ScriptRunContext! This warning can be ignored when running in bare mode.
2026-10-09 17:22:23.959 Thread 'MainThread': missing ScriptRunContext! This warning can be ignored when running in bare mode.
2026-10-09 17:22:23.959 Thread 'MainThread': missing ScriptRunContext! This warning can be ignored when running in bare mode.
2026-10-09 17:22:23.959 Thread 'MainThread': missing ScriptRunContext! This warning can be ignored when running in bare mode.
2026-10-09 17:22:23.959 Thread 'MainThread': missing ScriptRunContext! This warning can be ignored when running in bare mode.
2026-10-09 17:22:23.960 Thread 'MainThread': missing ScriptRunContext! This warning can be ignored when running in bare mode.
2026-10-09 17:22:23.960 Thread 'MainThread': missing ScriptRunContext! This warning can be ignored when running in bare mode.
2026-10-09 17:22:23.960 Thread 'MainThread': missing ScriptRunContext! This warning can be ignored when running in bare mode.
2026-10-09 17:22:23.960 Thread 'MainThread': missing ScriptRunContext! This warning can be ignored when running in bare mode.
2026-10-09 17:22:23.960 Thread 'MainThread': missing ScriptRunContext! This warning can be ignored when running in bare mode.
2026-10-09 17:22:23.960 Thread 'MainThread': missing ScriptRunContext! This warning can be ignored when running in bare mode.
2026-10-09 17:22:23.960 Thread 'MainThread': missing ScriptRunContext! This warning can be ignored when running in bare mode.
2026-10-09 17:22:23.960 Thread 'MainThread': missing ScriptRunContext! This warning can be ignored when running in bare mode.
2026-10-09 17:22:23.960 Thread 'MainThread': missing ScriptRunContext! This warning can be ignored when running in bare mode.
2026-10-09 17:22:23.960 Thread 'MainThread': missing ScriptRunContext! This warning can be ignored when running in bare mode.
2026-10-09 17:22:23.960 Thread 'MainThread': missing ScriptRunContext! This warning can be ignored when running in bare mode.
2026-10-09 17:22:23.960 Thread 'MainThread': missing ScriptRunContext! This warning can be ignored when running in bare mode.
2026-10-09 17:22:24.008 Thread 'MainThread': missing ScriptRunContext! This warning can be ignored when running in bare mode.
2026-10-09 17:22:24.010 Thread 'MainThread': missing ScriptRunContext! This warning can be ignored when running in bare mode.
2026-10-09 17:22:24.010 Thread 'MainThread': missing ScriptRunContext! This warning can be ignored when running in bare mode.
2026-10-09 17:22:24.010 Thread 'MainThread': missing ScriptRunContext! This warning can be ignored when running in bare mode.
2026-10-09 17:22:24.010 Thread 'MainThread': missing ScriptRunContext! This warning can be ignored when running in bare mode.
2026-10-09 17:22:24.010 Thread 'MainThread': missing ScriptRunContext! This warning can be ignored when running in bare mode.
2026-10-09 17:22:24.010 Thread 'MainThread': missing ScriptRunContext! This warning can be ignored when running in bare mode.
2026-10-09 17:22:24.010 Thread 'MainThread': missing ScriptRunContext! This warning can be ignored when running in bare mode.
2026-10-09 17:22:24.010 Thread 'MainThread': missing ScriptRunContext! This warning can be ignored when running in bare mode.
2026-10-09 17:22:24.010 Thread 'MainThread': missing ScriptRunContext! This warning can be ignored when running in bare mode.
2026-10-09 17:22:24.010 Thread 'MainThread': missing ScriptRunContext! This warning can be ignored when running in bare mode.
2026-10-09 17:22:24.010 Thread 'MainThread': missing ScriptRunContext! This warning can be ignored when running in bare mode.
2026-10-09 17:22:24.010 Thread 'MainThread': missing ScriptRunContext! This warning can be ignored when running in bare mode.
2026-10-09 17:22:24.010 Thread 'MainThread': missing ScriptRunContext! This warning can be ignored when running in bare mode.
2026-10-09 17:22:24.010 Thread 'MainThread': missing ScriptRunContext! This warning can be ignored when running in bare mode.
2026-10-09 17:22:24.010 Thread 'MainThread': missing ScriptRunContext! This warning can be ignored when running in bare mode.
2026-10-09 17:22:24.010 Thread 'MainThread': missing ScriptRunContext! This warning can be ignored when running in bare mode.
2026-10-09 17:22:24.011 Thread 'MainThread': missing ScriptRunContext! This warning can be ignored when running in bare mode.
2026-10-09 17:22:24.011 Thread 'MainThread': missing ScriptRunContext! This warning can be ignored when running in bare mode.
2026-10-09 17:22:24.011 Thread 'MainThread': missing ScriptRunContext! This warning can be ignored when running in bare mode.
2026-10-09 17:22:24.011 Thread 'MainThread': missing ScriptRunContext! This warning can be ignored when running in bare mode.
2026-10-09 17:22:24.011 Thread 'MainThread': missing ScriptRunContext! This warning can be ignored when running in bare mode.
2026-10-09 17:22:24.011 Thread 'MainThread': missing ScriptRunContext! This warning can be ignored when running in bare mode.
2026-10-09 17:22:24.011 Thread 'MainThread': missing ScriptRunContext! This warning can be ignored when running in bare mode.
2026-10-09 17:22:24.011 Thread 'MainThread': missing ScriptRunContext! This warning can be ignored when running in bare mode.
2026-10-09 17:22:24.011 Thread 'MainThread': missing ScriptRunContext! This warning can be ignored when running in bare mode.
2026-10-09 17:22:24.011 Thread 'MainThread': missing ScriptRunContext! This warning can be ignored when running in bare mode.
2026-10-09 17:22:24.011 Thread 'MainThread': missing ScriptRunContext! This warning can be ignored when running in bare mode.
2026-10-09 17:22:24.011 Thread 'MainThread': missing ScriptRunContext! This warning can be ignored when running in bare mode.
2026-10-09 17:22:24.011 Thread 'MainThread': missing ScriptRunContext! This warning can be ignored when running in bare mode.
2026-10-09 17:22:24.011 Thread 'MainThread': missing ScriptRunContext! This warning can be ignored when running in bare mode.
2026-10-09 17:22:24.011 Thread 'MainThread': missing ScriptRunContext! This warning can be ignored when running in bare mode.
2026-10-09 17:22:24.011 Thread 'MainThread': missing ScriptRunContext! This warning can be ignored when running in bare mode.
2026-10-09 17:22:24.011 Thread 'MainThread': missing ScriptRunContext! This warning can be ignored when running in bare mode.
2026-10-09 17:22:24.011 Thread 'MainThread': missing ScriptRunContext! This warning can be ignored when running in bare mode.
2026-10-09 17:22:24.011 Thread 'MainThread': missing ScriptRunContext! This warning can be ignored when running in bare mode.
2026-10-09 17:22:24.011 Thread 'MainThread': missing ScriptRunContext! This warning can be ignored when running in bare mode.
2026-10-09 17:22:24.011 Thread 'MainThread': missing ScriptRunContext! This warning can be ignored when running in bare mode.
2026-10-09 17:22:24.011 Thread 'MainThread': missing ScriptRunContext! This warning can be ignored when running in bare mode.
2026-10-09 17:22:24.011 Thread 'MainThread': missing ScriptRunContext! This warning can be ignored when running in bare mode.
2026-10-09 17:22:24.011 Thread 'MainThread': missing ScriptRunContext! This warning can be ignored when running in bare mode.
2026-10-09 17:22:24.012 Thread 'MainThread': missing ScriptRunContext! This warning can be ignored when running in bare mode.
2026-10-09 17:22:24.012 Thread 'MainThread': missing ScriptRunContext! This warning can be ignored when running in bare mode.
2026-10-09 17:22:24.012 Thread 'MainThread': missing ScriptRunContext! This warning can be ignored when running in bare mode.
2026-10-09 17:22:24.012 Thread 'MainThread': missing ScriptRunContext! This warning can be ignored when running in bare mode.
2026-10-09 17:22:24.012 Thread 'MainThread': missing ScriptRunContext! This warning can be ignored when running in bare mode.
2026-10-09 17:22:24.059 Thread 'MainThread': missing ScriptRunContext! This warning can be ignored when running in bare mode.
2026-10-09 17:22:24.062 Thread 'MainThread': missing ScriptRunContext! This warning can be ignored when running in bare mode.
2026-10-09 17:22:24.062 Thread 'MainThread': missing ScriptRunContext! This warning can be ignored when running in bare mode.
2026-10-09 17:22:24.062 Thread 'MainThread': missing ScriptRunContext! This warning can be ignored when running in bare mode.
2026-10-09 17:22:24.062 Thread 'MainThread': missing ScriptRunContext! This warning can be ignored when running in bare mode.
2026-10-09 17:22:24.062 Thread 'MainThread': missing ScriptRunContext! This warning can be ignored when running in bare mode.
2026-10-09 17:22:24.062 Thread 'MainThread': missing ScriptRunContext! This warning can be ignored when running in bare mode.
2026-10-09 17:22:24.062 Thread 'MainThread': missing ScriptRunContext! This warning can be ignored when running in bare mode.
2026-10-09 17:22:24.062 Thread 'MainThread': missing ScriptRunContext! This warning can be ignored when running in bare mode.
2026-10-09 17:22:24.062 Thread 'MainThread': missing ScriptRunContext! This warning can be ignored when running in bare mode.
2026-10-09 17:22:24.062 Thread 'MainThread': missing ScriptRunContext! This warning can be ignored when running in bare mode.
2026-10-09 17:22:24.062 Thread 'MainThread': missing ScriptRunContext! This warning can be ignored when running in bare mode.
2026-10-09 17:22:24.062 Thread 'MainThread': missing ScriptRunContext! This warning can be ignored when running in bare mode.
2026-10-09 17:22:24.062 Thread 'MainThread': missing ScriptRunContext! This warning can be ignored when running in bare mode.
2026-10-09 17:22:24.063 Thread 'MainThread': missing ScriptRunContext! This warning can be ignored when running in bare mode.
2026-10-09 17:22:24.063 Thread 'MainThread': missing ScriptRunContext! This warning can be ignored when running in bare mode.
2026-10-09 17:22:24.063 Thread 'MainThread': missing ScriptRunContext! This warning can be ignored when running in bare mode.
2026-10-09 17:22:24.063 Thread 'MainThread': missing ScriptRunContext! This warning can be ignored when running in bare mode.
2026-10-09 17:22:24.063 Thread 'MainThread': missing ScriptRunContext! This warning can be ignored when running in bare mode.
2026-10-09 17:22:24.063 Thread 'MainThread': missing ScriptRunContext! This warning can be ignored when running in bare mode.
2026-10-09 17:22:24.063 Thread 'MainThread': missing ScriptRunContext! This warning can be ignored when running in bare mode.
2026-10-09 17:22:24.063 Thread 'MainThread': missing ScriptRunContext! This warning can be ignored when running in bare mode.
2026-10-09 17:22:24.063 Thread 'MainThread': missing ScriptRunContext! This warning can be ignored when running in bare mode.
2026-10-09 17:22:24.063 Thread 'MainThread': missing ScriptRunContext! This warning can be ignored when running in bare mode.
2026-10-09 17:22:24.063 Thread 'MainThread': missing ScriptRunContext! This warning can be ignored when running in bare mode.
2026-10-09 17:22:24.063 Thread 'MainThread': missing ScriptRunContext! This warning can be ignored when running in bare mode.
2026-10-09 17:22:24.063 Thread 'MainThread': missing ScriptRunContext! This warning can be ignored when running in bare mode.
2026-10-09 17:22:24.063 Thread 'MainThread': missing ScriptRunContext! This warning can be ignored when running in bare mode.
2026-10-09 17:22:24.064 Thread 'MainThread': missing ScriptRunContext! This warning can be ignored when running in bare mode.
2026-10-09 17:22:24.064 Thread 'MainThread': missing ScriptRunContext! This warning can be ignored when running in bare mode.
2026-10-09 17:22:24.064 Thread 'MainThread': missing ScriptRunContext! This warning can be ignored when running in bare mode.
2026-10-09 17:22:24.064 Thread 'MainThread': missing ScriptRunContext! This warning can be ignored when running in bare mode.
2026-10-09 17:22:24.064 Thread 'MainThread': missing ScriptRunContext! This warning can be ignored when running in bare mode.
2026-10-09 17:22:24.064 Thread 'MainThread': missing ScriptRunContext! This warning can be ignored when running in bare mode.
2026-10-09 17:22:24.064 Thread 'MainThread': missing ScriptRunContext! This warning can be ignored when running in bare mode.
2026-10-09 17:22:24.064 Thread 'MainThread': missing ScriptRunContext! This warning can be ignored when running in bare mode.
2026-10-09 17:22:24.064 Thread 'MainThread': missing ScriptRunContext! This warning can be ignored when running in bare mode.
2026-10-09 17:22:24.064 Thread 'MainThread': missing ScriptRunContext! This warning can be ignored when running in bare mode.
2026-10-09 17:22:24.064 Thread 'MainThread': missing ScriptRunContext! This warning can be ignored when running in bare mode.
2026-10-09 17:22:24.064 Thread 'MainThread': missing ScriptRunContext! This warning can be ignored when running in bare mode.
2026-10-09 17:22:24.064 Thread 'MainThread': missing ScriptRunContext! This warning can be ignored when running in bare mode.
2026-10-09 17:22:24.064 Thread 'MainThread': missing ScriptRunContext! This warning can be ignored when running in bare mode.
2026-10-09 17:22:24.064 Thread 'MainThread': missing ScriptRunContext! This warning can be ignored when running in bare mode.
2026-10-09 17:22:24.065 Thread 'MainThread': missing ScriptRunContext! This warning can be ignored when running in bare mode.
2026-10-09 17:22:24.065 Thread 'MainThread': missing ScriptRunContext! This warning can be ignored when running in bare mode.
2026-10-09 17:22:24.065 Thread 'MainThread': missing ScriptRunContext! This warning can be ignored when running in bare mode.
2026-10-09 17:22:26.045 Thread 'MainThread': missing ScriptRunContext! This warning can be ignored when running in bare mode.
2026-10-09 17:22:26.045 Thread 'MainThread': missing ScriptRunContext! This warning can be ignored when running in bare mode.
2026-10-09 17:22:26.045 Thread 'MainThread': missing ScriptRunContext! This warning can be ignored when running in bare mode.
2026-10-09 17:22:26.045 Thread 'MainThread': missing ScriptRunContext! This warning can be ignored when running in bare mode.
2026-10-09 17:22:26.045 Thread 'MainThread': missing ScriptRunContext! This warning can be ignored when running in bare mode.
2026-10-09 17:22:26.045 Thread 'MainThread': missing ScriptRunContext! This warning can be ignored when running in bare mode.
2026-10-09 17:22:26.045 Thread 'MainThread': missing ScriptRunContext! This warning can be ignored when running in bare mode.
2026-10-09 17:22:27.466 Please replace `use_container_width` with `width`.

`use_container_width` will be removed after 2025-12-31.

For `use_container_width=True`, use `width='stretch'`. For `use_container_width=False`, use `width='content'`.
2026-10-09 17:22:27.782 Please replace `use_container_width` with `width`.

`use_container_width` will be removed after 2025-12-31.

For `use_container_width=True`, use `width='stretch'`. For `use_container_width=False`, use `width='content'`.
2026-10-09 17:22:27.807 Thread 'MainThread': missing ScriptRunContext! This warning can be ignored when running in bare mode.
2026-10-09 17:22:27.808 Thread 'MainThread': missing ScriptRunContext! This warning can be ignored when running in bare mode.
2026-10-09 17:22:27.808 Thread 'MainThread': missing ScriptRunContext! This warning can be ignored when running in bare mode.
2026-10-09 17:22:27.808 Thread 'MainThread': missing ScriptRunContext! This warning can be ignored when running in bare mode.
2026-10-09 17:22:27.808 Thread 'MainThread': missing ScriptRunContext! This warning can be ignored when running in bare mode.
2026-10-09 17:22:27.808 Thread 'MainThread': missing ScriptRunContext! This warning can be ignored when running in bare mode.
2026-10-09 17:22:27.808 Thread 'MainThread': missing ScriptRunContext! This warning can be ignored when running in bare mode.
2026-10-09 17:22:29.014 Please replace `use_container_width` with `width`.

`use_container_width` will be removed after 2025-12-31.

For `use_container_width=True`, use `width='stretch'`. For `use_container_width=False`, use `width='content'`.
2026-10-09 17:22:29.259 Please replace `use_container_width` with `width`.

`use_container_width` will be removed after 2025-12-31.

For `use_container_width=True`, use `width='stretch'`. For `use_container_width=False`, use `width='content'`.
2026-10-09 17:22:29.499 Please replace `use_container_width` with `width`.

`use_container_width` will be removed after 2025-12-31.

For `use_container_width=True`, use `width='stretch'`. For `use_container_width=False`, use `width='content'`.
2026-10-09 17:22:29.786 Please replace `use_container_width` with `width`.

`use_container_width` will be removed after 2025-12-31.

For `use_container_width=True`, use `width='stretch'`. For `use_container_width=False`, use `width='content'`.
2026-10-09 17:22:30.017 Please replace `use_container_width` with `width`.

`use_container_width` will be removed after 2025-12-31.

For `use_container_width=True`, use `width='stretch'`. For `use_container_width=False`, use `width='content'`.
2026-10-09 17:22:30.271 Please replace `use_container_width` with `width`.

`use_container_width` will be removed after 2025-12-31.

For `use_container_width=True`, use `width='stretch'`. For `use_container_width=False`, use `width='content'`.
2026-10-09 17:22:30.565 Please replace `use_container_width` with `width`.

`use_container_width` will be removed after 2025-12-31.

For `use_container_width=True`, use `width='stretch'`. For `use_container_width=False`, use `width='content'`.
2026-10-09 17:22:30.857 Please replace `use_container_width` with `width`.

`use_container_width` will be removed after 2025-12-31.

For `use_container_width=True`, use `width='stretch'`. For `use_container_width=False`, use `width='content'`.
2026-10-09 17:22:31.320 Please replace `use_container_width` with `width`.

`use_container_width` will be removed after 2025-12-31.

For `use_container_width=True`, use `width='stretch'`. For `use_container_width=False`, use `width='content'`.
2026-10-09 17:22:31.578 Please replace `use_container_width` with `width`.

`use_container_width` will be removed after 2025-12-31.

For `use_container_width=True`, use `width='stretch'`. For `use_container_width=False`, use `width='content'`.
2026-10-09 17:22:31.599 Thread 'MainThread': missing ScriptRunContext! This warning can be ignored when running in bare mode.
2026-10-09 17:22:31.604 Thread 'MainThread': missing ScriptRunContext! This warning can be ignored when running in bare mode.
2026-10-09 17:22:31.604 Thread 'MainThread': missing ScriptRunContext! This warning can be ignored when running in bare mode.
2026-10-09 17:22:31.604 Thread 'MainThread': missing ScriptRunContext! This warning can be ignored when running in bare mode.
2026-10-09 17:22:31.604 Thread 'MainThread': missing ScriptRunContext! This warning can be ignored when running in bare mode.
2026-10-09 17:22:31.604 Thread 'MainThread': missing ScriptRunContext! This warning can be ignored when running in bare mode.
2026-10-09 17:22:31.604 Thread 'MainThread': missing ScriptRunContext! This warning can be ignored when running in bare mode.
2026-10-09 17:22:31.604 Thread 'MainThread': missing ScriptRunContext! This warning can be ignored when running in bare mode.
2026-10-09 17:22:31.604 Thread 'MainThread': missing ScriptRunContext! This warning can be ignored when running in bare mode.
2026-10-09 17:22:31.605 Thread 'MainThread': missing ScriptRunContext! This warning can be ignored when running in bare mode.
2026-10-09 17:22:31.605 Thread 'MainThread': missing ScriptRunContext! This warning can be ignored when running in bare mode.
2026-10-09 17:22:31.605 Thread 'MainThread': missing ScriptRunContext! This warning can be ignored when running in bare mode.
2026-10-09 17:22:31.605 Thread 'MainThread': missing ScriptRunContext! This warning can be ignored when running in bare mode.
2026-10-09 17:22:31.605 Thread 'MainThread': missing ScriptRunContext! This warning can be ignored when running in bare mode.
2026-10-09 17:22:31.605 Thread 'MainThread': missing ScriptRunContext! This warning can be ignored when running in bare mode.
2026-10-09 17:22:31.605 Thread 'MainThread': missing ScriptRunContext! This warning can be ignored when running in bare mode.
2026-10-09 17:22:31.605 Thread 'MainThread': missing ScriptRunContext! This warning can be ignored when running in bare mode.
2026-10-09 17:22:31.605 Thread 'MainThread': missing ScriptRunContext! This warning can be ignored when running in bare mode.
2026-10-09 17:22:31.605 Thread 'MainThread': missing ScriptRunContext! This warning can be ignored when running in bare mode.
2026-10-09 17:22:31.606 Thread 'MainThread': missing ScriptRunContext! This warning can be ignored when running in bare mode.
2026-10-09 17:22:31.606 Thread 'MainThread': missing ScriptRunContext! This warning can be ignored when running in bare mode.
2026-10-09 17:22:31.606 Thread 'MainThread': missing ScriptRunContext! This warning can be ignored when running in bare mode.
2026-10-09 17:22:31.606 Thread 'MainThread': missing ScriptRunContext! This warning can be ignored when running in bare mode.
2026-10-09 17:22:31.606 Thread 'MainThread': missing ScriptRunContext! This warning can be ignored when running in bare mode.
2026-10-09 17:22:31.606 Thread 'MainThread': missing ScriptRunContext! This warning can be ignored when running in bare mode.
2026-10-09 17:22:31.606 Thread 'MainThread': missing ScriptRunContext! This warning can be ignored when running in bare mode.
2026-10-09 17:22:31.606 Thread 'MainThread': missing ScriptRunContext! This warning can be ignored when running in bare mode.
2026-10-09 17:22:31.606 Thread 'MainThread': missing ScriptRunContext! This warning can be ignored when running in bare mode.
2026-10-09 17:22:31.606 Thread 'MainThread': missing ScriptRunContext! This warning can be ignored when running in bare mode.
2026-10-09 17:22:31.607 Thread 'MainThread': missing ScriptRunContext! This warning can be ignored when running in bare mode.
2026-10-09 17:22:31.607 Thread 'MainThread': missing ScriptRunContext! This warning can be ignored when running in bare mode.
2026-10-09 17:22:31.607 Thread 'MainThread': missing ScriptRunContext! This warning can be ignored when running in bare mode.
2026-10-09 17:22:31.607 Thread 'MainThread': missing ScriptRunContext! This warning can be ignored when running in bare mode.
2026-10-09 17:22:31.607 Thread 'MainThread': missing ScriptRunContext! This warning can be ignored when running in bare mode.
2026-10-09 17:22:31.607 Thread 'MainThread': missing ScriptRunContext! This warning can be ignored when running in bare mode.
2026-10-09 17:22:31.607 Thread 'MainThread': missing ScriptRunContext! This warning can be ignored when running in bare mode.
2026-10-09 17:22:31.607 Thread 'MainThread': missing ScriptRunContext! This warning can be ignored when running in bare mode.
2026-10-09 17:22:31.607 Thread 'MainThread': missing ScriptRunContext! This warning can be ignored when running in bare mode.
2026-10-09 17:22:31.607 Thread 'MainThread': missing ScriptRunContext! This warning can be ignored when running in bare mode.
2026-10-09 17:22:31.607 Thread 'MainThread': missing ScriptRunContext! This warning can be ignored when running in bare mode.
2026-10-09 17:22:31.608 Thread 'MainThread': missing ScriptRunContext! This warning can be ignored when running in bare mode.
2026-10-09 17:22:31.608 Thread 'MainThread': missing ScriptRunContext! This warning can be ignored when running in bare mode.
2026-10-09 17:22:31.608 Thread 'MainThread': missing ScriptRunContext! This warning can be ignored when running in bare mode.
2026-10-09 17:22:31.608 Thread 'MainThread': missing ScriptRunContext! This warning can be ignored when running in bare mode.
2026-10-09 17:22:31.608 Thread 'MainThread': missing ScriptRunContext! This warning can be ignored when running in bare mode.
2026-10-09 17:22:31.608 Thread 'MainThread': missing ScriptRunContext! This warning can be ignored when running in bare mode.
2026-10-09 17:22:31.626 Thread 'MainThread': missing ScriptRunContext! This warning can be ignored when running in bare mode.
2026-10-09 17:22:31.626 Thread 'MainThread': missing ScriptRunContext! This warning can be ignored when running in bare mode.
2026-10-09 17:22:31.626 Thread 'MainThread': missing ScriptRunContext! This warning can be ignored when running in bare mode.
2026-10-09 17:22:31.626 Thread 'MainThread': missing ScriptRunContext! This warning can be ignored when running in bare mode.
2026-10-09 17:22:31.626 Thread 'MainThread': missing ScriptRunContext! This warning can be ignored when running in bare mode.
2026-10-09 17:22:31.626 Thread 'MainThread': missing ScriptRunContext! This warning can be ignored when running in bare mode.
2026-10-09 17:22:31.626 Thread 'MainThread': missing ScriptRunContext! This warning can be ignored when running in bare mode.
2026-10-09 17:22:33.889 Please replace `use_container_width` with `width`.

`use_container_width` will be removed after 2025-12-31.

For `use_container_width=True`, use `width='stretch'`. For `use_container_width=False`, use `width='content'`.
2026-10-09 17:22:34.611 Please replace `use_container_width` with `width`.

`use_container_width` will be removed after 2025-12-31.

For `use_container_width=True`, use `width='stretch'`. For `use_container_width=False`, use `width='content'`.
2026-10-09 17:22:34.644 Thread 'MainThread': missing ScriptRunContext! This warning can be ignored when running in bare mode.
2026-10-09 17:22:35.006 Please replace `use_container_width` with `width`.

`use_container_width` will be removed after 2025-12-31.

For `use_container_width=True`, use `width='stretch'`. For `use_container_width=False`, use `width='content'`.
2026-10-09 17:22:35.025 Thread 'MainThread': missing ScriptRunContext! This warning can be ignored when running in bare mode.
2026-10-09 17:22:35.497 Thread 'MainThread': missing ScriptRunContext! This warning can be ignored when running in bare mode.
2026-10-09 17:22:35.498 Thread 'MainThread': missing ScriptRunContext! This warning can be ignored when running in bare mode.
2026-10-09 17:22:35.498 Thread 'MainThread': missing ScriptRunContext! This warning can be ignored when running in bare mode.
2026-10-09 17:22:35.498 Thread 'MainThread': missing ScriptRunContext! This warning can be ignored when running in bare mode.
2026-10-09 17:22:35.498 Thread 'MainThread': missing ScriptRunContext! This warning can be ignored when running in bare mode.
2026-10-09 17:22:35.498 Thread 'MainThread': missing ScriptRunContext! This warning can be ignored when running in bare mode.
2026-10-09 17:22:35.498 Thread 'MainThread': missing ScriptRunContext! This warning can be ignored when running in bare mode.
2026-10-09 17:22:37.070 Please replace `use_container_width` with `width`.

`use_container_width` will be removed after 2025-12-31.

For `use_container_width=True`, use `width='stretch'`. For `use_container_width=False`, use `width='content'`.
2026-10-09 17:22:37.455 Please replace `use_container_width` with `width`.

`use_container_width` will be removed after 2025-12-31.

For `use_container_width=True`, use `width='stretch'`. For `use_container_width=False`, use `width='content'`.
2026-10-09 17:22:37.471 Thread 'MainThread': missing ScriptRunContext! This warning can be ignored when running in bare mode.
2026-10-09 17:22:37.472 Thread 'MainThread': missing ScriptRunContext! This warning can be ignored when running in bare mode.
2026-10-09 17:22:37.472 Thread 'MainThread': missing ScriptRunContext! This warning can be ignored when running in bare mode.
2026-10-09 17:22:37.472 Thread 'MainThread': missing ScriptRunContext! This warning can be ignored when running in bare mode.
2026-10-09 17:22:37.472 Thread 'MainThread': missing ScriptRunContext! This warning can be ignored when running in bare mode.
2026-10-09 17:22:37.472 Thread 'MainThread': missing ScriptRunContext! This warning can be ignored when running in bare mode.
2026-10-09 17:22:37.472 Thread 'MainThread': missing ScriptRunContext! This warning can be ignored when running in bare mode.
Learning Scene validator rejected domain=spatial_dynamics reason=scene: missing fields=['assumptions', 'axes', 'bindings', 'learning_goal', 'metrics', 'objects', 'parameters', 'quantities', 'scene_id', 'scene_version', 'series', 'source_pages', 'time', 'title']; unknown fields=[]
2026-10-09 17:22:39.276 Thread 'MainThread': missing ScriptRunContext! This warning can be ignored when running in bare mode.
2026-10-09 17:22:39.276 Thread 'MainThread': missing ScriptRunContext! This warning can be ignored when running in bare mode.
2026-10-09 17:22:39.276 Thread 'MainThread': missing ScriptRunContext! This warning can be ignored when running in bare mode.
2026-10-09 17:22:39.276 Thread 'MainThread': missing ScriptRunContext! This warning can be ignored when running in bare mode.
2026-10-09 17:22:39.276 Thread 'MainThread': missing ScriptRunContext! This warning can be ignored when running in bare mode.
2026-10-09 17:22:39.276 Thread 'MainThread': missing ScriptRunContext! This warning can be ignored when running in bare mode.
2026-10-09 17:22:39.276 Thread 'MainThread': missing ScriptRunContext! This warning can be ignored when running in bare mode.
2026-10-09 17:22:41.145 Please replace `use_container_width` with `width`.

`use_container_width` will be removed after 2025-12-31.

For `use_container_width=True`, use `width='stretch'`. For `use_container_width=False`, use `width='content'`.
2026-10-09 17:22:41.513 Thread 'MainThread': missing ScriptRunContext! This warning can be ignored when running in bare mode.
2026-10-09 17:22:41.513 Thread 'MainThread': missing ScriptRunContext! This warning can be ignored when running in bare mode.
2026-10-09 17:22:41.513 Thread 'MainThread': missing ScriptRunContext! This warning can be ignored when running in bare mode.
2026-10-09 17:22:41.513 Thread 'MainThread': missing ScriptRunContext! This warning can be ignored when running in bare mode.
2026-10-09 17:22:41.514 Thread 'MainThread': missing ScriptRunContext! This warning can be ignored when running in bare mode.
2026-10-09 17:22:41.514 Thread 'MainThread': missing ScriptRunContext! This warning can be ignored when running in bare mode.
2026-10-09 17:22:41.514 Thread 'MainThread': missing ScriptRunContext! This warning can be ignored when running in bare mode.
2026-10-09 17:22:43.663 Please replace `use_container_width` with `width`.

`use_container_width` will be removed after 2025-12-31.

For `use_container_width=True`, use `width='stretch'`. For `use_container_width=False`, use `width='content'`.
2026-10-09 17:22:44.064 Please replace `use_container_width` with `width`.

`use_container_width` will be removed after 2025-12-31.

For `use_container_width=True`, use `width='stretch'`. For `use_container_width=False`, use `width='content'`.
2026-10-09 17:22:44.451 Please replace `use_container_width` with `width`.

`use_container_width` will be removed after 2025-12-31.

For `use_container_width=True`, use `width='stretch'`. For `use_container_width=False`, use `width='content'`.
2026-10-09 17:22:44.467 Thread 'MainThread': missing ScriptRunContext! This warning can be ignored when running in bare mode.
2026-10-09 17:22:44.467 Thread 'MainThread': missing ScriptRunContext! This warning can be ignored when running in bare mode.
2026-10-09 17:22:44.468 Thread 'MainThread': missing ScriptRunContext! This warning can be ignored when running in bare mode.
2026-10-09 17:22:44.468 Thread 'MainThread': missing ScriptRunContext! This warning can be ignored when running in bare mode.
2026-10-09 17:22:44.468 Thread 'MainThread': missing ScriptRunContext! This warning can be ignored when running in bare mode.
2026-10-09 17:22:44.468 Thread 'MainThread': missing ScriptRunContext! This warning can be ignored when running in bare mode.
2026-10-09 17:22:44.468 Thread 'MainThread': missing ScriptRunContext! This warning can be ignored when running in bare mode.
2026-10-09 17:22:44.468 Thread 'MainThread': missing ScriptRunContext! This warning can be ignored when running in bare mode.
2026-10-09 17:22:44.468 Thread 'MainThread': missing ScriptRunContext! This warning can be ignored when running in bare mode.
2026-10-09 17:22:44.468 Thread 'MainThread': missing ScriptRunContext! This warning can be ignored when running in bare mode.
2026-10-09 17:22:44.468 Thread 'MainThread': missing ScriptRunContext! This warning can be ignored when running in bare mode.
2026-10-09 17:22:44.468 Thread 'MainThread': missing ScriptRunContext! This warning can be ignored when running in bare mode.
2026-10-09 17:22:44.468 Thread 'MainThread': missing ScriptRunContext! This warning can be ignored when running in bare mode.
2026-10-09 17:22:44.468 Thread 'MainThread': missing ScriptRunContext! This warning can be ignored when running in bare mode.
2026-10-09 17:22:44.468 Thread 'MainThread': missing ScriptRunContext! This warning can be ignored when running in bare mode.
2026-10-09 17:22:44.468 Thread 'MainThread': missing ScriptRunContext! This warning can be ignored when running in bare mode.
2026-10-09 17:22:44.468 Thread 'MainThread': missing ScriptRunContext! This warning can be ignored when running in bare mode.
2026-10-09 17:22:44.468 Thread 'MainThread': missing ScriptRunContext! This warning can be ignored when running in bare mode.
2026-10-09 17:22:44.469 Thread 'MainThread': missing ScriptRunContext! This warning can be ignored when running in bare mode.
2026-10-09 17:22:44.469 Thread 'MainThread': missing ScriptRunContext! This warning can be ignored when running in bare mode.
2026-10-09 17:22:44.469 Thread 'MainThread': missing ScriptRunContext! This warning can be ignored when running in bare mode.
2026-10-09 17:22:44.469 Thread 'MainThread': missing ScriptRunContext! This warning can be ignored when running in bare mode.
2026-10-09 17:22:44.469 Thread 'MainThread': missing ScriptRunContext! This warning can be ignored when running in bare mode.
2026-10-09 17:22:44.469 Thread 'MainThread': missing ScriptRunContext! This warning can be ignored when running in bare mode.
2026-10-09 17:22:44.469 Thread 'MainThread': missing ScriptRunContext! This warning can be ignored when running in bare mode.
2026-10-09 17:22:44.469 Thread 'MainThread': missing ScriptRunContext! This warning can be ignored when running in bare mode.
2026-10-09 17:22:44.469 Thread 'MainThread': missing ScriptRunContext! This warning can be ignored when running in bare mode.
2026-10-09 17:22:44.469 Thread 'MainThread': missing ScriptRunContext! This warning can be ignored when running in bare mode.
2026-10-09 17:22:44.469 Thread 'MainThread': missing ScriptRunContext! This warning can be ignored when running in bare mode.
2026-10-09 17:22:44.469 Thread 'MainThread': missing ScriptRunContext! This warning can be ignored when running in bare mode.
2026-10-09 17:22:44.469 Thread 'MainThread': missing ScriptRunContext! This warning can be ignored when running in bare mode.
2026-10-09 17:22:44.469 Thread 'MainThread': missing ScriptRunContext! This warning can be ignored when running in bare mode.
2026-10-09 17:22:44.469 Thread 'MainThread': missing ScriptRunContext! This warning can be ignored when running in bare mode.
2026-10-09 17:22:44.469 Thread 'MainThread': missing ScriptRunContext! This warning can be ignored when running in bare mode.
2026-10-09 17:22:44.469 Thread 'MainThread': missing ScriptRunContext! This warning can be ignored when running in bare mode.
2026-10-09 17:22:44.469 Thread 'MainThread': missing ScriptRunContext! This warning can be ignored when running in bare mode.
2026-10-09 17:22:44.469 Thread 'MainThread': missing ScriptRunContext! This warning can be ignored when running in bare mode.
2026-10-09 17:22:44.469 Thread 'MainThread': missing ScriptRunContext! This warning can be ignored when running in bare mode.
2026-10-09 17:22:44.469 Thread 'MainThread': missing ScriptRunContext! This warning can be ignored when running in bare mode.
2026-10-09 17:22:44.470 Thread 'MainThread': missing ScriptRunContext! This warning can be ignored when running in bare mode.
2026-10-09 17:22:44.470 Thread 'MainThread': missing ScriptRunContext! This warning can be ignored when running in bare mode.
2026-10-09 17:22:44.470 Thread 'MainThread': missing ScriptRunContext! This warning can be ignored when running in bare mode.
2026-10-09 17:22:44.470 Thread 'MainThread': missing ScriptRunContext! This warning can be ignored when running in bare mode.
2026-10-09 17:22:44.470 Thread 'MainThread': missing ScriptRunContext! This warning can be ignored when running in bare mode.
2026-10-09 17:22:44.470 Thread 'MainThread': missing ScriptRunContext! This warning can be ignored when running in bare mode.
2026-10-09 17:22:44.470 Thread 'MainThread': missing ScriptRunContext! This warning can be ignored when running in bare mode.
2026-10-09 17:22:46.747 Thread 'MainThread': missing ScriptRunContext! This warning can be ignored when running in bare mode.
2026-10-09 17:22:46.754 Thread 'MainThread': missing ScriptRunContext! This warning can be ignored when running in bare mode.
2026-10-09 17:22:46.754 Thread 'MainThread': missing ScriptRunContext! This warning can be ignored when running in bare mode.
2026-10-09 17:22:46.754 Thread 'MainThread': missing ScriptRunContext! This warning can be ignored when running in bare mode.
2026-10-09 17:22:46.754 Thread 'MainThread': missing ScriptRunContext! This warning can be ignored when running in bare mode.
2026-10-09 17:22:46.755 Thread 'MainThread': missing ScriptRunContext! This warning can be ignored when running in bare mode.
2026-10-09 17:22:46.755 Thread 'MainThread': missing ScriptRunContext! This warning can be ignored when running in bare mode.
2026-10-09 17:22:46.756 Thread 'MainThread': missing ScriptRunContext! This warning can be ignored when running in bare mode.
2026-10-09 17:22:46.756 Thread 'MainThread': missing ScriptRunContext! This warning can be ignored when running in bare mode.
2026-10-09 17:22:46.757 Thread 'MainThread': missing ScriptRunContext! This warning can be ignored when running in bare mode.
2026-10-09 17:22:46.757 Thread 'MainThread': missing ScriptRunContext! This warning can be ignored when running in bare mode.
2026-10-09 17:22:46.757 Thread 'MainThread': missing ScriptRunContext! This warning can be ignored when running in bare mode.
2026-10-09 17:22:46.757 Thread 'MainThread': missing ScriptRunContext! This warning can be ignored when running in bare mode.
2026-10-09 17:22:46.757 Thread 'MainThread': missing ScriptRunContext! This warning can be ignored when running in bare mode.
2026-10-09 17:22:46.757 Thread 'MainThread': missing ScriptRunContext! This warning can be ignored when running in bare mode.
2026-10-09 17:22:46.757 Thread 'MainThread': missing ScriptRunContext! This warning can be ignored when running in bare mode.
2026-10-09 17:22:46.757 Thread 'MainThread': missing ScriptRunContext! This warning can be ignored when running in bare mode.
2026-10-09 17:22:46.758 Thread 'MainThread': missing ScriptRunContext! This warning can be ignored when running in bare mode.
2026-10-09 17:22:46.758 Thread 'MainThread': missing ScriptRunContext! This warning can be ignored when running in bare mode.
2026-10-09 17:22:46.758 Thread 'MainThread': missing ScriptRunContext! This warning can be ignored when running in bare mode.
2026-10-09 17:22:46.758 Thread 'MainThread': missing ScriptRunContext! This warning can be ignored when running in bare mode.
2026-10-09 17:22:46.758 Thread 'MainThread': missing ScriptRunContext! This warning can be ignored when running in bare mode.
2026-10-09 17:22:46.758 Thread 'MainThread': missing ScriptRunContext! This warning can be ignored when running in bare mode.
2026-10-09 17:22:46.758 Thread 'MainThread': missing ScriptRunContext! This warning can be ignored when running in bare mode.
2026-10-09 17:22:46.758 Thread 'MainThread': missing ScriptRunContext! This warning can be ignored when running in bare mode.
2026-10-09 17:22:46.759 Thread 'MainThread': missing ScriptRunContext! This warning can be ignored when running in bare mode.
2026-10-09 17:22:46.759 Thread 'MainThread': missing ScriptRunContext! This warning can be ignored when running in bare mode.
2026-10-09 17:22:46.759 Thread 'MainThread': missing ScriptRunContext! This warning can be ignored when running in bare mode.
2026-10-09 17:22:46.759 Thread 'MainThread': missing ScriptRunContext! This warning can be ignored when running in bare mode.
2026-10-09 17:22:46.759 Thread 'MainThread': missing ScriptRunContext! This warning can be ignored when running in bare mode.
2026-10-09 17:22:46.759 Thread 'MainThread': missing ScriptRunContext! This warning can be ignored when running in bare mode.
2026-10-09 17:22:46.759 Thread 'MainThread': missing ScriptRunContext! This warning can be ignored when running in bare mode.
2026-10-09 17:22:46.759 Thread 'MainThread': missing ScriptRunContext! This warning can be ignored when running in bare mode.
2026-10-09 17:22:46.759 Thread 'MainThread': missing ScriptRunContext! This warning can be ignored when running in bare mode.
2026-10-09 17:22:46.759 Thread 'MainThread': missing ScriptRunContext! This warning can be ignored when running in bare mode.
2026-10-09 17:22:46.760 Thread 'MainThread': missing ScriptRunContext! This warning can be ignored when running in bare mode.
2026-10-09 17:22:46.760 Thread 'MainThread': missing ScriptRunContext! This warning can be ignored when running in bare mode.
2026-10-09 17:22:46.760 Thread 'MainThread': missing ScriptRunContext! This warning can be ignored when running in bare mode.
2026-10-09 17:22:46.760 Thread 'MainThread': missing ScriptRunContext! This warning can be ignored when running in bare mode.
2026-10-09 17:22:46.760 Thread 'MainThread': missing ScriptRunContext! This warning can be ignored when running in bare mode.
2026-10-09 17:22:46.760 Thread 'MainThread': missing ScriptRunContext! This warning can be ignored when running in bare mode.
2026-10-09 17:22:46.760 Thread 'MainThread': missing ScriptRunContext! This warning can be ignored when running in bare mode.
2026-10-09 17:22:46.760 Thread 'MainThread': missing ScriptRunContext! This warning can be ignored when running in bare mode.
2026-10-09 17:22:46.760 Thread 'MainThread': missing ScriptRunContext! This warning can be ignored when running in bare mode.
2026-10-09 17:22:46.760 Thread 'MainThread': missing ScriptRunContext! This warning can be ignored when running in bare mode.
2026-10-09 17:22:46.761 Thread 'MainThread': missing ScriptRunContext! This warning can be ignored when running in bare mode.
2026-10-09 17:22:48.566 Thread 'MainThread': missing ScriptRunContext! This warning can be ignored when running in bare mode.
2026-10-09 17:22:48.566 Thread 'MainThread': missing ScriptRunContext! This warning can be ignored when running in bare mode.
2026-10-09 17:22:48.566 Thread 'MainThread': missing ScriptRunContext! This warning can be ignored when running in bare mode.
2026-10-09 17:22:48.566 Thread 'MainThread': missing ScriptRunContext! This warning can be ignored when running in bare mode.
2026-10-09 17:22:48.567 Thread 'MainThread': missing ScriptRunContext! This warning can be ignored when running in bare mode.
2026-10-09 17:22:48.567 Thread 'MainThread': missing ScriptRunContext! This warning can be ignored when running in bare mode.
2026-10-09 17:22:48.567 Thread 'MainThread': missing ScriptRunContext! This warning can be ignored when running in bare mode.
2026-10-09 17:22:50.405 Please replace `use_container_width` with `width`.

`use_container_width` will be removed after 2025-12-31.

For `use_container_width=True`, use `width='stretch'`. For `use_container_width=False`, use `width='content'`.
2026-10-09 17:22:50.954 Please replace `use_container_width` with `width`.

`use_container_width` will be removed after 2025-12-31.

For `use_container_width=True`, use `width='stretch'`. For `use_container_width=False`, use `width='content'`.
2026-10-09 17:22:51.443 Please replace `use_container_width` with `width`.

`use_container_width` will be removed after 2025-12-31.

For `use_container_width=True`, use `width='stretch'`. For `use_container_width=False`, use `width='content'`.
2026-10-09 17:22:51.476 Thread 'MainThread': missing ScriptRunContext! This warning can be ignored when running in bare mode.
2026-10-09 17:22:51.481 Thread 'MainThread': missing ScriptRunContext! This warning can be ignored when running in bare mode.
2026-10-09 17:22:51.481 Thread 'MainThread': missing ScriptRunContext! This warning can be ignored when running in bare mode.
2026-10-09 17:22:51.482 Thread 'MainThread': missing ScriptRunContext! This warning can be ignored when running in bare mode.
2026-10-09 17:22:51.482 Thread 'MainThread': missing ScriptRunContext! This warning can be ignored when running in bare mode.
2026-10-09 17:22:51.482 Thread 'MainThread': missing ScriptRunContext! This warning can be ignored when running in bare mode.
2026-10-09 17:22:51.482 Thread 'MainThread': missing ScriptRunContext! This warning can be ignored when running in bare mode.
2026-10-09 17:22:51.482 Thread 'MainThread': missing ScriptRunContext! This warning can be ignored when running in bare mode.
2026-10-09 17:22:51.482 Thread 'MainThread': missing ScriptRunContext! This warning can be ignored when running in bare mode.
2026-10-09 17:22:51.482 Thread 'MainThread': missing ScriptRunContext! This warning can be ignored when running in bare mode.
2026-10-09 17:22:51.482 Thread 'MainThread': missing ScriptRunContext! This warning can be ignored when running in bare mode.
2026-10-09 17:22:51.482 Thread 'MainThread': missing ScriptRunContext! This warning can be ignored when running in bare mode.
2026-10-09 17:22:51.482 Thread 'MainThread': missing ScriptRunContext! This warning can be ignored when running in bare mode.
2026-10-09 17:22:51.483 Thread 'MainThread': missing ScriptRunContext! This warning can be ignored when running in bare mode.
2026-10-09 17:22:51.483 Thread 'MainThread': missing ScriptRunContext! This warning can be ignored when running in bare mode.
2026-10-09 17:22:51.483 Thread 'MainThread': missing ScriptRunContext! This warning can be ignored when running in bare mode.
2026-10-09 17:22:51.483 Thread 'MainThread': missing ScriptRunContext! This warning can be ignored when running in bare mode.
2026-10-09 17:22:51.483 Thread 'MainThread': missing ScriptRunContext! This warning can be ignored when running in bare mode.
2026-10-09 17:22:51.483 Thread 'MainThread': missing ScriptRunContext! This warning can be ignored when running in bare mode.
2026-10-09 17:22:51.483 Thread 'MainThread': missing ScriptRunContext! This warning can be ignored when running in bare mode.
2026-10-09 17:22:51.483 Thread 'MainThread': missing ScriptRunContext! This warning can be ignored when running in bare mode.
2026-10-09 17:22:51.483 Thread 'MainThread': missing ScriptRunContext! This warning can be ignored when running in bare mode.
2026-10-09 17:22:51.483 Thread 'MainThread': missing ScriptRunContext! This warning can be ignored when running in bare mode.
2026-10-09 17:22:51.484 Thread 'MainThread': missing ScriptRunContext! This warning can be ignored when running in bare mode.
2026-10-09 17:22:51.484 Thread 'MainThread': missing ScriptRunContext! This warning can be ignored when running in bare mode.
2026-10-09 17:22:51.484 Thread 'MainThread': missing ScriptRunContext! This warning can be ignored when running in bare mode.
2026-10-09 17:22:51.484 Thread 'MainThread': missing ScriptRunContext! This warning can be ignored when running in bare mode.
2026-10-09 17:22:51.484 Thread 'MainThread': missing ScriptRunContext! This warning can be ignored when running in bare mode.
2026-10-09 17:22:51.484 Thread 'MainThread': missing ScriptRunContext! This warning can be ignored when running in bare mode.
2026-10-09 17:22:51.484 Thread 'MainThread': missing ScriptRunContext! This warning can be ignored when running in bare mode.
2026-10-09 17:22:51.484 Thread 'MainThread': missing ScriptRunContext! This warning can be ignored when running in bare mode.
2026-10-09 17:22:51.484 Thread 'MainThread': missing ScriptRunContext! This warning can be ignored when running in bare mode.
2026-10-09 17:22:51.484 Thread 'MainThread': missing ScriptRunContext! This warning can be ignored when running in bare mode.
2026-10-09 17:22:51.485 Thread 'MainThread': missing ScriptRunContext! This warning can be ignored when running in bare mode.
2026-10-09 17:22:51.485 Thread 'MainThread': missing ScriptRunContext! This warning can be ignored when running in bare mode.
2026-10-09 17:22:51.485 Thread 'MainThread': missing ScriptRunContext! This warning can be ignored when running in bare mode.
2026-10-09 17:22:51.485 Thread 'MainThread': missing ScriptRunContext! This warning can be ignored when running in bare mode.
2026-10-09 17:22:51.485 Thread 'MainThread': missing ScriptRunContext! This warning can be ignored when running in bare mode.
2026-10-09 17:22:51.485 Thread 'MainThread': missing ScriptRunContext! This warning can be ignored when running in bare mode.
2026-10-09 17:22:51.485 Thread 'MainThread': missing ScriptRunContext! This warning can be ignored when running in bare mode.
2026-10-09 17:22:51.485 Thread 'MainThread': missing ScriptRunContext! This warning can be ignored when running in bare mode.
2026-10-09 17:22:51.485 Thread 'MainThread': missing ScriptRunContext! This warning can be ignored when running in bare mode.
2026-10-09 17:22:51.485 Thread 'MainThread': missing ScriptRunContext! This warning can be ignored when running in bare mode.
2026-10-09 17:22:51.485 Thread 'MainThread': missing ScriptRunContext! This warning can be ignored when running in bare mode.
2026-10-09 17:22:51.485 Thread 'MainThread': missing ScriptRunContext! This warning can be ignored when running in bare mode.
2026-10-09 17:22:51.485 Thread 'MainThread': missing ScriptRunContext! This warning can be ignored when running in bare mode.
2026-10-09 17:22:51.498 Thread 'MainThread': missing ScriptRunContext! This warning can be ignored when running in bare mode.
2026-10-09 17:22:51.499 Thread 'MainThread': missing ScriptRunContext! This warning can be ignored when running in bare mode.
2026-10-09 17:22:51.499 Thread 'MainThread': missing ScriptRunContext! This warning can be ignored when running in bare mode.
2026-10-09 17:22:51.499 Thread 'MainThread': missing ScriptRunContext! This warning can be ignored when running in bare mode.
2026-10-09 17:22:51.499 Thread 'MainThread': missing ScriptRunContext! This warning can be ignored when running in bare mode.
2026-10-09 17:22:51.499 Thread 'MainThread': missing ScriptRunContext! This warning can be ignored when running in bare mode.
2026-10-09 17:22:51.499 Thread 'MainThread': missing ScriptRunContext! This warning can be ignored when running in bare mode.
2026-10-09 17:22:53.040 Thread 'MainThread': missing ScriptRunContext! This warning can be ignored when running in bare mode.
2026-10-09 17:22:53.040 Thread 'MainThread': missing ScriptRunContext! This warning can be ignored when running in bare mode.
2026-10-09 17:22:53.040 Thread 'MainThread': missing ScriptRunContext! This warning can be ignored when running in bare mode.
2026-10-09 17:22:53.040 Thread 'MainThread': missing ScriptRunContext! This warning can be ignored when running in bare mode.
2026-10-09 17:22:53.040 Thread 'MainThread': missing ScriptRunContext! This warning can be ignored when running in bare mode.
2026-10-09 17:22:53.040 Thread 'MainThread': missing ScriptRunContext! This warning can be ignored when running in bare mode.
2026-10-09 17:22:53.040 Thread 'MainThread': missing ScriptRunContext! This warning can be ignored when running in bare mode.
2026-10-09 17:22:55.001 Please replace `use_container_width` with `width`.

`use_container_width` will be removed after 2025-12-31.

For `use_container_width=True`, use `width='stretch'`. For `use_container_width=False`, use `width='content'`.
2026-10-09 17:22:55.024 Thread 'MainThread': missing ScriptRunContext! This warning can be ignored when running in bare mode.
2026-10-09 17:22:55.032 Thread 'MainThread': missing ScriptRunContext! This warning can be ignored when running in bare mode.
2026-10-09 17:22:55.032 Thread 'MainThread': missing ScriptRunContext! This warning can be ignored when running in bare mode.
2026-10-09 17:22:55.032 Thread 'MainThread': missing ScriptRunContext! This warning can be ignored when running in bare mode.
2026-10-09 17:22:55.032 Thread 'MainThread': missing ScriptRunContext! This warning can be ignored when running in bare mode.
2026-10-09 17:22:55.033 Thread 'MainThread': missing ScriptRunContext! This warning can be ignored when running in bare mode.
2026-10-09 17:22:55.033 Thread 'MainThread': missing ScriptRunContext! This warning can be ignored when running in bare mode.
2026-10-09 17:22:55.033 Thread 'MainThread': missing ScriptRunContext! This warning can be ignored when running in bare mode.
2026-10-09 17:22:55.033 Thread 'MainThread': missing ScriptRunContext! This warning can be ignored when running in bare mode.
2026-10-09 17:22:55.033 Thread 'MainThread': missing ScriptRunContext! This warning can be ignored when running in bare mode.
2026-10-09 17:22:55.033 Thread 'MainThread': missing ScriptRunContext! This warning can be ignored when running in bare mode.
2026-10-09 17:22:55.033 Thread 'MainThread': missing ScriptRunContext! This warning can be ignored when running in bare mode.
2026-10-09 17:22:55.033 Thread 'MainThread': missing ScriptRunContext! This warning can be ignored when running in bare mode.
2026-10-09 17:22:55.033 Thread 'MainThread': missing ScriptRunContext! This warning can be ignored when running in bare mode.
2026-10-09 17:22:55.033 Thread 'MainThread': missing ScriptRunContext! This warning can be ignored when running in bare mode.
2026-10-09 17:22:55.033 Thread 'MainThread': missing ScriptRunContext! This warning can be ignored when running in bare mode.
2026-10-09 17:22:55.033 Thread 'MainThread': missing ScriptRunContext! This warning can be ignored when running in bare mode.
2026-10-09 17:22:55.034 Thread 'MainThread': missing ScriptRunContext! This warning can be ignored when running in bare mode.
2026-10-09 17:22:55.034 Thread 'MainThread': missing ScriptRunContext! This warning can be ignored when running in bare mode.
2026-10-09 17:22:55.034 Thread 'MainThread': missing ScriptRunContext! This warning can be ignored when running in bare mode.
2026-10-09 17:22:55.034 Thread 'MainThread': missing ScriptRunContext! This warning can be ignored when running in bare mode.
2026-10-09 17:22:55.034 Thread 'MainThread': missing ScriptRunContext! This warning can be ignored when running in bare mode.
2026-10-09 17:22:55.034 Thread 'MainThread': missing ScriptRunContext! This warning can be ignored when running in bare mode.
2026-10-09 17:22:55.034 Thread 'MainThread': missing ScriptRunContext! This warning can be ignored when running in bare mode.
2026-10-09 17:22:55.034 Thread 'MainThread': missing ScriptRunContext! This warning can be ignored when running in bare mode.
2026-10-09 17:22:55.034 Thread 'MainThread': missing ScriptRunContext! This warning can be ignored when running in bare mode.
2026-10-09 17:22:55.034 Thread 'MainThread': missing ScriptRunContext! This warning can be ignored when running in bare mode.
2026-10-09 17:22:55.034 Thread 'MainThread': missing ScriptRunContext! This warning can be ignored when running in bare mode.
2026-10-09 17:22:55.034 Thread 'MainThread': missing ScriptRunContext! This warning can be ignored when running in bare mode.
2026-10-09 17:22:55.035 Thread 'MainThread': missing ScriptRunContext! This warning can be ignored when running in bare mode.
2026-10-09 17:22:55.035 Thread 'MainThread': missing ScriptRunContext! This warning can be ignored when running in bare mode.
2026-10-09 17:22:55.035 Thread 'MainThread': missing ScriptRunContext! This warning can be ignored when running in bare mode.
2026-10-09 17:22:55.035 Thread 'MainThread': missing ScriptRunContext! This warning can be ignored when running in bare mode.
2026-10-09 17:22:55.035 Thread 'MainThread': missing ScriptRunContext! This warning can be ignored when running in bare mode.
2026-10-09 17:22:55.035 Thread 'MainThread': missing ScriptRunContext! This warning can be ignored when running in bare mode.
2026-10-09 17:22:55.035 Thread 'MainThread': missing ScriptRunContext! This warning can be ignored when running in bare mode.
2026-10-09 17:22:55.035 Thread 'MainThread': missing ScriptRunContext! This warning can be ignored when running in bare mode.
2026-10-09 17:22:55.035 Thread 'MainThread': missing ScriptRunContext! This warning can be ignored when running in bare mode.
2026-10-09 17:22:55.035 Thread 'MainThread': missing ScriptRunContext! This warning can be ignored when running in bare mode.
2026-10-09 17:22:55.035 Thread 'MainThread': missing ScriptRunContext! This warning can be ignored when running in bare mode.
2026-10-09 17:22:55.035 Thread 'MainThread': missing ScriptRunContext! This warning can be ignored when running in bare mode.
2026-10-09 17:22:55.036 Thread 'MainThread': missing ScriptRunContext! This warning can be ignored when running in bare mode.
2026-10-09 17:22:55.036 Thread 'MainThread': missing ScriptRunContext! This warning can be ignored when running in bare mode.
2026-10-09 17:22:55.036 Thread 'MainThread': missing ScriptRunContext! This warning can be ignored when running in bare mode.
2026-10-09 17:22:55.036 Thread 'MainThread': missing ScriptRunContext! This warning can be ignored when running in bare mode.
2026-10-09 17:22:55.036 Thread 'MainThread': missing ScriptRunContext! This warning can be ignored when running in bare mode.
2026-10-09 17:22:55.051 Thread 'MainThread': missing ScriptRunContext! This warning can be ignored when running in bare mode.
2026-10-09 17:22:55.051 Thread 'MainThread': missing ScriptRunContext! This warning can be ignored when running in bare mode.
2026-10-09 17:22:55.051 Thread 'MainThread': missing ScriptRunContext! This warning can be ignored when running in bare mode.
2026-10-09 17:22:55.051 Thread 'MainThread': missing ScriptRunContext! This warning can be ignored when running in bare mode.
2026-10-09 17:22:55.051 Thread 'MainThread': missing ScriptRunContext! This warning can be ignored when running in bare mode.
2026-10-09 17:22:55.052 Thread 'MainThread': missing ScriptRunContext! This warning can be ignored when running in bare mode.
2026-10-09 17:22:55.052 Thread 'MainThread': missing ScriptRunContext! This warning can be ignored when running in bare mode.
2026-10-09 17:22:55.052 Thread 'MainThread': missing ScriptRunContext! This warning can be ignored when running in bare mode.
2026-10-09 17:22:55.052 Thread 'MainThread': missing ScriptRunContext! This warning can be ignored when running in bare mode.
2026-10-09 17:22:56.715 Please replace `use_container_width` with `width`.

`use_container_width` will be removed after 2025-12-31.

For `use_container_width=True`, use `width='stretch'`. For `use_container_width=False`, use `width='content'`.
2026-10-09 17:22:56.882 Thread 'MainThread': missing ScriptRunContext! This warning can be ignored when running in bare mode.
2026-10-09 17:22:56.883 Thread 'MainThread': missing ScriptRunContext! This warning can be ignored when running in bare mode.
2026-10-09 17:22:56.883 Thread 'MainThread': missing ScriptRunContext! This warning can be ignored when running in bare mode.
2026-10-09 17:22:56.883 Thread 'MainThread': missing ScriptRunContext! This warning can be ignored when running in bare mode.
2026-10-09 17:22:56.883 Thread 'MainThread': missing ScriptRunContext! This warning can be ignored when running in bare mode.
2026-10-09 17:22:56.883 Thread 'MainThread': missing ScriptRunContext! This warning can be ignored when running in bare mode.
2026-10-09 17:22:56.883 Thread 'MainThread': missing ScriptRunContext! This warning can be ignored when running in bare mode.
2026-10-09 17:22:56.883 Thread 'MainThread': missing ScriptRunContext! This warning can be ignored when running in bare mode.
2026-10-09 17:22:56.883 Thread 'MainThread': missing ScriptRunContext! This warning can be ignored when running in bare mode.
2026-10-09 17:22:56.884 Thread 'MainThread': missing ScriptRunContext! This warning can be ignored when running in bare mode.
2026-10-09 17:22:56.884 Thread 'MainThread': missing ScriptRunContext! This warning can be ignored when running in bare mode.
2026-10-09 17:22:56.884 Thread 'MainThread': missing ScriptRunContext! This warning can be ignored when running in bare mode.
2026-10-09 17:22:56.884 Thread 'MainThread': missing ScriptRunContext! This warning can be ignored when running in bare mode.
2026-10-09 17:22:56.884 Thread 'MainThread': missing ScriptRunContext! This warning can be ignored when running in bare mode.
2026-10-09 17:22:56.884 Thread 'MainThread': missing ScriptRunContext! This warning can be ignored when running in bare mode.
2026-10-09 17:22:56.884 Thread 'MainThread': missing ScriptRunContext! This warning can be ignored when running in bare mode.
2026-10-09 17:22:56.884 Thread 'MainThread': missing ScriptRunContext! This warning can be ignored when running in bare mode.
2026-10-09 17:22:56.884 Thread 'MainThread': missing ScriptRunContext! This warning can be ignored when running in bare mode.
2026-10-09 17:22:56.884 Thread 'MainThread': missing ScriptRunContext! This warning can be ignored when running in bare mode.
2026-10-09 17:22:56.884 Thread 'MainThread': missing ScriptRunContext! This warning can be ignored when running in bare mode.
2026-10-09 17:22:56.884 Thread 'MainThread': missing ScriptRunContext! This warning can be ignored when running in bare mode.
2026-10-09 17:22:56.884 Thread 'MainThread': missing ScriptRunContext! This warning can be ignored when running in bare mode.
2026-10-09 17:22:56.884 Thread 'MainThread': missing ScriptRunContext! This warning can be ignored when running in bare mode.
2026-10-09 17:22:56.884 Thread 'MainThread': missing ScriptRunContext! This warning can be ignored when running in bare mode.
2026-10-09 17:22:56.884 Thread 'MainThread': missing ScriptRunContext! This warning can be ignored when running in bare mode.
2026-10-09 17:22:56.884 Thread 'MainThread': missing ScriptRunContext! This warning can be ignored when running in bare mode.
2026-10-09 17:22:56.884 Thread 'MainThread': missing ScriptRunContext! This warning can be ignored when running in bare mode.
2026-10-09 17:22:56.885 Thread 'MainThread': missing ScriptRunContext! This warning can be ignored when running in bare mode.
2026-10-09 17:22:56.885 Thread 'MainThread': missing ScriptRunContext! This warning can be ignored when running in bare mode.
2026-10-09 17:22:56.885 Thread 'MainThread': missing ScriptRunContext! This warning can be ignored when running in bare mode.
2026-10-09 17:22:56.885 Thread 'MainThread': missing ScriptRunContext! This warning can be ignored when running in bare mode.
2026-10-09 17:22:56.885 Thread 'MainThread': missing ScriptRunContext! This warning can be ignored when running in bare mode.
2026-10-09 17:22:56.885 Thread 'MainThread': missing ScriptRunContext! This warning can be ignored when running in bare mode.
2026-10-09 17:22:56.885 Thread 'MainThread': missing ScriptRunContext! This warning can be ignored when running in bare mode.
2026-10-09 17:22:56.885 Thread 'MainThread': missing ScriptRunContext! This warning can be ignored when running in bare mode.
2026-10-09 17:22:56.885 Thread 'MainThread': missing ScriptRunContext! This warning can be ignored when running in bare mode.
2026-10-09 17:22:56.885 Thread 'MainThread': missing ScriptRunContext! This warning can be ignored when running in bare mode.
2026-10-09 17:22:56.885 Thread 'MainThread': missing ScriptRunContext! This warning can be ignored when running in bare mode.
2026-10-09 17:22:56.885 Thread 'MainThread': missing ScriptRunContext! This warning can be ignored when running in bare mode.
2026-10-09 17:22:56.885 Thread 'MainThread': missing ScriptRunContext! This warning can be ignored when running in bare mode.
2026-10-09 17:22:56.885 Thread 'MainThread': missing ScriptRunContext! This warning can be ignored when running in bare mode.
2026-10-09 17:22:56.885 Thread 'MainThread': missing ScriptRunContext! This warning can be ignored when running in bare mode.
2026-10-09 17:22:56.885 Thread 'MainThread': missing ScriptRunContext! This warning can be ignored when running in bare mode.
2026-10-09 17:22:56.885 Thread 'MainThread': missing ScriptRunContext! This warning can be ignored when running in bare mode.
2026-10-09 17:22:56.885 Thread 'MainThread': missing ScriptRunContext! This warning can be ignored when running in bare mode.
2026-10-09 17:22:56.886 Thread 'MainThread': missing ScriptRunContext! This warning can be ignored when running in bare mode.
2026-10-09 17:22:57.696 Thread 'MainThread': missing ScriptRunContext! This warning can be ignored when running in bare mode.
2026-10-09 17:22:57.697 Thread 'MainThread': missing ScriptRunContext! This warning can be ignored when running in bare mode.
2026-10-09 17:22:57.697 Thread 'MainThread': missing ScriptRunContext! This warning can be ignored when running in bare mode.
2026-10-09 17:22:57.697 Thread 'MainThread': missing ScriptRunContext! This warning can be ignored when running in bare mode.
2026-10-09 17:22:57.697 Thread 'MainThread': missing ScriptRunContext! This warning can be ignored when running in bare mode.
2026-10-09 17:22:57.697 Thread 'MainThread': missing ScriptRunContext! This warning can be ignored when running in bare mode.
2026-10-09 17:22:57.697 Thread 'MainThread': missing ScriptRunContext! This warning can be ignored when running in bare mode.
2026-10-09 17:22:57.697 Thread 'MainThread': missing ScriptRunContext! This warning can be ignored when running in bare mode.
2026-10-09 17:22:57.697 Thread 'MainThread': missing ScriptRunContext! This warning can be ignored when running in bare mode.
2026-10-09 17:22:57.697 Thread 'MainThread': missing ScriptRunContext! This warning can be ignored when running in bare mode.
2026-10-09 17:22:57.697 Thread 'MainThread': missing ScriptRunContext! This warning can be ignored when running in bare mode.
2026-10-09 17:22:57.697 Thread 'MainThread': missing ScriptRunContext! This warning can be ignored when running in bare mode.
2026-10-09 17:22:57.697 Thread 'MainThread': missing ScriptRunContext! This warning can be ignored when running in bare mode.
2026-10-09 17:22:57.697 Thread 'MainThread': missing ScriptRunContext! This warning can be ignored when running in bare mode.
2026-10-09 17:22:57.697 Thread 'MainThread': missing ScriptRunContext! This warning can be ignored when running in bare mode.
2026-10-09 17:22:57.697 Thread 'MainThread': missing ScriptRunContext! This warning can be ignored when running in bare mode.
2026-10-09 17:22:57.698 Thread 'MainThread': missing ScriptRunContext! This warning can be ignored when running in bare mode.
2026-10-09 17:22:57.698 Thread 'MainThread': missing ScriptRunContext! This warning can be ignored when running in bare mode.
2026-10-09 17:22:57.698 Thread 'MainThread': missing ScriptRunContext! This warning can be ignored when running in bare mode.
2026-10-09 17:22:57.698 Thread 'MainThread': missing ScriptRunContext! This warning can be ignored when running in bare mode.
2026-10-09 17:22:57.698 Thread 'MainThread': missing ScriptRunContext! This warning can be ignored when running in bare mode.
2026-10-09 17:22:57.698 Thread 'MainThread': missing ScriptRunContext! This warning can be ignored when running in bare mode.
2026-10-09 17:22:57.698 Thread 'MainThread': missing ScriptRunContext! This warning can be ignored when running in bare mode.
2026-10-09 17:22:57.698 Thread 'MainThread': missing ScriptRunContext! This warning can be ignored when running in bare mode.
2026-10-09 17:22:57.698 Thread 'MainThread': missing ScriptRunContext! This warning can be ignored when running in bare mode.
2026-10-09 17:22:57.698 Thread 'MainThread': missing ScriptRunContext! This warning can be ignored when running in bare mode.
2026-10-09 17:22:57.698 Thread 'MainThread': missing ScriptRunContext! This warning can be ignored when running in bare mode.
2026-10-09 17:22:57.698 Thread 'MainThread': missing ScriptRunContext! This warning can be ignored when running in bare mode.
2026-10-09 17:22:57.698 Thread 'MainThread': missing ScriptRunContext! This warning can be ignored when running in bare mode.
2026-10-09 17:22:57.698 Thread 'MainThread': missing ScriptRunContext! This warning can be ignored when running in bare mode.
2026-10-09 17:22:57.698 Thread 'MainThread': missing ScriptRunContext! This warning can be ignored when running in bare mode.
2026-10-09 17:22:57.698 Thread 'MainThread': missing ScriptRunContext! This warning can be ignored when running in bare mode.
2026-10-09 17:22:57.698 Thread 'MainThread': missing ScriptRunContext! This warning can be ignored when running in bare mode.
2026-10-09 17:22:57.698 Thread 'MainThread': missing ScriptRunContext! This warning can be ignored when running in bare mode.
2026-10-09 17:22:57.698 Thread 'MainThread': missing ScriptRunContext! This warning can be ignored when running in bare mode.
2026-10-09 17:22:57.698 Thread 'MainThread': missing ScriptRunContext! This warning can be ignored when running in bare mode.
2026-10-09 17:22:57.698 Thread 'MainThread': missing ScriptRunContext! This warning can be ignored when running in bare mode.
2026-10-09 17:22:57.698 Thread 'MainThread': missing ScriptRunContext! This warning can be ignored when running in bare mode.
2026-10-09 17:22:57.698 Thread 'MainThread': missing ScriptRunContext! This warning can be ignored when running in bare mode.
2026-10-09 17:22:57.699 Thread 'MainThread': missing ScriptRunContext! This warning can be ignored when running in bare mode.
2026-10-09 17:22:57.699 Thread 'MainThread': missing ScriptRunContext! This warning can be ignored when running in bare mode.
2026-10-09 17:22:57.699 Thread 'MainThread': missing ScriptRunContext! This warning can be ignored when running in bare mode.
2026-10-09 17:22:57.699 Thread 'MainThread': missing ScriptRunContext! This warning can be ignored when running in bare mode.
2026-10-09 17:22:57.699 Thread 'MainThread': missing ScriptRunContext! This warning can be ignored when running in bare mode.
2026-10-09 17:22:57.699 Thread 'MainThread': missing ScriptRunContext! This warning can be ignored when running in bare mode.
2026-10-09 17:22:57.699 Thread 'MainThread': missing ScriptRunContext! This warning can be ignored when running in bare mode.
2026-10-09 17:22:57.706 Thread 'MainThread': missing ScriptRunContext! This warning can be ignored when running in bare mode.
2026-10-09 17:22:57.714 Thread 'MainThread': missing ScriptRunContext! This warning can be ignored when running in bare mode.
2026-10-09 17:22:57.719 Thread 'MainThread': missing ScriptRunContext! This warning can be ignored when running in bare mode.
2026-10-09 17:22:57.719 Thread 'MainThread': missing ScriptRunContext! This warning can be ignored when running in bare mode.
2026-10-09 17:22:58.930 Thread 'MainThread': missing ScriptRunContext! This warning can be ignored when running in bare mode.
2026-10-09 17:22:58.930 Thread 'MainThread': missing ScriptRunContext! This warning can be ignored when running in bare mode.
2026-10-09 17:22:58.930 Thread 'MainThread': missing ScriptRunContext! This warning can be ignored when running in bare mode.
2026-10-09 17:22:58.930 Thread 'MainThread': missing ScriptRunContext! This warning can be ignored when running in bare mode.
2026-10-09 17:22:58.930 Thread 'MainThread': missing ScriptRunContext! This warning can be ignored when running in bare mode.
2026-10-09 17:22:58.930 Thread 'MainThread': missing ScriptRunContext! This warning can be ignored when running in bare mode.
2026-10-09 17:22:58.930 Thread 'MainThread': missing ScriptRunContext! This warning can be ignored when running in bare mode.
2026-10-09 17:23:00.373 Please replace `use_container_width` with `width`.

`use_container_width` will be removed after 2025-12-31.

For `use_container_width=True`, use `width='stretch'`. For `use_container_width=False`, use `width='content'`.
2026-10-09 17:23:00.728 Please replace `use_container_width` with `width`.

`use_container_width` will be removed after 2025-12-31.

For `use_container_width=True`, use `width='stretch'`. For `use_container_width=False`, use `width='content'`.
2026-10-09 17:23:01.071 Please replace `use_container_width` with `width`.

`use_container_width` will be removed after 2025-12-31.

For `use_container_width=True`, use `width='stretch'`. For `use_container_width=False`, use `width='content'`.
2026-10-09 17:23:01.308 Thread 'MainThread': missing ScriptRunContext! This warning can be ignored when running in bare mode.
2026-10-09 17:23:01.520 Thread 'MainThread': missing ScriptRunContext! This warning can be ignored when running in bare mode.
2026-10-09 17:23:01.520 Thread 'MainThread': missing ScriptRunContext! This warning can be ignored when running in bare mode.
2026-10-09 17:23:01.520 Thread 'MainThread': missing ScriptRunContext! This warning can be ignored when running in bare mode.
2026-10-09 17:23:01.520 Thread 'MainThread': missing ScriptRunContext! This warning can be ignored when running in bare mode.
2026-10-09 17:23:01.520 Thread 'MainThread': missing ScriptRunContext! This warning can be ignored when running in bare mode.
2026-10-09 17:23:01.520 Thread 'MainThread': missing ScriptRunContext! This warning can be ignored when running in bare mode.
2026-10-09 17:23:01.520 Thread 'MainThread': missing ScriptRunContext! This warning can be ignored when running in bare mode.
2026-10-09 17:23:01.520 Thread 'MainThread': missing ScriptRunContext! This warning can be ignored when running in bare mode.
2026-10-09 17:23:01.520 Thread 'MainThread': missing ScriptRunContext! This warning can be ignored when running in bare mode.
2026-10-09 17:23:01.521 Thread 'MainThread': missing ScriptRunContext! This warning can be ignored when running in bare mode.
2026-10-09 17:23:01.521 Thread 'MainThread': missing ScriptRunContext! This warning can be ignored when running in bare mode.
2026-10-09 17:23:01.521 Thread 'MainThread': missing ScriptRunContext! This warning can be ignored when running in bare mode.
2026-10-09 17:23:01.521 Thread 'MainThread': missing ScriptRunContext! This warning can be ignored when running in bare mode.
2026-10-09 17:23:01.521 Thread 'MainThread': missing ScriptRunContext! This warning can be ignored when running in bare mode.
2026-10-09 17:23:01.521 Thread 'MainThread': missing ScriptRunContext! This warning can be ignored when running in bare mode.
2026-10-09 17:23:01.694 Thread 'MainThread': missing ScriptRunContext! This warning can be ignored when running in bare mode.
2026-10-09 17:23:01.695 Thread 'MainThread': missing ScriptRunContext! This warning can be ignored when running in bare mode.
2026-10-09 17:23:01.695 Thread 'MainThread': missing ScriptRunContext! This warning can be ignored when running in bare mode.
2026-10-09 17:23:01.695 Thread 'MainThread': missing ScriptRunContext! This warning can be ignored when running in bare mode.
2026-10-09 17:23:01.695 Thread 'MainThread': missing ScriptRunContext! This warning can be ignored when running in bare mode.
2026-10-09 17:23:01.695 Thread 'MainThread': missing ScriptRunContext! This warning can be ignored when running in bare mode.
2026-10-09 17:23:01.695 Thread 'MainThread': missing ScriptRunContext! This warning can be ignored when running in bare mode.
2026-10-09 17:23:01.695 Thread 'MainThread': missing ScriptRunContext! This warning can be ignored when running in bare mode.
2026-10-09 17:23:01.695 Thread 'MainThread': missing ScriptRunContext! This warning can be ignored when running in bare mode.
2026-10-09 17:23:01.695 Thread 'MainThread': missing ScriptRunContext! This warning can be ignored when running in bare mode.
2026-10-09 17:23:01.695 Thread 'MainThread': missing ScriptRunContext! This warning can be ignored when running in bare mode.
2026-10-09 17:23:01.695 Thread 'MainThread': missing ScriptRunContext! This warning can be ignored when running in bare mode.
2026-10-09 17:23:01.695 Thread 'MainThread': missing ScriptRunContext! This warning can be ignored when running in bare mode.
2026-10-09 17:23:01.695 Thread 'MainThread': missing ScriptRunContext! This warning can be ignored when running in bare mode.
2026-10-09 17:23:01.696 Thread 'MainThread': missing ScriptRunContext! This warning can be ignored when running in bare mode.
2026-10-09 17:23:01.978 Thread 'MainThread': missing ScriptRunContext! This warning can be ignored when running in bare mode.
2026-10-09 17:23:02.008 Thread 'MainThread': missing ScriptRunContext! This warning can be ignored when running in bare mode.
2026-10-09 17:23:02.008 Thread 'MainThread': missing ScriptRunContext! This warning can be ignored when running in bare mode.
2026-10-09 17:23:02.008 Thread 'MainThread': missing ScriptRunContext! This warning can be ignored when running in bare mode.
2026-10-09 17:23:02.011 Thread 'MainThread': missing ScriptRunContext! This warning can be ignored when running in bare mode.
2026-10-09 17:23:02.011 Thread 'MainThread': missing ScriptRunContext! This warning can be ignored when running in bare mode.
2026-10-09 17:23:02.011 Thread 'MainThread': missing ScriptRunContext! This warning can be ignored when running in bare mode.
2026-10-09 17:23:02.239 Thread 'MainThread': missing ScriptRunContext! This warning can be ignored when running in bare mode.
Source Atlas rejected reason=atlas_version: unsupported
2026-10-09 17:23:03.771 Thread 'MainThread': missing ScriptRunContext! This warning can be ignored when running in bare mode.
2026-10-09 17:23:03.794 Thread 'MainThread': missing ScriptRunContext! This warning can be ignored when running in bare mode.
2026-10-09 17:23:03.794 Thread 'MainThread': missing ScriptRunContext! This warning can be ignored when running in bare mode.
2026-10-09 17:23:03.794 Thread 'MainThread': missing ScriptRunContext! This warning can be ignored when running in bare mode.
2026-10-09 17:23:03.796 Thread 'MainThread': missing ScriptRunContext! This warning can be ignored when running in bare mode.
2026-10-09 17:23:03.796 Thread 'MainThread': missing ScriptRunContext! This warning can be ignored when running in bare mode.
2026-10-09 17:23:03.796 Thread 'MainThread': missing ScriptRunContext! This warning can be ignored when running in bare mode.
2026-10-09 17:23:03.999 Thread 'MainThread': missing ScriptRunContext! This warning can be ignored when running in bare mode.
2026-10-09 17:23:05.348 Please replace `use_container_width` with `width`.

`use_container_width` will be removed after 2025-12-31.

For `use_container_width=True`, use `width='stretch'`. For `use_container_width=False`, use `width='content'`.
2026-10-09 17:23:05.620 Please replace `use_container_width` with `width`.

`use_container_width` will be removed after 2025-12-31.

For `use_container_width=True`, use `width='stretch'`. For `use_container_width=False`, use `width='content'`.
2026-10-09 17:23:06.361 Thread 'MainThread': missing ScriptRunContext! This warning can be ignored when running in bare mode.
2026-10-09 17:23:06.388 Thread 'MainThread': missing ScriptRunContext! This warning can be ignored when running in bare mode.
2026-10-09 17:23:06.388 Thread 'MainThread': missing ScriptRunContext! This warning can be ignored when running in bare mode.
2026-10-09 17:23:06.388 Thread 'MainThread': missing ScriptRunContext! This warning can be ignored when running in bare mode.
2026-10-09 17:23:06.390 Thread 'MainThread': missing ScriptRunContext! This warning can be ignored when running in bare mode.
2026-10-09 17:23:06.390 Thread 'MainThread': missing ScriptRunContext! This warning can be ignored when running in bare mode.
2026-10-09 17:23:06.390 Thread 'MainThread': missing ScriptRunContext! This warning can be ignored when running in bare mode.
2026-10-09 17:23:06.748 Thread 'MainThread': missing ScriptRunContext! This warning can be ignored when running in bare mode.
2026-10-09 17:23:06.749 Thread 'MainThread': missing ScriptRunContext! This warning can be ignored when running in bare mode.
2026-10-09 17:23:07.403 Thread 'MainThread': missing ScriptRunContext! This warning can be ignored when running in bare mode.
2026-10-09 17:23:07.427 Thread 'MainThread': missing ScriptRunContext! This warning can be ignored when running in bare mode.
2026-10-09 17:23:07.428 Thread 'MainThread': missing ScriptRunContext! This warning can be ignored when running in bare mode.
2026-10-09 17:23:07.428 Thread 'MainThread': missing ScriptRunContext! This warning can be ignored when running in bare mode.
2026-10-09 17:23:07.430 Thread 'MainThread': missing ScriptRunContext! This warning can be ignored when running in bare mode.
2026-10-09 17:23:07.430 Thread 'MainThread': missing ScriptRunContext! This warning can be ignored when running in bare mode.
2026-10-09 17:23:07.430 Thread 'MainThread': missing ScriptRunContext! This warning can be ignored when running in bare mode.
2026-10-09 17:23:07.632 Thread 'MainThread': missing ScriptRunContext! This warning can be ignored when running in bare mode.
2026-10-09 17:23:07.632 Thread 'MainThread': missing ScriptRunContext! This warning can be ignored when running in bare mode.
2026-10-09 17:23:09.618 Thread 'MainThread': missing ScriptRunContext! This warning can be ignored when running in bare mode.
2026-10-09 17:23:10.456 Please replace `use_container_width` with `width`.

`use_container_width` will be removed after 2025-12-31.

For `use_container_width=True`, use `width='stretch'`. For `use_container_width=False`, use `width='content'`.
2026-10-09 17:23:10.732 Please replace `use_container_width` with `width`.

`use_container_width` will be removed after 2025-12-31.

For `use_container_width=True`, use `width='stretch'`. For `use_container_width=False`, use `width='content'`.
2026-10-09 17:23:11.378 Thread 'MainThread': missing ScriptRunContext! This warning can be ignored when running in bare mode.
2026-10-09 17:23:11.378 Thread 'MainThread': missing ScriptRunContext! This warning can be ignored when running in bare mode.
2026-10-09 17:23:11.883 Thread 'MainThread': missing ScriptRunContext! This warning can be ignored when running in bare mode.
2026-10-09 17:23:11.883 Thread 'MainThread': missing ScriptRunContext! This warning can be ignored when running in bare mode.
2026-10-09 17:23:11.956 Thread 'MainThread': missing ScriptRunContext! This warning can be ignored when running in bare mode.
2026-10-09 17:23:11.957 Thread 'MainThread': missing ScriptRunContext! This warning can be ignored when running in bare mode.
2026-10-09 17:23:12.452 Thread 'MainThread': missing ScriptRunContext! This warning can be ignored when running in bare mode.
2026-10-09 17:23:12.452 Thread 'MainThread': missing ScriptRunContext! This warning can be ignored when running in bare mode.
2026-10-09 17:23:12.527 Thread 'MainThread': missing ScriptRunContext! This warning can be ignored when running in bare mode.
2026-10-09 17:23:12.527 Thread 'MainThread': missing ScriptRunContext! This warning can be ignored when running in bare mode.
2026-10-09 17:23:13.040 Thread 'MainThread': missing ScriptRunContext! This warning can be ignored when running in bare mode.
2026-10-09 17:23:13.040 Thread 'MainThread': missing ScriptRunContext! This warning can be ignored when running in bare mode.
2026-10-09 17:23:13.553 Thread 'MainThread': missing ScriptRunContext! This warning can be ignored when running in bare mode.
2026-10-09 17:23:13.553 Thread 'MainThread': missing ScriptRunContext! This warning can be ignored when running in bare mode.
2026-10-09 17:23:13.871 Thread 'MainThread': missing ScriptRunContext! This warning can be ignored when running in bare mode.
2026-10-09 17:23:13.871 Thread 'MainThread': missing ScriptRunContext! This warning can be ignored when running in bare mode.
2026-10-09 17:23:14.435 Thread 'MainThread': missing ScriptRunContext! This warning can be ignored when running in bare mode.
2026-10-09 17:23:14.435 Thread 'MainThread': missing ScriptRunContext! This warning can be ignored when running in bare mode.
2026-10-09 17:23:14.906 Thread 'MainThread': missing ScriptRunContext! This warning can be ignored when running in bare mode.
2026-10-09 17:23:14.906 Thread 'MainThread': missing ScriptRunContext! This warning can be ignored when running in bare mode.
2026-10-09 17:23:14.953 Thread 'MainThread': missing ScriptRunContext! This warning can be ignored when running in bare mode.
2026-10-09 17:23:14.977 Thread 'MainThread': missing ScriptRunContext! This warning can be ignored when running in bare mode.
2026-10-09 17:23:14.977 Thread 'MainThread': missing ScriptRunContext! This warning can be ignored when running in bare mode.
2026-10-09 17:23:14.977 Thread 'MainThread': missing ScriptRunContext! This warning can be ignored when running in bare mode.
2026-10-09 17:23:14.979 Thread 'MainThread': missing ScriptRunContext! This warning can be ignored when running in bare mode.
2026-10-09 17:23:14.979 Thread 'MainThread': missing ScriptRunContext! This warning can be ignored when running in bare mode.
2026-10-09 17:23:14.979 Thread 'MainThread': missing ScriptRunContext! This warning can be ignored when running in bare mode.
2026-10-09 17:23:15.170 Thread 'MainThread': missing ScriptRunContext! This warning can be ignored when running in bare mode.
2026-10-09 17:23:15.170 Thread 'MainThread': missing ScriptRunContext! This warning can be ignored when running in bare mode.
2026-10-09 17:23:16.061 Thread 'MainThread': missing ScriptRunContext! This warning can be ignored when running in bare mode.
2026-10-09 17:23:16.087 Thread 'MainThread': missing ScriptRunContext! This warning can be ignored when running in bare mode.
2026-10-09 17:23:16.088 Thread 'MainThread': missing ScriptRunContext! This warning can be ignored when running in bare mode.
2026-10-09 17:23:16.088 Thread 'MainThread': missing ScriptRunContext! This warning can be ignored when running in bare mode.
2026-10-09 17:23:16.090 Thread 'MainThread': missing ScriptRunContext! This warning can be ignored when running in bare mode.
2026-10-09 17:23:16.090 Thread 'MainThread': missing ScriptRunContext! This warning can be ignored when running in bare mode.
2026-10-09 17:23:16.090 Thread 'MainThread': missing ScriptRunContext! This warning can be ignored when running in bare mode.
2026-10-09 17:23:16.281 Thread 'MainThread': missing ScriptRunContext! This warning can be ignored when running in bare mode.
2026-10-09 17:23:16.976 Thread 'MainThread': missing ScriptRunContext! This warning can be ignored when running in bare mode.
2026-10-09 17:23:16.999 Thread 'MainThread': missing ScriptRunContext! This warning can be ignored when running in bare mode.
2026-10-09 17:23:16.999 Thread 'MainThread': missing ScriptRunContext! This warning can be ignored when running in bare mode.
2026-10-09 17:23:16.999 Thread 'MainThread': missing ScriptRunContext! This warning can be ignored when running in bare mode.
2026-10-09 17:23:17.002 Thread 'MainThread': missing ScriptRunContext! This warning can be ignored when running in bare mode.
2026-10-09 17:23:17.002 Thread 'MainThread': missing ScriptRunContext! This warning can be ignored when running in bare mode.
2026-10-09 17:23:17.002 Thread 'MainThread': missing ScriptRunContext! This warning can be ignored when running in bare mode.
2026-10-09 17:23:17.205 Thread 'MainThread': missing ScriptRunContext! This warning can be ignored when running in bare mode.
2026-10-09 17:23:18.848 Please replace `use_container_width` with `width`.

`use_container_width` will be removed after 2025-12-31.

For `use_container_width=True`, use `width='stretch'`. For `use_container_width=False`, use `width='content'`.
2026-10-09 17:23:19.165 Please replace `use_container_width` with `width`.

`use_container_width` will be removed after 2025-12-31.

For `use_container_width=True`, use `width='stretch'`. For `use_container_width=False`, use `width='content'`.
2026-10-09 17:23:19.394 Thread 'MainThread': missing ScriptRunContext! This warning can be ignored when running in bare mode.
2026-10-09 17:23:19.417 Thread 'MainThread': missing ScriptRunContext! This warning can be ignored when running in bare mode.
2026-10-09 17:23:19.417 Thread 'MainThread': missing ScriptRunContext! This warning can be ignored when running in bare mode.
2026-10-09 17:23:19.417 Thread 'MainThread': missing ScriptRunContext! This warning can be ignored when running in bare mode.
2026-10-09 17:23:19.419 Thread 'MainThread': missing ScriptRunContext! This warning can be ignored when running in bare mode.
2026-10-09 17:23:19.420 Thread 'MainThread': missing ScriptRunContext! This warning can be ignored when running in bare mode.
2026-10-09 17:23:19.420 Thread 'MainThread': missing ScriptRunContext! This warning can be ignored when running in bare mode.
2026-10-09 17:23:19.627 Thread 'MainThread': missing ScriptRunContext! This warning can be ignored when running in bare mode.
Local document UI structure_available=False parser_available=True requested_pages=[1, 2] reason=ValueError
Local document adapter rejected counts={'requested_pages': [], 'parsed_pages': [], 'chars': {}, 'regions_produced': 0, 'normalized_regions': 0} reason=document: selected pages
Local document adapter rejected counts={'requested_pages': [], 'parsed_pages': [], 'chars': {}, 'regions_produced': 0, 'normalized_regions': 0} reason=document: selected pages
Local document adapter rejected counts={'requested_pages': [], 'parsed_pages': [], 'chars': {}, 'regions_produced': 0, 'normalized_regions': 0} reason=document: selected pages
Local document adapter rejected counts={'requested_pages': [], 'parsed_pages': [], 'chars': {}, 'regions_produced': 0, 'normalized_regions': 0} reason=document: selected pages
Local document adapter rejected counts={'requested_pages': [], 'parsed_pages': [], 'chars': {}, 'regions_produced': 0, 'normalized_regions': 0} reason=document: selected pages
Local document adapter rejected counts={'requested_pages': [3], 'parsed_pages': [], 'chars': {}, 'regions_produced': 0, 'normalized_regions': 0} reason=document: page outside PDF
Local document adapter rejected counts={'requested_pages': [1], 'parsed_pages': [1], 'chars': {1: 125}, 'regions_produced': 21, 'normalized_regions': 0} reason=document: native box
Local document adapter rejected counts={'requested_pages': [1], 'parsed_pages': [1], 'chars': {1: 17}, 'regions_produced': 1, 'normalized_regions': 0} reason=document: invalid region fields: regions[0].plain_text
Local document adapter rejected counts={'requested_pages': [1], 'parsed_pages': [1], 'chars': {1: 21}, 'regions_produced': 1, 'normalized_regions': 0} reason=document: invalid region fields: regions[0].plain_text
2026-10-09 17:23:22.758 Thread 'MainThread': missing ScriptRunContext! This warning can be ignored when running in bare mode.
2026-10-09 17:23:22.792 Thread 'MainThread': missing ScriptRunContext! This warning can be ignored when running in bare mode.
2026-10-09 17:23:22.792 Thread 'MainThread': missing ScriptRunContext! This warning can be ignored when running in bare mode.
2026-10-09 17:23:22.792 Thread 'MainThread': missing ScriptRunContext! This warning can be ignored when running in bare mode.
2026-10-09 17:23:22.795 Thread 'MainThread': missing ScriptRunContext! This warning can be ignored when running in bare mode.
2026-10-09 17:23:22.795 Thread 'MainThread': missing ScriptRunContext! This warning can be ignored when running in bare mode.
2026-10-09 17:23:22.795 Thread 'MainThread': missing ScriptRunContext! This warning can be ignored when running in bare mode.
2026-10-09 17:23:23.042 Thread 'MainThread': missing ScriptRunContext! This warning can be ignored when running in bare mode.
2026-10-09 17:23:23.042 Thread 'MainThread': missing ScriptRunContext! This warning can be ignored when running in bare mode.
2026-10-09 17:23:23.051 Thread 'MainThread': missing ScriptRunContext! This warning can be ignored when running in bare mode.
2026-10-09 17:23:23.171 Thread 'MainThread': missing ScriptRunContext! This warning can be ignored when running in bare mode.
2026-10-09 17:23:23.172 Thread 'MainThread': missing ScriptRunContext! This warning can be ignored when running in bare mode.
Local document UI structure_available=False parser_available=True requested_pages=[1] reason=document: no native text regions (no OCR)
2026-10-09 17:23:24.221 Thread 'MainThread': missing ScriptRunContext! This warning can be ignored when running in bare mode.
2026-10-09 17:23:24.242 Thread 'MainThread': missing ScriptRunContext! This warning can be ignored when running in bare mode.
2026-10-09 17:23:24.242 Thread 'MainThread': missing ScriptRunContext! This warning can be ignored when running in bare mode.
2026-10-09 17:23:24.243 Thread 'MainThread': missing ScriptRunContext! This warning can be ignored when running in bare mode.
2026-10-09 17:23:24.244 Thread 'MainThread': missing ScriptRunContext! This warning can be ignored when running in bare mode.
2026-10-09 17:23:24.244 Thread 'MainThread': missing ScriptRunContext! This warning can be ignored when running in bare mode.
2026-10-09 17:23:24.244 Thread 'MainThread': missing ScriptRunContext! This warning can be ignored when running in bare mode.
2026-10-09 17:23:24.442 Thread 'MainThread': missing ScriptRunContext! This warning can be ignored when running in bare mode.
2026-10-09 17:23:24.442 Thread 'MainThread': missing ScriptRunContext! This warning can be ignored when running in bare mode.
2026-10-09 17:23:24.446 Thread 'MainThread': missing ScriptRunContext! This warning can be ignored when running in bare mode.
2026-10-09 17:23:25.786 Thread 'MainThread': missing ScriptRunContext! This warning can be ignored when running in bare mode.
2026-10-09 17:23:25.817 Thread 'MainThread': missing ScriptRunContext! This warning can be ignored when running in bare mode.
2026-10-09 17:23:25.817 Thread 'MainThread': missing ScriptRunContext! This warning can be ignored when running in bare mode.
2026-10-09 17:23:25.817 Thread 'MainThread': missing ScriptRunContext! This warning can be ignored when running in bare mode.
2026-10-09 17:23:25.820 Thread 'MainThread': missing ScriptRunContext! This warning can be ignored when running in bare mode.
2026-10-09 17:23:25.820 Thread 'MainThread': missing ScriptRunContext! This warning can be ignored when running in bare mode.
2026-10-09 17:23:25.820 Thread 'MainThread': missing ScriptRunContext! This warning can be ignored when running in bare mode.
2026-10-09 17:23:26.073 Thread 'MainThread': missing ScriptRunContext! This warning can be ignored when running in bare mode.
2026-10-09 17:23:26.073 Thread 'MainThread': missing ScriptRunContext! This warning can be ignored when running in bare mode.
2026-10-09 17:23:26.080 Thread 'MainThread': missing ScriptRunContext! This warning can be ignored when running in bare mode.
2026-10-09 17:23:27.483 Thread 'MainThread': missing ScriptRunContext! This warning can be ignored when running in bare mode.
2026-10-09 17:23:27.512 Thread 'MainThread': missing ScriptRunContext! This warning can be ignored when running in bare mode.
2026-10-09 17:23:27.513 Thread 'MainThread': missing ScriptRunContext! This warning can be ignored when running in bare mode.
2026-10-09 17:23:27.513 Thread 'MainThread': missing ScriptRunContext! This warning can be ignored when running in bare mode.
2026-10-09 17:23:27.515 Thread 'MainThread': missing ScriptRunContext! This warning can be ignored when running in bare mode.
2026-10-09 17:23:27.515 Thread 'MainThread': missing ScriptRunContext! This warning can be ignored when running in bare mode.
2026-10-09 17:23:27.515 Thread 'MainThread': missing ScriptRunContext! This warning can be ignored when running in bare mode.
2026-10-09 17:23:27.729 Thread 'MainThread': missing ScriptRunContext! This warning can be ignored when running in bare mode.
2026-10-09 17:23:27.729 Thread 'MainThread': missing ScriptRunContext! This warning can be ignored when running in bare mode.
2026-10-09 17:23:27.734 Thread 'MainThread': missing ScriptRunContext! This warning can be ignored when running in bare mode.
2026-10-09 17:23:29.625 Thread 'MainThread': missing ScriptRunContext! This warning can be ignored when running in bare mode.
2026-10-09 17:23:29.625 Thread 'MainThread': missing ScriptRunContext! This warning can be ignored when running in bare mode.
2026-10-09 17:23:29.625 Thread 'MainThread': missing ScriptRunContext! This warning can be ignored when running in bare mode.
2026-10-09 17:23:29.625 Thread 'MainThread': missing ScriptRunContext! This warning can be ignored when running in bare mode.
2026-10-09 17:23:29.625 Thread 'MainThread': missing ScriptRunContext! This warning can be ignored when running in bare mode.
2026-10-09 17:23:29.625 Thread 'MainThread': missing ScriptRunContext! This warning can be ignored when running in bare mode.
2026-10-09 17:23:31.319 Thread 'MainThread': missing ScriptRunContext! This warning can be ignored when running in bare mode.
2026-10-09 17:23:31.320 Thread 'MainThread': missing ScriptRunContext! This warning can be ignored when running in bare mode.
2026-10-09 17:23:31.320 Thread 'MainThread': missing ScriptRunContext! This warning can be ignored when running in bare mode.
2026-10-09 17:23:31.320 Thread 'MainThread': missing ScriptRunContext! This warning can be ignored when running in bare mode.
2026-10-09 17:23:31.320 Thread 'MainThread': missing ScriptRunContext! This warning can be ignored when running in bare mode.
2026-10-09 17:23:31.320 Thread 'MainThread': missing ScriptRunContext! This warning can be ignored when running in bare mode.
2026-10-09 17:23:32.274 Thread 'MainThread': missing ScriptRunContext! This warning can be ignored when running in bare mode.
2026-10-09 17:23:32.457 Thread 'MainThread': missing ScriptRunContext! This warning can be ignored when running in bare mode.
2026-10-09 17:23:32.457 Thread 'MainThread': missing ScriptRunContext! This warning can be ignored when running in bare mode.
2026-10-09 17:23:32.457 Thread 'MainThread': missing ScriptRunContext! This warning can be ignored when running in bare mode.
2026-10-09 17:23:32.457 Thread 'MainThread': missing ScriptRunContext! This warning can be ignored when running in bare mode.
2026-10-09 17:23:32.457 Thread 'MainThread': missing ScriptRunContext! This warning can be ignored when running in bare mode.
2026-10-09 17:23:32.457 Thread 'MainThread': missing ScriptRunContext! This warning can be ignored when running in bare mode.
2026-10-09 17:23:32.589 Thread 'MainThread': missing ScriptRunContext! This warning can be ignored when running in bare mode.
2026-10-09 17:23:32.591 Thread 'MainThread': missing ScriptRunContext! This warning can be ignored when running in bare mode.
2026-10-09 17:23:32.591 Thread 'MainThread': missing ScriptRunContext! This warning can be ignored when running in bare mode.
2026-10-09 17:23:32.591 Thread 'MainThread': missing ScriptRunContext! This warning can be ignored when running in bare mode.
2026-10-09 17:23:32.591 Thread 'MainThread': missing ScriptRunContext! This warning can be ignored when running in bare mode.
2026-10-09 17:23:32.677 Thread 'MainThread': missing ScriptRunContext! This warning can be ignored when running in bare mode.
2026-10-09 17:23:32.677 Thread 'MainThread': missing ScriptRunContext! This warning can be ignored when running in bare mode.
Local document UI structure_available=False parser_available=True requested_pages=[1] reason=document: no native text regions (no OCR)
2026-10-09 17:23:34.542 Please replace `use_container_width` with `width`.

`use_container_width` will be removed after 2025-12-31.

For `use_container_width=True`, use `width='stretch'`. For `use_container_width=False`, use `width='content'`.
2026-10-09 17:23:34.554 Thread 'MainThread': missing ScriptRunContext! This warning can be ignored when running in bare mode.
2026-10-09 17:23:34.554 Thread 'MainThread': missing ScriptRunContext! This warning can be ignored when running in bare mode.
2026-10-09 17:23:34.554 Thread 'MainThread': missing ScriptRunContext! This warning can be ignored when running in bare mode.
2026-10-09 17:23:34.554 Thread 'MainThread': missing ScriptRunContext! This warning can be ignored when running in bare mode.
2026-10-09 17:23:34.554 Thread 'MainThread': missing ScriptRunContext! This warning can be ignored when running in bare mode.
2026-10-09 17:23:34.554 Thread 'MainThread': missing ScriptRunContext! This warning can be ignored when running in bare mode.
2026-10-09 17:23:34.666 Thread 'MainThread': missing ScriptRunContext! This warning can be ignored when running in bare mode.
2026-10-09 17:23:34.668 Thread 'MainThread': missing ScriptRunContext! This warning can be ignored when running in bare mode.
2026-10-09 17:23:34.668 Thread 'MainThread': missing ScriptRunContext! This warning can be ignored when running in bare mode.
2026-10-09 17:23:34.668 Thread 'MainThread': missing ScriptRunContext! This warning can be ignored when running in bare mode.
2026-10-09 17:23:34.669 Thread 'MainThread': missing ScriptRunContext! This warning can be ignored when running in bare mode.
2026-10-09 17:23:34.669 Thread 'MainThread': missing ScriptRunContext! This warning can be ignored when running in bare mode.
2026-10-09 17:23:36.224 Please replace `use_container_width` with `width`.

`use_container_width` will be removed after 2025-12-31.

For `use_container_width=True`, use `width='stretch'`. For `use_container_width=False`, use `width='content'`.
2026-10-09 17:23:36.238 Thread 'MainThread': missing ScriptRunContext! This warning can be ignored when running in bare mode.
2026-10-09 17:23:36.238 Thread 'MainThread': missing ScriptRunContext! This warning can be ignored when running in bare mode.
2026-10-09 17:23:36.238 Thread 'MainThread': missing ScriptRunContext! This warning can be ignored when running in bare mode.
2026-10-09 17:23:36.238 Thread 'MainThread': missing ScriptRunContext! This warning can be ignored when running in bare mode.
2026-10-09 17:23:36.238 Thread 'MainThread': missing ScriptRunContext! This warning can be ignored when running in bare mode.
2026-10-09 17:23:36.238 Thread 'MainThread': missing ScriptRunContext! This warning can be ignored when running in bare mode.
2026-10-09 17:23:37.017 Thread 'MainThread': missing ScriptRunContext! This warning can be ignored when running in bare mode.
2026-10-09 17:23:37.018 Thread 'MainThread': missing ScriptRunContext! This warning can be ignored when running in bare mode.
2026-10-09 17:23:37.018 Thread 'MainThread': missing ScriptRunContext! This warning can be ignored when running in bare mode.
2026-10-09 17:23:37.018 Thread 'MainThread': missing ScriptRunContext! This warning can be ignored when running in bare mode.
2026-10-09 17:23:37.018 Thread 'MainThread': missing ScriptRunContext! This warning can be ignored when running in bare mode.
2026-10-09 17:23:37.018 Thread 'MainThread': missing ScriptRunContext! This warning can be ignored when running in bare mode.
2026-10-09 17:23:38.184 Thread 'MainThread': missing ScriptRunContext! This warning can be ignored when running in bare mode.
2026-10-09 17:23:38.184 Thread 'MainThread': missing ScriptRunContext! This warning can be ignored when running in bare mode.
2026-10-09 17:23:38.184 Thread 'MainThread': missing ScriptRunContext! This warning can be ignored when running in bare mode.
2026-10-09 17:23:38.184 Thread 'MainThread': missing ScriptRunContext! This warning can be ignored when running in bare mode.
2026-10-09 17:23:38.184 Thread 'MainThread': missing ScriptRunContext! This warning can be ignored when running in bare mode.
2026-10-09 17:23:38.184 Thread 'MainThread': missing ScriptRunContext! This warning can be ignored when running in bare mode.
2026-10-09 17:23:38.184 Thread 'MainThread': missing ScriptRunContext! This warning can be ignored when running in bare mode.
2026-10-09 17:23:38.184 Thread 'MainThread': missing ScriptRunContext! This warning can be ignored when running in bare mode.
2026-10-09 17:23:38.961 Thread 'MainThread': missing ScriptRunContext! This warning can be ignored when running in bare mode.
2026-10-09 17:23:38.961 Thread 'MainThread': missing ScriptRunContext! This warning can be ignored when running in bare mode.
2026-10-09 17:23:38.961 Thread 'MainThread': missing ScriptRunContext! This warning can be ignored when running in bare mode.
2026-10-09 17:23:38.961 Thread 'MainThread': missing ScriptRunContext! This warning can be ignored when running in bare mode.
2026-10-09 17:23:38.961 Thread 'MainThread': missing ScriptRunContext! This warning can be ignored when running in bare mode.
2026-10-09 17:23:38.961 Thread 'MainThread': missing ScriptRunContext! This warning can be ignored when running in bare mode.
2026-10-09 17:23:39.075 Thread 'MainThread': missing ScriptRunContext! This warning can be ignored when running in bare mode.
2026-10-09 17:23:39.077 Thread 'MainThread': missing ScriptRunContext! This warning can be ignored when running in bare mode.
2026-10-09 17:23:39.077 Thread 'MainThread': missing ScriptRunContext! This warning can be ignored when running in bare mode.
2026-10-09 17:23:39.077 Thread 'MainThread': missing ScriptRunContext! This warning can be ignored when running in bare mode.
2026-10-09 17:23:39.077 Thread 'MainThread': missing ScriptRunContext! This warning can be ignored when running in bare mode.
2026-10-09 17:23:41.038 Please replace `use_container_width` with `width`.

`use_container_width` will be removed after 2025-12-31.

For `use_container_width=True`, use `width='stretch'`. For `use_container_width=False`, use `width='content'`.
2026-10-09 17:23:41.491 Please replace `use_container_width` with `width`.

`use_container_width` will be removed after 2025-12-31.

For `use_container_width=True`, use `width='stretch'`. For `use_container_width=False`, use `width='content'`.
2026-10-09 17:23:41.878 Thread 'MainThread': missing ScriptRunContext! This warning can be ignored when running in bare mode.
2026-10-09 17:23:41.878 Thread 'MainThread': missing ScriptRunContext! This warning can be ignored when running in bare mode.
2026-10-09 17:23:41.878 Thread 'MainThread': missing ScriptRunContext! This warning can be ignored when running in bare mode.
2026-10-09 17:23:41.878 Thread 'MainThread': missing ScriptRunContext! This warning can be ignored when running in bare mode.
2026-10-09 17:23:41.878 Thread 'MainThread': missing ScriptRunContext! This warning can be ignored when running in bare mode.
2026-10-09 17:23:41.878 Thread 'MainThread': missing ScriptRunContext! This warning can be ignored when running in bare mode.
2026-10-09 17:23:41.986 Thread 'MainThread': missing ScriptRunContext! This warning can be ignored when running in bare mode.
2026-10-09 17:23:41.987 Thread 'MainThread': missing ScriptRunContext! This warning can be ignored when running in bare mode.
2026-10-09 17:23:41.987 Thread 'MainThread': missing ScriptRunContext! This warning can be ignored when running in bare mode.
2026-10-09 17:23:41.987 Thread 'MainThread': missing ScriptRunContext! This warning can be ignored when running in bare mode.
2026-10-09 17:23:41.988 Thread 'MainThread': missing ScriptRunContext! This warning can be ignored when running in bare mode.
2026-10-09 17:23:43.182 Please replace `use_container_width` with `width`.

`use_container_width` will be removed after 2025-12-31.

For `use_container_width=True`, use `width='stretch'`. For `use_container_width=False`, use `width='content'`.
2026-10-09 17:23:43.486 Please replace `use_container_width` with `width`.

`use_container_width` will be removed after 2025-12-31.

For `use_container_width=True`, use `width='stretch'`. For `use_container_width=False`, use `width='content'`.
2026-10-09 17:23:44.196 Please replace `use_container_width` with `width`.

`use_container_width` will be removed after 2025-12-31.

For `use_container_width=True`, use `width='stretch'`. For `use_container_width=False`, use `width='content'`.
2026-10-09 17:23:44.212 Thread 'MainThread': missing ScriptRunContext! This warning can be ignored when running in bare mode.
2026-10-09 17:23:44.212 Thread 'MainThread': missing ScriptRunContext! This warning can be ignored when running in bare mode.
2026-10-09 17:23:44.212 Thread 'MainThread': missing ScriptRunContext! This warning can be ignored when running in bare mode.
2026-10-09 17:23:44.213 Thread 'MainThread': missing ScriptRunContext! This warning can be ignored when running in bare mode.
2026-10-09 17:23:44.213 Thread 'MainThread': missing ScriptRunContext! This warning can be ignored when running in bare mode.
2026-10-09 17:23:44.213 Thread 'MainThread': missing ScriptRunContext! This warning can be ignored when running in bare mode.
2026-10-09 17:23:44.329 Thread 'MainThread': missing ScriptRunContext! This warning can be ignored when running in bare mode.
2026-10-09 17:23:44.331 Thread 'MainThread': missing ScriptRunContext! This warning can be ignored when running in bare mode.
2026-10-09 17:23:44.331 Thread 'MainThread': missing ScriptRunContext! This warning can be ignored when running in bare mode.
2026-10-09 17:23:44.331 Thread 'MainThread': missing ScriptRunContext! This warning can be ignored when running in bare mode.
2026-10-09 17:23:44.331 Thread 'MainThread': missing ScriptRunContext! This warning can be ignored when running in bare mode.
2026-10-09 17:23:46.577 Please replace `use_container_width` with `width`.

`use_container_width` will be removed after 2025-12-31.

For `use_container_width=True`, use `width='stretch'`. For `use_container_width=False`, use `width='content'`.
2026-10-09 17:23:46.977 Thread 'MainThread': missing ScriptRunContext! This warning can be ignored when running in bare mode.
2026-10-09 17:23:46.978 Thread 'MainThread': missing ScriptRunContext! This warning can be ignored when running in bare mode.
2026-10-09 17:23:46.978 Thread 'MainThread': missing ScriptRunContext! This warning can be ignored when running in bare mode.
2026-10-09 17:23:46.978 Thread 'MainThread': missing ScriptRunContext! This warning can be ignored when running in bare mode.
2026-10-09 17:23:46.978 Thread 'MainThread': missing ScriptRunContext! This warning can be ignored when running in bare mode.
2026-10-09 17:23:46.978 Thread 'MainThread': missing ScriptRunContext! This warning can be ignored when running in bare mode.
2026-10-09 17:23:47.003 Thread 'MainThread': missing ScriptRunContext! This warning can be ignored when running in bare mode.
2026-10-09 17:23:47.004 Thread 'MainThread': missing ScriptRunContext! This warning can be ignored when running in bare mode.
2026-10-09 17:23:47.004 Thread 'MainThread': missing ScriptRunContext! This warning can be ignored when running in bare mode.
2026-10-09 17:23:47.004 Thread 'MainThread': missing ScriptRunContext! This warning can be ignored when running in bare mode.
2026-10-09 17:23:50.260 Thread 'MainThread': missing ScriptRunContext! This warning can be ignored when running in bare mode.
2026-10-09 17:23:50.261 Thread 'MainThread': missing ScriptRunContext! This warning can be ignored when running in bare mode.
2026-10-09 17:23:50.261 Thread 'MainThread': missing ScriptRunContext! This warning can be ignored when running in bare mode.
2026-10-09 17:23:50.261 Thread 'MainThread': missing ScriptRunContext! This warning can be ignored when running in bare mode.
2026-10-09 17:23:50.261 Thread 'MainThread': missing ScriptRunContext! This warning can be ignored when running in bare mode.
2026-10-09 17:23:50.261 Thread 'MainThread': missing ScriptRunContext! This warning can be ignored when running in bare mode.
2026-10-09 17:23:50.261 Thread 'MainThread': missing ScriptRunContext! This warning can be ignored when running in bare mode.
2026-10-09 17:23:50.261 Thread 'MainThread': missing ScriptRunContext! This warning can be ignored when running in bare mode.
2026-10-09 17:23:52.315 Thread 'MainThread': missing ScriptRunContext! This warning can be ignored when running in bare mode.
2026-10-09 17:23:52.315 Thread 'MainThread': missing ScriptRunContext! This warning can be ignored when running in bare mode.
2026-10-09 17:23:52.316 Thread 'MainThread': missing ScriptRunContext! This warning can be ignored when running in bare mode.
2026-10-09 17:23:52.316 Thread 'MainThread': missing ScriptRunContext! This warning can be ignored when running in bare mode.
2026-10-09 17:23:52.316 Thread 'MainThread': missing ScriptRunContext! This warning can be ignored when running in bare mode.
2026-10-09 17:23:52.316 Thread 'MainThread': missing ScriptRunContext! This warning can be ignored when running in bare mode.
2026-10-09 17:23:52.316 Thread 'MainThread': missing ScriptRunContext! This warning can be ignored when running in bare mode.
2026-10-09 17:23:52.886 Thread 'MainThread': missing ScriptRunContext! This warning can be ignored when running in bare mode.
2026-10-09 17:23:52.886 Thread 'MainThread': missing ScriptRunContext! This warning can be ignored when running in bare mode.
2026-10-09 17:23:52.886 Thread 'MainThread': missing ScriptRunContext! This warning can be ignored when running in bare mode.
2026-10-09 17:23:52.886 Thread 'MainThread': missing ScriptRunContext! This warning can be ignored when running in bare mode.
2026-10-09 17:23:52.887 Thread 'MainThread': missing ScriptRunContext! This warning can be ignored when running in bare mode.
2026-10-09 17:23:52.887 Thread 'MainThread': missing ScriptRunContext! This warning can be ignored when running in bare mode.
2026-10-09 17:23:52.887 Thread 'MainThread': missing ScriptRunContext! This warning can be ignored when running in bare mode.
2026-10-09 17:23:52.911 Thread 'MainThread': missing ScriptRunContext! This warning can be ignored when running in bare mode.
2026-10-09 17:23:52.911 Thread 'MainThread': missing ScriptRunContext! This warning can be ignored when running in bare mode.
2026-10-09 17:23:52.911 Thread 'MainThread': missing ScriptRunContext! This warning can be ignored when running in bare mode.
2026-10-09 17:23:52.911 Thread 'MainThread': missing ScriptRunContext! This warning can be ignored when running in bare mode.
2026-10-09 17:23:54.456 Thread 'MainThread': missing ScriptRunContext! This warning can be ignored when running in bare mode.
2026-10-09 17:23:54.456 Thread 'MainThread': missing ScriptRunContext! This warning can be ignored when running in bare mode.
2026-10-09 17:23:54.456 Thread 'MainThread': missing ScriptRunContext! This warning can be ignored when running in bare mode.
2026-10-09 17:23:54.456 Thread 'MainThread': missing ScriptRunContext! This warning can be ignored when running in bare mode.
2026-10-09 17:23:54.456 Thread 'MainThread': missing ScriptRunContext! This warning can be ignored when running in bare mode.
2026-10-09 17:23:54.456 Thread 'MainThread': missing ScriptRunContext! This warning can be ignored when running in bare mode.
2026-10-09 17:23:54.457 Thread 'MainThread': missing ScriptRunContext! This warning can be ignored when running in bare mode.
2026-10-09 17:23:56.903 Thread 'MainThread': missing ScriptRunContext! This warning can be ignored when running in bare mode.
2026-10-09 17:23:56.904 Thread 'MainThread': missing ScriptRunContext! This warning can be ignored when running in bare mode.
2026-10-09 17:23:56.904 Thread 'MainThread': missing ScriptRunContext! This warning can be ignored when running in bare mode.
2026-10-09 17:23:56.904 Thread 'MainThread': missing ScriptRunContext! This warning can be ignored when running in bare mode.
2026-10-09 17:23:56.904 Thread 'MainThread': missing ScriptRunContext! This warning can be ignored when running in bare mode.
2026-10-09 17:23:56.904 Thread 'MainThread': missing ScriptRunContext! This warning can be ignored when running in bare mode.
2026-10-09 17:23:56.904 Thread 'MainThread': missing ScriptRunContext! This warning can be ignored when running in bare mode.
Learning representation rejected stage=request code=external_failure path=$
Learning representation rejected stage=response code=incomplete path=$
Learning representation rejected stage=response code=response_bound path=$
Learning representation rejected stage=normalize code=fields path=$
Learning representation rejected stage=response code=refusal path=$
Learning representation rejected stage=request code=external_failure path=$
Learning representation rejected stage=normalize code=reference path=$.process.collections[0].semantic_id
2026-10-09 17:23:58.440 Thread 'MainThread': missing ScriptRunContext! This warning can be ignored when running in bare mode.
2026-10-09 17:24:00.733 Thread 'MainThread': missing ScriptRunContext! This warning can be ignored when running in bare mode.
2026-10-09 17:24:00.733 Thread 'MainThread': missing ScriptRunContext! This warning can be ignored when running in bare mode.
2026-10-09 17:24:00.734 Thread 'MainThread': missing ScriptRunContext! This warning can be ignored when running in bare mode.
2026-10-09 17:24:00.734 Thread 'MainThread': missing ScriptRunContext! This warning can be ignored when running in bare mode.
2026-10-09 17:24:00.734 Thread 'MainThread': missing ScriptRunContext! This warning can be ignored when running in bare mode.
2026-10-09 17:24:00.734 Thread 'MainThread': missing ScriptRunContext! This warning can be ignored when running in bare mode.
Learning representation rejected stage=normalize code=reference path=$
2026-10-09 17:24:02.621 Thread 'MainThread': missing ScriptRunContext! This warning can be ignored when running in bare mode.
2026-10-09 17:24:02.621 Thread 'MainThread': missing ScriptRunContext! This warning can be ignored when running in bare mode.
2026-10-09 17:24:02.622 Thread 'MainThread': missing ScriptRunContext! This warning can be ignored when running in bare mode.
2026-10-09 17:24:02.622 Thread 'MainThread': missing ScriptRunContext! This warning can be ignored when running in bare mode.
2026-10-09 17:24:02.622 Thread 'MainThread': missing ScriptRunContext! This warning can be ignored when running in bare mode.
2026-10-09 17:24:02.622 Thread 'MainThread': missing ScriptRunContext! This warning can be ignored when running in bare mode.
2026-10-09 17:24:02.622 Thread 'MainThread': missing ScriptRunContext! This warning can be ignored when running in bare mode.
2026-10-09 17:24:02.622 Thread 'MainThread': missing ScriptRunContext! This warning can be ignored when running in bare mode.
2026-10-09 17:24:03.244 Please replace `use_container_width` with `width`.

`use_container_width` will be removed after 2025-12-31.

For `use_container_width=True`, use `width='stretch'`. For `use_container_width=False`, use `width='content'`.
2026-10-09 17:24:03.473 Please replace `use_container_width` with `width`.

`use_container_width` will be removed after 2025-12-31.

For `use_container_width=True`, use `width='stretch'`. For `use_container_width=False`, use `width='content'`.
2026-10-09 17:24:04.310 Please replace `use_container_width` with `width`.

`use_container_width` will be removed after 2025-12-31.

For `use_container_width=True`, use `width='stretch'`. For `use_container_width=False`, use `width='content'`.
2026-10-09 17:24:04.324 Thread 'MainThread': missing ScriptRunContext! This warning can be ignored when running in bare mode.
2026-10-09 17:24:04.325 Thread 'MainThread': missing ScriptRunContext! This warning can be ignored when running in bare mode.
2026-10-09 17:24:04.325 Thread 'MainThread': missing ScriptRunContext! This warning can be ignored when running in bare mode.
2026-10-09 17:24:04.325 Thread 'MainThread': missing ScriptRunContext! This warning can be ignored when running in bare mode.
2026-10-09 17:24:04.325 Thread 'MainThread': missing ScriptRunContext! This warning can be ignored when running in bare mode.
2026-10-09 17:24:04.325 Thread 'MainThread': missing ScriptRunContext! This warning can be ignored when running in bare mode.
2026-10-09 17:24:04.325 Thread 'MainThread': missing ScriptRunContext! This warning can be ignored when running in bare mode.
2026-10-09 17:24:04.325 Thread 'MainThread': missing ScriptRunContext! This warning can be ignored when running in bare mode.
2026-10-09 17:24:04.960 Please replace `use_container_width` with `width`.

`use_container_width` will be removed after 2025-12-31.

For `use_container_width=True`, use `width='stretch'`. For `use_container_width=False`, use `width='content'`.
2026-10-09 17:24:05.213 Please replace `use_container_width` with `width`.

`use_container_width` will be removed after 2025-12-31.

For `use_container_width=True`, use `width='stretch'`. For `use_container_width=False`, use `width='content'`.
2026-10-09 17:24:05.430 Please replace `use_container_width` with `width`.

`use_container_width` will be removed after 2025-12-31.

For `use_container_width=True`, use `width='stretch'`. For `use_container_width=False`, use `width='content'`.
2026-10-09 17:24:05.459 Thread 'MainThread': missing ScriptRunContext! This warning can be ignored when running in bare mode.
2026-10-09 17:24:05.459 Thread 'MainThread': missing ScriptRunContext! This warning can be ignored when running in bare mode.
2026-10-09 17:24:05.459 Thread 'MainThread': missing ScriptRunContext! This warning can be ignored when running in bare mode.
2026-10-09 17:24:05.459 Thread 'MainThread': missing ScriptRunContext! This warning can be ignored when running in bare mode.
2026-10-09 17:24:05.459 Thread 'MainThread': missing ScriptRunContext! This warning can be ignored when running in bare mode.
2026-10-09 17:24:05.459 Thread 'MainThread': missing ScriptRunContext! This warning can be ignored when running in bare mode.
2026-10-09 17:24:05.459 Thread 'MainThread': missing ScriptRunContext! This warning can be ignored when running in bare mode.
2026-10-09 17:24:05.459 Thread 'MainThread': missing ScriptRunContext! This warning can be ignored when running in bare mode.
2026-10-09 17:24:05.460 Thread 'MainThread': missing ScriptRunContext! This warning can be ignored when running in bare mode.
2026-10-09 17:24:06.064 Please replace `use_container_width` with `width`.

`use_container_width` will be removed after 2025-12-31.

For `use_container_width=True`, use `width='stretch'`. For `use_container_width=False`, use `width='content'`.
2026-10-09 17:24:06.330 Please replace `use_container_width` with `width`.

`use_container_width` will be removed after 2025-12-31.

For `use_container_width=True`, use `width='stretch'`. For `use_container_width=False`, use `width='content'`.
2026-10-09 17:24:06.793 Please replace `use_container_width` with `width`.

`use_container_width` will be removed after 2025-12-31.

For `use_container_width=True`, use `width='stretch'`. For `use_container_width=False`, use `width='content'`.
2026-10-09 17:24:06.808 Thread 'MainThread': missing ScriptRunContext! This warning can be ignored when running in bare mode.
2026-10-09 17:24:06.808 Thread 'MainThread': missing ScriptRunContext! This warning can be ignored when running in bare mode.
2026-10-09 17:24:06.808 Thread 'MainThread': missing ScriptRunContext! This warning can be ignored when running in bare mode.
2026-10-09 17:24:06.809 Thread 'MainThread': missing ScriptRunContext! This warning can be ignored when running in bare mode.
2026-10-09 17:24:06.809 Thread 'MainThread': missing ScriptRunContext! This warning can be ignored when running in bare mode.
2026-10-09 17:24:06.809 Thread 'MainThread': missing ScriptRunContext! This warning can be ignored when running in bare mode.
2026-10-09 17:24:06.809 Thread 'MainThread': missing ScriptRunContext! This warning can be ignored when running in bare mode.
2026-10-09 17:24:06.809 Thread 'MainThread': missing ScriptRunContext! This warning can be ignored when running in bare mode.
Learning representation rejected stage=normalize code=duplicate_runtime_id path=$.process.transitions[0].id
2026-10-09 17:24:08.845 Thread 'MainThread': missing ScriptRunContext! This warning can be ignored when running in bare mode.
2026-10-09 17:24:08.845 Thread 'MainThread': missing ScriptRunContext! This warning can be ignored when running in bare mode.
2026-10-09 17:24:09.333 The widget with key "product_language" was created with a default value but also had its value set via the Session State API.
Stack (most recent call last):
  File "C:\Users\88690\AppData\Local\Python\pythoncore-3.14-64\Lib\threading.py", line 1044, in _bootstrap
    self._bootstrap_inner()
  File "C:\Users\88690\AppData\Local\Python\pythoncore-3.14-64\Lib\threading.py", line 1082, in _bootstrap_inner
    self._context.run(self.run)
  File "C:\Users\88690\AppData\Local\Python\pythoncore-3.14-64\Lib\threading.py", line 1024, in run
    self._target(*self._args, **self._kwargs)
  File "C:\Users\88690\AppData\Local\Python\pythoncore-3.14-64\Lib\site-packages\streamlit\testing\v1\local_script_runner.py", line 144, in _run_script_thread
    super()._run_script_thread()
  File "C:\Users\88690\AppData\Local\Python\pythoncore-3.14-64\Lib\site-packages\streamlit\runtime\scriptrunner\script_runner.py", line 423, in _run_script_thread
    self._run_script(request.rerun_data)
  File "C:\Users\88690\AppData\Local\Python\pythoncore-3.14-64\Lib\site-packages\streamlit\runtime\scriptrunner\script_runner.py", line 934, in _run_script
    ) = exec_func_with_error_handling(code_to_exec, ctx)
  File "C:\Users\88690\AppData\Local\Python\pythoncore-3.14-64\Lib\site-packages\streamlit\runtime\scriptrunner\exec_code.py", line 136, in exec_func_with_error_handling
    result = func()
  File "C:\Users\88690\AppData\Local\Python\pythoncore-3.14-64\Lib\site-packages\streamlit\runtime\scriptrunner\script_runner.py", line 909, in code_to_exec
    exec(code, module.__dict__)  # noqa: S102
  File "D:\Projects\visual-learning-lab\tests\manual_day23.py", line 42, in <module>
    runpy.run_path(str(ROOT / "app.py"), run_name="__main__")
  File "<frozen runpy>", line 294, in run_path
  File "<frozen runpy>", line 98, in _run_module_code
  File "<frozen runpy>", line 88, in _run_code
  File "D:\Projects\visual-learning-lab\app.py", line 2788, in <module>
    render_header()
  File "D:\Projects\visual-learning-lab\presentation.py", line 55, in render_header
    st.selectbox("語言 / Language", options=list(LANGUAGE_NAMES),
  File "C:\Users\88690\AppData\Local\Python\pythoncore-3.14-64\Lib\site-packages\streamlit\runtime\metrics_util.py", line 725, in wrapped_func
    result = non_optional_func(*args, **kwargs)
  File "C:\Users\88690\AppData\Local\Python\pythoncore-3.14-64\Lib\site-packages\streamlit\elements\widgets\selectbox.py", line 636, in selectbox
    return self._selectbox(
  File "C:\Users\88690\AppData\Local\Python\pythoncore-3.14-64\Lib\site-packages\streamlit\elements\widgets\selectbox.py", line 685, in _selectbox
    check_widget_policies(
  File "C:\Users\88690\AppData\Local\Python\pythoncore-3.14-64\Lib\site-packages\streamlit\elements\lib\policies.py", line 146, in check_widget_policies
    check_session_state_rules(
  File "C:\Users\88690\AppData\Local\Python\pythoncore-3.14-64\Lib\site-packages\streamlit\elements\lib\policies.py", line 90, in check_session_state_rules
    _LOGGER.warning(
2026-10-09 17:24:09.371 Please replace `use_container_width` with `width`.

`use_container_width` will be removed after 2025-12-31.

For `use_container_width=True`, use `width='stretch'`. For `use_container_width=False`, use `width='content'`.
2026-10-09 17:24:09.384 Thread 'MainThread': missing ScriptRunContext! This warning can be ignored when running in bare mode.
2026-10-09 17:24:09.385 Thread 'MainThread': missing ScriptRunContext! This warning can be ignored when running in bare mode.
2026-10-09 17:24:10.090 Thread 'MainThread': missing ScriptRunContext! This warning can be ignored when running in bare mode.
2026-10-09 17:24:10.090 Thread 'MainThread': missing ScriptRunContext! This warning can be ignored when running in bare mode.
2026-10-09 17:24:10.956 Thread 'MainThread': missing ScriptRunContext! This warning can be ignored when running in bare mode.
2026-10-09 17:24:11.413 Please replace `use_container_width` with `width`.

`use_container_width` will be removed after 2025-12-31.

For `use_container_width=True`, use `width='stretch'`. For `use_container_width=False`, use `width='content'`.
2026-10-09 17:24:11.430 Thread 'MainThread': missing ScriptRunContext! This warning can be ignored when running in bare mode.
2026-10-09 17:24:11.431 Thread 'MainThread': missing ScriptRunContext! This warning can be ignored when running in bare mode.
2026-10-09 17:24:11.431 Thread 'MainThread': missing ScriptRunContext! This warning can be ignored when running in bare mode.
2026-10-09 17:24:11.431 Thread 'MainThread': missing ScriptRunContext! This warning can be ignored when running in bare mode.
2026-10-09 17:24:11.431 Thread 'MainThread': missing ScriptRunContext! This warning can be ignored when running in bare mode.
2026-10-09 17:24:11.431 Thread 'MainThread': missing ScriptRunContext! This warning can be ignored when running in bare mode.
2026-10-09 17:24:11.431 Thread 'MainThread': missing ScriptRunContext! This warning can be ignored when running in bare mode.
2026-10-09 17:24:11.431 Thread 'MainThread': missing ScriptRunContext! This warning can be ignored when running in bare mode.
2026-10-09 17:24:11.431 Thread 'MainThread': missing ScriptRunContext! This warning can be ignored when running in bare mode.
2026-10-09 17:24:11.431 Thread 'MainThread': missing ScriptRunContext! This warning can be ignored when running in bare mode.
2026-10-09 17:24:11.431 Thread 'MainThread': missing ScriptRunContext! This warning can be ignored when running in bare mode.
2026-10-09 17:24:11.431 Thread 'MainThread': missing ScriptRunContext! This warning can be ignored when running in bare mode.
2026-10-09 17:24:11.431 Thread 'MainThread': missing ScriptRunContext! This warning can be ignored when running in bare mode.
2026-10-09 17:24:11.431 Thread 'MainThread': missing ScriptRunContext! This warning can be ignored when running in bare mode.
2026-10-09 17:24:11.431 Thread 'MainThread': missing ScriptRunContext! This warning can be ignored when running in bare mode.
2026-10-09 17:24:11.431 Thread 'MainThread': missing ScriptRunContext! This warning can be ignored when running in bare mode.
2026-10-09 17:24:11.432 Thread 'MainThread': missing ScriptRunContext! This warning can be ignored when running in bare mode.
2026-10-09 17:24:11.432 Thread 'MainThread': missing ScriptRunContext! This warning can be ignored when running in bare mode.
2026-10-09 17:24:11.432 Thread 'MainThread': missing ScriptRunContext! This warning can be ignored when running in bare mode.
2026-10-09 17:24:11.432 Thread 'MainThread': missing ScriptRunContext! This warning can be ignored when running in bare mode.
2026-10-09 17:24:11.432 Thread 'MainThread': missing ScriptRunContext! This warning can be ignored when running in bare mode.
2026-10-09 17:24:11.432 Thread 'MainThread': missing ScriptRunContext! This warning can be ignored when running in bare mode.
2026-10-09 17:24:11.432 Thread 'MainThread': missing ScriptRunContext! This warning can be ignored when running in bare mode.
2026-10-09 17:24:11.432 Thread 'MainThread': missing ScriptRunContext! This warning can be ignored when running in bare mode.
2026-10-09 17:24:11.432 Thread 'MainThread': missing ScriptRunContext! This warning can be ignored when running in bare mode.
2026-10-09 17:24:11.432 Thread 'MainThread': missing ScriptRunContext! This warning can be ignored when running in bare mode.
2026-10-09 17:24:11.432 Thread 'MainThread': missing ScriptRunContext! This warning can be ignored when running in bare mode.
2026-10-09 17:24:11.432 Thread 'MainThread': missing ScriptRunContext! This warning can be ignored when running in bare mode.
2026-10-09 17:24:11.432 Thread 'MainThread': missing ScriptRunContext! This warning can be ignored when running in bare mode.
2026-10-09 17:24:11.432 Thread 'MainThread': missing ScriptRunContext! This warning can be ignored when running in bare mode.
2026-10-09 17:24:11.432 Thread 'MainThread': missing ScriptRunContext! This warning can be ignored when running in bare mode.
2026-10-09 17:24:11.432 Thread 'MainThread': missing ScriptRunContext! This warning can be ignored when running in bare mode.
2026-10-09 17:24:11.432 Thread 'MainThread': missing ScriptRunContext! This warning can be ignored when running in bare mode.
2026-10-09 17:24:11.433 Thread 'MainThread': missing ScriptRunContext! This warning can be ignored when running in bare mode.
2026-10-09 17:24:11.433 Thread 'MainThread': missing ScriptRunContext! This warning can be ignored when running in bare mode.
2026-10-09 17:24:11.433 Thread 'MainThread': missing ScriptRunContext! This warning can be ignored when running in bare mode.
2026-10-09 17:24:11.433 Thread 'MainThread': missing ScriptRunContext! This warning can be ignored when running in bare mode.
2026-10-09 17:24:11.433 Thread 'MainThread': missing ScriptRunContext! This warning can be ignored when running in bare mode.
2026-10-09 17:24:11.433 Thread 'MainThread': missing ScriptRunContext! This warning can be ignored when running in bare mode.
2026-10-09 17:24:11.433 Thread 'MainThread': missing ScriptRunContext! This warning can be ignored when running in bare mode.
2026-10-09 17:24:11.433 Thread 'MainThread': missing ScriptRunContext! This warning can be ignored when running in bare mode.
2026-10-09 17:24:11.433 Thread 'MainThread': missing ScriptRunContext! This warning can be ignored when running in bare mode.
2026-10-09 17:24:11.433 Thread 'MainThread': missing ScriptRunContext! This warning can be ignored when running in bare mode.
2026-10-09 17:24:11.433 Thread 'MainThread': missing ScriptRunContext! This warning can be ignored when running in bare mode.
2026-10-09 17:24:11.433 Thread 'MainThread': missing ScriptRunContext! This warning can be ignored when running in bare mode.
2026-10-09 17:24:11.433 Thread 'MainThread': missing ScriptRunContext! This warning can be ignored when running in bare mode.
2026-10-09 17:24:11.614 Thread 'MainThread': missing ScriptRunContext! This warning can be ignored when running in bare mode.
2026-10-09 17:24:11.614 Thread 'MainThread': missing ScriptRunContext! This warning can be ignored when running in bare mode.
2026-10-09 17:24:11.614 Thread 'MainThread': missing ScriptRunContext! This warning can be ignored when running in bare mode.
2026-10-09 17:24:11.614 Thread 'MainThread': missing ScriptRunContext! This warning can be ignored when running in bare mode.
2026-10-09 17:24:11.614 Thread 'MainThread': missing ScriptRunContext! This warning can be ignored when running in bare mode.
2026-10-09 17:24:11.614 Thread 'MainThread': missing ScriptRunContext! This warning can be ignored when running in bare mode.
2026-10-09 17:24:11.614 Thread 'MainThread': missing ScriptRunContext! This warning can be ignored when running in bare mode.
2026-10-09 17:24:11.614 Thread 'MainThread': missing ScriptRunContext! This warning can be ignored when running in bare mode.
2026-10-09 17:24:11.616 Thread 'MainThread': missing ScriptRunContext! This warning can be ignored when running in bare mode.
2026-10-09 17:24:14.132 Thread 'MainThread': missing ScriptRunContext! This warning can be ignored when running in bare mode.
2026-10-09 17:24:14.132 Thread 'MainThread': missing ScriptRunContext! This warning can be ignored when running in bare mode.
2026-10-09 17:24:14.132 Thread 'MainThread': missing ScriptRunContext! This warning can be ignored when running in bare mode.
2026-10-09 17:24:14.132 Thread 'MainThread': missing ScriptRunContext! This warning can be ignored when running in bare mode.
2026-10-09 17:24:14.132 Thread 'MainThread': missing ScriptRunContext! This warning can be ignored when running in bare mode.
2026-10-09 17:24:14.132 Thread 'MainThread': missing ScriptRunContext! This warning can be ignored when running in bare mode.
2026-10-09 17:24:14.132 Thread 'MainThread': missing ScriptRunContext! This warning can be ignored when running in bare mode.
2026-10-09 17:24:14.132 Thread 'MainThread': missing ScriptRunContext! This warning can be ignored when running in bare mode.
2026-10-09 17:24:14.133 Thread 'MainThread': missing ScriptRunContext! This warning can be ignored when running in bare mode.
2026-10-09 17:24:15.203 Thread 'MainThread': missing ScriptRunContext! This warning can be ignored when running in bare mode.
2026-10-09 17:24:15.203 Thread 'MainThread': missing ScriptRunContext! This warning can be ignored when running in bare mode.
2026-10-09 17:24:17.026 Thread 'MainThread': missing ScriptRunContext! This warning can be ignored when running in bare mode.
2026-10-09 17:24:17.026 Thread 'MainThread': missing ScriptRunContext! This warning can be ignored when running in bare mode.
2026-10-09 17:24:17.950 Thread 'MainThread': missing ScriptRunContext! This warning can be ignored when running in bare mode.
2026-10-09 17:24:17.950 Thread 'MainThread': missing ScriptRunContext! This warning can be ignored when running in bare mode.
2026-10-09 17:24:18.506 Please replace `use_container_width` with `width`.

`use_container_width` will be removed after 2025-12-31.

For `use_container_width=True`, use `width='stretch'`. For `use_container_width=False`, use `width='content'`.
2026-10-09 17:24:18.538 Please replace `use_container_width` with `width`.

`use_container_width` will be removed after 2025-12-31.

For `use_container_width=True`, use `width='stretch'`. For `use_container_width=False`, use `width='content'`.
2026-10-09 17:24:18.621 Please replace `use_container_width` with `width`.

`use_container_width` will be removed after 2025-12-31.

For `use_container_width=True`, use `width='stretch'`. For `use_container_width=False`, use `width='content'`.
2026-10-09 17:24:18.654 Please replace `use_container_width` with `width`.

`use_container_width` will be removed after 2025-12-31.

For `use_container_width=True`, use `width='stretch'`. For `use_container_width=False`, use `width='content'`.
2026-10-09 17:24:18.861 Please replace `use_container_width` with `width`.

`use_container_width` will be removed after 2025-12-31.

For `use_container_width=True`, use `width='stretch'`. For `use_container_width=False`, use `width='content'`.
2026-10-09 17:24:18.894 Please replace `use_container_width` with `width`.

`use_container_width` will be removed after 2025-12-31.

For `use_container_width=True`, use `width='stretch'`. For `use_container_width=False`, use `width='content'`.
2026-10-09 17:24:19.047 Thread 'MainThread': missing ScriptRunContext! This warning can be ignored when running in bare mode.
2026-10-09 17:24:19.047 Thread 'MainThread': missing ScriptRunContext! This warning can be ignored when running in bare mode.
2026-10-09 17:24:19.047 Thread 'MainThread': missing ScriptRunContext! This warning can be ignored when running in bare mode.
2026-10-09 17:24:19.047 Thread 'MainThread': missing ScriptRunContext! This warning can be ignored when running in bare mode.
2026-10-09 17:24:19.047 Thread 'MainThread': missing ScriptRunContext! This warning can be ignored when running in bare mode.
2026-10-09 17:24:19.047 Thread 'MainThread': missing ScriptRunContext! This warning can be ignored when running in bare mode.
2026-10-09 17:24:19.047 Thread 'MainThread': missing ScriptRunContext! This warning can be ignored when running in bare mode.
2026-10-09 17:24:19.047 Thread 'MainThread': missing ScriptRunContext! This warning can be ignored when running in bare mode.
2026-10-09 17:24:19.047 Thread 'MainThread': missing ScriptRunContext! This warning can be ignored when running in bare mode.
2026-10-09 17:24:19.048 Thread 'MainThread': missing ScriptRunContext! This warning can be ignored when running in bare mode.
2026-10-09 17:24:19.374 Thread 'MainThread': missing ScriptRunContext! This warning can be ignored when running in bare mode.
2026-10-09 17:24:19.374 Thread 'MainThread': missing ScriptRunContext! This warning can be ignored when running in bare mode.
2026-10-09 17:24:19.374 Thread 'MainThread': missing ScriptRunContext! This warning can be ignored when running in bare mode.
2026-10-09 17:24:19.375 Thread 'MainThread': missing ScriptRunContext! This warning can be ignored when running in bare mode.
2026-10-09 17:24:19.375 Thread 'MainThread': missing ScriptRunContext! This warning can be ignored when running in bare mode.
2026-10-09 17:24:19.375 Thread 'MainThread': missing ScriptRunContext! This warning can be ignored when running in bare mode.
2026-10-09 17:24:19.375 Thread 'MainThread': missing ScriptRunContext! This warning can be ignored when running in bare mode.
2026-10-09 17:24:19.375 Thread 'MainThread': missing ScriptRunContext! This warning can be ignored when running in bare mode.
2026-10-09 17:24:19.375 Thread 'MainThread': missing ScriptRunContext! This warning can be ignored when running in bare mode.
2026-10-09 17:24:19.375 Thread 'MainThread': missing ScriptRunContext! This warning can be ignored when running in bare mode.
2026-10-09 17:24:19.427 Thread 'MainThread': missing ScriptRunContext! This warning can be ignored when running in bare mode.
2026-10-09 17:24:19.427 Thread 'MainThread': missing ScriptRunContext! This warning can be ignored when running in bare mode.
2026-10-09 17:24:19.427 Thread 'MainThread': missing ScriptRunContext! This warning can be ignored when running in bare mode.
2026-10-09 17:24:19.427 Thread 'MainThread': missing ScriptRunContext! This warning can be ignored when running in bare mode.
2026-10-09 17:24:19.427 Thread 'MainThread': missing ScriptRunContext! This warning can be ignored when running in bare mode.
2026-10-09 17:24:19.427 Thread 'MainThread': missing ScriptRunContext! This warning can be ignored when running in bare mode.
2026-10-09 17:24:19.427 Thread 'MainThread': missing ScriptRunContext! This warning can be ignored when running in bare mode.
2026-10-09 17:24:19.427 Thread 'MainThread': missing ScriptRunContext! This warning can be ignored when running in bare mode.
2026-10-09 17:24:19.428 Thread 'MainThread': missing ScriptRunContext! This warning can be ignored when running in bare mode.
2026-10-09 17:24:19.428 Thread 'MainThread': missing ScriptRunContext! This warning can be ignored when running in bare mode.
2026-10-09 17:24:20.110 Thread 'MainThread': missing ScriptRunContext! This warning can be ignored when running in bare mode.
2026-10-09 17:24:20.110 Thread 'MainThread': missing ScriptRunContext! This warning can be ignored when running in bare mode.
2026-10-09 17:24:20.110 Thread 'MainThread': missing ScriptRunContext! This warning can be ignored when running in bare mode.
2026-10-09 17:24:20.110 Thread 'MainThread': missing ScriptRunContext! This warning can be ignored when running in bare mode.
2026-10-09 17:24:20.110 Thread 'MainThread': missing ScriptRunContext! This warning can be ignored when running in bare mode.
2026-10-09 17:24:20.110 Thread 'MainThread': missing ScriptRunContext! This warning can be ignored when running in bare mode.
2026-10-09 17:24:20.110 Thread 'MainThread': missing ScriptRunContext! This warning can be ignored when running in bare mode.
2026-10-09 17:24:20.110 Thread 'MainThread': missing ScriptRunContext! This warning can be ignored when running in bare mode.
2026-10-09 17:24:20.110 Thread 'MainThread': missing ScriptRunContext! This warning can be ignored when running in bare mode.
2026-10-09 17:24:20.111 Thread 'MainThread': missing ScriptRunContext! This warning can be ignored when running in bare mode.
2026-10-09 17:24:20.159 Thread 'MainThread': missing ScriptRunContext! This warning can be ignored when running in bare mode.
2026-10-09 17:24:20.159 Thread 'MainThread': missing ScriptRunContext! This warning can be ignored when running in bare mode.
2026-10-09 17:24:20.160 Thread 'MainThread': missing ScriptRunContext! This warning can be ignored when running in bare mode.
2026-10-09 17:24:20.160 Thread 'MainThread': missing ScriptRunContext! This warning can be ignored when running in bare mode.
2026-10-09 17:24:20.160 Thread 'MainThread': missing ScriptRunContext! This warning can be ignored when running in bare mode.
2026-10-09 17:24:20.160 Thread 'MainThread': missing ScriptRunContext! This warning can be ignored when running in bare mode.
2026-10-09 17:24:20.160 Thread 'MainThread': missing ScriptRunContext! This warning can be ignored when running in bare mode.
2026-10-09 17:24:20.160 Thread 'MainThread': missing ScriptRunContext! This warning can be ignored when running in bare mode.
2026-10-09 17:24:20.160 Thread 'MainThread': missing ScriptRunContext! This warning can be ignored when running in bare mode.
2026-10-09 17:24:20.160 Thread 'MainThread': missing ScriptRunContext! This warning can be ignored when running in bare mode.
2026-10-09 17:24:20.334 Thread 'MainThread': missing ScriptRunContext! This warning can be ignored when running in bare mode.
2026-10-09 17:24:20.334 Thread 'MainThread': missing ScriptRunContext! This warning can be ignored when running in bare mode.
2026-10-09 17:24:20.334 Thread 'MainThread': missing ScriptRunContext! This warning can be ignored when running in bare mode.
2026-10-09 17:24:20.334 Thread 'MainThread': missing ScriptRunContext! This warning can be ignored when running in bare mode.
2026-10-09 17:24:20.334 Thread 'MainThread': missing ScriptRunContext! This warning can be ignored when running in bare mode.
2026-10-09 17:24:20.334 Thread 'MainThread': missing ScriptRunContext! This warning can be ignored when running in bare mode.
2026-10-09 17:24:20.334 Thread 'MainThread': missing ScriptRunContext! This warning can be ignored when running in bare mode.
2026-10-09 17:24:20.334 Thread 'MainThread': missing ScriptRunContext! This warning can be ignored when running in bare mode.
2026-10-09 17:24:20.334 Thread 'MainThread': missing ScriptRunContext! This warning can be ignored when running in bare mode.
2026-10-09 17:24:20.335 Thread 'MainThread': missing ScriptRunContext! This warning can be ignored when running in bare mode.
2026-10-09 17:24:20.341 Thread 'MainThread': missing ScriptRunContext! This warning can be ignored when running in bare mode.
2026-10-09 17:24:20.341 Thread 'MainThread': missing ScriptRunContext! This warning can be ignored when running in bare mode.
2026-10-09 17:24:20.341 Thread 'MainThread': missing ScriptRunContext! This warning can be ignored when running in bare mode.
2026-10-09 17:24:20.341 Thread 'MainThread': missing ScriptRunContext! This warning can be ignored when running in bare mode.
2026-10-09 17:24:20.341 Thread 'MainThread': missing ScriptRunContext! This warning can be ignored when running in bare mode.
2026-10-09 17:24:20.341 Thread 'MainThread': missing ScriptRunContext! This warning can be ignored when running in bare mode.
2026-10-09 17:24:20.341 Thread 'MainThread': missing ScriptRunContext! This warning can be ignored when running in bare mode.
2026-10-09 17:24:20.342 Thread 'MainThread': missing ScriptRunContext! This warning can be ignored when running in bare mode.
2026-10-09 17:24:20.342 Thread 'MainThread': missing ScriptRunContext! This warning can be ignored when running in bare mode.
2026-10-09 17:24:20.342 Thread 'MainThread': missing ScriptRunContext! This warning can be ignored when running in bare mode.
2026-10-09 17:24:20.348 Thread 'MainThread': missing ScriptRunContext! This warning can be ignored when running in bare mode.
2026-10-09 17:24:20.348 Thread 'MainThread': missing ScriptRunContext! This warning can be ignored when running in bare mode.
2026-10-09 17:24:20.348 Thread 'MainThread': missing ScriptRunContext! This warning can be ignored when running in bare mode.
2026-10-09 17:24:20.348 Thread 'MainThread': missing ScriptRunContext! This warning can be ignored when running in bare mode.
2026-10-09 17:24:20.348 Thread 'MainThread': missing ScriptRunContext! This warning can be ignored when running in bare mode.
2026-10-09 17:24:20.348 Thread 'MainThread': missing ScriptRunContext! This warning can be ignored when running in bare mode.
2026-10-09 17:24:20.348 Thread 'MainThread': missing ScriptRunContext! This warning can be ignored when running in bare mode.
2026-10-09 17:24:20.348 Thread 'MainThread': missing ScriptRunContext! This warning can be ignored when running in bare mode.
2026-10-09 17:24:20.348 Thread 'MainThread': missing ScriptRunContext! This warning can be ignored when running in bare mode.
2026-10-09 17:24:20.348 Thread 'MainThread': missing ScriptRunContext! This warning can be ignored when running in bare mode.
2026-10-09 17:24:20.355 Thread 'MainThread': missing ScriptRunContext! This warning can be ignored when running in bare mode.
2026-10-09 17:24:20.355 Thread 'MainThread': missing ScriptRunContext! This warning can be ignored when running in bare mode.
2026-10-09 17:24:20.355 Thread 'MainThread': missing ScriptRunContext! This warning can be ignored when running in bare mode.
2026-10-09 17:24:20.355 Thread 'MainThread': missing ScriptRunContext! This warning can be ignored when running in bare mode.
2026-10-09 17:24:20.355 Thread 'MainThread': missing ScriptRunContext! This warning can be ignored when running in bare mode.
2026-10-09 17:24:20.355 Thread 'MainThread': missing ScriptRunContext! This warning can be ignored when running in bare mode.
2026-10-09 17:24:20.355 Thread 'MainThread': missing ScriptRunContext! This warning can be ignored when running in bare mode.
2026-10-09 17:24:20.355 Thread 'MainThread': missing ScriptRunContext! This warning can be ignored when running in bare mode.
2026-10-09 17:24:20.355 Thread 'MainThread': missing ScriptRunContext! This warning can be ignored when running in bare mode.
2026-10-09 17:24:20.355 Thread 'MainThread': missing ScriptRunContext! This warning can be ignored when running in bare mode.
2026-10-09 17:24:20.362 Thread 'MainThread': missing ScriptRunContext! This warning can be ignored when running in bare mode.
2026-10-09 17:24:20.362 Thread 'MainThread': missing ScriptRunContext! This warning can be ignored when running in bare mode.
2026-10-09 17:24:20.362 Thread 'MainThread': missing ScriptRunContext! This warning can be ignored when running in bare mode.
2026-10-09 17:24:20.362 Thread 'MainThread': missing ScriptRunContext! This warning can be ignored when running in bare mode.
2026-10-09 17:24:20.362 Thread 'MainThread': missing ScriptRunContext! This warning can be ignored when running in bare mode.
2026-10-09 17:24:20.362 Thread 'MainThread': missing ScriptRunContext! This warning can be ignored when running in bare mode.
2026-10-09 17:24:20.362 Thread 'MainThread': missing ScriptRunContext! This warning can be ignored when running in bare mode.
2026-10-09 17:24:20.362 Thread 'MainThread': missing ScriptRunContext! This warning can be ignored when running in bare mode.
2026-10-09 17:24:20.362 Thread 'MainThread': missing ScriptRunContext! This warning can be ignored when running in bare mode.
2026-10-09 17:24:20.362 Thread 'MainThread': missing ScriptRunContext! This warning can be ignored when running in bare mode.
2026-10-09 17:24:21.196 Thread 'MainThread': missing ScriptRunContext! This warning can be ignored when running in bare mode.
2026-10-09 17:24:21.196 Thread 'MainThread': missing ScriptRunContext! This warning can be ignored when running in bare mode.
2026-10-09 17:24:21.196 Thread 'MainThread': missing ScriptRunContext! This warning can be ignored when running in bare mode.
2026-10-09 17:24:21.196 Thread 'MainThread': missing ScriptRunContext! This warning can be ignored when running in bare mode.
2026-10-09 17:24:21.196 Thread 'MainThread': missing ScriptRunContext! This warning can be ignored when running in bare mode.
2026-10-09 17:24:21.196 Thread 'MainThread': missing ScriptRunContext! This warning can be ignored when running in bare mode.
2026-10-09 17:24:21.196 Thread 'MainThread': missing ScriptRunContext! This warning can be ignored when running in bare mode.
2026-10-09 17:24:21.196 Thread 'MainThread': missing ScriptRunContext! This warning can be ignored when running in bare mode.
2026-10-09 17:24:21.196 Thread 'MainThread': missing ScriptRunContext! This warning can be ignored when running in bare mode.
2026-10-09 17:24:21.196 Thread 'MainThread': missing ScriptRunContext! This warning can be ignored when running in bare mode.
2026-10-09 17:24:21.240 Thread 'MainThread': missing ScriptRunContext! This warning can be ignored when running in bare mode.
2026-10-09 17:24:21.240 Thread 'MainThread': missing ScriptRunContext! This warning can be ignored when running in bare mode.
2026-10-09 17:24:21.240 Thread 'MainThread': missing ScriptRunContext! This warning can be ignored when running in bare mode.
2026-10-09 17:24:21.240 Thread 'MainThread': missing ScriptRunContext! This warning can be ignored when running in bare mode.
2026-10-09 17:24:21.240 Thread 'MainThread': missing ScriptRunContext! This warning can be ignored when running in bare mode.
2026-10-09 17:24:21.240 Thread 'MainThread': missing ScriptRunContext! This warning can be ignored when running in bare mode.
2026-10-09 17:24:21.241 Thread 'MainThread': missing ScriptRunContext! This warning can be ignored when running in bare mode.
2026-10-09 17:24:21.241 Thread 'MainThread': missing ScriptRunContext! This warning can be ignored when running in bare mode.
2026-10-09 17:24:21.241 Thread 'MainThread': missing ScriptRunContext! This warning can be ignored when running in bare mode.
2026-10-09 17:24:21.241 Thread 'MainThread': missing ScriptRunContext! This warning can be ignored when running in bare mode.
2026-10-09 17:24:21.607 Thread 'MainThread': missing ScriptRunContext! This warning can be ignored when running in bare mode.
2026-10-09 17:24:21.607 Thread 'MainThread': missing ScriptRunContext! This warning can be ignored when running in bare mode.
2026-10-09 17:24:21.607 Thread 'MainThread': missing ScriptRunContext! This warning can be ignored when running in bare mode.
2026-10-09 17:24:21.607 Thread 'MainThread': missing ScriptRunContext! This warning can be ignored when running in bare mode.
2026-10-09 17:24:21.607 Thread 'MainThread': missing ScriptRunContext! This warning can be ignored when running in bare mode.
2026-10-09 17:24:21.607 Thread 'MainThread': missing ScriptRunContext! This warning can be ignored when running in bare mode.
2026-10-09 17:24:21.607 Thread 'MainThread': missing ScriptRunContext! This warning can be ignored when running in bare mode.
2026-10-09 17:24:21.607 Thread 'MainThread': missing ScriptRunContext! This warning can be ignored when running in bare mode.
2026-10-09 17:24:21.607 Thread 'MainThread': missing ScriptRunContext! This warning can be ignored when running in bare mode.
2026-10-09 17:24:21.607 Thread 'MainThread': missing ScriptRunContext! This warning can be ignored when running in bare mode.
2026-10-09 17:24:22.055 Thread 'MainThread': missing ScriptRunContext! This warning can be ignored when running in bare mode.
2026-10-09 17:24:22.674 Please replace `use_container_width` with `width`.

`use_container_width` will be removed after 2025-12-31.

For `use_container_width=True`, use `width='stretch'`. For `use_container_width=False`, use `width='content'`.
2026-10-09 17:24:22.801 Please replace `use_container_width` with `width`.

`use_container_width` will be removed after 2025-12-31.

For `use_container_width=True`, use `width='stretch'`. For `use_container_width=False`, use `width='content'`.
2026-10-09 17:24:22.965 Please replace `use_container_width` with `width`.

`use_container_width` will be removed after 2025-12-31.

For `use_container_width=True`, use `width='stretch'`. For `use_container_width=False`, use `width='content'`.
2026-10-09 17:24:23.117 Please replace `use_container_width` with `width`.

`use_container_width` will be removed after 2025-12-31.

For `use_container_width=True`, use `width='stretch'`. For `use_container_width=False`, use `width='content'`.
2026-10-09 17:24:23.317 Please replace `use_container_width` with `width`.

`use_container_width` will be removed after 2025-12-31.

For `use_container_width=True`, use `width='stretch'`. For `use_container_width=False`, use `width='content'`.
2026-10-09 17:24:23.328 Thread 'MainThread': missing ScriptRunContext! This warning can be ignored when running in bare mode.
2026-10-09 17:24:23.963 Please replace `use_container_width` with `width`.

`use_container_width` will be removed after 2025-12-31.

For `use_container_width=True`, use `width='stretch'`. For `use_container_width=False`, use `width='content'`.
2026-10-09 17:24:24.111 Please replace `use_container_width` with `width`.

`use_container_width` will be removed after 2025-12-31.

For `use_container_width=True`, use `width='stretch'`. For `use_container_width=False`, use `width='content'`.
2026-10-09 17:24:24.311 Please replace `use_container_width` with `width`.

`use_container_width` will be removed after 2025-12-31.

For `use_container_width=True`, use `width='stretch'`. For `use_container_width=False`, use `width='content'`.
2026-10-09 17:24:24.325 Thread 'MainThread': missing ScriptRunContext! This warning can be ignored when running in bare mode.
2026-10-09 17:24:24.960 Please replace `use_container_width` with `width`.

`use_container_width` will be removed after 2025-12-31.

For `use_container_width=True`, use `width='stretch'`. For `use_container_width=False`, use `width='content'`.
2026-10-09 17:24:25.590 Please replace `use_container_width` with `width`.

`use_container_width` will be removed after 2025-12-31.

For `use_container_width=True`, use `width='stretch'`. For `use_container_width=False`, use `width='content'`.
2026-10-09 17:24:25.705 Please replace `use_container_width` with `width`.

`use_container_width` will be removed after 2025-12-31.

For `use_container_width=True`, use `width='stretch'`. For `use_container_width=False`, use `width='content'`.
2026-10-09 17:24:26.089 Thread 'MainThread': missing ScriptRunContext! This warning can be ignored when running in bare mode.
2026-10-09 17:24:27.134 Please replace `use_container_width` with `width`.

`use_container_width` will be removed after 2025-12-31.

For `use_container_width=True`, use `width='stretch'`. For `use_container_width=False`, use `width='content'`.
2026-10-09 17:24:27.148 Thread 'MainThread': missing ScriptRunContext! This warning can be ignored when running in bare mode.
2026-10-09 17:24:28.147 Please replace `use_container_width` with `width`.

`use_container_width` will be removed after 2025-12-31.

For `use_container_width=True`, use `width='stretch'`. For `use_container_width=False`, use `width='content'`.
2026-10-09 17:24:28.334 Please replace `use_container_width` with `width`.

`use_container_width` will be removed after 2025-12-31.

For `use_container_width=True`, use `width='stretch'`. For `use_container_width=False`, use `width='content'`.
2026-10-09 17:24:28.431 Thread 'MainThread': missing ScriptRunContext! This warning can be ignored when running in bare mode.
2026-10-09 17:24:30.256 Please replace `use_container_width` with `width`.

`use_container_width` will be removed after 2025-12-31.

For `use_container_width=True`, use `width='stretch'`. For `use_container_width=False`, use `width='content'`.
2026-10-09 17:24:30.547 Please replace `use_container_width` with `width`.

`use_container_width` will be removed after 2025-12-31.

For `use_container_width=True`, use `width='stretch'`. For `use_container_width=False`, use `width='content'`.
2026-10-09 17:24:30.641 Thread 'MainThread': missing ScriptRunContext! This warning can be ignored when running in bare mode.
2026-10-09 17:24:31.939 Please replace `use_container_width` with `width`.

`use_container_width` will be removed after 2025-12-31.

For `use_container_width=True`, use `width='stretch'`. For `use_container_width=False`, use `width='content'`.
2026-10-09 17:24:32.156 Please replace `use_container_width` with `width`.

`use_container_width` will be removed after 2025-12-31.

For `use_container_width=True`, use `width='stretch'`. For `use_container_width=False`, use `width='content'`.
----------------------------------------------------------------------
Ran 428 tests in 226.441s

OK
