2026-10-06 21:35:55.794 Thread 'MainThread': missing ScriptRunContext! This warning can be ignored when running in bare mode.
2026-10-06 21:35:56.047 Thread 'MainThread': missing ScriptRunContext! This warning can be ignored when running in bare mode.
2026-10-06 21:35:56.058 Thread 'MainThread': missing ScriptRunContext! This warning can be ignored when running in bare mode.
2026-10-06 21:35:57.343 Thread 'MainThread': missing ScriptRunContext! This warning can be ignored when running in bare mode.
2026-10-06 21:35:57.343 Session state does not function when running a script without `streamlit run`
2026-10-06 21:35:57.343 Thread 'MainThread': missing ScriptRunContext! This warning can be ignored when running in bare mode.
2026-10-06 21:35:57.343 Thread 'MainThread': missing ScriptRunContext! This warning can be ignored when running in bare mode.
2026-10-06 21:35:57.343 Thread 'MainThread': missing ScriptRunContext! This warning can be ignored when running in bare mode.
2026-10-06 21:35:57.343 Thread 'MainThread': missing ScriptRunContext! This warning can be ignored when running in bare mode.
2026-10-06 21:35:57.343 Thread 'MainThread': missing ScriptRunContext! This warning can be ignored when running in bare mode.
2026-10-06 21:35:57.343 Thread 'MainThread': missing ScriptRunContext! This warning can be ignored when running in bare mode.
2026-10-06 21:35:57.344 Thread 'MainThread': missing ScriptRunContext! This warning can be ignored when running in bare mode.
2026-10-06 21:35:57.344 Thread 'MainThread': missing ScriptRunContext! This warning can be ignored when running in bare mode.
2026-10-06 21:35:57.344 Thread 'MainThread': missing ScriptRunContext! This warning can be ignored when running in bare mode.
2026-10-06 21:35:58.044 Thread 'MainThread': missing ScriptRunContext! This warning can be ignored when running in bare mode.
2026-10-06 21:35:58.045 Thread 'MainThread': missing ScriptRunContext! This warning can be ignored when running in bare mode.
2026-10-06 21:35:58.045 Thread 'MainThread': missing ScriptRunContext! This warning can be ignored when running in bare mode.
2026-10-06 21:35:58.045 Thread 'MainThread': missing ScriptRunContext! This warning can be ignored when running in bare mode.
2026-10-06 21:35:58.045 Thread 'MainThread': missing ScriptRunContext! This warning can be ignored when running in bare mode.
2026-10-06 21:35:58.045 Thread 'MainThread': missing ScriptRunContext! This warning can be ignored when running in bare mode.
2026-10-06 21:35:58.045 Thread 'MainThread': missing ScriptRunContext! This warning can be ignored when running in bare mode.
2026-10-06 21:35:58.045 Thread 'MainThread': missing ScriptRunContext! This warning can be ignored when running in bare mode.
2026-10-06 21:35:58.045 Thread 'MainThread': missing ScriptRunContext! This warning can be ignored when running in bare mode.
2026-10-06 21:35:58.045 Thread 'MainThread': missing ScriptRunContext! This warning can be ignored when running in bare mode.
2026-10-06 21:35:58.115 Thread 'MainThread': missing ScriptRunContext! This warning can be ignored when running in bare mode.
2026-10-06 21:35:58.115 Thread 'MainThread': missing ScriptRunContext! This warning can be ignored when running in bare mode.
2026-10-06 21:35:58.115 Thread 'MainThread': missing ScriptRunContext! This warning can be ignored when running in bare mode.
2026-10-06 21:35:58.115 Thread 'MainThread': missing ScriptRunContext! This warning can be ignored when running in bare mode.
2026-10-06 21:35:58.115 Thread 'MainThread': missing ScriptRunContext! This warning can be ignored when running in bare mode.
2026-10-06 21:35:58.116 Thread 'MainThread': missing ScriptRunContext! This warning can be ignored when running in bare mode.
2026-10-06 21:35:58.116 Thread 'MainThread': missing ScriptRunContext! This warning can be ignored when running in bare mode.
2026-10-06 21:35:58.116 Thread 'MainThread': missing ScriptRunContext! This warning can be ignored when running in bare mode.
2026-10-06 21:35:58.116 Thread 'MainThread': missing ScriptRunContext! This warning can be ignored when running in bare mode.
2026-10-06 21:35:58.116 Thread 'MainThread': missing ScriptRunContext! This warning can be ignored when running in bare mode.
........2026-10-06 21:35:58.989 Thread 'MainThread': missing ScriptRunContext! This warning can be ignored when running in bare mode.
2026-10-06 21:35:58.989 Thread 'MainThread': missing ScriptRunContext! This warning can be ignored when running in bare mode.
2026-10-06 21:35:58.990 Thread 'MainThread': missing ScriptRunContext! This warning can be ignored when running in bare mode.
2026-10-06 21:35:58.990 Thread 'MainThread': missing ScriptRunContext! This warning can be ignored when running in bare mode.
2026-10-06 21:35:58.990 Thread 'MainThread': missing ScriptRunContext! This warning can be ignored when running in bare mode.
2026-10-06 21:35:58.990 Thread 'MainThread': missing ScriptRunContext! This warning can be ignored when running in bare mode.
2026-10-06 21:35:58.990 Thread 'MainThread': missing ScriptRunContext! This warning can be ignored when running in bare mode.
2026-10-06 21:35:58.990 Thread 'MainThread': missing ScriptRunContext! This warning can be ignored when running in bare mode.
2026-10-06 21:35:58.990 Thread 'MainThread': missing ScriptRunContext! This warning can be ignored when running in bare mode.
2026-10-06 21:35:58.990 Thread 'MainThread': missing ScriptRunContext! This warning can be ignored when running in bare mode.
2026-10-06 21:35:59.036 Thread 'MainThread': missing ScriptRunContext! This warning can be ignored when running in bare mode.
2026-10-06 21:35:59.037 Thread 'MainThread': missing ScriptRunContext! This warning can be ignored when running in bare mode.
2026-10-06 21:35:59.037 Thread 'MainThread': missing ScriptRunContext! This warning can be ignored when running in bare mode.
2026-10-06 21:35:59.037 Thread 'MainThread': missing ScriptRunContext! This warning can be ignored when running in bare mode.
2026-10-06 21:35:59.037 Thread 'MainThread': missing ScriptRunContext! This warning can be ignored when running in bare mode.
2026-10-06 21:35:59.037 Thread 'MainThread': missing ScriptRunContext! This warning can be ignored when running in bare mode.
2026-10-06 21:35:59.037 Thread 'MainThread': missing ScriptRunContext! This warning can be ignored when running in bare mode.
2026-10-06 21:35:59.037 Thread 'MainThread': missing ScriptRunContext! This warning can be ignored when running in bare mode.
2026-10-06 21:35:59.037 Thread 'MainThread': missing ScriptRunContext! This warning can be ignored when running in bare mode.
2026-10-06 21:35:59.037 Thread 'MainThread': missing ScriptRunContext! This warning can be ignored when running in bare mode.
2026-10-06 21:35:59.246 Thread 'MainThread': missing ScriptRunContext! This warning can be ignored when running in bare mode.
2026-10-06 21:35:59.246 Thread 'MainThread': missing ScriptRunContext! This warning can be ignored when running in bare mode.
2026-10-06 21:35:59.246 Thread 'MainThread': missing ScriptRunContext! This warning can be ignored when running in bare mode.
2026-10-06 21:35:59.246 Thread 'MainThread': missing ScriptRunContext! This warning can be ignored when running in bare mode.
2026-10-06 21:35:59.246 Thread 'MainThread': missing ScriptRunContext! This warning can be ignored when running in bare mode.
2026-10-06 21:35:59.246 Thread 'MainThread': missing ScriptRunContext! This warning can be ignored when running in bare mode.
2026-10-06 21:35:59.246 Thread 'MainThread': missing ScriptRunContext! This warning can be ignored when running in bare mode.
2026-10-06 21:35:59.246 Thread 'MainThread': missing ScriptRunContext! This warning can be ignored when running in bare mode.
2026-10-06 21:35:59.246 Thread 'MainThread': missing ScriptRunContext! This warning can be ignored when running in bare mode.
2026-10-06 21:35:59.246 Thread 'MainThread': missing ScriptRunContext! This warning can be ignored when running in bare mode.
2026-10-06 21:35:59.252 Thread 'MainThread': missing ScriptRunContext! This warning can be ignored when running in bare mode.
2026-10-06 21:35:59.253 Thread 'MainThread': missing ScriptRunContext! This warning can be ignored when running in bare mode.
2026-10-06 21:35:59.253 Thread 'MainThread': missing ScriptRunContext! This warning can be ignored when running in bare mode.
2026-10-06 21:35:59.253 Thread 'MainThread': missing ScriptRunContext! This warning can be ignored when running in bare mode.
2026-10-06 21:35:59.253 Thread 'MainThread': missing ScriptRunContext! This warning can be ignored when running in bare mode.
2026-10-06 21:35:59.253 Thread 'MainThread': missing ScriptRunContext! This warning can be ignored when running in bare mode.
2026-10-06 21:35:59.253 Thread 'MainThread': missing ScriptRunContext! This warning can be ignored when running in bare mode.
2026-10-06 21:35:59.253 Thread 'MainThread': missing ScriptRunContext! This warning can be ignored when running in bare mode.
2026-10-06 21:35:59.253 Thread 'MainThread': missing ScriptRunContext! This warning can be ignored when running in bare mode.
2026-10-06 21:35:59.253 Thread 'MainThread': missing ScriptRunContext! This warning can be ignored when running in bare mode.
2026-10-06 21:35:59.259 Thread 'MainThread': missing ScriptRunContext! This warning can be ignored when running in bare mode.
2026-10-06 21:35:59.259 Thread 'MainThread': missing ScriptRunContext! This warning can be ignored when running in bare mode.
2026-10-06 21:35:59.260 Thread 'MainThread': missing ScriptRunContext! This warning can be ignored when running in bare mode.
2026-10-06 21:35:59.260 Thread 'MainThread': missing ScriptRunContext! This warning can be ignored when running in bare mode.
2026-10-06 21:35:59.260 Thread 'MainThread': missing ScriptRunContext! This warning can be ignored when running in bare mode.
2026-10-06 21:35:59.260 Thread 'MainThread': missing ScriptRunContext! This warning can be ignored when running in bare mode.
2026-10-06 21:35:59.260 Thread 'MainThread': missing ScriptRunContext! This warning can be ignored when running in bare mode.
2026-10-06 21:35:59.260 Thread 'MainThread': missing ScriptRunContext! This warning can be ignored when running in bare mode.
2026-10-06 21:35:59.260 Thread 'MainThread': missing ScriptRunContext! This warning can be ignored when running in bare mode.
2026-10-06 21:35:59.260 Thread 'MainThread': missing ScriptRunContext! This warning can be ignored when running in bare mode.
2026-10-06 21:35:59.266 Thread 'MainThread': missing ScriptRunContext! This warning can be ignored when running in bare mode.
2026-10-06 21:35:59.266 Thread 'MainThread': missing ScriptRunContext! This warning can be ignored when running in bare mode.
2026-10-06 21:35:59.266 Thread 'MainThread': missing ScriptRunContext! This warning can be ignored when running in bare mode.
2026-10-06 21:35:59.266 Thread 'MainThread': missing ScriptRunContext! This warning can be ignored when running in bare mode.
2026-10-06 21:35:59.266 Thread 'MainThread': missing ScriptRunContext! This warning can be ignored when running in bare mode.
2026-10-06 21:35:59.266 Thread 'MainThread': missing ScriptRunContext! This warning can be ignored when running in bare mode.
2026-10-06 21:35:59.266 Thread 'MainThread': missing ScriptRunContext! This warning can be ignored when running in bare mode.
2026-10-06 21:35:59.266 Thread 'MainThread': missing ScriptRunContext! This warning can be ignored when running in bare mode.
2026-10-06 21:35:59.266 Thread 'MainThread': missing ScriptRunContext! This warning can be ignored when running in bare mode.
2026-10-06 21:35:59.267 Thread 'MainThread': missing ScriptRunContext! This warning can be ignored when running in bare mode.
2026-10-06 21:35:59.273 Thread 'MainThread': missing ScriptRunContext! This warning can be ignored when running in bare mode.
2026-10-06 21:35:59.273 Thread 'MainThread': missing ScriptRunContext! This warning can be ignored when running in bare mode.
2026-10-06 21:35:59.273 Thread 'MainThread': missing ScriptRunContext! This warning can be ignored when running in bare mode.
2026-10-06 21:35:59.273 Thread 'MainThread': missing ScriptRunContext! This warning can be ignored when running in bare mode.
2026-10-06 21:35:59.273 Thread 'MainThread': missing ScriptRunContext! This warning can be ignored when running in bare mode.
2026-10-06 21:35:59.273 Thread 'MainThread': missing ScriptRunContext! This warning can be ignored when running in bare mode.
2026-10-06 21:35:59.273 Thread 'MainThread': missing ScriptRunContext! This warning can be ignored when running in bare mode.
2026-10-06 21:35:59.273 Thread 'MainThread': missing ScriptRunContext! This warning can be ignored when running in bare mode.
2026-10-06 21:35:59.273 Thread 'MainThread': missing ScriptRunContext! This warning can be ignored when running in bare mode.
2026-10-06 21:35:59.273 Thread 'MainThread': missing ScriptRunContext! This warning can be ignored when running in bare mode.
...2026-10-06 21:36:00.169 Thread 'MainThread': missing ScriptRunContext! This warning can be ignored when running in bare mode.
2026-10-06 21:36:00.169 Thread 'MainThread': missing ScriptRunContext! This warning can be ignored when running in bare mode.
2026-10-06 21:36:00.169 Thread 'MainThread': missing ScriptRunContext! This warning can be ignored when running in bare mode.
2026-10-06 21:36:00.169 Thread 'MainThread': missing ScriptRunContext! This warning can be ignored when running in bare mode.
2026-10-06 21:36:00.170 Thread 'MainThread': missing ScriptRunContext! This warning can be ignored when running in bare mode.
2026-10-06 21:36:00.170 Thread 'MainThread': missing ScriptRunContext! This warning can be ignored when running in bare mode.
2026-10-06 21:36:00.170 Thread 'MainThread': missing ScriptRunContext! This warning can be ignored when running in bare mode.
2026-10-06 21:36:00.170 Thread 'MainThread': missing ScriptRunContext! This warning can be ignored when running in bare mode.
2026-10-06 21:36:00.170 Thread 'MainThread': missing ScriptRunContext! This warning can be ignored when running in bare mode.
2026-10-06 21:36:00.170 Thread 'MainThread': missing ScriptRunContext! This warning can be ignored when running in bare mode.
2026-10-06 21:36:00.231 Thread 'MainThread': missing ScriptRunContext! This warning can be ignored when running in bare mode.
2026-10-06 21:36:00.231 Thread 'MainThread': missing ScriptRunContext! This warning can be ignored when running in bare mode.
2026-10-06 21:36:00.231 Thread 'MainThread': missing ScriptRunContext! This warning can be ignored when running in bare mode.
2026-10-06 21:36:00.231 Thread 'MainThread': missing ScriptRunContext! This warning can be ignored when running in bare mode.
2026-10-06 21:36:00.231 Thread 'MainThread': missing ScriptRunContext! This warning can be ignored when running in bare mode.
2026-10-06 21:36:00.231 Thread 'MainThread': missing ScriptRunContext! This warning can be ignored when running in bare mode.
2026-10-06 21:36:00.231 Thread 'MainThread': missing ScriptRunContext! This warning can be ignored when running in bare mode.
2026-10-06 21:36:00.231 Thread 'MainThread': missing ScriptRunContext! This warning can be ignored when running in bare mode.
2026-10-06 21:36:00.232 Thread 'MainThread': missing ScriptRunContext! This warning can be ignored when running in bare mode.
2026-10-06 21:36:00.232 Thread 'MainThread': missing ScriptRunContext! This warning can be ignored when running in bare mode.
2026-10-06 21:36:00.928 Thread 'MainThread': missing ScriptRunContext! This warning can be ignored when running in bare mode.
2026-10-06 21:36:00.929 Thread 'MainThread': missing ScriptRunContext! This warning can be ignored when running in bare mode.
2026-10-06 21:36:00.929 Thread 'MainThread': missing ScriptRunContext! This warning can be ignored when running in bare mode.
2026-10-06 21:36:00.929 Thread 'MainThread': missing ScriptRunContext! This warning can be ignored when running in bare mode.
2026-10-06 21:36:00.929 Thread 'MainThread': missing ScriptRunContext! This warning can be ignored when running in bare mode.
2026-10-06 21:36:00.929 Thread 'MainThread': missing ScriptRunContext! This warning can be ignored when running in bare mode.
2026-10-06 21:36:00.929 Thread 'MainThread': missing ScriptRunContext! This warning can be ignored when running in bare mode.
2026-10-06 21:36:00.929 Thread 'MainThread': missing ScriptRunContext! This warning can be ignored when running in bare mode.
2026-10-06 21:36:00.930 Thread 'MainThread': missing ScriptRunContext! This warning can be ignored when running in bare mode.
2026-10-06 21:36:00.930 Thread 'MainThread': missing ScriptRunContext! This warning can be ignored when running in bare mode.
......2026-10-06 21:36:01.639 Thread 'MainThread': missing ScriptRunContext! This warning can be ignored when running in bare mode.
2026-10-06 21:36:04.098 Please replace `use_container_width` with `width`.

`use_container_width` will be removed after 2025-12-31.

For `use_container_width=True`, use `width='stretch'`. For `use_container_width=False`, use `width='content'`.
2026-10-06 21:36:04.733 Please replace `use_container_width` with `width`.

`use_container_width` will be removed after 2025-12-31.

For `use_container_width=True`, use `width='stretch'`. For `use_container_width=False`, use `width='content'`.
2026-10-06 21:36:04.970 Please replace `use_container_width` with `width`.

`use_container_width` will be removed after 2025-12-31.

For `use_container_width=True`, use `width='stretch'`. For `use_container_width=False`, use `width='content'`.
2026-10-06 21:36:05.123 Please replace `use_container_width` with `width`.

`use_container_width` will be removed after 2025-12-31.

For `use_container_width=True`, use `width='stretch'`. For `use_container_width=False`, use `width='content'`.
2026-10-06 21:36:05.507 Please replace `use_container_width` with `width`.

`use_container_width` will be removed after 2025-12-31.

For `use_container_width=True`, use `width='stretch'`. For `use_container_width=False`, use `width='content'`.
.2026-10-06 21:36:05.519 Thread 'MainThread': missing ScriptRunContext! This warning can be ignored when running in bare mode.
2026-10-06 21:36:06.158 Please replace `use_container_width` with `width`.

`use_container_width` will be removed after 2025-12-31.

For `use_container_width=True`, use `width='stretch'`. For `use_container_width=False`, use `width='content'`.
2026-10-06 21:36:06.303 Please replace `use_container_width` with `width`.

`use_container_width` will be removed after 2025-12-31.

For `use_container_width=True`, use `width='stretch'`. For `use_container_width=False`, use `width='content'`.
2026-10-06 21:36:06.492 Please replace `use_container_width` with `width`.

`use_container_width` will be removed after 2025-12-31.

For `use_container_width=True`, use `width='stretch'`. For `use_container_width=False`, use `width='content'`.
.2026-10-06 21:36:06.504 Thread 'MainThread': missing ScriptRunContext! This warning can be ignored when running in bare mode.
2026-10-06 21:36:07.429 Please replace `use_container_width` with `width`.

`use_container_width` will be removed after 2025-12-31.

For `use_container_width=True`, use `width='stretch'`. For `use_container_width=False`, use `width='content'`.
2026-10-06 21:36:08.062 Please replace `use_container_width` with `width`.

`use_container_width` will be removed after 2025-12-31.

For `use_container_width=True`, use `width='stretch'`. For `use_container_width=False`, use `width='content'`.
2026-10-06 21:36:08.169 Please replace `use_container_width` with `width`.

`use_container_width` will be removed after 2025-12-31.

For `use_container_width=True`, use `width='stretch'`. For `use_container_width=False`, use `width='content'`.
.2026-10-06 21:36:08.389 Thread 'MainThread': missing ScriptRunContext! This warning can be ignored when running in bare mode.
2026-10-06 21:36:08.391 Thread 'MainThread': missing ScriptRunContext! This warning can be ignored when running in bare mode.
2026-10-06 21:36:08.391 Thread 'MainThread': missing ScriptRunContext! This warning can be ignored when running in bare mode.
2026-10-06 21:36:08.391 Thread 'MainThread': missing ScriptRunContext! This warning can be ignored when running in bare mode.
2026-10-06 21:36:08.392 Thread 'MainThread': missing ScriptRunContext! This warning can be ignored when running in bare mode.
2026-10-06 21:36:08.392 Thread 'MainThread': missing ScriptRunContext! This warning can be ignored when running in bare mode.
2026-10-06 21:36:08.392 Thread 'MainThread': missing ScriptRunContext! This warning can be ignored when running in bare mode.
2026-10-06 21:36:08.392 Thread 'MainThread': missing ScriptRunContext! This warning can be ignored when running in bare mode.
2026-10-06 21:36:08.392 Thread 'MainThread': missing ScriptRunContext! This warning can be ignored when running in bare mode.
2026-10-06 21:36:08.392 Thread 'MainThread': missing ScriptRunContext! This warning can be ignored when running in bare mode.
2026-10-06 21:36:08.392 Thread 'MainThread': missing ScriptRunContext! This warning can be ignored when running in bare mode.
2026-10-06 21:36:08.392 Thread 'MainThread': missing ScriptRunContext! This warning can be ignored when running in bare mode.
2026-10-06 21:36:08.392 Thread 'MainThread': missing ScriptRunContext! This warning can be ignored when running in bare mode.
2026-10-06 21:36:08.392 Thread 'MainThread': missing ScriptRunContext! This warning can be ignored when running in bare mode.
2026-10-06 21:36:08.392 Thread 'MainThread': missing ScriptRunContext! This warning can be ignored when running in bare mode.
2026-10-06 21:36:08.392 Thread 'MainThread': missing ScriptRunContext! This warning can be ignored when running in bare mode.
2026-10-06 21:36:08.392 Thread 'MainThread': missing ScriptRunContext! This warning can be ignored when running in bare mode.
2026-10-06 21:36:08.392 Thread 'MainThread': missing ScriptRunContext! This warning can be ignored when running in bare mode.
2026-10-06 21:36:08.392 Thread 'MainThread': missing ScriptRunContext! This warning can be ignored when running in bare mode.
2026-10-06 21:36:08.393 Thread 'MainThread': missing ScriptRunContext! This warning can be ignored when running in bare mode.
2026-10-06 21:36:08.393 Thread 'MainThread': missing ScriptRunContext! This warning can be ignored when running in bare mode.
2026-10-06 21:36:08.393 Thread 'MainThread': missing ScriptRunContext! This warning can be ignored when running in bare mode.
2026-10-06 21:36:08.393 Thread 'MainThread': missing ScriptRunContext! This warning can be ignored when running in bare mode.
2026-10-06 21:36:08.393 Thread 'MainThread': missing ScriptRunContext! This warning can be ignored when running in bare mode.
2026-10-06 21:36:08.393 Thread 'MainThread': missing ScriptRunContext! This warning can be ignored when running in bare mode.
2026-10-06 21:36:08.393 Thread 'MainThread': missing ScriptRunContext! This warning can be ignored when running in bare mode.
2026-10-06 21:36:08.393 Thread 'MainThread': missing ScriptRunContext! This warning can be ignored when running in bare mode.
2026-10-06 21:36:08.393 Thread 'MainThread': missing ScriptRunContext! This warning can be ignored when running in bare mode.
2026-10-06 21:36:08.393 Thread 'MainThread': missing ScriptRunContext! This warning can be ignored when running in bare mode.
2026-10-06 21:36:08.393 Thread 'MainThread': missing ScriptRunContext! This warning can be ignored when running in bare mode.
2026-10-06 21:36:08.393 Thread 'MainThread': missing ScriptRunContext! This warning can be ignored when running in bare mode.
2026-10-06 21:36:08.393 Thread 'MainThread': missing ScriptRunContext! This warning can be ignored when running in bare mode.
2026-10-06 21:36:08.393 Thread 'MainThread': missing ScriptRunContext! This warning can be ignored when running in bare mode.
2026-10-06 21:36:08.393 Thread 'MainThread': missing ScriptRunContext! This warning can be ignored when running in bare mode.
2026-10-06 21:36:08.394 Thread 'MainThread': missing ScriptRunContext! This warning can be ignored when running in bare mode.
2026-10-06 21:36:08.394 Thread 'MainThread': missing ScriptRunContext! This warning can be ignored when running in bare mode.
2026-10-06 21:36:08.394 Thread 'MainThread': missing ScriptRunContext! This warning can be ignored when running in bare mode.
2026-10-06 21:36:08.394 Thread 'MainThread': missing ScriptRunContext! This warning can be ignored when running in bare mode.
2026-10-06 21:36:08.394 Thread 'MainThread': missing ScriptRunContext! This warning can be ignored when running in bare mode.
2026-10-06 21:36:08.394 Thread 'MainThread': missing ScriptRunContext! This warning can be ignored when running in bare mode.
2026-10-06 21:36:08.394 Thread 'MainThread': missing ScriptRunContext! This warning can be ignored when running in bare mode.
2026-10-06 21:36:08.394 Thread 'MainThread': missing ScriptRunContext! This warning can be ignored when running in bare mode.
2026-10-06 21:36:08.394 Thread 'MainThread': missing ScriptRunContext! This warning can be ignored when running in bare mode.
2026-10-06 21:36:08.394 Thread 'MainThread': missing ScriptRunContext! This warning can be ignored when running in bare mode.
2026-10-06 21:36:08.394 Thread 'MainThread': missing ScriptRunContext! This warning can be ignored when running in bare mode.
2026-10-06 21:36:08.394 Thread 'MainThread': missing ScriptRunContext! This warning can be ignored when running in bare mode.
2026-10-06 21:36:08.463 Thread 'MainThread': missing ScriptRunContext! This warning can be ignored when running in bare mode.
2026-10-06 21:36:08.465 Thread 'MainThread': missing ScriptRunContext! This warning can be ignored when running in bare mode.
2026-10-06 21:36:08.465 Thread 'MainThread': missing ScriptRunContext! This warning can be ignored when running in bare mode.
2026-10-06 21:36:08.465 Thread 'MainThread': missing ScriptRunContext! This warning can be ignored when running in bare mode.
2026-10-06 21:36:08.466 Thread 'MainThread': missing ScriptRunContext! This warning can be ignored when running in bare mode.
2026-10-06 21:36:08.466 Thread 'MainThread': missing ScriptRunContext! This warning can be ignored when running in bare mode.
2026-10-06 21:36:08.466 Thread 'MainThread': missing ScriptRunContext! This warning can be ignored when running in bare mode.
2026-10-06 21:36:08.466 Thread 'MainThread': missing ScriptRunContext! This warning can be ignored when running in bare mode.
2026-10-06 21:36:08.466 Thread 'MainThread': missing ScriptRunContext! This warning can be ignored when running in bare mode.
2026-10-06 21:36:08.466 Thread 'MainThread': missing ScriptRunContext! This warning can be ignored when running in bare mode.
2026-10-06 21:36:08.466 Thread 'MainThread': missing ScriptRunContext! This warning can be ignored when running in bare mode.
2026-10-06 21:36:08.466 Thread 'MainThread': missing ScriptRunContext! This warning can be ignored when running in bare mode.
2026-10-06 21:36:08.466 Thread 'MainThread': missing ScriptRunContext! This warning can be ignored when running in bare mode.
2026-10-06 21:36:08.466 Thread 'MainThread': missing ScriptRunContext! This warning can be ignored when running in bare mode.
2026-10-06 21:36:08.466 Thread 'MainThread': missing ScriptRunContext! This warning can be ignored when running in bare mode.
2026-10-06 21:36:08.466 Thread 'MainThread': missing ScriptRunContext! This warning can be ignored when running in bare mode.
2026-10-06 21:36:08.466 Thread 'MainThread': missing ScriptRunContext! This warning can be ignored when running in bare mode.
2026-10-06 21:36:08.466 Thread 'MainThread': missing ScriptRunContext! This warning can be ignored when running in bare mode.
2026-10-06 21:36:08.466 Thread 'MainThread': missing ScriptRunContext! This warning can be ignored when running in bare mode.
2026-10-06 21:36:08.466 Thread 'MainThread': missing ScriptRunContext! This warning can be ignored when running in bare mode.
2026-10-06 21:36:08.466 Thread 'MainThread': missing ScriptRunContext! This warning can be ignored when running in bare mode.
2026-10-06 21:36:08.466 Thread 'MainThread': missing ScriptRunContext! This warning can be ignored when running in bare mode.
2026-10-06 21:36:08.466 Thread 'MainThread': missing ScriptRunContext! This warning can be ignored when running in bare mode.
2026-10-06 21:36:08.466 Thread 'MainThread': missing ScriptRunContext! This warning can be ignored when running in bare mode.
2026-10-06 21:36:08.466 Thread 'MainThread': missing ScriptRunContext! This warning can be ignored when running in bare mode.
2026-10-06 21:36:08.466 Thread 'MainThread': missing ScriptRunContext! This warning can be ignored when running in bare mode.
2026-10-06 21:36:08.467 Thread 'MainThread': missing ScriptRunContext! This warning can be ignored when running in bare mode.
2026-10-06 21:36:08.467 Thread 'MainThread': missing ScriptRunContext! This warning can be ignored when running in bare mode.
2026-10-06 21:36:08.467 Thread 'MainThread': missing ScriptRunContext! This warning can be ignored when running in bare mode.
2026-10-06 21:36:08.467 Thread 'MainThread': missing ScriptRunContext! This warning can be ignored when running in bare mode.
2026-10-06 21:36:08.467 Thread 'MainThread': missing ScriptRunContext! This warning can be ignored when running in bare mode.
2026-10-06 21:36:08.467 Thread 'MainThread': missing ScriptRunContext! This warning can be ignored when running in bare mode.
2026-10-06 21:36:08.467 Thread 'MainThread': missing ScriptRunContext! This warning can be ignored when running in bare mode.
2026-10-06 21:36:08.467 Thread 'MainThread': missing ScriptRunContext! This warning can be ignored when running in bare mode.
2026-10-06 21:36:08.467 Thread 'MainThread': missing ScriptRunContext! This warning can be ignored when running in bare mode.
2026-10-06 21:36:08.467 Thread 'MainThread': missing ScriptRunContext! This warning can be ignored when running in bare mode.
2026-10-06 21:36:08.467 Thread 'MainThread': missing ScriptRunContext! This warning can be ignored when running in bare mode.
2026-10-06 21:36:08.467 Thread 'MainThread': missing ScriptRunContext! This warning can be ignored when running in bare mode.
2026-10-06 21:36:08.467 Thread 'MainThread': missing ScriptRunContext! This warning can be ignored when running in bare mode.
2026-10-06 21:36:08.467 Thread 'MainThread': missing ScriptRunContext! This warning can be ignored when running in bare mode.
2026-10-06 21:36:08.467 Thread 'MainThread': missing ScriptRunContext! This warning can be ignored when running in bare mode.
2026-10-06 21:36:08.467 Thread 'MainThread': missing ScriptRunContext! This warning can be ignored when running in bare mode.
2026-10-06 21:36:08.467 Thread 'MainThread': missing ScriptRunContext! This warning can be ignored when running in bare mode.
2026-10-06 21:36:08.467 Thread 'MainThread': missing ScriptRunContext! This warning can be ignored when running in bare mode.
2026-10-06 21:36:08.467 Thread 'MainThread': missing ScriptRunContext! This warning can be ignored when running in bare mode.
2026-10-06 21:36:08.467 Thread 'MainThread': missing ScriptRunContext! This warning can be ignored when running in bare mode.
2026-10-06 21:36:08.473 Thread 'MainThread': missing ScriptRunContext! This warning can be ignored when running in bare mode.
2026-10-06 21:36:08.479 Thread 'MainThread': missing ScriptRunContext! This warning can be ignored when running in bare mode.
2026-10-06 21:36:08.527 Thread 'MainThread': missing ScriptRunContext! This warning can be ignored when running in bare mode.
2026-10-06 21:36:08.528 Thread 'MainThread': missing ScriptRunContext! This warning can be ignored when running in bare mode.
2026-10-06 21:36:08.528 Thread 'MainThread': missing ScriptRunContext! This warning can be ignored when running in bare mode.
2026-10-06 21:36:08.528 Thread 'MainThread': missing ScriptRunContext! This warning can be ignored when running in bare mode.
2026-10-06 21:36:08.528 Thread 'MainThread': missing ScriptRunContext! This warning can be ignored when running in bare mode.
2026-10-06 21:36:08.528 Thread 'MainThread': missing ScriptRunContext! This warning can be ignored when running in bare mode.
2026-10-06 21:36:08.528 Thread 'MainThread': missing ScriptRunContext! This warning can be ignored when running in bare mode.
2026-10-06 21:36:08.528 Thread 'MainThread': missing ScriptRunContext! This warning can be ignored when running in bare mode.
2026-10-06 21:36:08.528 Thread 'MainThread': missing ScriptRunContext! This warning can be ignored when running in bare mode.
2026-10-06 21:36:08.528 Thread 'MainThread': missing ScriptRunContext! This warning can be ignored when running in bare mode.
2026-10-06 21:36:08.528 Thread 'MainThread': missing ScriptRunContext! This warning can be ignored when running in bare mode.
2026-10-06 21:36:08.528 Thread 'MainThread': missing ScriptRunContext! This warning can be ignored when running in bare mode.
2026-10-06 21:36:08.528 Thread 'MainThread': missing ScriptRunContext! This warning can be ignored when running in bare mode.
2026-10-06 21:36:08.528 Thread 'MainThread': missing ScriptRunContext! This warning can be ignored when running in bare mode.
2026-10-06 21:36:08.528 Thread 'MainThread': missing ScriptRunContext! This warning can be ignored when running in bare mode.
2026-10-06 21:36:08.528 Thread 'MainThread': missing ScriptRunContext! This warning can be ignored when running in bare mode.
2026-10-06 21:36:08.528 Thread 'MainThread': missing ScriptRunContext! This warning can be ignored when running in bare mode.
2026-10-06 21:36:08.528 Thread 'MainThread': missing ScriptRunContext! This warning can be ignored when running in bare mode.
2026-10-06 21:36:08.528 Thread 'MainThread': missing ScriptRunContext! This warning can be ignored when running in bare mode.
2026-10-06 21:36:08.529 Thread 'MainThread': missing ScriptRunContext! This warning can be ignored when running in bare mode.
2026-10-06 21:36:08.529 Thread 'MainThread': missing ScriptRunContext! This warning can be ignored when running in bare mode.
2026-10-06 21:36:08.529 Thread 'MainThread': missing ScriptRunContext! This warning can be ignored when running in bare mode.
2026-10-06 21:36:08.529 Thread 'MainThread': missing ScriptRunContext! This warning can be ignored when running in bare mode.
2026-10-06 21:36:08.529 Thread 'MainThread': missing ScriptRunContext! This warning can be ignored when running in bare mode.
2026-10-06 21:36:08.529 Thread 'MainThread': missing ScriptRunContext! This warning can be ignored when running in bare mode.
2026-10-06 21:36:08.529 Thread 'MainThread': missing ScriptRunContext! This warning can be ignored when running in bare mode.
2026-10-06 21:36:08.529 Thread 'MainThread': missing ScriptRunContext! This warning can be ignored when running in bare mode.
2026-10-06 21:36:08.529 Thread 'MainThread': missing ScriptRunContext! This warning can be ignored when running in bare mode.
2026-10-06 21:36:08.529 Thread 'MainThread': missing ScriptRunContext! This warning can be ignored when running in bare mode.
2026-10-06 21:36:08.529 Thread 'MainThread': missing ScriptRunContext! This warning can be ignored when running in bare mode.
2026-10-06 21:36:08.529 Thread 'MainThread': missing ScriptRunContext! This warning can be ignored when running in bare mode.
2026-10-06 21:36:08.529 Thread 'MainThread': missing ScriptRunContext! This warning can be ignored when running in bare mode.
2026-10-06 21:36:08.529 Thread 'MainThread': missing ScriptRunContext! This warning can be ignored when running in bare mode.
2026-10-06 21:36:08.529 Thread 'MainThread': missing ScriptRunContext! This warning can be ignored when running in bare mode.
2026-10-06 21:36:08.529 Thread 'MainThread': missing ScriptRunContext! This warning can be ignored when running in bare mode.
2026-10-06 21:36:08.529 Thread 'MainThread': missing ScriptRunContext! This warning can be ignored when running in bare mode.
2026-10-06 21:36:08.529 Thread 'MainThread': missing ScriptRunContext! This warning can be ignored when running in bare mode.
2026-10-06 21:36:08.529 Thread 'MainThread': missing ScriptRunContext! This warning can be ignored when running in bare mode.
2026-10-06 21:36:08.529 Thread 'MainThread': missing ScriptRunContext! This warning can be ignored when running in bare mode.
2026-10-06 21:36:08.529 Thread 'MainThread': missing ScriptRunContext! This warning can be ignored when running in bare mode.
2026-10-06 21:36:08.529 Thread 'MainThread': missing ScriptRunContext! This warning can be ignored when running in bare mode.
2026-10-06 21:36:08.529 Thread 'MainThread': missing ScriptRunContext! This warning can be ignored when running in bare mode.
2026-10-06 21:36:08.529 Thread 'MainThread': missing ScriptRunContext! This warning can be ignored when running in bare mode.
2026-10-06 21:36:08.529 Thread 'MainThread': missing ScriptRunContext! This warning can be ignored when running in bare mode.
2026-10-06 21:36:08.530 Thread 'MainThread': missing ScriptRunContext! This warning can be ignored when running in bare mode.
2026-10-06 21:36:08.530 Thread 'MainThread': missing ScriptRunContext! This warning can be ignored when running in bare mode.
2026-10-06 21:36:08.549 Thread 'MainThread': missing ScriptRunContext! This warning can be ignored when running in bare mode.
2026-10-06 21:36:08.550 Thread 'MainThread': missing ScriptRunContext! This warning can be ignored when running in bare mode.
2026-10-06 21:36:08.550 Thread 'MainThread': missing ScriptRunContext! This warning can be ignored when running in bare mode.
2026-10-06 21:36:08.550 Thread 'MainThread': missing ScriptRunContext! This warning can be ignored when running in bare mode.
2026-10-06 21:36:08.550 Thread 'MainThread': missing ScriptRunContext! This warning can be ignored when running in bare mode.
2026-10-06 21:36:08.550 Thread 'MainThread': missing ScriptRunContext! This warning can be ignored when running in bare mode.
2026-10-06 21:36:08.550 Thread 'MainThread': missing ScriptRunContext! This warning can be ignored when running in bare mode.
2026-10-06 21:36:08.550 Thread 'MainThread': missing ScriptRunContext! This warning can be ignored when running in bare mode.
2026-10-06 21:36:08.550 Thread 'MainThread': missing ScriptRunContext! This warning can be ignored when running in bare mode.
2026-10-06 21:36:08.550 Thread 'MainThread': missing ScriptRunContext! This warning can be ignored when running in bare mode.
2026-10-06 21:36:08.551 Thread 'MainThread': missing ScriptRunContext! This warning can be ignored when running in bare mode.
2026-10-06 21:36:08.551 Thread 'MainThread': missing ScriptRunContext! This warning can be ignored when running in bare mode.
2026-10-06 21:36:08.551 Thread 'MainThread': missing ScriptRunContext! This warning can be ignored when running in bare mode.
2026-10-06 21:36:08.551 Thread 'MainThread': missing ScriptRunContext! This warning can be ignored when running in bare mode.
2026-10-06 21:36:08.551 Thread 'MainThread': missing ScriptRunContext! This warning can be ignored when running in bare mode.
2026-10-06 21:36:08.551 Thread 'MainThread': missing ScriptRunContext! This warning can be ignored when running in bare mode.
2026-10-06 21:36:08.551 Thread 'MainThread': missing ScriptRunContext! This warning can be ignored when running in bare mode.
2026-10-06 21:36:08.551 Thread 'MainThread': missing ScriptRunContext! This warning can be ignored when running in bare mode.
2026-10-06 21:36:08.551 Thread 'MainThread': missing ScriptRunContext! This warning can be ignored when running in bare mode.
2026-10-06 21:36:08.551 Thread 'MainThread': missing ScriptRunContext! This warning can be ignored when running in bare mode.
2026-10-06 21:36:08.551 Thread 'MainThread': missing ScriptRunContext! This warning can be ignored when running in bare mode.
2026-10-06 21:36:08.551 Thread 'MainThread': missing ScriptRunContext! This warning can be ignored when running in bare mode.
2026-10-06 21:36:08.551 Thread 'MainThread': missing ScriptRunContext! This warning can be ignored when running in bare mode.
2026-10-06 21:36:08.551 Thread 'MainThread': missing ScriptRunContext! This warning can be ignored when running in bare mode.
2026-10-06 21:36:08.551 Thread 'MainThread': missing ScriptRunContext! This warning can be ignored when running in bare mode.
2026-10-06 21:36:08.551 Thread 'MainThread': missing ScriptRunContext! This warning can be ignored when running in bare mode.
2026-10-06 21:36:08.551 Thread 'MainThread': missing ScriptRunContext! This warning can be ignored when running in bare mode.
2026-10-06 21:36:08.552 Thread 'MainThread': missing ScriptRunContext! This warning can be ignored when running in bare mode.
2026-10-06 21:36:08.552 Thread 'MainThread': missing ScriptRunContext! This warning can be ignored when running in bare mode.
2026-10-06 21:36:08.552 Thread 'MainThread': missing ScriptRunContext! This warning can be ignored when running in bare mode.
2026-10-06 21:36:08.552 Thread 'MainThread': missing ScriptRunContext! This warning can be ignored when running in bare mode.
2026-10-06 21:36:08.552 Thread 'MainThread': missing ScriptRunContext! This warning can be ignored when running in bare mode.
2026-10-06 21:36:08.552 Thread 'MainThread': missing ScriptRunContext! This warning can be ignored when running in bare mode.
2026-10-06 21:36:08.552 Thread 'MainThread': missing ScriptRunContext! This warning can be ignored when running in bare mode.
2026-10-06 21:36:08.552 Thread 'MainThread': missing ScriptRunContext! This warning can be ignored when running in bare mode.
2026-10-06 21:36:08.552 Thread 'MainThread': missing ScriptRunContext! This warning can be ignored when running in bare mode.
2026-10-06 21:36:08.552 Thread 'MainThread': missing ScriptRunContext! This warning can be ignored when running in bare mode.
2026-10-06 21:36:08.552 Thread 'MainThread': missing ScriptRunContext! This warning can be ignored when running in bare mode.
2026-10-06 21:36:08.552 Thread 'MainThread': missing ScriptRunContext! This warning can be ignored when running in bare mode.
2026-10-06 21:36:08.552 Thread 'MainThread': missing ScriptRunContext! This warning can be ignored when running in bare mode.
2026-10-06 21:36:08.552 Thread 'MainThread': missing ScriptRunContext! This warning can be ignored when running in bare mode.
2026-10-06 21:36:08.552 Thread 'MainThread': missing ScriptRunContext! This warning can be ignored when running in bare mode.
2026-10-06 21:36:08.552 Thread 'MainThread': missing ScriptRunContext! This warning can be ignored when running in bare mode.
2026-10-06 21:36:08.552 Thread 'MainThread': missing ScriptRunContext! This warning can be ignored when running in bare mode.
2026-10-06 21:36:08.552 Thread 'MainThread': missing ScriptRunContext! This warning can be ignored when running in bare mode.
2026-10-06 21:36:08.552 Thread 'MainThread': missing ScriptRunContext! This warning can be ignored when running in bare mode.
2026-10-06 21:36:08.555 Thread 'MainThread': missing ScriptRunContext! This warning can be ignored when running in bare mode.
2026-10-06 21:36:08.558 Thread 'MainThread': missing ScriptRunContext! This warning can be ignored when running in bare mode.
2026-10-06 21:36:08.577 Thread 'MainThread': missing ScriptRunContext! This warning can be ignored when running in bare mode.
2026-10-06 21:36:08.578 Thread 'MainThread': missing ScriptRunContext! This warning can be ignored when running in bare mode.
2026-10-06 21:36:08.578 Thread 'MainThread': missing ScriptRunContext! This warning can be ignored when running in bare mode.
2026-10-06 21:36:08.578 Thread 'MainThread': missing ScriptRunContext! This warning can be ignored when running in bare mode.
2026-10-06 21:36:08.578 Thread 'MainThread': missing ScriptRunContext! This warning can be ignored when running in bare mode.
2026-10-06 21:36:08.578 Thread 'MainThread': missing ScriptRunContext! This warning can be ignored when running in bare mode.
2026-10-06 21:36:08.578 Thread 'MainThread': missing ScriptRunContext! This warning can be ignored when running in bare mode.
2026-10-06 21:36:08.578 Thread 'MainThread': missing ScriptRunContext! This warning can be ignored when running in bare mode.
2026-10-06 21:36:08.578 Thread 'MainThread': missing ScriptRunContext! This warning can be ignored when running in bare mode.
2026-10-06 21:36:08.578 Thread 'MainThread': missing ScriptRunContext! This warning can be ignored when running in bare mode.
2026-10-06 21:36:08.578 Thread 'MainThread': missing ScriptRunContext! This warning can be ignored when running in bare mode.
2026-10-06 21:36:08.578 Thread 'MainThread': missing ScriptRunContext! This warning can be ignored when running in bare mode.
2026-10-06 21:36:08.578 Thread 'MainThread': missing ScriptRunContext! This warning can be ignored when running in bare mode.
2026-10-06 21:36:08.578 Thread 'MainThread': missing ScriptRunContext! This warning can be ignored when running in bare mode.
2026-10-06 21:36:08.579 Thread 'MainThread': missing ScriptRunContext! This warning can be ignored when running in bare mode.
2026-10-06 21:36:08.579 Thread 'MainThread': missing ScriptRunContext! This warning can be ignored when running in bare mode.
2026-10-06 21:36:08.579 Thread 'MainThread': missing ScriptRunContext! This warning can be ignored when running in bare mode.
2026-10-06 21:36:08.579 Thread 'MainThread': missing ScriptRunContext! This warning can be ignored when running in bare mode.
2026-10-06 21:36:08.579 Thread 'MainThread': missing ScriptRunContext! This warning can be ignored when running in bare mode.
2026-10-06 21:36:08.579 Thread 'MainThread': missing ScriptRunContext! This warning can be ignored when running in bare mode.
2026-10-06 21:36:08.579 Thread 'MainThread': missing ScriptRunContext! This warning can be ignored when running in bare mode.
2026-10-06 21:36:08.579 Thread 'MainThread': missing ScriptRunContext! This warning can be ignored when running in bare mode.
2026-10-06 21:36:08.579 Thread 'MainThread': missing ScriptRunContext! This warning can be ignored when running in bare mode.
2026-10-06 21:36:08.579 Thread 'MainThread': missing ScriptRunContext! This warning can be ignored when running in bare mode.
2026-10-06 21:36:08.579 Thread 'MainThread': missing ScriptRunContext! This warning can be ignored when running in bare mode.
2026-10-06 21:36:08.579 Thread 'MainThread': missing ScriptRunContext! This warning can be ignored when running in bare mode.
2026-10-06 21:36:08.579 Thread 'MainThread': missing ScriptRunContext! This warning can be ignored when running in bare mode.
2026-10-06 21:36:08.579 Thread 'MainThread': missing ScriptRunContext! This warning can be ignored when running in bare mode.
2026-10-06 21:36:08.579 Thread 'MainThread': missing ScriptRunContext! This warning can be ignored when running in bare mode.
2026-10-06 21:36:08.579 Thread 'MainThread': missing ScriptRunContext! This warning can be ignored when running in bare mode.
2026-10-06 21:36:08.579 Thread 'MainThread': missing ScriptRunContext! This warning can be ignored when running in bare mode.
2026-10-06 21:36:08.579 Thread 'MainThread': missing ScriptRunContext! This warning can be ignored when running in bare mode.
2026-10-06 21:36:08.579 Thread 'MainThread': missing ScriptRunContext! This warning can be ignored when running in bare mode.
2026-10-06 21:36:08.579 Thread 'MainThread': missing ScriptRunContext! This warning can be ignored when running in bare mode.
2026-10-06 21:36:08.579 Thread 'MainThread': missing ScriptRunContext! This warning can be ignored when running in bare mode.
2026-10-06 21:36:08.579 Thread 'MainThread': missing ScriptRunContext! This warning can be ignored when running in bare mode.
2026-10-06 21:36:08.579 Thread 'MainThread': missing ScriptRunContext! This warning can be ignored when running in bare mode.
2026-10-06 21:36:08.580 Thread 'MainThread': missing ScriptRunContext! This warning can be ignored when running in bare mode.
2026-10-06 21:36:08.580 Thread 'MainThread': missing ScriptRunContext! This warning can be ignored when running in bare mode.
2026-10-06 21:36:08.580 Thread 'MainThread': missing ScriptRunContext! This warning can be ignored when running in bare mode.
2026-10-06 21:36:08.580 Thread 'MainThread': missing ScriptRunContext! This warning can be ignored when running in bare mode.
2026-10-06 21:36:08.580 Thread 'MainThread': missing ScriptRunContext! This warning can be ignored when running in bare mode.
2026-10-06 21:36:08.580 Thread 'MainThread': missing ScriptRunContext! This warning can be ignored when running in bare mode.
2026-10-06 21:36:08.580 Thread 'MainThread': missing ScriptRunContext! This warning can be ignored when running in bare mode.
2026-10-06 21:36:08.580 Thread 'MainThread': missing ScriptRunContext! This warning can be ignored when running in bare mode.
2026-10-06 21:36:08.580 Thread 'MainThread': missing ScriptRunContext! This warning can be ignored when running in bare mode.
2026-10-06 21:36:08.589 Thread 'MainThread': missing ScriptRunContext! This warning can be ignored when running in bare mode.
2026-10-06 21:36:08.589 Thread 'MainThread': missing ScriptRunContext! This warning can be ignored when running in bare mode.
2026-10-06 21:36:08.589 Thread 'MainThread': missing ScriptRunContext! This warning can be ignored when running in bare mode.
2026-10-06 21:36:08.589 Thread 'MainThread': missing ScriptRunContext! This warning can be ignored when running in bare mode.
2026-10-06 21:36:08.589 Thread 'MainThread': missing ScriptRunContext! This warning can be ignored when running in bare mode.
2026-10-06 21:36:08.589 Thread 'MainThread': missing ScriptRunContext! This warning can be ignored when running in bare mode.
2026-10-06 21:36:08.590 Thread 'MainThread': missing ScriptRunContext! This warning can be ignored when running in bare mode.
2026-10-06 21:36:08.590 Thread 'MainThread': missing ScriptRunContext! This warning can be ignored when running in bare mode.
2026-10-06 21:36:08.590 Thread 'MainThread': missing ScriptRunContext! This warning can be ignored when running in bare mode.
2026-10-06 21:36:08.590 Thread 'MainThread': missing ScriptRunContext! This warning can be ignored when running in bare mode.
2026-10-06 21:36:08.590 Thread 'MainThread': missing ScriptRunContext! This warning can be ignored when running in bare mode.
2026-10-06 21:36:08.590 Thread 'MainThread': missing ScriptRunContext! This warning can be ignored when running in bare mode.
2026-10-06 21:36:08.590 Thread 'MainThread': missing ScriptRunContext! This warning can be ignored when running in bare mode.
2026-10-06 21:36:08.590 Thread 'MainThread': missing ScriptRunContext! This warning can be ignored when running in bare mode.
2026-10-06 21:36:08.590 Thread 'MainThread': missing ScriptRunContext! This warning can be ignored when running in bare mode.
2026-10-06 21:36:08.590 Thread 'MainThread': missing ScriptRunContext! This warning can be ignored when running in bare mode.
2026-10-06 21:36:08.590 Thread 'MainThread': missing ScriptRunContext! This warning can be ignored when running in bare mode.
2026-10-06 21:36:08.590 Thread 'MainThread': missing ScriptRunContext! This warning can be ignored when running in bare mode.
2026-10-06 21:36:08.590 Thread 'MainThread': missing ScriptRunContext! This warning can be ignored when running in bare mode.
2026-10-06 21:36:08.590 Thread 'MainThread': missing ScriptRunContext! This warning can be ignored when running in bare mode.
2026-10-06 21:36:08.590 Thread 'MainThread': missing ScriptRunContext! This warning can be ignored when running in bare mode.
2026-10-06 21:36:08.590 Thread 'MainThread': missing ScriptRunContext! This warning can be ignored when running in bare mode.
2026-10-06 21:36:08.590 Thread 'MainThread': missing ScriptRunContext! This warning can be ignored when running in bare mode.
2026-10-06 21:36:08.590 Thread 'MainThread': missing ScriptRunContext! This warning can be ignored when running in bare mode.
2026-10-06 21:36:08.590 Thread 'MainThread': missing ScriptRunContext! This warning can be ignored when running in bare mode.
2026-10-06 21:36:08.590 Thread 'MainThread': missing ScriptRunContext! This warning can be ignored when running in bare mode.
2026-10-06 21:36:08.590 Thread 'MainThread': missing ScriptRunContext! This warning can be ignored when running in bare mode.
2026-10-06 21:36:08.590 Thread 'MainThread': missing ScriptRunContext! This warning can be ignored when running in bare mode.
2026-10-06 21:36:08.590 Thread 'MainThread': missing ScriptRunContext! This warning can be ignored when running in bare mode.
2026-10-06 21:36:08.590 Thread 'MainThread': missing ScriptRunContext! This warning can be ignored when running in bare mode.
2026-10-06 21:36:08.591 Thread 'MainThread': missing ScriptRunContext! This warning can be ignored when running in bare mode.
2026-10-06 21:36:08.591 Thread 'MainThread': missing ScriptRunContext! This warning can be ignored when running in bare mode.
2026-10-06 21:36:08.591 Thread 'MainThread': missing ScriptRunContext! This warning can be ignored when running in bare mode.
2026-10-06 21:36:08.591 Thread 'MainThread': missing ScriptRunContext! This warning can be ignored when running in bare mode.
2026-10-06 21:36:08.591 Thread 'MainThread': missing ScriptRunContext! This warning can be ignored when running in bare mode.
2026-10-06 21:36:08.591 Thread 'MainThread': missing ScriptRunContext! This warning can be ignored when running in bare mode.
2026-10-06 21:36:08.591 Thread 'MainThread': missing ScriptRunContext! This warning can be ignored when running in bare mode.
2026-10-06 21:36:08.591 Thread 'MainThread': missing ScriptRunContext! This warning can be ignored when running in bare mode.
2026-10-06 21:36:08.591 Thread 'MainThread': missing ScriptRunContext! This warning can be ignored when running in bare mode.
2026-10-06 21:36:08.597 Thread 'MainThread': missing ScriptRunContext! This warning can be ignored when running in bare mode.
2026-10-06 21:36:08.597 Thread 'MainThread': missing ScriptRunContext! This warning can be ignored when running in bare mode.
2026-10-06 21:36:08.598 Thread 'MainThread': missing ScriptRunContext! This warning can be ignored when running in bare mode.
2026-10-06 21:36:08.598 Thread 'MainThread': missing ScriptRunContext! This warning can be ignored when running in bare mode.
2026-10-06 21:36:08.598 Thread 'MainThread': missing ScriptRunContext! This warning can be ignored when running in bare mode.
2026-10-06 21:36:08.598 Thread 'MainThread': missing ScriptRunContext! This warning can be ignored when running in bare mode.
2026-10-06 21:36:08.598 Thread 'MainThread': missing ScriptRunContext! This warning can be ignored when running in bare mode.
2026-10-06 21:36:08.600 Thread 'MainThread': missing ScriptRunContext! This warning can be ignored when running in bare mode.
2026-10-06 21:36:08.601 Thread 'MainThread': missing ScriptRunContext! This warning can be ignored when running in bare mode.
2026-10-06 21:36:08.688 Thread 'MainThread': missing ScriptRunContext! This warning can be ignored when running in bare mode.
2026-10-06 21:36:08.689 Thread 'MainThread': missing ScriptRunContext! This warning can be ignored when running in bare mode.
2026-10-06 21:36:08.689 Thread 'MainThread': missing ScriptRunContext! This warning can be ignored when running in bare mode.
2026-10-06 21:36:08.689 Thread 'MainThread': missing ScriptRunContext! This warning can be ignored when running in bare mode.
2026-10-06 21:36:08.689 Thread 'MainThread': missing ScriptRunContext! This warning can be ignored when running in bare mode.
2026-10-06 21:36:08.689 Thread 'MainThread': missing ScriptRunContext! This warning can be ignored when running in bare mode.
2026-10-06 21:36:08.689 Thread 'MainThread': missing ScriptRunContext! This warning can be ignored when running in bare mode.
2026-10-06 21:36:08.689 Thread 'MainThread': missing ScriptRunContext! This warning can be ignored when running in bare mode.
2026-10-06 21:36:08.689 Thread 'MainThread': missing ScriptRunContext! This warning can be ignored when running in bare mode.
2026-10-06 21:36:08.689 Thread 'MainThread': missing ScriptRunContext! This warning can be ignored when running in bare mode.
2026-10-06 21:36:08.689 Thread 'MainThread': missing ScriptRunContext! This warning can be ignored when running in bare mode.
2026-10-06 21:36:08.689 Thread 'MainThread': missing ScriptRunContext! This warning can be ignored when running in bare mode.
2026-10-06 21:36:08.689 Thread 'MainThread': missing ScriptRunContext! This warning can be ignored when running in bare mode.
2026-10-06 21:36:08.689 Thread 'MainThread': missing ScriptRunContext! This warning can be ignored when running in bare mode.
2026-10-06 21:36:08.689 Thread 'MainThread': missing ScriptRunContext! This warning can be ignored when running in bare mode.
2026-10-06 21:36:08.689 Thread 'MainThread': missing ScriptRunContext! This warning can be ignored when running in bare mode.
2026-10-06 21:36:08.690 Thread 'MainThread': missing ScriptRunContext! This warning can be ignored when running in bare mode.
2026-10-06 21:36:08.690 Thread 'MainThread': missing ScriptRunContext! This warning can be ignored when running in bare mode.
2026-10-06 21:36:08.690 Thread 'MainThread': missing ScriptRunContext! This warning can be ignored when running in bare mode.
2026-10-06 21:36:08.690 Thread 'MainThread': missing ScriptRunContext! This warning can be ignored when running in bare mode.
2026-10-06 21:36:08.690 Thread 'MainThread': missing ScriptRunContext! This warning can be ignored when running in bare mode.
2026-10-06 21:36:08.690 Thread 'MainThread': missing ScriptRunContext! This warning can be ignored when running in bare mode.
2026-10-06 21:36:08.690 Thread 'MainThread': missing ScriptRunContext! This warning can be ignored when running in bare mode.
2026-10-06 21:36:08.690 Thread 'MainThread': missing ScriptRunContext! This warning can be ignored when running in bare mode.
2026-10-06 21:36:08.690 Thread 'MainThread': missing ScriptRunContext! This warning can be ignored when running in bare mode.
2026-10-06 21:36:08.690 Thread 'MainThread': missing ScriptRunContext! This warning can be ignored when running in bare mode.
2026-10-06 21:36:08.690 Thread 'MainThread': missing ScriptRunContext! This warning can be ignored when running in bare mode.
2026-10-06 21:36:08.690 Thread 'MainThread': missing ScriptRunContext! This warning can be ignored when running in bare mode.
2026-10-06 21:36:08.690 Thread 'MainThread': missing ScriptRunContext! This warning can be ignored when running in bare mode.
2026-10-06 21:36:08.690 Thread 'MainThread': missing ScriptRunContext! This warning can be ignored when running in bare mode.
2026-10-06 21:36:08.690 Thread 'MainThread': missing ScriptRunContext! This warning can be ignored when running in bare mode.
2026-10-06 21:36:08.690 Thread 'MainThread': missing ScriptRunContext! This warning can be ignored when running in bare mode.
2026-10-06 21:36:08.691 Thread 'MainThread': missing ScriptRunContext! This warning can be ignored when running in bare mode.
2026-10-06 21:36:08.691 Thread 'MainThread': missing ScriptRunContext! This warning can be ignored when running in bare mode.
2026-10-06 21:36:08.691 Thread 'MainThread': missing ScriptRunContext! This warning can be ignored when running in bare mode.
2026-10-06 21:36:08.691 Thread 'MainThread': missing ScriptRunContext! This warning can be ignored when running in bare mode.
2026-10-06 21:36:08.691 Thread 'MainThread': missing ScriptRunContext! This warning can be ignored when running in bare mode.
2026-10-06 21:36:08.691 Thread 'MainThread': missing ScriptRunContext! This warning can be ignored when running in bare mode.
2026-10-06 21:36:08.691 Thread 'MainThread': missing ScriptRunContext! This warning can be ignored when running in bare mode.
2026-10-06 21:36:08.691 Thread 'MainThread': missing ScriptRunContext! This warning can be ignored when running in bare mode.
2026-10-06 21:36:08.691 Thread 'MainThread': missing ScriptRunContext! This warning can be ignored when running in bare mode.
2026-10-06 21:36:08.691 Thread 'MainThread': missing ScriptRunContext! This warning can be ignored when running in bare mode.
2026-10-06 21:36:08.691 Thread 'MainThread': missing ScriptRunContext! This warning can be ignored when running in bare mode.
2026-10-06 21:36:08.691 Thread 'MainThread': missing ScriptRunContext! This warning can be ignored when running in bare mode.
2026-10-06 21:36:08.691 Thread 'MainThread': missing ScriptRunContext! This warning can be ignored when running in bare mode.
2026-10-06 21:36:08.691 Thread 'MainThread': missing ScriptRunContext! This warning can be ignored when running in bare mode.
2026-10-06 21:36:08.715 Thread 'MainThread': missing ScriptRunContext! This warning can be ignored when running in bare mode.
2026-10-06 21:36:08.716 Thread 'MainThread': missing ScriptRunContext! This warning can be ignored when running in bare mode.
2026-10-06 21:36:08.716 Thread 'MainThread': missing ScriptRunContext! This warning can be ignored when running in bare mode.
2026-10-06 21:36:08.716 Thread 'MainThread': missing ScriptRunContext! This warning can be ignored when running in bare mode.
2026-10-06 21:36:08.716 Thread 'MainThread': missing ScriptRunContext! This warning can be ignored when running in bare mode.
2026-10-06 21:36:08.716 Thread 'MainThread': missing ScriptRunContext! This warning can be ignored when running in bare mode.
2026-10-06 21:36:08.716 Thread 'MainThread': missing ScriptRunContext! This warning can be ignored when running in bare mode.
2026-10-06 21:36:08.716 Thread 'MainThread': missing ScriptRunContext! This warning can be ignored when running in bare mode.
2026-10-06 21:36:08.716 Thread 'MainThread': missing ScriptRunContext! This warning can be ignored when running in bare mode.
2026-10-06 21:36:08.716 Thread 'MainThread': missing ScriptRunContext! This warning can be ignored when running in bare mode.
2026-10-06 21:36:08.717 Thread 'MainThread': missing ScriptRunContext! This warning can be ignored when running in bare mode.
2026-10-06 21:36:08.717 Thread 'MainThread': missing ScriptRunContext! This warning can be ignored when running in bare mode.
2026-10-06 21:36:08.717 Thread 'MainThread': missing ScriptRunContext! This warning can be ignored when running in bare mode.
2026-10-06 21:36:08.717 Thread 'MainThread': missing ScriptRunContext! This warning can be ignored when running in bare mode.
2026-10-06 21:36:08.717 Thread 'MainThread': missing ScriptRunContext! This warning can be ignored when running in bare mode.
2026-10-06 21:36:08.717 Thread 'MainThread': missing ScriptRunContext! This warning can be ignored when running in bare mode.
2026-10-06 21:36:08.717 Thread 'MainThread': missing ScriptRunContext! This warning can be ignored when running in bare mode.
2026-10-06 21:36:08.717 Thread 'MainThread': missing ScriptRunContext! This warning can be ignored when running in bare mode.
2026-10-06 21:36:08.717 Thread 'MainThread': missing ScriptRunContext! This warning can be ignored when running in bare mode.
2026-10-06 21:36:08.717 Thread 'MainThread': missing ScriptRunContext! This warning can be ignored when running in bare mode.
2026-10-06 21:36:08.717 Thread 'MainThread': missing ScriptRunContext! This warning can be ignored when running in bare mode.
2026-10-06 21:36:08.717 Thread 'MainThread': missing ScriptRunContext! This warning can be ignored when running in bare mode.
2026-10-06 21:36:08.717 Thread 'MainThread': missing ScriptRunContext! This warning can be ignored when running in bare mode.
2026-10-06 21:36:08.717 Thread 'MainThread': missing ScriptRunContext! This warning can be ignored when running in bare mode.
2026-10-06 21:36:08.717 Thread 'MainThread': missing ScriptRunContext! This warning can be ignored when running in bare mode.
2026-10-06 21:36:08.717 Thread 'MainThread': missing ScriptRunContext! This warning can be ignored when running in bare mode.
2026-10-06 21:36:08.717 Thread 'MainThread': missing ScriptRunContext! This warning can be ignored when running in bare mode.
2026-10-06 21:36:08.717 Thread 'MainThread': missing ScriptRunContext! This warning can be ignored when running in bare mode.
2026-10-06 21:36:08.717 Thread 'MainThread': missing ScriptRunContext! This warning can be ignored when running in bare mode.
2026-10-06 21:36:08.717 Thread 'MainThread': missing ScriptRunContext! This warning can be ignored when running in bare mode.
2026-10-06 21:36:08.717 Thread 'MainThread': missing ScriptRunContext! This warning can be ignored when running in bare mode.
2026-10-06 21:36:08.717 Thread 'MainThread': missing ScriptRunContext! This warning can be ignored when running in bare mode.
2026-10-06 21:36:08.717 Thread 'MainThread': missing ScriptRunContext! This warning can be ignored when running in bare mode.
2026-10-06 21:36:08.718 Thread 'MainThread': missing ScriptRunContext! This warning can be ignored when running in bare mode.
2026-10-06 21:36:08.718 Thread 'MainThread': missing ScriptRunContext! This warning can be ignored when running in bare mode.
2026-10-06 21:36:08.718 Thread 'MainThread': missing ScriptRunContext! This warning can be ignored when running in bare mode.
2026-10-06 21:36:08.718 Thread 'MainThread': missing ScriptRunContext! This warning can be ignored when running in bare mode.
2026-10-06 21:36:08.718 Thread 'MainThread': missing ScriptRunContext! This warning can be ignored when running in bare mode.
2026-10-06 21:36:08.718 Thread 'MainThread': missing ScriptRunContext! This warning can be ignored when running in bare mode.
2026-10-06 21:36:08.718 Thread 'MainThread': missing ScriptRunContext! This warning can be ignored when running in bare mode.
2026-10-06 21:36:08.718 Thread 'MainThread': missing ScriptRunContext! This warning can be ignored when running in bare mode.
2026-10-06 21:36:08.718 Thread 'MainThread': missing ScriptRunContext! This warning can be ignored when running in bare mode.
2026-10-06 21:36:08.718 Thread 'MainThread': missing ScriptRunContext! This warning can be ignored when running in bare mode.
2026-10-06 21:36:08.718 Thread 'MainThread': missing ScriptRunContext! This warning can be ignored when running in bare mode.
2026-10-06 21:36:08.718 Thread 'MainThread': missing ScriptRunContext! This warning can be ignored when running in bare mode.
2026-10-06 21:36:08.718 Thread 'MainThread': missing ScriptRunContext! This warning can be ignored when running in bare mode.
2026-10-06 21:36:08.721 Thread 'MainThread': missing ScriptRunContext! This warning can be ignored when running in bare mode.
2026-10-06 21:36:08.725 Thread 'MainThread': missing ScriptRunContext! This warning can be ignored when running in bare mode.
.............2026-10-06 21:36:12.398 Thread 'MainThread': missing ScriptRunContext! This warning can be ignored when running in bare mode.
2026-10-06 21:36:12.401 Thread 'MainThread': missing ScriptRunContext! This warning can be ignored when running in bare mode.
2026-10-06 21:36:12.401 Thread 'MainThread': missing ScriptRunContext! This warning can be ignored when running in bare mode.
2026-10-06 21:36:12.401 Thread 'MainThread': missing ScriptRunContext! This warning can be ignored when running in bare mode.
2026-10-06 21:36:12.401 Thread 'MainThread': missing ScriptRunContext! This warning can be ignored when running in bare mode.
2026-10-06 21:36:12.401 Thread 'MainThread': missing ScriptRunContext! This warning can be ignored when running in bare mode.
2026-10-06 21:36:12.401 Thread 'MainThread': missing ScriptRunContext! This warning can be ignored when running in bare mode.
2026-10-06 21:36:12.401 Thread 'MainThread': missing ScriptRunContext! This warning can be ignored when running in bare mode.
2026-10-06 21:36:12.401 Thread 'MainThread': missing ScriptRunContext! This warning can be ignored when running in bare mode.
2026-10-06 21:36:12.401 Thread 'MainThread': missing ScriptRunContext! This warning can be ignored when running in bare mode.
2026-10-06 21:36:12.402 Thread 'MainThread': missing ScriptRunContext! This warning can be ignored when running in bare mode.
2026-10-06 21:36:12.402 Thread 'MainThread': missing ScriptRunContext! This warning can be ignored when running in bare mode.
2026-10-06 21:36:12.402 Thread 'MainThread': missing ScriptRunContext! This warning can be ignored when running in bare mode.
2026-10-06 21:36:12.402 Thread 'MainThread': missing ScriptRunContext! This warning can be ignored when running in bare mode.
2026-10-06 21:36:12.402 Thread 'MainThread': missing ScriptRunContext! This warning can be ignored when running in bare mode.
2026-10-06 21:36:12.402 Thread 'MainThread': missing ScriptRunContext! This warning can be ignored when running in bare mode.
2026-10-06 21:36:12.402 Thread 'MainThread': missing ScriptRunContext! This warning can be ignored when running in bare mode.
2026-10-06 21:36:12.402 Thread 'MainThread': missing ScriptRunContext! This warning can be ignored when running in bare mode.
2026-10-06 21:36:12.402 Thread 'MainThread': missing ScriptRunContext! This warning can be ignored when running in bare mode.
2026-10-06 21:36:12.402 Thread 'MainThread': missing ScriptRunContext! This warning can be ignored when running in bare mode.
2026-10-06 21:36:12.402 Thread 'MainThread': missing ScriptRunContext! This warning can be ignored when running in bare mode.
2026-10-06 21:36:12.402 Thread 'MainThread': missing ScriptRunContext! This warning can be ignored when running in bare mode.
2026-10-06 21:36:12.402 Thread 'MainThread': missing ScriptRunContext! This warning can be ignored when running in bare mode.
2026-10-06 21:36:12.402 Thread 'MainThread': missing ScriptRunContext! This warning can be ignored when running in bare mode.
2026-10-06 21:36:12.402 Thread 'MainThread': missing ScriptRunContext! This warning can be ignored when running in bare mode.
2026-10-06 21:36:12.402 Thread 'MainThread': missing ScriptRunContext! This warning can be ignored when running in bare mode.
2026-10-06 21:36:12.402 Thread 'MainThread': missing ScriptRunContext! This warning can be ignored when running in bare mode.
2026-10-06 21:36:12.402 Thread 'MainThread': missing ScriptRunContext! This warning can be ignored when running in bare mode.
2026-10-06 21:36:12.402 Thread 'MainThread': missing ScriptRunContext! This warning can be ignored when running in bare mode.
2026-10-06 21:36:12.402 Thread 'MainThread': missing ScriptRunContext! This warning can be ignored when running in bare mode.
2026-10-06 21:36:12.402 Thread 'MainThread': missing ScriptRunContext! This warning can be ignored when running in bare mode.
2026-10-06 21:36:12.402 Thread 'MainThread': missing ScriptRunContext! This warning can be ignored when running in bare mode.
2026-10-06 21:36:12.402 Thread 'MainThread': missing ScriptRunContext! This warning can be ignored when running in bare mode.
2026-10-06 21:36:12.403 Thread 'MainThread': missing ScriptRunContext! This warning can be ignored when running in bare mode.
2026-10-06 21:36:12.403 Thread 'MainThread': missing ScriptRunContext! This warning can be ignored when running in bare mode.
2026-10-06 21:36:12.403 Thread 'MainThread': missing ScriptRunContext! This warning can be ignored when running in bare mode.
2026-10-06 21:36:12.403 Thread 'MainThread': missing ScriptRunContext! This warning can be ignored when running in bare mode.
2026-10-06 21:36:12.403 Thread 'MainThread': missing ScriptRunContext! This warning can be ignored when running in bare mode.
2026-10-06 21:36:12.403 Thread 'MainThread': missing ScriptRunContext! This warning can be ignored when running in bare mode.
2026-10-06 21:36:12.403 Thread 'MainThread': missing ScriptRunContext! This warning can be ignored when running in bare mode.
2026-10-06 21:36:12.403 Thread 'MainThread': missing ScriptRunContext! This warning can be ignored when running in bare mode.
2026-10-06 21:36:12.403 Thread 'MainThread': missing ScriptRunContext! This warning can be ignored when running in bare mode.
2026-10-06 21:36:12.403 Thread 'MainThread': missing ScriptRunContext! This warning can be ignored when running in bare mode.
2026-10-06 21:36:12.403 Thread 'MainThread': missing ScriptRunContext! This warning can be ignored when running in bare mode.
2026-10-06 21:36:12.403 Thread 'MainThread': missing ScriptRunContext! This warning can be ignored when running in bare mode.
2026-10-06 21:36:12.403 Thread 'MainThread': missing ScriptRunContext! This warning can be ignored when running in bare mode.
....2026-10-06 21:36:16.505 Thread 'MainThread': missing ScriptRunContext! This warning can be ignored when running in bare mode.
2026-10-06 21:36:16.507 Thread 'MainThread': missing ScriptRunContext! This warning can be ignored when running in bare mode.
2026-10-06 21:36:16.508 Thread 'MainThread': missing ScriptRunContext! This warning can be ignored when running in bare mode.
2026-10-06 21:36:16.508 Thread 'MainThread': missing ScriptRunContext! This warning can be ignored when running in bare mode.
2026-10-06 21:36:16.508 Thread 'MainThread': missing ScriptRunContext! This warning can be ignored when running in bare mode.
2026-10-06 21:36:16.508 Thread 'MainThread': missing ScriptRunContext! This warning can be ignored when running in bare mode.
2026-10-06 21:36:16.508 Thread 'MainThread': missing ScriptRunContext! This warning can be ignored when running in bare mode.
2026-10-06 21:36:16.508 Thread 'MainThread': missing ScriptRunContext! This warning can be ignored when running in bare mode.
2026-10-06 21:36:16.508 Thread 'MainThread': missing ScriptRunContext! This warning can be ignored when running in bare mode.
2026-10-06 21:36:16.508 Thread 'MainThread': missing ScriptRunContext! This warning can be ignored when running in bare mode.
2026-10-06 21:36:16.508 Thread 'MainThread': missing ScriptRunContext! This warning can be ignored when running in bare mode.
2026-10-06 21:36:16.508 Thread 'MainThread': missing ScriptRunContext! This warning can be ignored when running in bare mode.
2026-10-06 21:36:16.508 Thread 'MainThread': missing ScriptRunContext! This warning can be ignored when running in bare mode.
2026-10-06 21:36:16.508 Thread 'MainThread': missing ScriptRunContext! This warning can be ignored when running in bare mode.
2026-10-06 21:36:16.508 Thread 'MainThread': missing ScriptRunContext! This warning can be ignored when running in bare mode.
2026-10-06 21:36:16.508 Thread 'MainThread': missing ScriptRunContext! This warning can be ignored when running in bare mode.
2026-10-06 21:36:16.509 Thread 'MainThread': missing ScriptRunContext! This warning can be ignored when running in bare mode.
2026-10-06 21:36:16.509 Thread 'MainThread': missing ScriptRunContext! This warning can be ignored when running in bare mode.
2026-10-06 21:36:16.509 Thread 'MainThread': missing ScriptRunContext! This warning can be ignored when running in bare mode.
2026-10-06 21:36:16.509 Thread 'MainThread': missing ScriptRunContext! This warning can be ignored when running in bare mode.
2026-10-06 21:36:16.509 Thread 'MainThread': missing ScriptRunContext! This warning can be ignored when running in bare mode.
2026-10-06 21:36:16.509 Thread 'MainThread': missing ScriptRunContext! This warning can be ignored when running in bare mode.
2026-10-06 21:36:16.509 Thread 'MainThread': missing ScriptRunContext! This warning can be ignored when running in bare mode.
2026-10-06 21:36:16.509 Thread 'MainThread': missing ScriptRunContext! This warning can be ignored when running in bare mode.
2026-10-06 21:36:16.509 Thread 'MainThread': missing ScriptRunContext! This warning can be ignored when running in bare mode.
2026-10-06 21:36:16.509 Thread 'MainThread': missing ScriptRunContext! This warning can be ignored when running in bare mode.
2026-10-06 21:36:16.509 Thread 'MainThread': missing ScriptRunContext! This warning can be ignored when running in bare mode.
2026-10-06 21:36:16.509 Thread 'MainThread': missing ScriptRunContext! This warning can be ignored when running in bare mode.
2026-10-06 21:36:16.509 Thread 'MainThread': missing ScriptRunContext! This warning can be ignored when running in bare mode.
2026-10-06 21:36:16.509 Thread 'MainThread': missing ScriptRunContext! This warning can be ignored when running in bare mode.
2026-10-06 21:36:16.509 Thread 'MainThread': missing ScriptRunContext! This warning can be ignored when running in bare mode.
2026-10-06 21:36:16.509 Thread 'MainThread': missing ScriptRunContext! This warning can be ignored when running in bare mode.
2026-10-06 21:36:16.509 Thread 'MainThread': missing ScriptRunContext! This warning can be ignored when running in bare mode.
2026-10-06 21:36:16.509 Thread 'MainThread': missing ScriptRunContext! This warning can be ignored when running in bare mode.
2026-10-06 21:36:16.509 Thread 'MainThread': missing ScriptRunContext! This warning can be ignored when running in bare mode.
2026-10-06 21:36:16.509 Thread 'MainThread': missing ScriptRunContext! This warning can be ignored when running in bare mode.
2026-10-06 21:36:16.509 Thread 'MainThread': missing ScriptRunContext! This warning can be ignored when running in bare mode.
2026-10-06 21:36:16.510 Thread 'MainThread': missing ScriptRunContext! This warning can be ignored when running in bare mode.
2026-10-06 21:36:16.510 Thread 'MainThread': missing ScriptRunContext! This warning can be ignored when running in bare mode.
2026-10-06 21:36:16.510 Thread 'MainThread': missing ScriptRunContext! This warning can be ignored when running in bare mode.
2026-10-06 21:36:16.510 Thread 'MainThread': missing ScriptRunContext! This warning can be ignored when running in bare mode.
2026-10-06 21:36:16.510 Thread 'MainThread': missing ScriptRunContext! This warning can be ignored when running in bare mode.
2026-10-06 21:36:16.510 Thread 'MainThread': missing ScriptRunContext! This warning can be ignored when running in bare mode.
2026-10-06 21:36:16.510 Thread 'MainThread': missing ScriptRunContext! This warning can be ignored when running in bare mode.
2026-10-06 21:36:16.510 Thread 'MainThread': missing ScriptRunContext! This warning can be ignored when running in bare mode.
2026-10-06 21:36:16.510 Thread 'MainThread': missing ScriptRunContext! This warning can be ignored when running in bare mode.
2026-10-06 21:36:16.519 Thread 'MainThread': missing ScriptRunContext! This warning can be ignored when running in bare mode.
2026-10-06 21:36:16.524 Thread 'MainThread': missing ScriptRunContext! This warning can be ignored when running in bare mode.
2026-10-06 21:36:16.532 Thread 'MainThread': missing ScriptRunContext! This warning can be ignored when running in bare mode.
2026-10-06 21:36:16.539 Thread 'MainThread': missing ScriptRunContext! This warning can be ignored when running in bare mode.
2026-10-06 21:36:16.547 Thread 'MainThread': missing ScriptRunContext! This warning can be ignored when running in bare mode.
2026-10-06 21:36:16.554 Thread 'MainThread': missing ScriptRunContext! This warning can be ignored when running in bare mode.
2026-10-06 21:36:16.562 Thread 'MainThread': missing ScriptRunContext! This warning can be ignored when running in bare mode.
2026-10-06 21:36:16.569 Thread 'MainThread': missing ScriptRunContext! This warning can be ignored when running in bare mode.
2026-10-06 21:36:16.578 Thread 'MainThread': missing ScriptRunContext! This warning can be ignored when running in bare mode.
2026-10-06 21:36:16.586 Thread 'MainThread': missing ScriptRunContext! This warning can be ignored when running in bare mode.
2026-10-06 21:36:16.594 Thread 'MainThread': missing ScriptRunContext! This warning can be ignored when running in bare mode.
2026-10-06 21:36:16.601 Thread 'MainThread': missing ScriptRunContext! This warning can be ignored when running in bare mode.
2026-10-06 21:36:16.608 Thread 'MainThread': missing ScriptRunContext! This warning can be ignored when running in bare mode.
2026-10-06 21:36:16.616 Thread 'MainThread': missing ScriptRunContext! This warning can be ignored when running in bare mode.
2026-10-06 21:36:16.624 Thread 'MainThread': missing ScriptRunContext! This warning can be ignored when running in bare mode.
2026-10-06 21:36:16.632 Thread 'MainThread': missing ScriptRunContext! This warning can be ignored when running in bare mode.
2026-10-06 21:36:16.640 Thread 'MainThread': missing ScriptRunContext! This warning can be ignored when running in bare mode.
2026-10-06 21:36:16.648 Thread 'MainThread': missing ScriptRunContext! This warning can be ignored when running in bare mode.
2026-10-06 21:36:16.656 Thread 'MainThread': missing ScriptRunContext! This warning can be ignored when running in bare mode.
2026-10-06 21:36:16.663 Thread 'MainThread': missing ScriptRunContext! This warning can be ignored when running in bare mode.
2026-10-06 21:36:16.671 Thread 'MainThread': missing ScriptRunContext! This warning can be ignored when running in bare mode.
2026-10-06 21:36:16.679 Thread 'MainThread': missing ScriptRunContext! This warning can be ignored when running in bare mode.
2026-10-06 21:36:16.688 Thread 'MainThread': missing ScriptRunContext! This warning can be ignored when running in bare mode.
2026-10-06 21:36:16.696 Thread 'MainThread': missing ScriptRunContext! This warning can be ignored when running in bare mode.
2026-10-06 21:36:16.704 Thread 'MainThread': missing ScriptRunContext! This warning can be ignored when running in bare mode.
2026-10-06 21:36:16.711 Thread 'MainThread': missing ScriptRunContext! This warning can be ignored when running in bare mode.
2026-10-06 21:36:16.718 Thread 'MainThread': missing ScriptRunContext! This warning can be ignored when running in bare mode.
2026-10-06 21:36:16.725 Thread 'MainThread': missing ScriptRunContext! This warning can be ignored when running in bare mode.
2026-10-06 21:36:16.733 Thread 'MainThread': missing ScriptRunContext! This warning can be ignored when running in bare mode.
2026-10-06 21:36:16.741 Thread 'MainThread': missing ScriptRunContext! This warning can be ignored when running in bare mode.
2026-10-06 21:36:16.750 Thread 'MainThread': missing ScriptRunContext! This warning can be ignored when running in bare mode.
2026-10-06 21:36:16.758 Thread 'MainThread': missing ScriptRunContext! This warning can be ignored when running in bare mode.
2026-10-06 21:36:16.765 Thread 'MainThread': missing ScriptRunContext! This warning can be ignored when running in bare mode.
2026-10-06 21:36:16.773 Thread 'MainThread': missing ScriptRunContext! This warning can be ignored when running in bare mode.
2026-10-06 21:36:16.780 Thread 'MainThread': missing ScriptRunContext! This warning can be ignored when running in bare mode.
2026-10-06 21:36:16.788 Thread 'MainThread': missing ScriptRunContext! This warning can be ignored when running in bare mode.
2026-10-06 21:36:16.795 Thread 'MainThread': missing ScriptRunContext! This warning can be ignored when running in bare mode.
2026-10-06 21:36:16.803 Thread 'MainThread': missing ScriptRunContext! This warning can be ignored when running in bare mode.
2026-10-06 21:36:16.810 Thread 'MainThread': missing ScriptRunContext! This warning can be ignored when running in bare mode.
2026-10-06 21:36:16.819 Thread 'MainThread': missing ScriptRunContext! This warning can be ignored when running in bare mode.
2026-10-06 21:36:16.864 Thread 'MainThread': missing ScriptRunContext! This warning can be ignored when running in bare mode.
2026-10-06 21:36:16.866 Thread 'MainThread': missing ScriptRunContext! This warning can be ignored when running in bare mode.
2026-10-06 21:36:16.866 Thread 'MainThread': missing ScriptRunContext! This warning can be ignored when running in bare mode.
2026-10-06 21:36:16.867 Thread 'MainThread': missing ScriptRunContext! This warning can be ignored when running in bare mode.
2026-10-06 21:36:16.867 Thread 'MainThread': missing ScriptRunContext! This warning can be ignored when running in bare mode.
2026-10-06 21:36:16.867 Thread 'MainThread': missing ScriptRunContext! This warning can be ignored when running in bare mode.
2026-10-06 21:36:16.867 Thread 'MainThread': missing ScriptRunContext! This warning can be ignored when running in bare mode.
2026-10-06 21:36:16.867 Thread 'MainThread': missing ScriptRunContext! This warning can be ignored when running in bare mode.
2026-10-06 21:36:16.867 Thread 'MainThread': missing ScriptRunContext! This warning can be ignored when running in bare mode.
2026-10-06 21:36:16.867 Thread 'MainThread': missing ScriptRunContext! This warning can be ignored when running in bare mode.
2026-10-06 21:36:16.867 Thread 'MainThread': missing ScriptRunContext! This warning can be ignored when running in bare mode.
2026-10-06 21:36:16.867 Thread 'MainThread': missing ScriptRunContext! This warning can be ignored when running in bare mode.
2026-10-06 21:36:16.867 Thread 'MainThread': missing ScriptRunContext! This warning can be ignored when running in bare mode.
2026-10-06 21:36:16.867 Thread 'MainThread': missing ScriptRunContext! This warning can be ignored when running in bare mode.
2026-10-06 21:36:16.867 Thread 'MainThread': missing ScriptRunContext! This warning can be ignored when running in bare mode.
2026-10-06 21:36:16.867 Thread 'MainThread': missing ScriptRunContext! This warning can be ignored when running in bare mode.
2026-10-06 21:36:16.867 Thread 'MainThread': missing ScriptRunContext! This warning can be ignored when running in bare mode.
2026-10-06 21:36:16.867 Thread 'MainThread': missing ScriptRunContext! This warning can be ignored when running in bare mode.
2026-10-06 21:36:16.867 Thread 'MainThread': missing ScriptRunContext! This warning can be ignored when running in bare mode.
2026-10-06 21:36:16.868 Thread 'MainThread': missing ScriptRunContext! This warning can be ignored when running in bare mode.
2026-10-06 21:36:16.868 Thread 'MainThread': missing ScriptRunContext! This warning can be ignored when running in bare mode.
2026-10-06 21:36:16.868 Thread 'MainThread': missing ScriptRunContext! This warning can be ignored when running in bare mode.
2026-10-06 21:36:16.868 Thread 'MainThread': missing ScriptRunContext! This warning can be ignored when running in bare mode.
2026-10-06 21:36:16.868 Thread 'MainThread': missing ScriptRunContext! This warning can be ignored when running in bare mode.
2026-10-06 21:36:16.868 Thread 'MainThread': missing ScriptRunContext! This warning can be ignored when running in bare mode.
2026-10-06 21:36:16.868 Thread 'MainThread': missing ScriptRunContext! This warning can be ignored when running in bare mode.
2026-10-06 21:36:16.868 Thread 'MainThread': missing ScriptRunContext! This warning can be ignored when running in bare mode.
2026-10-06 21:36:16.868 Thread 'MainThread': missing ScriptRunContext! This warning can be ignored when running in bare mode.
2026-10-06 21:36:16.868 Thread 'MainThread': missing ScriptRunContext! This warning can be ignored when running in bare mode.
2026-10-06 21:36:16.868 Thread 'MainThread': missing ScriptRunContext! This warning can be ignored when running in bare mode.
2026-10-06 21:36:16.868 Thread 'MainThread': missing ScriptRunContext! This warning can be ignored when running in bare mode.
2026-10-06 21:36:16.868 Thread 'MainThread': missing ScriptRunContext! This warning can be ignored when running in bare mode.
2026-10-06 21:36:16.868 Thread 'MainThread': missing ScriptRunContext! This warning can be ignored when running in bare mode.
2026-10-06 21:36:16.868 Thread 'MainThread': missing ScriptRunContext! This warning can be ignored when running in bare mode.
2026-10-06 21:36:16.868 Thread 'MainThread': missing ScriptRunContext! This warning can be ignored when running in bare mode.
2026-10-06 21:36:16.868 Thread 'MainThread': missing ScriptRunContext! This warning can be ignored when running in bare mode.
2026-10-06 21:36:16.869 Thread 'MainThread': missing ScriptRunContext! This warning can be ignored when running in bare mode.
2026-10-06 21:36:16.869 Thread 'MainThread': missing ScriptRunContext! This warning can be ignored when running in bare mode.
2026-10-06 21:36:16.869 Thread 'MainThread': missing ScriptRunContext! This warning can be ignored when running in bare mode.
2026-10-06 21:36:16.869 Thread 'MainThread': missing ScriptRunContext! This warning can be ignored when running in bare mode.
2026-10-06 21:36:16.869 Thread 'MainThread': missing ScriptRunContext! This warning can be ignored when running in bare mode.
2026-10-06 21:36:16.869 Thread 'MainThread': missing ScriptRunContext! This warning can be ignored when running in bare mode.
2026-10-06 21:36:16.869 Thread 'MainThread': missing ScriptRunContext! This warning can be ignored when running in bare mode.
2026-10-06 21:36:16.869 Thread 'MainThread': missing ScriptRunContext! This warning can be ignored when running in bare mode.
2026-10-06 21:36:16.869 Thread 'MainThread': missing ScriptRunContext! This warning can be ignored when running in bare mode.
2026-10-06 21:36:16.869 Thread 'MainThread': missing ScriptRunContext! This warning can be ignored when running in bare mode.
2026-10-06 21:36:16.915 Thread 'MainThread': missing ScriptRunContext! This warning can be ignored when running in bare mode.
2026-10-06 21:36:16.918 Thread 'MainThread': missing ScriptRunContext! This warning can be ignored when running in bare mode.
2026-10-06 21:36:16.918 Thread 'MainThread': missing ScriptRunContext! This warning can be ignored when running in bare mode.
2026-10-06 21:36:16.918 Thread 'MainThread': missing ScriptRunContext! This warning can be ignored when running in bare mode.
2026-10-06 21:36:16.918 Thread 'MainThread': missing ScriptRunContext! This warning can be ignored when running in bare mode.
2026-10-06 21:36:16.918 Thread 'MainThread': missing ScriptRunContext! This warning can be ignored when running in bare mode.
2026-10-06 21:36:16.918 Thread 'MainThread': missing ScriptRunContext! This warning can be ignored when running in bare mode.
2026-10-06 21:36:16.918 Thread 'MainThread': missing ScriptRunContext! This warning can be ignored when running in bare mode.
2026-10-06 21:36:16.918 Thread 'MainThread': missing ScriptRunContext! This warning can be ignored when running in bare mode.
2026-10-06 21:36:16.918 Thread 'MainThread': missing ScriptRunContext! This warning can be ignored when running in bare mode.
2026-10-06 21:36:16.918 Thread 'MainThread': missing ScriptRunContext! This warning can be ignored when running in bare mode.
2026-10-06 21:36:16.919 Thread 'MainThread': missing ScriptRunContext! This warning can be ignored when running in bare mode.
2026-10-06 21:36:16.919 Thread 'MainThread': missing ScriptRunContext! This warning can be ignored when running in bare mode.
2026-10-06 21:36:16.919 Thread 'MainThread': missing ScriptRunContext! This warning can be ignored when running in bare mode.
2026-10-06 21:36:16.919 Thread 'MainThread': missing ScriptRunContext! This warning can be ignored when running in bare mode.
2026-10-06 21:36:16.919 Thread 'MainThread': missing ScriptRunContext! This warning can be ignored when running in bare mode.
2026-10-06 21:36:16.919 Thread 'MainThread': missing ScriptRunContext! This warning can be ignored when running in bare mode.
2026-10-06 21:36:16.919 Thread 'MainThread': missing ScriptRunContext! This warning can be ignored when running in bare mode.
2026-10-06 21:36:16.919 Thread 'MainThread': missing ScriptRunContext! This warning can be ignored when running in bare mode.
2026-10-06 21:36:16.919 Thread 'MainThread': missing ScriptRunContext! This warning can be ignored when running in bare mode.
2026-10-06 21:36:16.919 Thread 'MainThread': missing ScriptRunContext! This warning can be ignored when running in bare mode.
2026-10-06 21:36:16.919 Thread 'MainThread': missing ScriptRunContext! This warning can be ignored when running in bare mode.
2026-10-06 21:36:16.919 Thread 'MainThread': missing ScriptRunContext! This warning can be ignored when running in bare mode.
2026-10-06 21:36:16.919 Thread 'MainThread': missing ScriptRunContext! This warning can be ignored when running in bare mode.
2026-10-06 21:36:16.919 Thread 'MainThread': missing ScriptRunContext! This warning can be ignored when running in bare mode.
2026-10-06 21:36:16.919 Thread 'MainThread': missing ScriptRunContext! This warning can be ignored when running in bare mode.
2026-10-06 21:36:16.919 Thread 'MainThread': missing ScriptRunContext! This warning can be ignored when running in bare mode.
2026-10-06 21:36:16.919 Thread 'MainThread': missing ScriptRunContext! This warning can be ignored when running in bare mode.
2026-10-06 21:36:16.919 Thread 'MainThread': missing ScriptRunContext! This warning can be ignored when running in bare mode.
2026-10-06 21:36:16.919 Thread 'MainThread': missing ScriptRunContext! This warning can be ignored when running in bare mode.
2026-10-06 21:36:16.919 Thread 'MainThread': missing ScriptRunContext! This warning can be ignored when running in bare mode.
2026-10-06 21:36:16.919 Thread 'MainThread': missing ScriptRunContext! This warning can be ignored when running in bare mode.
2026-10-06 21:36:16.919 Thread 'MainThread': missing ScriptRunContext! This warning can be ignored when running in bare mode.
2026-10-06 21:36:16.919 Thread 'MainThread': missing ScriptRunContext! This warning can be ignored when running in bare mode.
2026-10-06 21:36:16.919 Thread 'MainThread': missing ScriptRunContext! This warning can be ignored when running in bare mode.
2026-10-06 21:36:16.920 Thread 'MainThread': missing ScriptRunContext! This warning can be ignored when running in bare mode.
2026-10-06 21:36:16.920 Thread 'MainThread': missing ScriptRunContext! This warning can be ignored when running in bare mode.
2026-10-06 21:36:16.920 Thread 'MainThread': missing ScriptRunContext! This warning can be ignored when running in bare mode.
2026-10-06 21:36:16.920 Thread 'MainThread': missing ScriptRunContext! This warning can be ignored when running in bare mode.
2026-10-06 21:36:16.920 Thread 'MainThread': missing ScriptRunContext! This warning can be ignored when running in bare mode.
2026-10-06 21:36:16.920 Thread 'MainThread': missing ScriptRunContext! This warning can be ignored when running in bare mode.
2026-10-06 21:36:16.920 Thread 'MainThread': missing ScriptRunContext! This warning can be ignored when running in bare mode.
2026-10-06 21:36:16.920 Thread 'MainThread': missing ScriptRunContext! This warning can be ignored when running in bare mode.
2026-10-06 21:36:16.920 Thread 'MainThread': missing ScriptRunContext! This warning can be ignored when running in bare mode.
2026-10-06 21:36:16.920 Thread 'MainThread': missing ScriptRunContext! This warning can be ignored when running in bare mode.
2026-10-06 21:36:16.920 Thread 'MainThread': missing ScriptRunContext! This warning can be ignored when running in bare mode.
2026-10-06 21:36:16.968 Thread 'MainThread': missing ScriptRunContext! This warning can be ignored when running in bare mode.
2026-10-06 21:36:16.970 Thread 'MainThread': missing ScriptRunContext! This warning can be ignored when running in bare mode.
2026-10-06 21:36:16.970 Thread 'MainThread': missing ScriptRunContext! This warning can be ignored when running in bare mode.
2026-10-06 21:36:16.970 Thread 'MainThread': missing ScriptRunContext! This warning can be ignored when running in bare mode.
2026-10-06 21:36:16.970 Thread 'MainThread': missing ScriptRunContext! This warning can be ignored when running in bare mode.
2026-10-06 21:36:16.970 Thread 'MainThread': missing ScriptRunContext! This warning can be ignored when running in bare mode.
2026-10-06 21:36:16.970 Thread 'MainThread': missing ScriptRunContext! This warning can be ignored when running in bare mode.
2026-10-06 21:36:16.970 Thread 'MainThread': missing ScriptRunContext! This warning can be ignored when running in bare mode.
2026-10-06 21:36:16.970 Thread 'MainThread': missing ScriptRunContext! This warning can be ignored when running in bare mode.
2026-10-06 21:36:16.970 Thread 'MainThread': missing ScriptRunContext! This warning can be ignored when running in bare mode.
2026-10-06 21:36:16.970 Thread 'MainThread': missing ScriptRunContext! This warning can be ignored when running in bare mode.
2026-10-06 21:36:16.970 Thread 'MainThread': missing ScriptRunContext! This warning can be ignored when running in bare mode.
2026-10-06 21:36:16.970 Thread 'MainThread': missing ScriptRunContext! This warning can be ignored when running in bare mode.
2026-10-06 21:36:16.970 Thread 'MainThread': missing ScriptRunContext! This warning can be ignored when running in bare mode.
2026-10-06 21:36:16.970 Thread 'MainThread': missing ScriptRunContext! This warning can be ignored when running in bare mode.
2026-10-06 21:36:16.970 Thread 'MainThread': missing ScriptRunContext! This warning can be ignored when running in bare mode.
2026-10-06 21:36:16.970 Thread 'MainThread': missing ScriptRunContext! This warning can be ignored when running in bare mode.
2026-10-06 21:36:16.970 Thread 'MainThread': missing ScriptRunContext! This warning can be ignored when running in bare mode.
2026-10-06 21:36:16.971 Thread 'MainThread': missing ScriptRunContext! This warning can be ignored when running in bare mode.
2026-10-06 21:36:16.971 Thread 'MainThread': missing ScriptRunContext! This warning can be ignored when running in bare mode.
2026-10-06 21:36:16.971 Thread 'MainThread': missing ScriptRunContext! This warning can be ignored when running in bare mode.
2026-10-06 21:36:16.971 Thread 'MainThread': missing ScriptRunContext! This warning can be ignored when running in bare mode.
2026-10-06 21:36:16.971 Thread 'MainThread': missing ScriptRunContext! This warning can be ignored when running in bare mode.
2026-10-06 21:36:16.971 Thread 'MainThread': missing ScriptRunContext! This warning can be ignored when running in bare mode.
2026-10-06 21:36:16.971 Thread 'MainThread': missing ScriptRunContext! This warning can be ignored when running in bare mode.
2026-10-06 21:36:16.971 Thread 'MainThread': missing ScriptRunContext! This warning can be ignored when running in bare mode.
2026-10-06 21:36:16.971 Thread 'MainThread': missing ScriptRunContext! This warning can be ignored when running in bare mode.
2026-10-06 21:36:16.971 Thread 'MainThread': missing ScriptRunContext! This warning can be ignored when running in bare mode.
2026-10-06 21:36:16.971 Thread 'MainThread': missing ScriptRunContext! This warning can be ignored when running in bare mode.
2026-10-06 21:36:16.971 Thread 'MainThread': missing ScriptRunContext! This warning can be ignored when running in bare mode.
2026-10-06 21:36:16.971 Thread 'MainThread': missing ScriptRunContext! This warning can be ignored when running in bare mode.
2026-10-06 21:36:16.971 Thread 'MainThread': missing ScriptRunContext! This warning can be ignored when running in bare mode.
2026-10-06 21:36:16.971 Thread 'MainThread': missing ScriptRunContext! This warning can be ignored when running in bare mode.
2026-10-06 21:36:16.971 Thread 'MainThread': missing ScriptRunContext! This warning can be ignored when running in bare mode.
2026-10-06 21:36:16.971 Thread 'MainThread': missing ScriptRunContext! This warning can be ignored when running in bare mode.
2026-10-06 21:36:16.971 Thread 'MainThread': missing ScriptRunContext! This warning can be ignored when running in bare mode.
2026-10-06 21:36:16.971 Thread 'MainThread': missing ScriptRunContext! This warning can be ignored when running in bare mode.
2026-10-06 21:36:16.971 Thread 'MainThread': missing ScriptRunContext! This warning can be ignored when running in bare mode.
2026-10-06 21:36:16.971 Thread 'MainThread': missing ScriptRunContext! This warning can be ignored when running in bare mode.
2026-10-06 21:36:16.971 Thread 'MainThread': missing ScriptRunContext! This warning can be ignored when running in bare mode.
2026-10-06 21:36:16.971 Thread 'MainThread': missing ScriptRunContext! This warning can be ignored when running in bare mode.
2026-10-06 21:36:16.971 Thread 'MainThread': missing ScriptRunContext! This warning can be ignored when running in bare mode.
2026-10-06 21:36:16.972 Thread 'MainThread': missing ScriptRunContext! This warning can be ignored when running in bare mode.
2026-10-06 21:36:16.972 Thread 'MainThread': missing ScriptRunContext! This warning can be ignored when running in bare mode.
2026-10-06 21:36:16.972 Thread 'MainThread': missing ScriptRunContext! This warning can be ignored when running in bare mode.
2026-10-06 21:36:16.972 Thread 'MainThread': missing ScriptRunContext! This warning can be ignored when running in bare mode.
2026-10-06 21:36:17.022 Thread 'MainThread': missing ScriptRunContext! This warning can be ignored when running in bare mode.
2026-10-06 21:36:17.024 Thread 'MainThread': missing ScriptRunContext! This warning can be ignored when running in bare mode.
2026-10-06 21:36:17.024 Thread 'MainThread': missing ScriptRunContext! This warning can be ignored when running in bare mode.
2026-10-06 21:36:17.024 Thread 'MainThread': missing ScriptRunContext! This warning can be ignored when running in bare mode.
2026-10-06 21:36:17.024 Thread 'MainThread': missing ScriptRunContext! This warning can be ignored when running in bare mode.
2026-10-06 21:36:17.024 Thread 'MainThread': missing ScriptRunContext! This warning can be ignored when running in bare mode.
2026-10-06 21:36:17.024 Thread 'MainThread': missing ScriptRunContext! This warning can be ignored when running in bare mode.
2026-10-06 21:36:17.024 Thread 'MainThread': missing ScriptRunContext! This warning can be ignored when running in bare mode.
2026-10-06 21:36:17.024 Thread 'MainThread': missing ScriptRunContext! This warning can be ignored when running in bare mode.
2026-10-06 21:36:17.024 Thread 'MainThread': missing ScriptRunContext! This warning can be ignored when running in bare mode.
2026-10-06 21:36:17.024 Thread 'MainThread': missing ScriptRunContext! This warning can be ignored when running in bare mode.
2026-10-06 21:36:17.024 Thread 'MainThread': missing ScriptRunContext! This warning can be ignored when running in bare mode.
2026-10-06 21:36:17.024 Thread 'MainThread': missing ScriptRunContext! This warning can be ignored when running in bare mode.
2026-10-06 21:36:17.024 Thread 'MainThread': missing ScriptRunContext! This warning can be ignored when running in bare mode.
2026-10-06 21:36:17.024 Thread 'MainThread': missing ScriptRunContext! This warning can be ignored when running in bare mode.
2026-10-06 21:36:17.025 Thread 'MainThread': missing ScriptRunContext! This warning can be ignored when running in bare mode.
2026-10-06 21:36:17.025 Thread 'MainThread': missing ScriptRunContext! This warning can be ignored when running in bare mode.
2026-10-06 21:36:17.025 Thread 'MainThread': missing ScriptRunContext! This warning can be ignored when running in bare mode.
2026-10-06 21:36:17.025 Thread 'MainThread': missing ScriptRunContext! This warning can be ignored when running in bare mode.
2026-10-06 21:36:17.025 Thread 'MainThread': missing ScriptRunContext! This warning can be ignored when running in bare mode.
2026-10-06 21:36:17.025 Thread 'MainThread': missing ScriptRunContext! This warning can be ignored when running in bare mode.
2026-10-06 21:36:17.025 Thread 'MainThread': missing ScriptRunContext! This warning can be ignored when running in bare mode.
2026-10-06 21:36:17.025 Thread 'MainThread': missing ScriptRunContext! This warning can be ignored when running in bare mode.
2026-10-06 21:36:17.025 Thread 'MainThread': missing ScriptRunContext! This warning can be ignored when running in bare mode.
2026-10-06 21:36:17.025 Thread 'MainThread': missing ScriptRunContext! This warning can be ignored when running in bare mode.
2026-10-06 21:36:17.025 Thread 'MainThread': missing ScriptRunContext! This warning can be ignored when running in bare mode.
2026-10-06 21:36:17.025 Thread 'MainThread': missing ScriptRunContext! This warning can be ignored when running in bare mode.
2026-10-06 21:36:17.025 Thread 'MainThread': missing ScriptRunContext! This warning can be ignored when running in bare mode.
2026-10-06 21:36:17.025 Thread 'MainThread': missing ScriptRunContext! This warning can be ignored when running in bare mode.
2026-10-06 21:36:17.025 Thread 'MainThread': missing ScriptRunContext! This warning can be ignored when running in bare mode.
2026-10-06 21:36:17.026 Thread 'MainThread': missing ScriptRunContext! This warning can be ignored when running in bare mode.
2026-10-06 21:36:17.026 Thread 'MainThread': missing ScriptRunContext! This warning can be ignored when running in bare mode.
2026-10-06 21:36:17.026 Thread 'MainThread': missing ScriptRunContext! This warning can be ignored when running in bare mode.
2026-10-06 21:36:17.026 Thread 'MainThread': missing ScriptRunContext! This warning can be ignored when running in bare mode.
2026-10-06 21:36:17.026 Thread 'MainThread': missing ScriptRunContext! This warning can be ignored when running in bare mode.
2026-10-06 21:36:17.026 Thread 'MainThread': missing ScriptRunContext! This warning can be ignored when running in bare mode.
2026-10-06 21:36:17.026 Thread 'MainThread': missing ScriptRunContext! This warning can be ignored when running in bare mode.
2026-10-06 21:36:17.026 Thread 'MainThread': missing ScriptRunContext! This warning can be ignored when running in bare mode.
2026-10-06 21:36:17.026 Thread 'MainThread': missing ScriptRunContext! This warning can be ignored when running in bare mode.
2026-10-06 21:36:17.026 Thread 'MainThread': missing ScriptRunContext! This warning can be ignored when running in bare mode.
2026-10-06 21:36:17.026 Thread 'MainThread': missing ScriptRunContext! This warning can be ignored when running in bare mode.
2026-10-06 21:36:17.026 Thread 'MainThread': missing ScriptRunContext! This warning can be ignored when running in bare mode.
2026-10-06 21:36:17.026 Thread 'MainThread': missing ScriptRunContext! This warning can be ignored when running in bare mode.
2026-10-06 21:36:17.026 Thread 'MainThread': missing ScriptRunContext! This warning can be ignored when running in bare mode.
2026-10-06 21:36:17.026 Thread 'MainThread': missing ScriptRunContext! This warning can be ignored when running in bare mode.
2026-10-06 21:36:17.026 Thread 'MainThread': missing ScriptRunContext! This warning can be ignored when running in bare mode.
2026-10-06 21:36:17.075 Thread 'MainThread': missing ScriptRunContext! This warning can be ignored when running in bare mode.
2026-10-06 21:36:17.077 Thread 'MainThread': missing ScriptRunContext! This warning can be ignored when running in bare mode.
2026-10-06 21:36:17.077 Thread 'MainThread': missing ScriptRunContext! This warning can be ignored when running in bare mode.
2026-10-06 21:36:17.077 Thread 'MainThread': missing ScriptRunContext! This warning can be ignored when running in bare mode.
2026-10-06 21:36:17.077 Thread 'MainThread': missing ScriptRunContext! This warning can be ignored when running in bare mode.
2026-10-06 21:36:17.077 Thread 'MainThread': missing ScriptRunContext! This warning can be ignored when running in bare mode.
2026-10-06 21:36:17.078 Thread 'MainThread': missing ScriptRunContext! This warning can be ignored when running in bare mode.
2026-10-06 21:36:17.078 Thread 'MainThread': missing ScriptRunContext! This warning can be ignored when running in bare mode.
2026-10-06 21:36:17.078 Thread 'MainThread': missing ScriptRunContext! This warning can be ignored when running in bare mode.
2026-10-06 21:36:17.078 Thread 'MainThread': missing ScriptRunContext! This warning can be ignored when running in bare mode.
2026-10-06 21:36:17.078 Thread 'MainThread': missing ScriptRunContext! This warning can be ignored when running in bare mode.
2026-10-06 21:36:17.078 Thread 'MainThread': missing ScriptRunContext! This warning can be ignored when running in bare mode.
2026-10-06 21:36:17.078 Thread 'MainThread': missing ScriptRunContext! This warning can be ignored when running in bare mode.
2026-10-06 21:36:17.078 Thread 'MainThread': missing ScriptRunContext! This warning can be ignored when running in bare mode.
2026-10-06 21:36:17.078 Thread 'MainThread': missing ScriptRunContext! This warning can be ignored when running in bare mode.
2026-10-06 21:36:17.078 Thread 'MainThread': missing ScriptRunContext! This warning can be ignored when running in bare mode.
2026-10-06 21:36:17.078 Thread 'MainThread': missing ScriptRunContext! This warning can be ignored when running in bare mode.
2026-10-06 21:36:17.078 Thread 'MainThread': missing ScriptRunContext! This warning can be ignored when running in bare mode.
2026-10-06 21:36:17.078 Thread 'MainThread': missing ScriptRunContext! This warning can be ignored when running in bare mode.
2026-10-06 21:36:17.078 Thread 'MainThread': missing ScriptRunContext! This warning can be ignored when running in bare mode.
2026-10-06 21:36:17.078 Thread 'MainThread': missing ScriptRunContext! This warning can be ignored when running in bare mode.
2026-10-06 21:36:17.078 Thread 'MainThread': missing ScriptRunContext! This warning can be ignored when running in bare mode.
2026-10-06 21:36:17.078 Thread 'MainThread': missing ScriptRunContext! This warning can be ignored when running in bare mode.
2026-10-06 21:36:17.078 Thread 'MainThread': missing ScriptRunContext! This warning can be ignored when running in bare mode.
2026-10-06 21:36:17.078 Thread 'MainThread': missing ScriptRunContext! This warning can be ignored when running in bare mode.
2026-10-06 21:36:17.078 Thread 'MainThread': missing ScriptRunContext! This warning can be ignored when running in bare mode.
2026-10-06 21:36:17.078 Thread 'MainThread': missing ScriptRunContext! This warning can be ignored when running in bare mode.
2026-10-06 21:36:17.078 Thread 'MainThread': missing ScriptRunContext! This warning can be ignored when running in bare mode.
2026-10-06 21:36:17.078 Thread 'MainThread': missing ScriptRunContext! This warning can be ignored when running in bare mode.
2026-10-06 21:36:17.079 Thread 'MainThread': missing ScriptRunContext! This warning can be ignored when running in bare mode.
2026-10-06 21:36:17.079 Thread 'MainThread': missing ScriptRunContext! This warning can be ignored when running in bare mode.
2026-10-06 21:36:17.079 Thread 'MainThread': missing ScriptRunContext! This warning can be ignored when running in bare mode.
2026-10-06 21:36:17.079 Thread 'MainThread': missing ScriptRunContext! This warning can be ignored when running in bare mode.
2026-10-06 21:36:17.079 Thread 'MainThread': missing ScriptRunContext! This warning can be ignored when running in bare mode.
2026-10-06 21:36:17.079 Thread 'MainThread': missing ScriptRunContext! This warning can be ignored when running in bare mode.
2026-10-06 21:36:17.079 Thread 'MainThread': missing ScriptRunContext! This warning can be ignored when running in bare mode.
2026-10-06 21:36:17.079 Thread 'MainThread': missing ScriptRunContext! This warning can be ignored when running in bare mode.
2026-10-06 21:36:17.079 Thread 'MainThread': missing ScriptRunContext! This warning can be ignored when running in bare mode.
2026-10-06 21:36:17.079 Thread 'MainThread': missing ScriptRunContext! This warning can be ignored when running in bare mode.
2026-10-06 21:36:17.079 Thread 'MainThread': missing ScriptRunContext! This warning can be ignored when running in bare mode.
2026-10-06 21:36:17.079 Thread 'MainThread': missing ScriptRunContext! This warning can be ignored when running in bare mode.
2026-10-06 21:36:17.079 Thread 'MainThread': missing ScriptRunContext! This warning can be ignored when running in bare mode.
2026-10-06 21:36:17.079 Thread 'MainThread': missing ScriptRunContext! This warning can be ignored when running in bare mode.
2026-10-06 21:36:17.079 Thread 'MainThread': missing ScriptRunContext! This warning can be ignored when running in bare mode.
2026-10-06 21:36:17.079 Thread 'MainThread': missing ScriptRunContext! This warning can be ignored when running in bare mode.
2026-10-06 21:36:17.079 Thread 'MainThread': missing ScriptRunContext! This warning can be ignored when running in bare mode.
2026-10-06 21:36:17.126 Thread 'MainThread': missing ScriptRunContext! This warning can be ignored when running in bare mode.
2026-10-06 21:36:17.128 Thread 'MainThread': missing ScriptRunContext! This warning can be ignored when running in bare mode.
2026-10-06 21:36:17.128 Thread 'MainThread': missing ScriptRunContext! This warning can be ignored when running in bare mode.
2026-10-06 21:36:17.128 Thread 'MainThread': missing ScriptRunContext! This warning can be ignored when running in bare mode.
2026-10-06 21:36:17.128 Thread 'MainThread': missing ScriptRunContext! This warning can be ignored when running in bare mode.
2026-10-06 21:36:17.128 Thread 'MainThread': missing ScriptRunContext! This warning can be ignored when running in bare mode.
2026-10-06 21:36:17.128 Thread 'MainThread': missing ScriptRunContext! This warning can be ignored when running in bare mode.
2026-10-06 21:36:17.128 Thread 'MainThread': missing ScriptRunContext! This warning can be ignored when running in bare mode.
2026-10-06 21:36:17.128 Thread 'MainThread': missing ScriptRunContext! This warning can be ignored when running in bare mode.
2026-10-06 21:36:17.128 Thread 'MainThread': missing ScriptRunContext! This warning can be ignored when running in bare mode.
2026-10-06 21:36:17.129 Thread 'MainThread': missing ScriptRunContext! This warning can be ignored when running in bare mode.
2026-10-06 21:36:17.129 Thread 'MainThread': missing ScriptRunContext! This warning can be ignored when running in bare mode.
2026-10-06 21:36:17.129 Thread 'MainThread': missing ScriptRunContext! This warning can be ignored when running in bare mode.
2026-10-06 21:36:17.129 Thread 'MainThread': missing ScriptRunContext! This warning can be ignored when running in bare mode.
2026-10-06 21:36:17.129 Thread 'MainThread': missing ScriptRunContext! This warning can be ignored when running in bare mode.
2026-10-06 21:36:17.129 Thread 'MainThread': missing ScriptRunContext! This warning can be ignored when running in bare mode.
2026-10-06 21:36:17.129 Thread 'MainThread': missing ScriptRunContext! This warning can be ignored when running in bare mode.
2026-10-06 21:36:17.129 Thread 'MainThread': missing ScriptRunContext! This warning can be ignored when running in bare mode.
2026-10-06 21:36:17.129 Thread 'MainThread': missing ScriptRunContext! This warning can be ignored when running in bare mode.
2026-10-06 21:36:17.129 Thread 'MainThread': missing ScriptRunContext! This warning can be ignored when running in bare mode.
2026-10-06 21:36:17.129 Thread 'MainThread': missing ScriptRunContext! This warning can be ignored when running in bare mode.
2026-10-06 21:36:17.129 Thread 'MainThread': missing ScriptRunContext! This warning can be ignored when running in bare mode.
2026-10-06 21:36:17.129 Thread 'MainThread': missing ScriptRunContext! This warning can be ignored when running in bare mode.
2026-10-06 21:36:17.129 Thread 'MainThread': missing ScriptRunContext! This warning can be ignored when running in bare mode.
2026-10-06 21:36:17.129 Thread 'MainThread': missing ScriptRunContext! This warning can be ignored when running in bare mode.
2026-10-06 21:36:17.129 Thread 'MainThread': missing ScriptRunContext! This warning can be ignored when running in bare mode.
2026-10-06 21:36:17.129 Thread 'MainThread': missing ScriptRunContext! This warning can be ignored when running in bare mode.
2026-10-06 21:36:17.130 Thread 'MainThread': missing ScriptRunContext! This warning can be ignored when running in bare mode.
2026-10-06 21:36:17.130 Thread 'MainThread': missing ScriptRunContext! This warning can be ignored when running in bare mode.
2026-10-06 21:36:17.130 Thread 'MainThread': missing ScriptRunContext! This warning can be ignored when running in bare mode.
2026-10-06 21:36:17.130 Thread 'MainThread': missing ScriptRunContext! This warning can be ignored when running in bare mode.
2026-10-06 21:36:17.130 Thread 'MainThread': missing ScriptRunContext! This warning can be ignored when running in bare mode.
2026-10-06 21:36:17.130 Thread 'MainThread': missing ScriptRunContext! This warning can be ignored when running in bare mode.
2026-10-06 21:36:17.130 Thread 'MainThread': missing ScriptRunContext! This warning can be ignored when running in bare mode.
2026-10-06 21:36:17.130 Thread 'MainThread': missing ScriptRunContext! This warning can be ignored when running in bare mode.
2026-10-06 21:36:17.130 Thread 'MainThread': missing ScriptRunContext! This warning can be ignored when running in bare mode.
2026-10-06 21:36:17.130 Thread 'MainThread': missing ScriptRunContext! This warning can be ignored when running in bare mode.
2026-10-06 21:36:17.130 Thread 'MainThread': missing ScriptRunContext! This warning can be ignored when running in bare mode.
2026-10-06 21:36:17.130 Thread 'MainThread': missing ScriptRunContext! This warning can be ignored when running in bare mode.
2026-10-06 21:36:17.130 Thread 'MainThread': missing ScriptRunContext! This warning can be ignored when running in bare mode.
2026-10-06 21:36:17.130 Thread 'MainThread': missing ScriptRunContext! This warning can be ignored when running in bare mode.
2026-10-06 21:36:17.130 Thread 'MainThread': missing ScriptRunContext! This warning can be ignored when running in bare mode.
2026-10-06 21:36:17.130 Thread 'MainThread': missing ScriptRunContext! This warning can be ignored when running in bare mode.
2026-10-06 21:36:17.130 Thread 'MainThread': missing ScriptRunContext! This warning can be ignored when running in bare mode.
2026-10-06 21:36:17.131 Thread 'MainThread': missing ScriptRunContext! This warning can be ignored when running in bare mode.
2026-10-06 21:36:17.131 Thread 'MainThread': missing ScriptRunContext! This warning can be ignored when running in bare mode.
2026-10-06 21:36:17.177 Thread 'MainThread': missing ScriptRunContext! This warning can be ignored when running in bare mode.
2026-10-06 21:36:17.179 Thread 'MainThread': missing ScriptRunContext! This warning can be ignored when running in bare mode.
2026-10-06 21:36:17.179 Thread 'MainThread': missing ScriptRunContext! This warning can be ignored when running in bare mode.
2026-10-06 21:36:17.180 Thread 'MainThread': missing ScriptRunContext! This warning can be ignored when running in bare mode.
2026-10-06 21:36:17.180 Thread 'MainThread': missing ScriptRunContext! This warning can be ignored when running in bare mode.
2026-10-06 21:36:17.180 Thread 'MainThread': missing ScriptRunContext! This warning can be ignored when running in bare mode.
2026-10-06 21:36:17.180 Thread 'MainThread': missing ScriptRunContext! This warning can be ignored when running in bare mode.
2026-10-06 21:36:17.180 Thread 'MainThread': missing ScriptRunContext! This warning can be ignored when running in bare mode.
2026-10-06 21:36:17.180 Thread 'MainThread': missing ScriptRunContext! This warning can be ignored when running in bare mode.
2026-10-06 21:36:17.180 Thread 'MainThread': missing ScriptRunContext! This warning can be ignored when running in bare mode.
2026-10-06 21:36:17.180 Thread 'MainThread': missing ScriptRunContext! This warning can be ignored when running in bare mode.
2026-10-06 21:36:17.180 Thread 'MainThread': missing ScriptRunContext! This warning can be ignored when running in bare mode.
2026-10-06 21:36:17.180 Thread 'MainThread': missing ScriptRunContext! This warning can be ignored when running in bare mode.
2026-10-06 21:36:17.180 Thread 'MainThread': missing ScriptRunContext! This warning can be ignored when running in bare mode.
2026-10-06 21:36:17.181 Thread 'MainThread': missing ScriptRunContext! This warning can be ignored when running in bare mode.
2026-10-06 21:36:17.181 Thread 'MainThread': missing ScriptRunContext! This warning can be ignored when running in bare mode.
2026-10-06 21:36:17.181 Thread 'MainThread': missing ScriptRunContext! This warning can be ignored when running in bare mode.
2026-10-06 21:36:17.181 Thread 'MainThread': missing ScriptRunContext! This warning can be ignored when running in bare mode.
2026-10-06 21:36:17.181 Thread 'MainThread': missing ScriptRunContext! This warning can be ignored when running in bare mode.
2026-10-06 21:36:17.181 Thread 'MainThread': missing ScriptRunContext! This warning can be ignored when running in bare mode.
2026-10-06 21:36:17.181 Thread 'MainThread': missing ScriptRunContext! This warning can be ignored when running in bare mode.
2026-10-06 21:36:17.181 Thread 'MainThread': missing ScriptRunContext! This warning can be ignored when running in bare mode.
2026-10-06 21:36:17.181 Thread 'MainThread': missing ScriptRunContext! This warning can be ignored when running in bare mode.
2026-10-06 21:36:17.181 Thread 'MainThread': missing ScriptRunContext! This warning can be ignored when running in bare mode.
2026-10-06 21:36:17.181 Thread 'MainThread': missing ScriptRunContext! This warning can be ignored when running in bare mode.
2026-10-06 21:36:17.181 Thread 'MainThread': missing ScriptRunContext! This warning can be ignored when running in bare mode.
2026-10-06 21:36:17.181 Thread 'MainThread': missing ScriptRunContext! This warning can be ignored when running in bare mode.
2026-10-06 21:36:17.181 Thread 'MainThread': missing ScriptRunContext! This warning can be ignored when running in bare mode.
2026-10-06 21:36:17.181 Thread 'MainThread': missing ScriptRunContext! This warning can be ignored when running in bare mode.
2026-10-06 21:36:17.182 Thread 'MainThread': missing ScriptRunContext! This warning can be ignored when running in bare mode.
2026-10-06 21:36:17.182 Thread 'MainThread': missing ScriptRunContext! This warning can be ignored when running in bare mode.
2026-10-06 21:36:17.182 Thread 'MainThread': missing ScriptRunContext! This warning can be ignored when running in bare mode.
2026-10-06 21:36:17.182 Thread 'MainThread': missing ScriptRunContext! This warning can be ignored when running in bare mode.
2026-10-06 21:36:17.182 Thread 'MainThread': missing ScriptRunContext! This warning can be ignored when running in bare mode.
2026-10-06 21:36:17.182 Thread 'MainThread': missing ScriptRunContext! This warning can be ignored when running in bare mode.
2026-10-06 21:36:17.182 Thread 'MainThread': missing ScriptRunContext! This warning can be ignored when running in bare mode.
2026-10-06 21:36:17.182 Thread 'MainThread': missing ScriptRunContext! This warning can be ignored when running in bare mode.
2026-10-06 21:36:17.182 Thread 'MainThread': missing ScriptRunContext! This warning can be ignored when running in bare mode.
2026-10-06 21:36:17.182 Thread 'MainThread': missing ScriptRunContext! This warning can be ignored when running in bare mode.
2026-10-06 21:36:17.182 Thread 'MainThread': missing ScriptRunContext! This warning can be ignored when running in bare mode.
2026-10-06 21:36:17.182 Thread 'MainThread': missing ScriptRunContext! This warning can be ignored when running in bare mode.
2026-10-06 21:36:17.182 Thread 'MainThread': missing ScriptRunContext! This warning can be ignored when running in bare mode.
2026-10-06 21:36:17.182 Thread 'MainThread': missing ScriptRunContext! This warning can be ignored when running in bare mode.
2026-10-06 21:36:17.182 Thread 'MainThread': missing ScriptRunContext! This warning can be ignored when running in bare mode.
2026-10-06 21:36:17.182 Thread 'MainThread': missing ScriptRunContext! This warning can be ignored when running in bare mode.
2026-10-06 21:36:17.182 Thread 'MainThread': missing ScriptRunContext! This warning can be ignored when running in bare mode.
.......2026-10-06 21:36:19.183 Thread 'MainThread': missing ScriptRunContext! This warning can be ignored when running in bare mode.
2026-10-06 21:36:19.184 Thread 'MainThread': missing ScriptRunContext! This warning can be ignored when running in bare mode.
2026-10-06 21:36:19.184 Thread 'MainThread': missing ScriptRunContext! This warning can be ignored when running in bare mode.
2026-10-06 21:36:19.184 Thread 'MainThread': missing ScriptRunContext! This warning can be ignored when running in bare mode.
2026-10-06 21:36:19.184 Thread 'MainThread': missing ScriptRunContext! This warning can be ignored when running in bare mode.
2026-10-06 21:36:19.184 Thread 'MainThread': missing ScriptRunContext! This warning can be ignored when running in bare mode.
2026-10-06 21:36:19.184 Thread 'MainThread': missing ScriptRunContext! This warning can be ignored when running in bare mode.
2026-10-06 21:36:20.292 Please replace `use_container_width` with `width`.

`use_container_width` will be removed after 2025-12-31.

For `use_container_width=True`, use `width='stretch'`. For `use_container_width=False`, use `width='content'`.
2026-10-06 21:36:20.587 Please replace `use_container_width` with `width`.

`use_container_width` will be removed after 2025-12-31.

For `use_container_width=True`, use `width='stretch'`. For `use_container_width=False`, use `width='content'`.
.2026-10-06 21:36:20.609 Thread 'MainThread': missing ScriptRunContext! This warning can be ignored when running in bare mode.
2026-10-06 21:36:20.609 Thread 'MainThread': missing ScriptRunContext! This warning can be ignored when running in bare mode.
2026-10-06 21:36:20.609 Thread 'MainThread': missing ScriptRunContext! This warning can be ignored when running in bare mode.
2026-10-06 21:36:20.609 Thread 'MainThread': missing ScriptRunContext! This warning can be ignored when running in bare mode.
2026-10-06 21:36:20.610 Thread 'MainThread': missing ScriptRunContext! This warning can be ignored when running in bare mode.
2026-10-06 21:36:20.610 Thread 'MainThread': missing ScriptRunContext! This warning can be ignored when running in bare mode.
2026-10-06 21:36:20.610 Thread 'MainThread': missing ScriptRunContext! This warning can be ignored when running in bare mode.
2026-10-06 21:36:21.810 Please replace `use_container_width` with `width`.

`use_container_width` will be removed after 2025-12-31.

For `use_container_width=True`, use `width='stretch'`. For `use_container_width=False`, use `width='content'`.
2026-10-06 21:36:22.066 Please replace `use_container_width` with `width`.

`use_container_width` will be removed after 2025-12-31.

For `use_container_width=True`, use `width='stretch'`. For `use_container_width=False`, use `width='content'`.
2026-10-06 21:36:22.309 Please replace `use_container_width` with `width`.

`use_container_width` will be removed after 2025-12-31.

For `use_container_width=True`, use `width='stretch'`. For `use_container_width=False`, use `width='content'`.
2026-10-06 21:36:22.738 Please replace `use_container_width` with `width`.

`use_container_width` will be removed after 2025-12-31.

For `use_container_width=True`, use `width='stretch'`. For `use_container_width=False`, use `width='content'`.
2026-10-06 21:36:23.001 Please replace `use_container_width` with `width`.

`use_container_width` will be removed after 2025-12-31.

For `use_container_width=True`, use `width='stretch'`. For `use_container_width=False`, use `width='content'`.
2026-10-06 21:36:23.255 Please replace `use_container_width` with `width`.

`use_container_width` will be removed after 2025-12-31.

For `use_container_width=True`, use `width='stretch'`. For `use_container_width=False`, use `width='content'`.
2026-10-06 21:36:23.729 Please replace `use_container_width` with `width`.

`use_container_width` will be removed after 2025-12-31.

For `use_container_width=True`, use `width='stretch'`. For `use_container_width=False`, use `width='content'`.
2026-10-06 21:36:24.013 Please replace `use_container_width` with `width`.

`use_container_width` will be removed after 2025-12-31.

For `use_container_width=True`, use `width='stretch'`. For `use_container_width=False`, use `width='content'`.
2026-10-06 21:36:24.439 Please replace `use_container_width` with `width`.

`use_container_width` will be removed after 2025-12-31.

For `use_container_width=True`, use `width='stretch'`. For `use_container_width=False`, use `width='content'`.
2026-10-06 21:36:24.745 Please replace `use_container_width` with `width`.

`use_container_width` will be removed after 2025-12-31.

For `use_container_width=True`, use `width='stretch'`. For `use_container_width=False`, use `width='content'`.
2026-10-06 21:36:24.774 Thread 'MainThread': missing ScriptRunContext! This warning can be ignored when running in bare mode.
2026-10-06 21:36:24.780 Thread 'MainThread': missing ScriptRunContext! This warning can be ignored when running in bare mode.
2026-10-06 21:36:24.780 Thread 'MainThread': missing ScriptRunContext! This warning can be ignored when running in bare mode.
2026-10-06 21:36:24.780 Thread 'MainThread': missing ScriptRunContext! This warning can be ignored when running in bare mode.
2026-10-06 21:36:24.780 Thread 'MainThread': missing ScriptRunContext! This warning can be ignored when running in bare mode.
2026-10-06 21:36:24.780 Thread 'MainThread': missing ScriptRunContext! This warning can be ignored when running in bare mode.
2026-10-06 21:36:24.781 Thread 'MainThread': missing ScriptRunContext! This warning can be ignored when running in bare mode.
2026-10-06 21:36:24.781 Thread 'MainThread': missing ScriptRunContext! This warning can be ignored when running in bare mode.
2026-10-06 21:36:24.781 Thread 'MainThread': missing ScriptRunContext! This warning can be ignored when running in bare mode.
2026-10-06 21:36:24.781 Thread 'MainThread': missing ScriptRunContext! This warning can be ignored when running in bare mode.
2026-10-06 21:36:24.781 Thread 'MainThread': missing ScriptRunContext! This warning can be ignored when running in bare mode.
2026-10-06 21:36:24.781 Thread 'MainThread': missing ScriptRunContext! This warning can be ignored when running in bare mode.
2026-10-06 21:36:24.781 Thread 'MainThread': missing ScriptRunContext! This warning can be ignored when running in bare mode.
2026-10-06 21:36:24.781 Thread 'MainThread': missing ScriptRunContext! This warning can be ignored when running in bare mode.
2026-10-06 21:36:24.781 Thread 'MainThread': missing ScriptRunContext! This warning can be ignored when running in bare mode.
2026-10-06 21:36:24.781 Thread 'MainThread': missing ScriptRunContext! This warning can be ignored when running in bare mode.
2026-10-06 21:36:24.782 Thread 'MainThread': missing ScriptRunContext! This warning can be ignored when running in bare mode.
2026-10-06 21:36:24.782 Thread 'MainThread': missing ScriptRunContext! This warning can be ignored when running in bare mode.
2026-10-06 21:36:24.782 Thread 'MainThread': missing ScriptRunContext! This warning can be ignored when running in bare mode.
2026-10-06 21:36:24.782 Thread 'MainThread': missing ScriptRunContext! This warning can be ignored when running in bare mode.
2026-10-06 21:36:24.782 Thread 'MainThread': missing ScriptRunContext! This warning can be ignored when running in bare mode.
2026-10-06 21:36:24.782 Thread 'MainThread': missing ScriptRunContext! This warning can be ignored when running in bare mode.
2026-10-06 21:36:24.782 Thread 'MainThread': missing ScriptRunContext! This warning can be ignored when running in bare mode.
2026-10-06 21:36:24.782 Thread 'MainThread': missing ScriptRunContext! This warning can be ignored when running in bare mode.
2026-10-06 21:36:24.782 Thread 'MainThread': missing ScriptRunContext! This warning can be ignored when running in bare mode.
2026-10-06 21:36:24.782 Thread 'MainThread': missing ScriptRunContext! This warning can be ignored when running in bare mode.
2026-10-06 21:36:24.782 Thread 'MainThread': missing ScriptRunContext! This warning can be ignored when running in bare mode.
2026-10-06 21:36:24.782 Thread 'MainThread': missing ScriptRunContext! This warning can be ignored when running in bare mode.
2026-10-06 21:36:24.782 Thread 'MainThread': missing ScriptRunContext! This warning can be ignored when running in bare mode.
2026-10-06 21:36:24.782 Thread 'MainThread': missing ScriptRunContext! This warning can be ignored when running in bare mode.
2026-10-06 21:36:24.783 Thread 'MainThread': missing ScriptRunContext! This warning can be ignored when running in bare mode.
2026-10-06 21:36:24.783 Thread 'MainThread': missing ScriptRunContext! This warning can be ignored when running in bare mode.
2026-10-06 21:36:24.783 Thread 'MainThread': missing ScriptRunContext! This warning can be ignored when running in bare mode.
2026-10-06 21:36:24.783 Thread 'MainThread': missing ScriptRunContext! This warning can be ignored when running in bare mode.
2026-10-06 21:36:24.783 Thread 'MainThread': missing ScriptRunContext! This warning can be ignored when running in bare mode.
2026-10-06 21:36:24.783 Thread 'MainThread': missing ScriptRunContext! This warning can be ignored when running in bare mode.
2026-10-06 21:36:24.783 Thread 'MainThread': missing ScriptRunContext! This warning can be ignored when running in bare mode.
2026-10-06 21:36:24.783 Thread 'MainThread': missing ScriptRunContext! This warning can be ignored when running in bare mode.
2026-10-06 21:36:24.783 Thread 'MainThread': missing ScriptRunContext! This warning can be ignored when running in bare mode.
2026-10-06 21:36:24.783 Thread 'MainThread': missing ScriptRunContext! This warning can be ignored when running in bare mode.
2026-10-06 21:36:24.784 Thread 'MainThread': missing ScriptRunContext! This warning can be ignored when running in bare mode.
2026-10-06 21:36:24.784 Thread 'MainThread': missing ScriptRunContext! This warning can be ignored when running in bare mode.
2026-10-06 21:36:24.784 Thread 'MainThread': missing ScriptRunContext! This warning can be ignored when running in bare mode.
2026-10-06 21:36:24.784 Thread 'MainThread': missing ScriptRunContext! This warning can be ignored when running in bare mode.
2026-10-06 21:36:24.784 Thread 'MainThread': missing ScriptRunContext! This warning can be ignored when running in bare mode.
2026-10-06 21:36:24.784 Thread 'MainThread': missing ScriptRunContext! This warning can be ignored when running in bare mode.
.2026-10-06 21:36:24.803 Thread 'MainThread': missing ScriptRunContext! This warning can be ignored when running in bare mode.
2026-10-06 21:36:24.803 Thread 'MainThread': missing ScriptRunContext! This warning can be ignored when running in bare mode.
2026-10-06 21:36:24.803 Thread 'MainThread': missing ScriptRunContext! This warning can be ignored when running in bare mode.
2026-10-06 21:36:24.803 Thread 'MainThread': missing ScriptRunContext! This warning can be ignored when running in bare mode.
2026-10-06 21:36:24.803 Thread 'MainThread': missing ScriptRunContext! This warning can be ignored when running in bare mode.
2026-10-06 21:36:24.803 Thread 'MainThread': missing ScriptRunContext! This warning can be ignored when running in bare mode.
2026-10-06 21:36:24.803 Thread 'MainThread': missing ScriptRunContext! This warning can be ignored when running in bare mode.
2026-10-06 21:36:25.904 Please replace `use_container_width` with `width`.

`use_container_width` will be removed after 2025-12-31.

For `use_container_width=True`, use `width='stretch'`. For `use_container_width=False`, use `width='content'`.
2026-10-06 21:36:26.235 Please replace `use_container_width` with `width`.

`use_container_width` will be removed after 2025-12-31.

For `use_container_width=True`, use `width='stretch'`. For `use_container_width=False`, use `width='content'`.
2026-10-06 21:36:26.263 Thread 'MainThread': missing ScriptRunContext! This warning can be ignored when running in bare mode.
2026-10-06 21:36:26.709 Please replace `use_container_width` with `width`.

`use_container_width` will be removed after 2025-12-31.

For `use_container_width=True`, use `width='stretch'`. For `use_container_width=False`, use `width='content'`.
2026-10-06 21:36:26.731 Thread 'MainThread': missing ScriptRunContext! This warning can be ignored when running in bare mode.
.2026-10-06 21:36:27.161 Thread 'MainThread': missing ScriptRunContext! This warning can be ignored when running in bare mode.
2026-10-06 21:36:27.161 Thread 'MainThread': missing ScriptRunContext! This warning can be ignored when running in bare mode.
2026-10-06 21:36:27.161 Thread 'MainThread': missing ScriptRunContext! This warning can be ignored when running in bare mode.
2026-10-06 21:36:27.161 Thread 'MainThread': missing ScriptRunContext! This warning can be ignored when running in bare mode.
2026-10-06 21:36:27.161 Thread 'MainThread': missing ScriptRunContext! This warning can be ignored when running in bare mode.
2026-10-06 21:36:27.161 Thread 'MainThread': missing ScriptRunContext! This warning can be ignored when running in bare mode.
2026-10-06 21:36:27.161 Thread 'MainThread': missing ScriptRunContext! This warning can be ignored when running in bare mode.
2026-10-06 21:36:28.405 Please replace `use_container_width` with `width`.

`use_container_width` will be removed after 2025-12-31.

For `use_container_width=True`, use `width='stretch'`. For `use_container_width=False`, use `width='content'`.
2026-10-06 21:36:28.671 Please replace `use_container_width` with `width`.

`use_container_width` will be removed after 2025-12-31.

For `use_container_width=True`, use `width='stretch'`. For `use_container_width=False`, use `width='content'`.
.2026-10-06 21:36:28.685 Thread 'MainThread': missing ScriptRunContext! This warning can be ignored when running in bare mode.
2026-10-06 21:36:28.686 Thread 'MainThread': missing ScriptRunContext! This warning can be ignored when running in bare mode.
2026-10-06 21:36:28.686 Thread 'MainThread': missing ScriptRunContext! This warning can be ignored when running in bare mode.
2026-10-06 21:36:28.686 Thread 'MainThread': missing ScriptRunContext! This warning can be ignored when running in bare mode.
2026-10-06 21:36:28.686 Thread 'MainThread': missing ScriptRunContext! This warning can be ignored when running in bare mode.
2026-10-06 21:36:28.686 Thread 'MainThread': missing ScriptRunContext! This warning can be ignored when running in bare mode.
2026-10-06 21:36:28.686 Thread 'MainThread': missing ScriptRunContext! This warning can be ignored when running in bare mode.
Learning Scene validator rejected domain=spatial_dynamics reason=scene: missing fields=['assumptions', 'axes', 'bindings', 'learning_goal', 'metrics', 'objects', 'parameters', 'quantities', 'scene_id', 'scene_version', 'series', 'source_pages', 'time', 'title']; unknown fields=[]
.2026-10-06 21:36:30.377 Thread 'MainThread': missing ScriptRunContext! This warning can be ignored when running in bare mode.
2026-10-06 21:36:30.377 Thread 'MainThread': missing ScriptRunContext! This warning can be ignored when running in bare mode.
2026-10-06 21:36:30.377 Thread 'MainThread': missing ScriptRunContext! This warning can be ignored when running in bare mode.
2026-10-06 21:36:30.377 Thread 'MainThread': missing ScriptRunContext! This warning can be ignored when running in bare mode.
2026-10-06 21:36:30.377 Thread 'MainThread': missing ScriptRunContext! This warning can be ignored when running in bare mode.
2026-10-06 21:36:30.378 Thread 'MainThread': missing ScriptRunContext! This warning can be ignored when running in bare mode.
2026-10-06 21:36:30.378 Thread 'MainThread': missing ScriptRunContext! This warning can be ignored when running in bare mode.
2026-10-06 21:36:31.510 Please replace `use_container_width` with `width`.

`use_container_width` will be removed after 2025-12-31.

For `use_container_width=True`, use `width='stretch'`. For `use_container_width=False`, use `width='content'`.
.2026-10-06 21:36:31.739 Thread 'MainThread': missing ScriptRunContext! This warning can be ignored when running in bare mode.
2026-10-06 21:36:31.739 Thread 'MainThread': missing ScriptRunContext! This warning can be ignored when running in bare mode.
2026-10-06 21:36:31.739 Thread 'MainThread': missing ScriptRunContext! This warning can be ignored when running in bare mode.
2026-10-06 21:36:31.739 Thread 'MainThread': missing ScriptRunContext! This warning can be ignored when running in bare mode.
2026-10-06 21:36:31.739 Thread 'MainThread': missing ScriptRunContext! This warning can be ignored when running in bare mode.
2026-10-06 21:36:31.739 Thread 'MainThread': missing ScriptRunContext! This warning can be ignored when running in bare mode.
2026-10-06 21:36:31.739 Thread 'MainThread': missing ScriptRunContext! This warning can be ignored when running in bare mode.
2026-10-06 21:36:33.018 Please replace `use_container_width` with `width`.

`use_container_width` will be removed after 2025-12-31.

For `use_container_width=True`, use `width='stretch'`. For `use_container_width=False`, use `width='content'`.
2026-10-06 21:36:33.291 Please replace `use_container_width` with `width`.

`use_container_width` will be removed after 2025-12-31.

For `use_container_width=True`, use `width='stretch'`. For `use_container_width=False`, use `width='content'`.
2026-10-06 21:36:33.598 Please replace `use_container_width` with `width`.

`use_container_width` will be removed after 2025-12-31.

For `use_container_width=True`, use `width='stretch'`. For `use_container_width=False`, use `width='content'`.
2026-10-06 21:36:33.613 Thread 'MainThread': missing ScriptRunContext! This warning can be ignored when running in bare mode.
2026-10-06 21:36:33.614 Thread 'MainThread': missing ScriptRunContext! This warning can be ignored when running in bare mode.
2026-10-06 21:36:33.614 Thread 'MainThread': missing ScriptRunContext! This warning can be ignored when running in bare mode.
2026-10-06 21:36:33.614 Thread 'MainThread': missing ScriptRunContext! This warning can be ignored when running in bare mode.
2026-10-06 21:36:33.614 Thread 'MainThread': missing ScriptRunContext! This warning can be ignored when running in bare mode.
2026-10-06 21:36:33.614 Thread 'MainThread': missing ScriptRunContext! This warning can be ignored when running in bare mode.
2026-10-06 21:36:33.614 Thread 'MainThread': missing ScriptRunContext! This warning can be ignored when running in bare mode.
2026-10-06 21:36:33.614 Thread 'MainThread': missing ScriptRunContext! This warning can be ignored when running in bare mode.
2026-10-06 21:36:33.614 Thread 'MainThread': missing ScriptRunContext! This warning can be ignored when running in bare mode.
2026-10-06 21:36:33.614 Thread 'MainThread': missing ScriptRunContext! This warning can be ignored when running in bare mode.
2026-10-06 21:36:33.614 Thread 'MainThread': missing ScriptRunContext! This warning can be ignored when running in bare mode.
2026-10-06 21:36:33.614 Thread 'MainThread': missing ScriptRunContext! This warning can be ignored when running in bare mode.
2026-10-06 21:36:33.614 Thread 'MainThread': missing ScriptRunContext! This warning can be ignored when running in bare mode.
2026-10-06 21:36:33.614 Thread 'MainThread': missing ScriptRunContext! This warning can be ignored when running in bare mode.
2026-10-06 21:36:33.614 Thread 'MainThread': missing ScriptRunContext! This warning can be ignored when running in bare mode.
2026-10-06 21:36:33.615 Thread 'MainThread': missing ScriptRunContext! This warning can be ignored when running in bare mode.
2026-10-06 21:36:33.615 Thread 'MainThread': missing ScriptRunContext! This warning can be ignored when running in bare mode.
2026-10-06 21:36:33.615 Thread 'MainThread': missing ScriptRunContext! This warning can be ignored when running in bare mode.
2026-10-06 21:36:33.615 Thread 'MainThread': missing ScriptRunContext! This warning can be ignored when running in bare mode.
2026-10-06 21:36:33.615 Thread 'MainThread': missing ScriptRunContext! This warning can be ignored when running in bare mode.
2026-10-06 21:36:33.615 Thread 'MainThread': missing ScriptRunContext! This warning can be ignored when running in bare mode.
2026-10-06 21:36:33.615 Thread 'MainThread': missing ScriptRunContext! This warning can be ignored when running in bare mode.
2026-10-06 21:36:33.615 Thread 'MainThread': missing ScriptRunContext! This warning can be ignored when running in bare mode.
2026-10-06 21:36:33.615 Thread 'MainThread': missing ScriptRunContext! This warning can be ignored when running in bare mode.
2026-10-06 21:36:33.615 Thread 'MainThread': missing ScriptRunContext! This warning can be ignored when running in bare mode.
2026-10-06 21:36:33.615 Thread 'MainThread': missing ScriptRunContext! This warning can be ignored when running in bare mode.
2026-10-06 21:36:33.615 Thread 'MainThread': missing ScriptRunContext! This warning can be ignored when running in bare mode.
2026-10-06 21:36:33.615 Thread 'MainThread': missing ScriptRunContext! This warning can be ignored when running in bare mode.
2026-10-06 21:36:33.615 Thread 'MainThread': missing ScriptRunContext! This warning can be ignored when running in bare mode.
2026-10-06 21:36:33.615 Thread 'MainThread': missing ScriptRunContext! This warning can be ignored when running in bare mode.
2026-10-06 21:36:33.615 Thread 'MainThread': missing ScriptRunContext! This warning can be ignored when running in bare mode.
2026-10-06 21:36:33.615 Thread 'MainThread': missing ScriptRunContext! This warning can be ignored when running in bare mode.
2026-10-06 21:36:33.615 Thread 'MainThread': missing ScriptRunContext! This warning can be ignored when running in bare mode.
2026-10-06 21:36:33.615 Thread 'MainThread': missing ScriptRunContext! This warning can be ignored when running in bare mode.
2026-10-06 21:36:33.615 Thread 'MainThread': missing ScriptRunContext! This warning can be ignored when running in bare mode.
2026-10-06 21:36:33.615 Thread 'MainThread': missing ScriptRunContext! This warning can be ignored when running in bare mode.
2026-10-06 21:36:33.615 Thread 'MainThread': missing ScriptRunContext! This warning can be ignored when running in bare mode.
2026-10-06 21:36:33.615 Thread 'MainThread': missing ScriptRunContext! This warning can be ignored when running in bare mode.
2026-10-06 21:36:33.616 Thread 'MainThread': missing ScriptRunContext! This warning can be ignored when running in bare mode.
2026-10-06 21:36:33.616 Thread 'MainThread': missing ScriptRunContext! This warning can be ignored when running in bare mode.
2026-10-06 21:36:33.616 Thread 'MainThread': missing ScriptRunContext! This warning can be ignored when running in bare mode.
2026-10-06 21:36:33.616 Thread 'MainThread': missing ScriptRunContext! This warning can be ignored when running in bare mode.
2026-10-06 21:36:33.616 Thread 'MainThread': missing ScriptRunContext! This warning can be ignored when running in bare mode.
2026-10-06 21:36:33.616 Thread 'MainThread': missing ScriptRunContext! This warning can be ignored when running in bare mode.
2026-10-06 21:36:33.616 Thread 'MainThread': missing ScriptRunContext! This warning can be ignored when running in bare mode.
2026-10-06 21:36:33.616 Thread 'MainThread': missing ScriptRunContext! This warning can be ignored when running in bare mode.
.......2026-10-06 21:36:35.005 Thread 'MainThread': missing ScriptRunContext! This warning can be ignored when running in bare mode.
2026-10-06 21:36:35.008 Thread 'MainThread': missing ScriptRunContext! This warning can be ignored when running in bare mode.
2026-10-06 21:36:35.008 Thread 'MainThread': missing ScriptRunContext! This warning can be ignored when running in bare mode.
2026-10-06 21:36:35.008 Thread 'MainThread': missing ScriptRunContext! This warning can be ignored when running in bare mode.
2026-10-06 21:36:35.008 Thread 'MainThread': missing ScriptRunContext! This warning can be ignored when running in bare mode.
2026-10-06 21:36:35.008 Thread 'MainThread': missing ScriptRunContext! This warning can be ignored when running in bare mode.
2026-10-06 21:36:35.008 Thread 'MainThread': missing ScriptRunContext! This warning can be ignored when running in bare mode.
2026-10-06 21:36:35.008 Thread 'MainThread': missing ScriptRunContext! This warning can be ignored when running in bare mode.
2026-10-06 21:36:35.008 Thread 'MainThread': missing ScriptRunContext! This warning can be ignored when running in bare mode.
2026-10-06 21:36:35.009 Thread 'MainThread': missing ScriptRunContext! This warning can be ignored when running in bare mode.
2026-10-06 21:36:35.009 Thread 'MainThread': missing ScriptRunContext! This warning can be ignored when running in bare mode.
2026-10-06 21:36:35.009 Thread 'MainThread': missing ScriptRunContext! This warning can be ignored when running in bare mode.
2026-10-06 21:36:35.009 Thread 'MainThread': missing ScriptRunContext! This warning can be ignored when running in bare mode.
2026-10-06 21:36:35.009 Thread 'MainThread': missing ScriptRunContext! This warning can be ignored when running in bare mode.
2026-10-06 21:36:35.009 Thread 'MainThread': missing ScriptRunContext! This warning can be ignored when running in bare mode.
2026-10-06 21:36:35.009 Thread 'MainThread': missing ScriptRunContext! This warning can be ignored when running in bare mode.
2026-10-06 21:36:35.009 Thread 'MainThread': missing ScriptRunContext! This warning can be ignored when running in bare mode.
2026-10-06 21:36:35.009 Thread 'MainThread': missing ScriptRunContext! This warning can be ignored when running in bare mode.
2026-10-06 21:36:35.009 Thread 'MainThread': missing ScriptRunContext! This warning can be ignored when running in bare mode.
2026-10-06 21:36:35.009 Thread 'MainThread': missing ScriptRunContext! This warning can be ignored when running in bare mode.
2026-10-06 21:36:35.009 Thread 'MainThread': missing ScriptRunContext! This warning can be ignored when running in bare mode.
2026-10-06 21:36:35.009 Thread 'MainThread': missing ScriptRunContext! This warning can be ignored when running in bare mode.
2026-10-06 21:36:35.009 Thread 'MainThread': missing ScriptRunContext! This warning can be ignored when running in bare mode.
2026-10-06 21:36:35.009 Thread 'MainThread': missing ScriptRunContext! This warning can be ignored when running in bare mode.
2026-10-06 21:36:35.009 Thread 'MainThread': missing ScriptRunContext! This warning can be ignored when running in bare mode.
2026-10-06 21:36:35.010 Thread 'MainThread': missing ScriptRunContext! This warning can be ignored when running in bare mode.
2026-10-06 21:36:35.010 Thread 'MainThread': missing ScriptRunContext! This warning can be ignored when running in bare mode.
2026-10-06 21:36:35.010 Thread 'MainThread': missing ScriptRunContext! This warning can be ignored when running in bare mode.
2026-10-06 21:36:35.010 Thread 'MainThread': missing ScriptRunContext! This warning can be ignored when running in bare mode.
2026-10-06 21:36:35.010 Thread 'MainThread': missing ScriptRunContext! This warning can be ignored when running in bare mode.
2026-10-06 21:36:35.010 Thread 'MainThread': missing ScriptRunContext! This warning can be ignored when running in bare mode.
2026-10-06 21:36:35.010 Thread 'MainThread': missing ScriptRunContext! This warning can be ignored when running in bare mode.
2026-10-06 21:36:35.010 Thread 'MainThread': missing ScriptRunContext! This warning can be ignored when running in bare mode.
2026-10-06 21:36:35.010 Thread 'MainThread': missing ScriptRunContext! This warning can be ignored when running in bare mode.
2026-10-06 21:36:35.010 Thread 'MainThread': missing ScriptRunContext! This warning can be ignored when running in bare mode.
2026-10-06 21:36:35.010 Thread 'MainThread': missing ScriptRunContext! This warning can be ignored when running in bare mode.
2026-10-06 21:36:35.010 Thread 'MainThread': missing ScriptRunContext! This warning can be ignored when running in bare mode.
2026-10-06 21:36:35.010 Thread 'MainThread': missing ScriptRunContext! This warning can be ignored when running in bare mode.
2026-10-06 21:36:35.010 Thread 'MainThread': missing ScriptRunContext! This warning can be ignored when running in bare mode.
2026-10-06 21:36:35.010 Thread 'MainThread': missing ScriptRunContext! This warning can be ignored when running in bare mode.
2026-10-06 21:36:35.010 Thread 'MainThread': missing ScriptRunContext! This warning can be ignored when running in bare mode.
2026-10-06 21:36:35.010 Thread 'MainThread': missing ScriptRunContext! This warning can be ignored when running in bare mode.
2026-10-06 21:36:35.011 Thread 'MainThread': missing ScriptRunContext! This warning can be ignored when running in bare mode.
2026-10-06 21:36:35.011 Thread 'MainThread': missing ScriptRunContext! This warning can be ignored when running in bare mode.
2026-10-06 21:36:35.011 Thread 'MainThread': missing ScriptRunContext! This warning can be ignored when running in bare mode.
2026-10-06 21:36:35.011 Thread 'MainThread': missing ScriptRunContext! This warning can be ignored when running in bare mode.
.......2026-10-06 21:36:35.711 Thread 'MainThread': missing ScriptRunContext! This warning can be ignored when running in bare mode.
2026-10-06 21:36:35.711 Thread 'MainThread': missing ScriptRunContext! This warning can be ignored when running in bare mode.
2026-10-06 21:36:35.711 Thread 'MainThread': missing ScriptRunContext! This warning can be ignored when running in bare mode.
2026-10-06 21:36:35.711 Thread 'MainThread': missing ScriptRunContext! This warning can be ignored when running in bare mode.
2026-10-06 21:36:35.712 Thread 'MainThread': missing ScriptRunContext! This warning can be ignored when running in bare mode.
2026-10-06 21:36:35.712 Thread 'MainThread': missing ScriptRunContext! This warning can be ignored when running in bare mode.
2026-10-06 21:36:35.712 Thread 'MainThread': missing ScriptRunContext! This warning can be ignored when running in bare mode.
2026-10-06 21:36:36.704 Please replace `use_container_width` with `width`.

`use_container_width` will be removed after 2025-12-31.

For `use_container_width=True`, use `width='stretch'`. For `use_container_width=False`, use `width='content'`.
2026-10-06 21:36:36.970 Please replace `use_container_width` with `width`.

`use_container_width` will be removed after 2025-12-31.

For `use_container_width=True`, use `width='stretch'`. For `use_container_width=False`, use `width='content'`.
2026-10-06 21:36:37.239 Please replace `use_container_width` with `width`.

`use_container_width` will be removed after 2025-12-31.

For `use_container_width=True`, use `width='stretch'`. For `use_container_width=False`, use `width='content'`.
2026-10-06 21:36:37.257 Thread 'MainThread': missing ScriptRunContext! This warning can be ignored when running in bare mode.
2026-10-06 21:36:37.260 Thread 'MainThread': missing ScriptRunContext! This warning can be ignored when running in bare mode.
2026-10-06 21:36:37.260 Thread 'MainThread': missing ScriptRunContext! This warning can be ignored when running in bare mode.
2026-10-06 21:36:37.260 Thread 'MainThread': missing ScriptRunContext! This warning can be ignored when running in bare mode.
2026-10-06 21:36:37.260 Thread 'MainThread': missing ScriptRunContext! This warning can be ignored when running in bare mode.
2026-10-06 21:36:37.260 Thread 'MainThread': missing ScriptRunContext! This warning can be ignored when running in bare mode.
2026-10-06 21:36:37.260 Thread 'MainThread': missing ScriptRunContext! This warning can be ignored when running in bare mode.
2026-10-06 21:36:37.260 Thread 'MainThread': missing ScriptRunContext! This warning can be ignored when running in bare mode.
2026-10-06 21:36:37.260 Thread 'MainThread': missing ScriptRunContext! This warning can be ignored when running in bare mode.
2026-10-06 21:36:37.260 Thread 'MainThread': missing ScriptRunContext! This warning can be ignored when running in bare mode.
2026-10-06 21:36:37.260 Thread 'MainThread': missing ScriptRunContext! This warning can be ignored when running in bare mode.
2026-10-06 21:36:37.260 Thread 'MainThread': missing ScriptRunContext! This warning can be ignored when running in bare mode.
2026-10-06 21:36:37.260 Thread 'MainThread': missing ScriptRunContext! This warning can be ignored when running in bare mode.
2026-10-06 21:36:37.261 Thread 'MainThread': missing ScriptRunContext! This warning can be ignored when running in bare mode.
2026-10-06 21:36:37.261 Thread 'MainThread': missing ScriptRunContext! This warning can be ignored when running in bare mode.
2026-10-06 21:36:37.261 Thread 'MainThread': missing ScriptRunContext! This warning can be ignored when running in bare mode.
2026-10-06 21:36:37.261 Thread 'MainThread': missing ScriptRunContext! This warning can be ignored when running in bare mode.
2026-10-06 21:36:37.261 Thread 'MainThread': missing ScriptRunContext! This warning can be ignored when running in bare mode.
2026-10-06 21:36:37.261 Thread 'MainThread': missing ScriptRunContext! This warning can be ignored when running in bare mode.
2026-10-06 21:36:37.261 Thread 'MainThread': missing ScriptRunContext! This warning can be ignored when running in bare mode.
2026-10-06 21:36:37.261 Thread 'MainThread': missing ScriptRunContext! This warning can be ignored when running in bare mode.
2026-10-06 21:36:37.261 Thread 'MainThread': missing ScriptRunContext! This warning can be ignored when running in bare mode.
2026-10-06 21:36:37.261 Thread 'MainThread': missing ScriptRunContext! This warning can be ignored when running in bare mode.
2026-10-06 21:36:37.261 Thread 'MainThread': missing ScriptRunContext! This warning can be ignored when running in bare mode.
2026-10-06 21:36:37.261 Thread 'MainThread': missing ScriptRunContext! This warning can be ignored when running in bare mode.
2026-10-06 21:36:37.261 Thread 'MainThread': missing ScriptRunContext! This warning can be ignored when running in bare mode.
2026-10-06 21:36:37.261 Thread 'MainThread': missing ScriptRunContext! This warning can be ignored when running in bare mode.
2026-10-06 21:36:37.261 Thread 'MainThread': missing ScriptRunContext! This warning can be ignored when running in bare mode.
2026-10-06 21:36:37.261 Thread 'MainThread': missing ScriptRunContext! This warning can be ignored when running in bare mode.
2026-10-06 21:36:37.261 Thread 'MainThread': missing ScriptRunContext! This warning can be ignored when running in bare mode.
2026-10-06 21:36:37.261 Thread 'MainThread': missing ScriptRunContext! This warning can be ignored when running in bare mode.
2026-10-06 21:36:37.261 Thread 'MainThread': missing ScriptRunContext! This warning can be ignored when running in bare mode.
2026-10-06 21:36:37.261 Thread 'MainThread': missing ScriptRunContext! This warning can be ignored when running in bare mode.
2026-10-06 21:36:37.262 Thread 'MainThread': missing ScriptRunContext! This warning can be ignored when running in bare mode.
2026-10-06 21:36:37.262 Thread 'MainThread': missing ScriptRunContext! This warning can be ignored when running in bare mode.
2026-10-06 21:36:37.262 Thread 'MainThread': missing ScriptRunContext! This warning can be ignored when running in bare mode.
2026-10-06 21:36:37.262 Thread 'MainThread': missing ScriptRunContext! This warning can be ignored when running in bare mode.
2026-10-06 21:36:37.262 Thread 'MainThread': missing ScriptRunContext! This warning can be ignored when running in bare mode.
2026-10-06 21:36:37.262 Thread 'MainThread': missing ScriptRunContext! This warning can be ignored when running in bare mode.
2026-10-06 21:36:37.262 Thread 'MainThread': missing ScriptRunContext! This warning can be ignored when running in bare mode.
2026-10-06 21:36:37.262 Thread 'MainThread': missing ScriptRunContext! This warning can be ignored when running in bare mode.
2026-10-06 21:36:37.262 Thread 'MainThread': missing ScriptRunContext! This warning can be ignored when running in bare mode.
2026-10-06 21:36:37.262 Thread 'MainThread': missing ScriptRunContext! This warning can be ignored when running in bare mode.
2026-10-06 21:36:37.262 Thread 'MainThread': missing ScriptRunContext! This warning can be ignored when running in bare mode.
2026-10-06 21:36:37.262 Thread 'MainThread': missing ScriptRunContext! This warning can be ignored when running in bare mode.
2026-10-06 21:36:37.262 Thread 'MainThread': missing ScriptRunContext! This warning can be ignored when running in bare mode.
.2026-10-06 21:36:37.270 Thread 'MainThread': missing ScriptRunContext! This warning can be ignored when running in bare mode.
2026-10-06 21:36:37.270 Thread 'MainThread': missing ScriptRunContext! This warning can be ignored when running in bare mode.
2026-10-06 21:36:37.270 Thread 'MainThread': missing ScriptRunContext! This warning can be ignored when running in bare mode.
2026-10-06 21:36:37.270 Thread 'MainThread': missing ScriptRunContext! This warning can be ignored when running in bare mode.
2026-10-06 21:36:37.270 Thread 'MainThread': missing ScriptRunContext! This warning can be ignored when running in bare mode.
2026-10-06 21:36:37.270 Thread 'MainThread': missing ScriptRunContext! This warning can be ignored when running in bare mode.
2026-10-06 21:36:37.270 Thread 'MainThread': missing ScriptRunContext! This warning can be ignored when running in bare mode.
.2026-10-06 21:36:38.254 Thread 'MainThread': missing ScriptRunContext! This warning can be ignored when running in bare mode.
2026-10-06 21:36:38.254 Thread 'MainThread': missing ScriptRunContext! This warning can be ignored when running in bare mode.
2026-10-06 21:36:38.255 Thread 'MainThread': missing ScriptRunContext! This warning can be ignored when running in bare mode.
2026-10-06 21:36:38.255 Thread 'MainThread': missing ScriptRunContext! This warning can be ignored when running in bare mode.
2026-10-06 21:36:38.255 Thread 'MainThread': missing ScriptRunContext! This warning can be ignored when running in bare mode.
2026-10-06 21:36:38.255 Thread 'MainThread': missing ScriptRunContext! This warning can be ignored when running in bare mode.
2026-10-06 21:36:38.255 Thread 'MainThread': missing ScriptRunContext! This warning can be ignored when running in bare mode.
2026-10-06 21:36:39.479 Please replace `use_container_width` with `width`.

`use_container_width` will be removed after 2025-12-31.

For `use_container_width=True`, use `width='stretch'`. For `use_container_width=False`, use `width='content'`.
2026-10-06 21:36:39.490 Thread 'MainThread': missing ScriptRunContext! This warning can be ignored when running in bare mode.
2026-10-06 21:36:39.493 Thread 'MainThread': missing ScriptRunContext! This warning can be ignored when running in bare mode.
2026-10-06 21:36:39.493 Thread 'MainThread': missing ScriptRunContext! This warning can be ignored when running in bare mode.
2026-10-06 21:36:39.493 Thread 'MainThread': missing ScriptRunContext! This warning can be ignored when running in bare mode.
2026-10-06 21:36:39.493 Thread 'MainThread': missing ScriptRunContext! This warning can be ignored when running in bare mode.
2026-10-06 21:36:39.493 Thread 'MainThread': missing ScriptRunContext! This warning can be ignored when running in bare mode.
2026-10-06 21:36:39.494 Thread 'MainThread': missing ScriptRunContext! This warning can be ignored when running in bare mode.
2026-10-06 21:36:39.494 Thread 'MainThread': missing ScriptRunContext! This warning can be ignored when running in bare mode.
2026-10-06 21:36:39.494 Thread 'MainThread': missing ScriptRunContext! This warning can be ignored when running in bare mode.
2026-10-06 21:36:39.494 Thread 'MainThread': missing ScriptRunContext! This warning can be ignored when running in bare mode.
2026-10-06 21:36:39.494 Thread 'MainThread': missing ScriptRunContext! This warning can be ignored when running in bare mode.
2026-10-06 21:36:39.494 Thread 'MainThread': missing ScriptRunContext! This warning can be ignored when running in bare mode.
2026-10-06 21:36:39.494 Thread 'MainThread': missing ScriptRunContext! This warning can be ignored when running in bare mode.
2026-10-06 21:36:39.494 Thread 'MainThread': missing ScriptRunContext! This warning can be ignored when running in bare mode.
2026-10-06 21:36:39.494 Thread 'MainThread': missing ScriptRunContext! This warning can be ignored when running in bare mode.
2026-10-06 21:36:39.494 Thread 'MainThread': missing ScriptRunContext! This warning can be ignored when running in bare mode.
2026-10-06 21:36:39.494 Thread 'MainThread': missing ScriptRunContext! This warning can be ignored when running in bare mode.
2026-10-06 21:36:39.494 Thread 'MainThread': missing ScriptRunContext! This warning can be ignored when running in bare mode.
2026-10-06 21:36:39.494 Thread 'MainThread': missing ScriptRunContext! This warning can be ignored when running in bare mode.
2026-10-06 21:36:39.494 Thread 'MainThread': missing ScriptRunContext! This warning can be ignored when running in bare mode.
2026-10-06 21:36:39.494 Thread 'MainThread': missing ScriptRunContext! This warning can be ignored when running in bare mode.
2026-10-06 21:36:39.494 Thread 'MainThread': missing ScriptRunContext! This warning can be ignored when running in bare mode.
2026-10-06 21:36:39.494 Thread 'MainThread': missing ScriptRunContext! This warning can be ignored when running in bare mode.
2026-10-06 21:36:39.494 Thread 'MainThread': missing ScriptRunContext! This warning can be ignored when running in bare mode.
2026-10-06 21:36:39.494 Thread 'MainThread': missing ScriptRunContext! This warning can be ignored when running in bare mode.
2026-10-06 21:36:39.494 Thread 'MainThread': missing ScriptRunContext! This warning can be ignored when running in bare mode.
2026-10-06 21:36:39.494 Thread 'MainThread': missing ScriptRunContext! This warning can be ignored when running in bare mode.
2026-10-06 21:36:39.494 Thread 'MainThread': missing ScriptRunContext! This warning can be ignored when running in bare mode.
2026-10-06 21:36:39.495 Thread 'MainThread': missing ScriptRunContext! This warning can be ignored when running in bare mode.
2026-10-06 21:36:39.495 Thread 'MainThread': missing ScriptRunContext! This warning can be ignored when running in bare mode.
2026-10-06 21:36:39.495 Thread 'MainThread': missing ScriptRunContext! This warning can be ignored when running in bare mode.
2026-10-06 21:36:39.495 Thread 'MainThread': missing ScriptRunContext! This warning can be ignored when running in bare mode.
2026-10-06 21:36:39.495 Thread 'MainThread': missing ScriptRunContext! This warning can be ignored when running in bare mode.
2026-10-06 21:36:39.495 Thread 'MainThread': missing ScriptRunContext! This warning can be ignored when running in bare mode.
2026-10-06 21:36:39.495 Thread 'MainThread': missing ScriptRunContext! This warning can be ignored when running in bare mode.
2026-10-06 21:36:39.495 Thread 'MainThread': missing ScriptRunContext! This warning can be ignored when running in bare mode.
2026-10-06 21:36:39.495 Thread 'MainThread': missing ScriptRunContext! This warning can be ignored when running in bare mode.
2026-10-06 21:36:39.495 Thread 'MainThread': missing ScriptRunContext! This warning can be ignored when running in bare mode.
2026-10-06 21:36:39.495 Thread 'MainThread': missing ScriptRunContext! This warning can be ignored when running in bare mode.
2026-10-06 21:36:39.495 Thread 'MainThread': missing ScriptRunContext! This warning can be ignored when running in bare mode.
2026-10-06 21:36:39.495 Thread 'MainThread': missing ScriptRunContext! This warning can be ignored when running in bare mode.
2026-10-06 21:36:39.495 Thread 'MainThread': missing ScriptRunContext! This warning can be ignored when running in bare mode.
2026-10-06 21:36:39.495 Thread 'MainThread': missing ScriptRunContext! This warning can be ignored when running in bare mode.
2026-10-06 21:36:39.495 Thread 'MainThread': missing ScriptRunContext! This warning can be ignored when running in bare mode.
2026-10-06 21:36:39.495 Thread 'MainThread': missing ScriptRunContext! This warning can be ignored when running in bare mode.
2026-10-06 21:36:39.495 Thread 'MainThread': missing ScriptRunContext! This warning can be ignored when running in bare mode.
.2026-10-06 21:36:39.503 Thread 'MainThread': missing ScriptRunContext! This warning can be ignored when running in bare mode.
2026-10-06 21:36:39.503 Thread 'MainThread': missing ScriptRunContext! This warning can be ignored when running in bare mode.
2026-10-06 21:36:39.503 Thread 'MainThread': missing ScriptRunContext! This warning can be ignored when running in bare mode.
2026-10-06 21:36:39.504 Thread 'MainThread': missing ScriptRunContext! This warning can be ignored when running in bare mode.
2026-10-06 21:36:39.504 Thread 'MainThread': missing ScriptRunContext! This warning can be ignored when running in bare mode.
2026-10-06 21:36:39.504 Thread 'MainThread': missing ScriptRunContext! This warning can be ignored when running in bare mode.
2026-10-06 21:36:39.504 Thread 'MainThread': missing ScriptRunContext! This warning can be ignored when running in bare mode.
2026-10-06 21:36:39.504 Thread 'MainThread': missing ScriptRunContext! This warning can be ignored when running in bare mode.
2026-10-06 21:36:39.504 Thread 'MainThread': missing ScriptRunContext! This warning can be ignored when running in bare mode.
2026-10-06 21:36:40.538 Please replace `use_container_width` with `width`.

`use_container_width` will be removed after 2025-12-31.

For `use_container_width=True`, use `width='stretch'`. For `use_container_width=False`, use `width='content'`.
..2026-10-06 21:36:40.795 Thread 'MainThread': missing ScriptRunContext! This warning can be ignored when running in bare mode.
2026-10-06 21:36:40.796 Thread 'MainThread': missing ScriptRunContext! This warning can be ignored when running in bare mode.
2026-10-06 21:36:40.796 Thread 'MainThread': missing ScriptRunContext! This warning can be ignored when running in bare mode.
2026-10-06 21:36:40.796 Thread 'MainThread': missing ScriptRunContext! This warning can be ignored when running in bare mode.
2026-10-06 21:36:40.796 Thread 'MainThread': missing ScriptRunContext! This warning can be ignored when running in bare mode.
2026-10-06 21:36:40.796 Thread 'MainThread': missing ScriptRunContext! This warning can be ignored when running in bare mode.
2026-10-06 21:36:40.796 Thread 'MainThread': missing ScriptRunContext! This warning can be ignored when running in bare mode.
2026-10-06 21:36:40.796 Thread 'MainThread': missing ScriptRunContext! This warning can be ignored when running in bare mode.
2026-10-06 21:36:40.796 Thread 'MainThread': missing ScriptRunContext! This warning can be ignored when running in bare mode.
2026-10-06 21:36:40.796 Thread 'MainThread': missing ScriptRunContext! This warning can be ignored when running in bare mode.
2026-10-06 21:36:40.796 Thread 'MainThread': missing ScriptRunContext! This warning can be ignored when running in bare mode.
2026-10-06 21:36:40.796 Thread 'MainThread': missing ScriptRunContext! This warning can be ignored when running in bare mode.
2026-10-06 21:36:40.796 Thread 'MainThread': missing ScriptRunContext! This warning can be ignored when running in bare mode.
2026-10-06 21:36:40.796 Thread 'MainThread': missing ScriptRunContext! This warning can be ignored when running in bare mode.
2026-10-06 21:36:40.797 Thread 'MainThread': missing ScriptRunContext! This warning can be ignored when running in bare mode.
2026-10-06 21:36:40.797 Thread 'MainThread': missing ScriptRunContext! This warning can be ignored when running in bare mode.
2026-10-06 21:36:40.797 Thread 'MainThread': missing ScriptRunContext! This warning can be ignored when running in bare mode.
2026-10-06 21:36:40.797 Thread 'MainThread': missing ScriptRunContext! This warning can be ignored when running in bare mode.
2026-10-06 21:36:40.797 Thread 'MainThread': missing ScriptRunContext! This warning can be ignored when running in bare mode.
2026-10-06 21:36:40.797 Thread 'MainThread': missing ScriptRunContext! This warning can be ignored when running in bare mode.
2026-10-06 21:36:40.797 Thread 'MainThread': missing ScriptRunContext! This warning can be ignored when running in bare mode.
2026-10-06 21:36:40.797 Thread 'MainThread': missing ScriptRunContext! This warning can be ignored when running in bare mode.
2026-10-06 21:36:40.797 Thread 'MainThread': missing ScriptRunContext! This warning can be ignored when running in bare mode.
2026-10-06 21:36:40.797 Thread 'MainThread': missing ScriptRunContext! This warning can be ignored when running in bare mode.
2026-10-06 21:36:40.797 Thread 'MainThread': missing ScriptRunContext! This warning can be ignored when running in bare mode.
2026-10-06 21:36:40.797 Thread 'MainThread': missing ScriptRunContext! This warning can be ignored when running in bare mode.
2026-10-06 21:36:40.797 Thread 'MainThread': missing ScriptRunContext! This warning can be ignored when running in bare mode.
2026-10-06 21:36:40.797 Thread 'MainThread': missing ScriptRunContext! This warning can be ignored when running in bare mode.
2026-10-06 21:36:40.797 Thread 'MainThread': missing ScriptRunContext! This warning can be ignored when running in bare mode.
2026-10-06 21:36:40.797 Thread 'MainThread': missing ScriptRunContext! This warning can be ignored when running in bare mode.
2026-10-06 21:36:40.797 Thread 'MainThread': missing ScriptRunContext! This warning can be ignored when running in bare mode.
2026-10-06 21:36:40.797 Thread 'MainThread': missing ScriptRunContext! This warning can be ignored when running in bare mode.
2026-10-06 21:36:40.797 Thread 'MainThread': missing ScriptRunContext! This warning can be ignored when running in bare mode.
2026-10-06 21:36:40.797 Thread 'MainThread': missing ScriptRunContext! This warning can be ignored when running in bare mode.
2026-10-06 21:36:40.798 Thread 'MainThread': missing ScriptRunContext! This warning can be ignored when running in bare mode.
2026-10-06 21:36:40.798 Thread 'MainThread': missing ScriptRunContext! This warning can be ignored when running in bare mode.
2026-10-06 21:36:40.798 Thread 'MainThread': missing ScriptRunContext! This warning can be ignored when running in bare mode.
2026-10-06 21:36:40.798 Thread 'MainThread': missing ScriptRunContext! This warning can be ignored when running in bare mode.
2026-10-06 21:36:40.798 Thread 'MainThread': missing ScriptRunContext! This warning can be ignored when running in bare mode.
2026-10-06 21:36:40.798 Thread 'MainThread': missing ScriptRunContext! This warning can be ignored when running in bare mode.
2026-10-06 21:36:40.798 Thread 'MainThread': missing ScriptRunContext! This warning can be ignored when running in bare mode.
2026-10-06 21:36:40.798 Thread 'MainThread': missing ScriptRunContext! This warning can be ignored when running in bare mode.
2026-10-06 21:36:40.798 Thread 'MainThread': missing ScriptRunContext! This warning can be ignored when running in bare mode.
2026-10-06 21:36:40.798 Thread 'MainThread': missing ScriptRunContext! This warning can be ignored when running in bare mode.
2026-10-06 21:36:40.798 Thread 'MainThread': missing ScriptRunContext! This warning can be ignored when running in bare mode.
2026-10-06 21:36:40.798 Thread 'MainThread': missing ScriptRunContext! This warning can be ignored when running in bare mode.
...........2026-10-06 21:36:41.531 Thread 'MainThread': missing ScriptRunContext! This warning can be ignored when running in bare mode.
2026-10-06 21:36:41.532 Thread 'MainThread': missing ScriptRunContext! This warning can be ignored when running in bare mode.
2026-10-06 21:36:41.532 Thread 'MainThread': missing ScriptRunContext! This warning can be ignored when running in bare mode.
2026-10-06 21:36:41.532 Thread 'MainThread': missing ScriptRunContext! This warning can be ignored when running in bare mode.
2026-10-06 21:36:41.533 Thread 'MainThread': missing ScriptRunContext! This warning can be ignored when running in bare mode.
2026-10-06 21:36:41.533 Thread 'MainThread': missing ScriptRunContext! This warning can be ignored when running in bare mode.
2026-10-06 21:36:41.533 Thread 'MainThread': missing ScriptRunContext! This warning can be ignored when running in bare mode.
2026-10-06 21:36:41.533 Thread 'MainThread': missing ScriptRunContext! This warning can be ignored when running in bare mode.
2026-10-06 21:36:41.533 Thread 'MainThread': missing ScriptRunContext! This warning can be ignored when running in bare mode.
2026-10-06 21:36:41.533 Thread 'MainThread': missing ScriptRunContext! This warning can be ignored when running in bare mode.
2026-10-06 21:36:41.533 Thread 'MainThread': missing ScriptRunContext! This warning can be ignored when running in bare mode.
2026-10-06 21:36:41.533 Thread 'MainThread': missing ScriptRunContext! This warning can be ignored when running in bare mode.
2026-10-06 21:36:41.533 Thread 'MainThread': missing ScriptRunContext! This warning can be ignored when running in bare mode.
2026-10-06 21:36:41.533 Thread 'MainThread': missing ScriptRunContext! This warning can be ignored when running in bare mode.
2026-10-06 21:36:41.533 Thread 'MainThread': missing ScriptRunContext! This warning can be ignored when running in bare mode.
2026-10-06 21:36:41.533 Thread 'MainThread': missing ScriptRunContext! This warning can be ignored when running in bare mode.
2026-10-06 21:36:41.533 Thread 'MainThread': missing ScriptRunContext! This warning can be ignored when running in bare mode.
2026-10-06 21:36:41.533 Thread 'MainThread': missing ScriptRunContext! This warning can be ignored when running in bare mode.
2026-10-06 21:36:41.533 Thread 'MainThread': missing ScriptRunContext! This warning can be ignored when running in bare mode.
2026-10-06 21:36:41.533 Thread 'MainThread': missing ScriptRunContext! This warning can be ignored when running in bare mode.
2026-10-06 21:36:41.533 Thread 'MainThread': missing ScriptRunContext! This warning can be ignored when running in bare mode.
2026-10-06 21:36:41.533 Thread 'MainThread': missing ScriptRunContext! This warning can be ignored when running in bare mode.
2026-10-06 21:36:41.533 Thread 'MainThread': missing ScriptRunContext! This warning can be ignored when running in bare mode.
2026-10-06 21:36:41.533 Thread 'MainThread': missing ScriptRunContext! This warning can be ignored when running in bare mode.
2026-10-06 21:36:41.533 Thread 'MainThread': missing ScriptRunContext! This warning can be ignored when running in bare mode.
2026-10-06 21:36:41.533 Thread 'MainThread': missing ScriptRunContext! This warning can be ignored when running in bare mode.
2026-10-06 21:36:41.534 Thread 'MainThread': missing ScriptRunContext! This warning can be ignored when running in bare mode.
2026-10-06 21:36:41.534 Thread 'MainThread': missing ScriptRunContext! This warning can be ignored when running in bare mode.
2026-10-06 21:36:41.534 Thread 'MainThread': missing ScriptRunContext! This warning can be ignored when running in bare mode.
2026-10-06 21:36:41.534 Thread 'MainThread': missing ScriptRunContext! This warning can be ignored when running in bare mode.
2026-10-06 21:36:41.534 Thread 'MainThread': missing ScriptRunContext! This warning can be ignored when running in bare mode.
2026-10-06 21:36:41.534 Thread 'MainThread': missing ScriptRunContext! This warning can be ignored when running in bare mode.
2026-10-06 21:36:41.534 Thread 'MainThread': missing ScriptRunContext! This warning can be ignored when running in bare mode.
2026-10-06 21:36:41.534 Thread 'MainThread': missing ScriptRunContext! This warning can be ignored when running in bare mode.
2026-10-06 21:36:41.534 Thread 'MainThread': missing ScriptRunContext! This warning can be ignored when running in bare mode.
2026-10-06 21:36:41.534 Thread 'MainThread': missing ScriptRunContext! This warning can be ignored when running in bare mode.
2026-10-06 21:36:41.534 Thread 'MainThread': missing ScriptRunContext! This warning can be ignored when running in bare mode.
2026-10-06 21:36:41.534 Thread 'MainThread': missing ScriptRunContext! This warning can be ignored when running in bare mode.
2026-10-06 21:36:41.534 Thread 'MainThread': missing ScriptRunContext! This warning can be ignored when running in bare mode.
2026-10-06 21:36:41.534 Thread 'MainThread': missing ScriptRunContext! This warning can be ignored when running in bare mode.
2026-10-06 21:36:41.534 Thread 'MainThread': missing ScriptRunContext! This warning can be ignored when running in bare mode.
2026-10-06 21:36:41.534 Thread 'MainThread': missing ScriptRunContext! This warning can be ignored when running in bare mode.
2026-10-06 21:36:41.534 Thread 'MainThread': missing ScriptRunContext! This warning can be ignored when running in bare mode.
2026-10-06 21:36:41.534 Thread 'MainThread': missing ScriptRunContext! This warning can be ignored when running in bare mode.
2026-10-06 21:36:41.534 Thread 'MainThread': missing ScriptRunContext! This warning can be ignored when running in bare mode.
2026-10-06 21:36:41.534 Thread 'MainThread': missing ScriptRunContext! This warning can be ignored when running in bare mode.
2026-10-06 21:36:41.542 Thread 'MainThread': missing ScriptRunContext! This warning can be ignored when running in bare mode.
2026-10-06 21:36:41.549 Thread 'MainThread': missing ScriptRunContext! This warning can be ignored when running in bare mode.
2026-10-06 21:36:41.554 Thread 'MainThread': missing ScriptRunContext! This warning can be ignored when running in bare mode.
2026-10-06 21:36:41.554 Thread 'MainThread': missing ScriptRunContext! This warning can be ignored when running in bare mode.
..........2026-10-06 21:36:42.678 Thread 'MainThread': missing ScriptRunContext! This warning can be ignored when running in bare mode.
2026-10-06 21:36:42.678 Thread 'MainThread': missing ScriptRunContext! This warning can be ignored when running in bare mode.
2026-10-06 21:36:42.678 Thread 'MainThread': missing ScriptRunContext! This warning can be ignored when running in bare mode.
2026-10-06 21:36:42.679 Thread 'MainThread': missing ScriptRunContext! This warning can be ignored when running in bare mode.
2026-10-06 21:36:42.679 Thread 'MainThread': missing ScriptRunContext! This warning can be ignored when running in bare mode.
2026-10-06 21:36:42.679 Thread 'MainThread': missing ScriptRunContext! This warning can be ignored when running in bare mode.
2026-10-06 21:36:42.679 Thread 'MainThread': missing ScriptRunContext! This warning can be ignored when running in bare mode.
2026-10-06 21:36:44.236 Please replace `use_container_width` with `width`.

`use_container_width` will be removed after 2025-12-31.

For `use_container_width=True`, use `width='stretch'`. For `use_container_width=False`, use `width='content'`.
2026-10-06 21:36:44.574 Please replace `use_container_width` with `width`.

`use_container_width` will be removed after 2025-12-31.

For `use_container_width=True`, use `width='stretch'`. For `use_container_width=False`, use `width='content'`.
2026-10-06 21:36:44.910 Please replace `use_container_width` with `width`.

`use_container_width` will be removed after 2025-12-31.

For `use_container_width=True`, use `width='stretch'`. For `use_container_width=False`, use `width='content'`.
...............2026-10-06 21:36:45.862 Thread 'MainThread': missing ScriptRunContext! This warning can be ignored when running in bare mode.
2026-10-06 21:36:45.862 Thread 'MainThread': missing ScriptRunContext! This warning can be ignored when running in bare mode.
2026-10-06 21:36:45.862 Thread 'MainThread': missing ScriptRunContext! This warning can be ignored when running in bare mode.
2026-10-06 21:36:45.862 Thread 'MainThread': missing ScriptRunContext! This warning can be ignored when running in bare mode.
2026-10-06 21:36:45.862 Thread 'MainThread': missing ScriptRunContext! This warning can be ignored when running in bare mode.
2026-10-06 21:36:45.862 Thread 'MainThread': missing ScriptRunContext! This warning can be ignored when running in bare mode.
2026-10-06 21:36:45.862 Thread 'MainThread': missing ScriptRunContext! This warning can be ignored when running in bare mode.
2026-10-06 21:36:45.862 Thread 'MainThread': missing ScriptRunContext! This warning can be ignored when running in bare mode.
2026-10-06 21:36:46.670 Please replace `use_container_width` with `width`.

`use_container_width` will be removed after 2025-12-31.

For `use_container_width=True`, use `width='stretch'`. For `use_container_width=False`, use `width='content'`.
2026-10-06 21:36:46.949 Please replace `use_container_width` with `width`.

`use_container_width` will be removed after 2025-12-31.

For `use_container_width=True`, use `width='stretch'`. For `use_container_width=False`, use `width='content'`.
2026-10-06 21:36:47.756 Please replace `use_container_width` with `width`.

`use_container_width` will be removed after 2025-12-31.

For `use_container_width=True`, use `width='stretch'`. For `use_container_width=False`, use `width='content'`.
.2026-10-06 21:36:47.771 Thread 'MainThread': missing ScriptRunContext! This warning can be ignored when running in bare mode.
2026-10-06 21:36:47.771 Thread 'MainThread': missing ScriptRunContext! This warning can be ignored when running in bare mode.
2026-10-06 21:36:47.772 Thread 'MainThread': missing ScriptRunContext! This warning can be ignored when running in bare mode.
2026-10-06 21:36:47.772 Thread 'MainThread': missing ScriptRunContext! This warning can be ignored when running in bare mode.
2026-10-06 21:36:47.772 Thread 'MainThread': missing ScriptRunContext! This warning can be ignored when running in bare mode.
2026-10-06 21:36:47.772 Thread 'MainThread': missing ScriptRunContext! This warning can be ignored when running in bare mode.
2026-10-06 21:36:47.772 Thread 'MainThread': missing ScriptRunContext! This warning can be ignored when running in bare mode.
2026-10-06 21:36:47.772 Thread 'MainThread': missing ScriptRunContext! This warning can be ignored when running in bare mode.
2026-10-06 21:36:48.384 Please replace `use_container_width` with `width`.

`use_container_width` will be removed after 2025-12-31.

For `use_container_width=True`, use `width='stretch'`. For `use_container_width=False`, use `width='content'`.
2026-10-06 21:36:48.819 Please replace `use_container_width` with `width`.

`use_container_width` will be removed after 2025-12-31.

For `use_container_width=True`, use `width='stretch'`. For `use_container_width=False`, use `width='content'`.
2026-10-06 21:36:49.070 Please replace `use_container_width` with `width`.

`use_container_width` will be removed after 2025-12-31.

For `use_container_width=True`, use `width='stretch'`. For `use_container_width=False`, use `width='content'`.
.2026-10-06 21:36:49.113 Thread 'MainThread': missing ScriptRunContext! This warning can be ignored when running in bare mode.
2026-10-06 21:36:49.113 Thread 'MainThread': missing ScriptRunContext! This warning can be ignored when running in bare mode.
2026-10-06 21:36:49.113 Thread 'MainThread': missing ScriptRunContext! This warning can be ignored when running in bare mode.
2026-10-06 21:36:49.114 Thread 'MainThread': missing ScriptRunContext! This warning can be ignored when running in bare mode.
2026-10-06 21:36:49.114 Thread 'MainThread': missing ScriptRunContext! This warning can be ignored when running in bare mode.
2026-10-06 21:36:49.114 Thread 'MainThread': missing ScriptRunContext! This warning can be ignored when running in bare mode.
2026-10-06 21:36:49.114 Thread 'MainThread': missing ScriptRunContext! This warning can be ignored when running in bare mode.
2026-10-06 21:36:49.114 Thread 'MainThread': missing ScriptRunContext! This warning can be ignored when running in bare mode.
2026-10-06 21:36:49.114 Thread 'MainThread': missing ScriptRunContext! This warning can be ignored when running in bare mode.
2026-10-06 21:36:49.857 Please replace `use_container_width` with `width`.

`use_container_width` will be removed after 2025-12-31.

For `use_container_width=True`, use `width='stretch'`. For `use_container_width=False`, use `width='content'`.
2026-10-06 21:36:50.549 Please replace `use_container_width` with `width`.

`use_container_width` will be removed after 2025-12-31.

For `use_container_width=True`, use `width='stretch'`. For `use_container_width=False`, use `width='content'`.
2026-10-06 21:36:52.244 Please replace `use_container_width` with `width`.

`use_container_width` will be removed after 2025-12-31.

For `use_container_width=True`, use `width='stretch'`. For `use_container_width=False`, use `width='content'`.
.2026-10-06 21:36:52.293 Thread 'MainThread': missing ScriptRunContext! This warning can be ignored when running in bare mode.
2026-10-06 21:36:52.294 Thread 'MainThread': missing ScriptRunContext! This warning can be ignored when running in bare mode.
2026-10-06 21:36:52.294 Thread 'MainThread': missing ScriptRunContext! This warning can be ignored when running in bare mode.
2026-10-06 21:36:52.294 Thread 'MainThread': missing ScriptRunContext! This warning can be ignored when running in bare mode.
2026-10-06 21:36:52.295 Thread 'MainThread': missing ScriptRunContext! This warning can be ignored when running in bare mode.
2026-10-06 21:36:52.295 Thread 'MainThread': missing ScriptRunContext! This warning can be ignored when running in bare mode.
2026-10-06 21:36:52.296 Thread 'MainThread': missing ScriptRunContext! This warning can be ignored when running in bare mode.
2026-10-06 21:36:52.296 Thread 'MainThread': missing ScriptRunContext! This warning can be ignored when running in bare mode.
Learning representation rejected stage=normalize code=duplicate_runtime_id path=$.process.transitions[0].id
..........2026-10-06 21:36:55.070 Thread 'MainThread': missing ScriptRunContext! This warning can be ignored when running in bare mode.
2026-10-06 21:36:55.070 Thread 'MainThread': missing ScriptRunContext! This warning can be ignored when running in bare mode.
2026-10-06 21:36:55.700 The widget with key "product_language" was created with a default value but also had its value set via the Session State API.
Stack (most recent call last):
  File "C:\Users\88690\AppData\Local\Python\pythoncore-3.14-64\Lib\threading.py", line 1044, in _bootstrap
    self._bootstrap_inner()
  File "C:\Users\88690\AppData\Local\Python\pythoncore-3.14-64\Lib\threading.py", line 1082, in _bootstrap_inner
    self._context.run(self.run)
  File "C:\Users\88690\AppData\Local\Python\pythoncore-3.14-64\Lib\threading.py", line 1024, in run
    self._target(*self._args, **self._kwargs)
  File "C:\Users\88690\AppData\Local\Python\pythoncore-3.14-64\Lib\site-packages\streamlit\testing\v1\local_script_runner.py", line 144, in _run_script_thread
    super()._run_script_thread()
  File "C:\Users\88690\AppData\Local\Python\pythoncore-3.14-64\Lib\site-packages\streamlit\runtime\scriptrunner\script_runner.py", line 423, in _run_script_thread
    self._run_script(request.rerun_data)
  File "C:\Users\88690\AppData\Local\Python\pythoncore-3.14-64\Lib\site-packages\streamlit\runtime\scriptrunner\script_runner.py", line 934, in _run_script
    ) = exec_func_with_error_handling(code_to_exec, ctx)
  File "C:\Users\88690\AppData\Local\Python\pythoncore-3.14-64\Lib\site-packages\streamlit\runtime\scriptrunner\exec_code.py", line 136, in exec_func_with_error_handling
    result = func()
  File "C:\Users\88690\AppData\Local\Python\pythoncore-3.14-64\Lib\site-packages\streamlit\runtime\scriptrunner\script_runner.py", line 909, in code_to_exec
    exec(code, module.__dict__)  # noqa: S102
  File "C:\Users\88690\OneDrive\桌面\visual-learning-lab\tests\manual_day23.py", line 42, in <module>
    runpy.run_path(str(ROOT / "app.py"), run_name="__main__")
  File "<frozen runpy>", line 294, in run_path
  File "<frozen runpy>", line 98, in _run_module_code
  File "<frozen runpy>", line 88, in _run_code
  File "C:\Users\88690\OneDrive\桌面\visual-learning-lab\app.py", line 2788, in <module>
    render_header()
  File "C:\Users\88690\OneDrive\桌面\visual-learning-lab\presentation.py", line 55, in render_header
    st.selectbox("語言 / Language", options=list(LANGUAGE_NAMES),
  File "C:\Users\88690\AppData\Local\Python\pythoncore-3.14-64\Lib\site-packages\streamlit\runtime\metrics_util.py", line 725, in wrapped_func
    result = non_optional_func(*args, **kwargs)
  File "C:\Users\88690\AppData\Local\Python\pythoncore-3.14-64\Lib\site-packages\streamlit\elements\widgets\selectbox.py", line 636, in selectbox
    return self._selectbox(
  File "C:\Users\88690\AppData\Local\Python\pythoncore-3.14-64\Lib\site-packages\streamlit\elements\widgets\selectbox.py", line 685, in _selectbox
    check_widget_policies(
  File "C:\Users\88690\AppData\Local\Python\pythoncore-3.14-64\Lib\site-packages\streamlit\elements\lib\policies.py", line 146, in check_widget_policies
    check_session_state_rules(
  File "C:\Users\88690\AppData\Local\Python\pythoncore-3.14-64\Lib\site-packages\streamlit\elements\lib\policies.py", line 90, in check_session_state_rules
    _LOGGER.warning(
2026-10-06 21:36:55.751 Please replace `use_container_width` with `width`.

`use_container_width` will be removed after 2025-12-31.

For `use_container_width=True`, use `width='stretch'`. For `use_container_width=False`, use `width='content'`.
2026-10-06 21:36:55.771 Thread 'MainThread': missing ScriptRunContext! This warning can be ignored when running in bare mode.
2026-10-06 21:36:55.772 Thread 'MainThread': missing ScriptRunContext! This warning can be ignored when running in bare mode.
2026-10-06 21:36:56.666 Thread 'MainThread': missing ScriptRunContext! This warning can be ignored when running in bare mode.
2026-10-06 21:36:56.666 Thread 'MainThread': missing ScriptRunContext! This warning can be ignored when running in bare mode.
.................2026-10-06 21:36:57.797 Thread 'MainThread': missing ScriptRunContext! This warning can be ignored when running in bare mode.
2026-10-06 21:36:58.408 Please replace `use_container_width` with `width`.

`use_container_width` will be removed after 2025-12-31.

For `use_container_width=True`, use `width='stretch'`. For `use_container_width=False`, use `width='content'`.
.2026-10-06 21:36:58.426 Thread 'MainThread': missing ScriptRunContext! This warning can be ignored when running in bare mode.
2026-10-06 21:36:58.426 Thread 'MainThread': missing ScriptRunContext! This warning can be ignored when running in bare mode.
2026-10-06 21:36:58.426 Thread 'MainThread': missing ScriptRunContext! This warning can be ignored when running in bare mode.
2026-10-06 21:36:58.426 Thread 'MainThread': missing ScriptRunContext! This warning can be ignored when running in bare mode.
2026-10-06 21:36:58.426 Thread 'MainThread': missing ScriptRunContext! This warning can be ignored when running in bare mode.
2026-10-06 21:36:58.427 Thread 'MainThread': missing ScriptRunContext! This warning can be ignored when running in bare mode.
2026-10-06 21:36:58.427 Thread 'MainThread': missing ScriptRunContext! This warning can be ignored when running in bare mode.
2026-10-06 21:36:58.427 Thread 'MainThread': missing ScriptRunContext! This warning can be ignored when running in bare mode.
2026-10-06 21:36:58.427 Thread 'MainThread': missing ScriptRunContext! This warning can be ignored when running in bare mode.
2026-10-06 21:36:58.427 Thread 'MainThread': missing ScriptRunContext! This warning can be ignored when running in bare mode.
2026-10-06 21:36:58.427 Thread 'MainThread': missing ScriptRunContext! This warning can be ignored when running in bare mode.
2026-10-06 21:36:58.427 Thread 'MainThread': missing ScriptRunContext! This warning can be ignored when running in bare mode.
2026-10-06 21:36:58.427 Thread 'MainThread': missing ScriptRunContext! This warning can be ignored when running in bare mode.
2026-10-06 21:36:58.427 Thread 'MainThread': missing ScriptRunContext! This warning can be ignored when running in bare mode.
2026-10-06 21:36:58.427 Thread 'MainThread': missing ScriptRunContext! This warning can be ignored when running in bare mode.
2026-10-06 21:36:58.428 Thread 'MainThread': missing ScriptRunContext! This warning can be ignored when running in bare mode.
2026-10-06 21:36:58.428 Thread 'MainThread': missing ScriptRunContext! This warning can be ignored when running in bare mode.
2026-10-06 21:36:58.428 Thread 'MainThread': missing ScriptRunContext! This warning can be ignored when running in bare mode.
2026-10-06 21:36:58.428 Thread 'MainThread': missing ScriptRunContext! This warning can be ignored when running in bare mode.
2026-10-06 21:36:58.428 Thread 'MainThread': missing ScriptRunContext! This warning can be ignored when running in bare mode.
2026-10-06 21:36:58.428 Thread 'MainThread': missing ScriptRunContext! This warning can be ignored when running in bare mode.
2026-10-06 21:36:58.428 Thread 'MainThread': missing ScriptRunContext! This warning can be ignored when running in bare mode.
2026-10-06 21:36:58.428 Thread 'MainThread': missing ScriptRunContext! This warning can be ignored when running in bare mode.
2026-10-06 21:36:58.428 Thread 'MainThread': missing ScriptRunContext! This warning can be ignored when running in bare mode.
2026-10-06 21:36:58.428 Thread 'MainThread': missing ScriptRunContext! This warning can be ignored when running in bare mode.
2026-10-06 21:36:58.428 Thread 'MainThread': missing ScriptRunContext! This warning can be ignored when running in bare mode.
2026-10-06 21:36:58.429 Thread 'MainThread': missing ScriptRunContext! This warning can be ignored when running in bare mode.
2026-10-06 21:36:58.429 Thread 'MainThread': missing ScriptRunContext! This warning can be ignored when running in bare mode.
2026-10-06 21:36:58.429 Thread 'MainThread': missing ScriptRunContext! This warning can be ignored when running in bare mode.
2026-10-06 21:36:58.429 Thread 'MainThread': missing ScriptRunContext! This warning can be ignored when running in bare mode.
2026-10-06 21:36:58.429 Thread 'MainThread': missing ScriptRunContext! This warning can be ignored when running in bare mode.
2026-10-06 21:36:58.429 Thread 'MainThread': missing ScriptRunContext! This warning can be ignored when running in bare mode.
2026-10-06 21:36:58.429 Thread 'MainThread': missing ScriptRunContext! This warning can be ignored when running in bare mode.
2026-10-06 21:36:58.429 Thread 'MainThread': missing ScriptRunContext! This warning can be ignored when running in bare mode.
2026-10-06 21:36:58.429 Thread 'MainThread': missing ScriptRunContext! This warning can be ignored when running in bare mode.
2026-10-06 21:36:58.429 Thread 'MainThread': missing ScriptRunContext! This warning can be ignored when running in bare mode.
2026-10-06 21:36:58.430 Thread 'MainThread': missing ScriptRunContext! This warning can be ignored when running in bare mode.
2026-10-06 21:36:58.430 Thread 'MainThread': missing ScriptRunContext! This warning can be ignored when running in bare mode.
2026-10-06 21:36:58.430 Thread 'MainThread': missing ScriptRunContext! This warning can be ignored when running in bare mode.
2026-10-06 21:36:58.430 Thread 'MainThread': missing ScriptRunContext! This warning can be ignored when running in bare mode.
2026-10-06 21:36:58.430 Thread 'MainThread': missing ScriptRunContext! This warning can be ignored when running in bare mode.
2026-10-06 21:36:58.430 Thread 'MainThread': missing ScriptRunContext! This warning can be ignored when running in bare mode.
2026-10-06 21:36:58.430 Thread 'MainThread': missing ScriptRunContext! This warning can be ignored when running in bare mode.
2026-10-06 21:36:58.430 Thread 'MainThread': missing ScriptRunContext! This warning can be ignored when running in bare mode.
2026-10-06 21:36:58.430 Thread 'MainThread': missing ScriptRunContext! This warning can be ignored when running in bare mode.
2026-10-06 21:36:58.430 Thread 'MainThread': missing ScriptRunContext! This warning can be ignored when running in bare mode.
.2026-10-06 21:36:58.587 Thread 'MainThread': missing ScriptRunContext! This warning can be ignored when running in bare mode.
2026-10-06 21:36:58.588 Thread 'MainThread': missing ScriptRunContext! This warning can be ignored when running in bare mode.
2026-10-06 21:36:58.588 Thread 'MainThread': missing ScriptRunContext! This warning can be ignored when running in bare mode.
2026-10-06 21:36:58.588 Thread 'MainThread': missing ScriptRunContext! This warning can be ignored when running in bare mode.
2026-10-06 21:36:58.588 Thread 'MainThread': missing ScriptRunContext! This warning can be ignored when running in bare mode.
2026-10-06 21:36:58.588 Thread 'MainThread': missing ScriptRunContext! This warning can be ignored when running in bare mode.
2026-10-06 21:36:58.588 Thread 'MainThread': missing ScriptRunContext! This warning can be ignored when running in bare mode.
2026-10-06 21:36:58.588 Thread 'MainThread': missing ScriptRunContext! This warning can be ignored when running in bare mode.
2026-10-06 21:36:58.590 Thread 'MainThread': missing ScriptRunContext! This warning can be ignored when running in bare mode.
.2026-10-06 21:37:02.615 Thread 'MainThread': missing ScriptRunContext! This warning can be ignored when running in bare mode.
2026-10-06 21:37:02.615 Thread 'MainThread': missing ScriptRunContext! This warning can be ignored when running in bare mode.
2026-10-06 21:37:02.615 Thread 'MainThread': missing ScriptRunContext! This warning can be ignored when running in bare mode.
2026-10-06 21:37:02.615 Thread 'MainThread': missing ScriptRunContext! This warning can be ignored when running in bare mode.
2026-10-06 21:37:02.615 Thread 'MainThread': missing ScriptRunContext! This warning can be ignored when running in bare mode.
2026-10-06 21:37:02.615 Thread 'MainThread': missing ScriptRunContext! This warning can be ignored when running in bare mode.
2026-10-06 21:37:02.616 Thread 'MainThread': missing ScriptRunContext! This warning can be ignored when running in bare mode.
2026-10-06 21:37:02.616 Thread 'MainThread': missing ScriptRunContext! This warning can be ignored when running in bare mode.
2026-10-06 21:37:02.616 Thread 'MainThread': missing ScriptRunContext! This warning can be ignored when running in bare mode.
.2026-10-06 21:37:04.983 Thread 'MainThread': missing ScriptRunContext! This warning can be ignored when running in bare mode.
2026-10-06 21:37:04.984 Thread 'MainThread': missing ScriptRunContext! This warning can be ignored when running in bare mode.
2026-10-06 21:37:09.218 Thread 'MainThread': missing ScriptRunContext! This warning can be ignored when running in bare mode.
2026-10-06 21:37:09.218 Thread 'MainThread': missing ScriptRunContext! This warning can be ignored when running in bare mode.
2026-10-06 21:37:10.608 Thread 'MainThread': missing ScriptRunContext! This warning can be ignored when running in bare mode.
2026-10-06 21:37:10.609 Thread 'MainThread': missing ScriptRunContext! This warning can be ignored when running in bare mode.
2026-10-06 21:37:11.916 Please replace `use_container_width` with `width`.

`use_container_width` will be removed after 2025-12-31.

For `use_container_width=True`, use `width='stretch'`. For `use_container_width=False`, use `width='content'`.
2026-10-06 21:37:11.989 Please replace `use_container_width` with `width`.

`use_container_width` will be removed after 2025-12-31.

For `use_container_width=True`, use `width='stretch'`. For `use_container_width=False`, use `width='content'`.
2026-10-06 21:37:12.161 Please replace `use_container_width` with `width`.

`use_container_width` will be removed after 2025-12-31.

For `use_container_width=True`, use `width='stretch'`. For `use_container_width=False`, use `width='content'`.
2026-10-06 21:37:12.204 Please replace `use_container_width` with `width`.

`use_container_width` will be removed after 2025-12-31.

For `use_container_width=True`, use `width='stretch'`. For `use_container_width=False`, use `width='content'`.
2026-10-06 21:37:12.548 Please replace `use_container_width` with `width`.

`use_container_width` will be removed after 2025-12-31.

For `use_container_width=True`, use `width='stretch'`. For `use_container_width=False`, use `width='content'`.
2026-10-06 21:37:12.593 Please replace `use_container_width` with `width`.

`use_container_width` will be removed after 2025-12-31.

For `use_container_width=True`, use `width='stretch'`. For `use_container_width=False`, use `width='content'`.
...............2026-10-06 21:37:13.630 Thread 'MainThread': missing ScriptRunContext! This warning can be ignored when running in bare mode.
2026-10-06 21:37:13.630 Thread 'MainThread': missing ScriptRunContext! This warning can be ignored when running in bare mode.
2026-10-06 21:37:13.630 Thread 'MainThread': missing ScriptRunContext! This warning can be ignored when running in bare mode.
2026-10-06 21:37:13.630 Thread 'MainThread': missing ScriptRunContext! This warning can be ignored when running in bare mode.
2026-10-06 21:37:13.630 Thread 'MainThread': missing ScriptRunContext! This warning can be ignored when running in bare mode.
2026-10-06 21:37:13.630 Thread 'MainThread': missing ScriptRunContext! This warning can be ignored when running in bare mode.
2026-10-06 21:37:13.630 Thread 'MainThread': missing ScriptRunContext! This warning can be ignored when running in bare mode.
.2026-10-06 21:37:15.906 Thread 'MainThread': missing ScriptRunContext! This warning can be ignored when running in bare mode.
2026-10-06 21:37:15.906 Thread 'MainThread': missing ScriptRunContext! This warning can be ignored when running in bare mode.
2026-10-06 21:37:15.906 Thread 'MainThread': missing ScriptRunContext! This warning can be ignored when running in bare mode.
2026-10-06 21:37:15.906 Thread 'MainThread': missing ScriptRunContext! This warning can be ignored when running in bare mode.
2026-10-06 21:37:15.906 Thread 'MainThread': missing ScriptRunContext! This warning can be ignored when running in bare mode.
2026-10-06 21:37:15.906 Thread 'MainThread': missing ScriptRunContext! This warning can be ignored when running in bare mode.
2026-10-06 21:37:15.906 Thread 'MainThread': missing ScriptRunContext! This warning can be ignored when running in bare mode.
.2026-10-06 21:37:18.659 Thread 'MainThread': missing ScriptRunContext! This warning can be ignored when running in bare mode.
2026-10-06 21:37:18.659 Thread 'MainThread': missing ScriptRunContext! This warning can be ignored when running in bare mode.
2026-10-06 21:37:18.659 Thread 'MainThread': missing ScriptRunContext! This warning can be ignored when running in bare mode.
2026-10-06 21:37:18.659 Thread 'MainThread': missing ScriptRunContext! This warning can be ignored when running in bare mode.
2026-10-06 21:37:18.659 Thread 'MainThread': missing ScriptRunContext! This warning can be ignored when running in bare mode.
2026-10-06 21:37:18.660 Thread 'MainThread': missing ScriptRunContext! This warning can be ignored when running in bare mode.
2026-10-06 21:37:18.660 Thread 'MainThread': missing ScriptRunContext! This warning can be ignored when running in bare mode.
2026-10-06 21:37:20.350 Please replace `use_container_width` with `width`.

`use_container_width` will be removed after 2025-12-31.

For `use_container_width=True`, use `width='stretch'`. For `use_container_width=False`, use `width='content'`.
2026-10-06 21:37:20.612 Please replace `use_container_width` with `width`.

`use_container_width` will be removed after 2025-12-31.

For `use_container_width=True`, use `width='stretch'`. For `use_container_width=False`, use `width='content'`.
.2026-10-06 21:37:20.625 Thread 'MainThread': missing ScriptRunContext! This warning can be ignored when running in bare mode.
2026-10-06 21:37:20.625 Thread 'MainThread': missing ScriptRunContext! This warning can be ignored when running in bare mode.
2026-10-06 21:37:20.625 Thread 'MainThread': missing ScriptRunContext! This warning can be ignored when running in bare mode.
2026-10-06 21:37:20.625 Thread 'MainThread': missing ScriptRunContext! This warning can be ignored when running in bare mode.
2026-10-06 21:37:20.625 Thread 'MainThread': missing ScriptRunContext! This warning can be ignored when running in bare mode.
2026-10-06 21:37:20.625 Thread 'MainThread': missing ScriptRunContext! This warning can be ignored when running in bare mode.
2026-10-06 21:37:20.625 Thread 'MainThread': missing ScriptRunContext! This warning can be ignored when running in bare mode.
2026-10-06 21:37:21.688 Thread 'MainThread': missing ScriptRunContext! This warning can be ignored when running in bare mode.
2026-10-06 21:37:21.688 Thread 'MainThread': missing ScriptRunContext! This warning can be ignored when running in bare mode.
2026-10-06 21:37:21.688 Thread 'MainThread': missing ScriptRunContext! This warning can be ignored when running in bare mode.
2026-10-06 21:37:21.688 Thread 'MainThread': missing ScriptRunContext! This warning can be ignored when running in bare mode.
.2026-10-06 21:37:22.667 Thread 'MainThread': missing ScriptRunContext! This warning can be ignored when running in bare mode.
2026-10-06 21:37:22.667 Thread 'MainThread': missing ScriptRunContext! This warning can be ignored when running in bare mode.
2026-10-06 21:37:22.668 Thread 'MainThread': missing ScriptRunContext! This warning can be ignored when running in bare mode.
2026-10-06 21:37:22.668 Thread 'MainThread': missing ScriptRunContext! This warning can be ignored when running in bare mode.
2026-10-06 21:37:22.668 Thread 'MainThread': missing ScriptRunContext! This warning can be ignored when running in bare mode.
2026-10-06 21:37:22.668 Thread 'MainThread': missing ScriptRunContext! This warning can be ignored when running in bare mode.
2026-10-06 21:37:22.668 Thread 'MainThread': missing ScriptRunContext! This warning can be ignored when running in bare mode.
.2026-10-06 21:37:29.415 Thread 'MainThread': missing ScriptRunContext! This warning can be ignored when running in bare mode.
2026-10-06 21:37:29.415 Thread 'MainThread': missing ScriptRunContext! This warning can be ignored when running in bare mode.
2026-10-06 21:37:29.416 Thread 'MainThread': missing ScriptRunContext! This warning can be ignored when running in bare mode.
2026-10-06 21:37:29.416 Thread 'MainThread': missing ScriptRunContext! This warning can be ignored when running in bare mode.
2026-10-06 21:37:29.416 Thread 'MainThread': missing ScriptRunContext! This warning can be ignored when running in bare mode.
2026-10-06 21:37:29.416 Thread 'MainThread': missing ScriptRunContext! This warning can be ignored when running in bare mode.
2026-10-06 21:37:29.416 Thread 'MainThread': missing ScriptRunContext! This warning can be ignored when running in bare mode.
.2026-10-06 21:37:31.932 Thread 'MainThread': missing ScriptRunContext! This warning can be ignored when running in bare mode.
2026-10-06 21:37:31.932 Thread 'MainThread': missing ScriptRunContext! This warning can be ignored when running in bare mode.
2026-10-06 21:37:31.933 Thread 'MainThread': missing ScriptRunContext! This warning can be ignored when running in bare mode.
2026-10-06 21:37:31.933 Thread 'MainThread': missing ScriptRunContext! This warning can be ignored when running in bare mode.
2026-10-06 21:37:31.933 Thread 'MainThread': missing ScriptRunContext! This warning can be ignored when running in bare mode.
2026-10-06 21:37:31.933 Thread 'MainThread': missing ScriptRunContext! This warning can be ignored when running in bare mode.
2026-10-06 21:37:31.933 Thread 'MainThread': missing ScriptRunContext! This warning can be ignored when running in bare mode.
2026-10-06 21:37:33.270 Thread 'MainThread': missing ScriptRunContext! This warning can be ignored when running in bare mode.
.2026-10-06 21:37:33.559 Thread 'MainThread': missing ScriptRunContext! This warning can be ignored when running in bare mode.
2026-10-06 21:37:33.559 Thread 'MainThread': missing ScriptRunContext! This warning can be ignored when running in bare mode.
2026-10-06 21:37:33.560 Thread 'MainThread': missing ScriptRunContext! This warning can be ignored when running in bare mode.
2026-10-06 21:37:33.560 Thread 'MainThread': missing ScriptRunContext! This warning can be ignored when running in bare mode.
2026-10-06 21:37:33.560 Thread 'MainThread': missing ScriptRunContext! This warning can be ignored when running in bare mode.
2026-10-06 21:37:33.560 Thread 'MainThread': missing ScriptRunContext! This warning can be ignored when running in bare mode.
2026-10-06 21:37:33.560 Thread 'MainThread': missing ScriptRunContext! This warning can be ignored when running in bare mode.
.2026-10-06 21:37:35.931 Thread 'MainThread': missing ScriptRunContext! This warning can be ignored when running in bare mode.
2026-10-06 21:37:35.932 Thread 'MainThread': missing ScriptRunContext! This warning can be ignored when running in bare mode.
2026-10-06 21:37:35.932 Thread 'MainThread': missing ScriptRunContext! This warning can be ignored when running in bare mode.
2026-10-06 21:37:35.932 Thread 'MainThread': missing ScriptRunContext! This warning can be ignored when running in bare mode.
2026-10-06 21:37:35.932 Thread 'MainThread': missing ScriptRunContext! This warning can be ignored when running in bare mode.
2026-10-06 21:37:35.932 Thread 'MainThread': missing ScriptRunContext! This warning can be ignored when running in bare mode.
2026-10-06 21:37:35.932 Thread 'MainThread': missing ScriptRunContext! This warning can be ignored when running in bare mode.
.2026-10-06 21:37:36.980 Thread 'MainThread': missing ScriptRunContext! This warning can be ignored when running in bare mode.
2026-10-06 21:37:36.980 Thread 'MainThread': missing ScriptRunContext! This warning can be ignored when running in bare mode.
2026-10-06 21:37:36.980 Thread 'MainThread': missing ScriptRunContext! This warning can be ignored when running in bare mode.
2026-10-06 21:37:36.980 Thread 'MainThread': missing ScriptRunContext! This warning can be ignored when running in bare mode.
2026-10-06 21:37:36.980 Thread 'MainThread': missing ScriptRunContext! This warning can be ignored when running in bare mode.
2026-10-06 21:37:36.980 Thread 'MainThread': missing ScriptRunContext! This warning can be ignored when running in bare mode.
2026-10-06 21:37:36.980 Thread 'MainThread': missing ScriptRunContext! This warning can be ignored when running in bare mode.
2026-10-06 21:37:36.980 Thread 'MainThread': missing ScriptRunContext! This warning can be ignored when running in bare mode.
.2026-10-06 21:37:38.162 Thread 'MainThread': missing ScriptRunContext! This warning can be ignored when running in bare mode.
2026-10-06 21:37:38.163 Thread 'MainThread': missing ScriptRunContext! This warning can be ignored when running in bare mode.
2026-10-06 21:37:38.163 Thread 'MainThread': missing ScriptRunContext! This warning can be ignored when running in bare mode.
2026-10-06 21:37:38.163 Thread 'MainThread': missing ScriptRunContext! This warning can be ignored when running in bare mode.
2026-10-06 21:37:38.163 Thread 'MainThread': missing ScriptRunContext! This warning can be ignored when running in bare mode.
2026-10-06 21:37:38.163 Thread 'MainThread': missing ScriptRunContext! This warning can be ignored when running in bare mode.
2026-10-06 21:37:38.163 Thread 'MainThread': missing ScriptRunContext! This warning can be ignored when running in bare mode.
.2026-10-06 21:37:38.790 Thread 'MainThread': missing ScriptRunContext! This warning can be ignored when running in bare mode.
2026-10-06 21:37:38.790 Thread 'MainThread': missing ScriptRunContext! This warning can be ignored when running in bare mode.
2026-10-06 21:37:38.790 Thread 'MainThread': missing ScriptRunContext! This warning can be ignored when running in bare mode.
2026-10-06 21:37:38.791 Thread 'MainThread': missing ScriptRunContext! This warning can be ignored when running in bare mode.
2026-10-06 21:37:38.791 Thread 'MainThread': missing ScriptRunContext! This warning can be ignored when running in bare mode.
2026-10-06 21:37:38.791 Thread 'MainThread': missing ScriptRunContext! This warning can be ignored when running in bare mode.
2026-10-06 21:37:38.791 Thread 'MainThread': missing ScriptRunContext! This warning can be ignored when running in bare mode.
2026-10-06 21:37:38.819 Thread 'MainThread': missing ScriptRunContext! This warning can be ignored when running in bare mode.
2026-10-06 21:37:38.819 Thread 'MainThread': missing ScriptRunContext! This warning can be ignored when running in bare mode.
2026-10-06 21:37:38.819 Thread 'MainThread': missing ScriptRunContext! This warning can be ignored when running in bare mode.
2026-10-06 21:37:38.819 Thread 'MainThread': missing ScriptRunContext! This warning can be ignored when running in bare mode.
.2026-10-06 21:37:40.316 Thread 'MainThread': missing ScriptRunContext! This warning can be ignored when running in bare mode.
2026-10-06 21:37:40.317 Thread 'MainThread': missing ScriptRunContext! This warning can be ignored when running in bare mode.
2026-10-06 21:37:40.317 Thread 'MainThread': missing ScriptRunContext! This warning can be ignored when running in bare mode.
2026-10-06 21:37:40.317 Thread 'MainThread': missing ScriptRunContext! This warning can be ignored when running in bare mode.
2026-10-06 21:37:40.317 Thread 'MainThread': missing ScriptRunContext! This warning can be ignored when running in bare mode.
2026-10-06 21:37:40.317 Thread 'MainThread': missing ScriptRunContext! This warning can be ignored when running in bare mode.
2026-10-06 21:37:40.317 Thread 'MainThread': missing ScriptRunContext! This warning can be ignored when running in bare mode.
.2026-10-06 21:37:42.394 Thread 'MainThread': missing ScriptRunContext! This warning can be ignored when running in bare mode.
2026-10-06 21:37:42.395 Thread 'MainThread': missing ScriptRunContext! This warning can be ignored when running in bare mode.
2026-10-06 21:37:42.395 Thread 'MainThread': missing ScriptRunContext! This warning can be ignored when running in bare mode.
2026-10-06 21:37:42.395 Thread 'MainThread': missing ScriptRunContext! This warning can be ignored when running in bare mode.
2026-10-06 21:37:42.395 Thread 'MainThread': missing ScriptRunContext! This warning can be ignored when running in bare mode.
2026-10-06 21:37:42.395 Thread 'MainThread': missing ScriptRunContext! This warning can be ignored when running in bare mode.
2026-10-06 21:37:42.395 Thread 'MainThread': missing ScriptRunContext! This warning can be ignored when running in bare mode.
..Learning representation rejected stage=request code=external_failure path=$
..Learning representation rejected stage=response code=incomplete path=$
Learning representation rejected stage=response code=response_bound path=$
Learning representation rejected stage=normalize code=fields path=$
Learning representation rejected stage=response code=refusal path=$
...................Learning representation rejected stage=request code=external_failure path=$
..Learning representation rejected stage=normalize code=reference path=$.process.collections[0].semantic_id
....2026-10-06 21:37:44.161 Thread 'MainThread': missing ScriptRunContext! This warning can be ignored when running in bare mode.
.2026-10-06 21:37:46.872 Thread 'MainThread': missing ScriptRunContext! This warning can be ignored when running in bare mode.
2026-10-06 21:37:46.872 Thread 'MainThread': missing ScriptRunContext! This warning can be ignored when running in bare mode.
2026-10-06 21:37:46.872 Thread 'MainThread': missing ScriptRunContext! This warning can be ignored when running in bare mode.
2026-10-06 21:37:46.872 Thread 'MainThread': missing ScriptRunContext! This warning can be ignored when running in bare mode.
2026-10-06 21:37:46.872 Thread 'MainThread': missing ScriptRunContext! This warning can be ignored when running in bare mode.
2026-10-06 21:37:46.872 Thread 'MainThread': missing ScriptRunContext! This warning can be ignored when running in bare mode.
Learning representation rejected stage=normalize code=reference path=$
.
----------------------------------------------------------------------
Ran 198 tests in 111.247s

OK
