2026-10-05 23:05:12.797 Thread 'MainThread': missing ScriptRunContext! This warning can be ignored when running in bare mode.
2026-10-05 23:05:13.260 Thread 'MainThread': missing ScriptRunContext! This warning can be ignored when running in bare mode.
2026-10-05 23:05:13.784 Thread 'MainThread': missing ScriptRunContext! This warning can be ignored when running in bare mode.
2026-10-05 23:05:13.816 Thread 'MainThread': missing ScriptRunContext! This warning can be ignored when running in bare mode.
2026-10-05 23:05:14.116 Thread 'MainThread': missing ScriptRunContext! This warning can be ignored when running in bare mode.
2026-10-05 23:05:14.116 Thread 'MainThread': missing ScriptRunContext! This warning can be ignored when running in bare mode.
2026-10-05 23:05:14.117 Thread 'MainThread': missing ScriptRunContext! This warning can be ignored when running in bare mode.
2026-10-05 23:05:14.117 Thread 'MainThread': missing ScriptRunContext! This warning can be ignored when running in bare mode.
2026-10-05 23:05:14.117 Thread 'MainThread': missing ScriptRunContext! This warning can be ignored when running in bare mode.
2026-10-05 23:05:14.117 Thread 'MainThread': missing ScriptRunContext! This warning can be ignored when running in bare mode.
2026-10-05 23:05:14.117 Thread 'MainThread': missing ScriptRunContext! This warning can be ignored when running in bare mode.
2026-10-05 23:05:14.117 Thread 'MainThread': missing ScriptRunContext! This warning can be ignored when running in bare mode.
2026-10-05 23:05:16.206 Please replace `use_container_width` with `width`.

`use_container_width` will be removed after 2025-12-31.

For `use_container_width=True`, use `width='stretch'`. For `use_container_width=False`, use `width='content'`.
2026-10-05 23:05:16.431 Please replace `use_container_width` with `width`.

`use_container_width` will be removed after 2025-12-31.

For `use_container_width=True`, use `width='stretch'`. For `use_container_width=False`, use `width='content'`.
2026-10-05 23:05:17.744 Thread 'MainThread': missing ScriptRunContext! This warning can be ignored when running in bare mode.
2026-10-05 23:05:17.745 Thread 'MainThread': missing ScriptRunContext! This warning can be ignored when running in bare mode.
2026-10-05 23:05:17.745 Thread 'MainThread': missing ScriptRunContext! This warning can be ignored when running in bare mode.
2026-10-05 23:05:17.745 Thread 'MainThread': missing ScriptRunContext! This warning can be ignored when running in bare mode.
2026-10-05 23:05:17.745 Thread 'MainThread': missing ScriptRunContext! This warning can be ignored when running in bare mode.
2026-10-05 23:05:17.745 Thread 'MainThread': missing ScriptRunContext! This warning can be ignored when running in bare mode.
2026-10-05 23:05:17.745 Thread 'MainThread': missing ScriptRunContext! This warning can be ignored when running in bare mode.
2026-10-05 23:05:17.745 Thread 'MainThread': missing ScriptRunContext! This warning can be ignored when running in bare mode.
2026-10-05 23:05:18.650 Please replace `use_container_width` with `width`.

`use_container_width` will be removed after 2025-12-31.

For `use_container_width=True`, use `width='stretch'`. For `use_container_width=False`, use `width='content'`.
2026-10-05 23:05:18.895 Please replace `use_container_width` with `width`.

`use_container_width` will be removed after 2025-12-31.

For `use_container_width=True`, use `width='stretch'`. For `use_container_width=False`, use `width='content'`.
2026-10-05 23:05:18.903 Thread 'MainThread': missing ScriptRunContext! This warning can be ignored when running in bare mode.
2026-10-05 23:05:18.903 Thread 'MainThread': missing ScriptRunContext! This warning can be ignored when running in bare mode.
2026-10-05 23:05:18.903 Thread 'MainThread': missing ScriptRunContext! This warning can be ignored when running in bare mode.
2026-10-05 23:05:18.903 Thread 'MainThread': missing ScriptRunContext! This warning can be ignored when running in bare mode.
2026-10-05 23:05:18.903 Thread 'MainThread': missing ScriptRunContext! This warning can be ignored when running in bare mode.
2026-10-05 23:05:18.903 Thread 'MainThread': missing ScriptRunContext! This warning can be ignored when running in bare mode.
2026-10-05 23:05:18.903 Thread 'MainThread': missing ScriptRunContext! This warning can be ignored when running in bare mode.
2026-10-05 23:05:20.230 Thread 'MainThread': missing ScriptRunContext! This warning can be ignored when running in bare mode.
2026-10-05 23:05:20.230 Thread 'MainThread': missing ScriptRunContext! This warning can be ignored when running in bare mode.
2026-10-05 23:05:20.230 Thread 'MainThread': missing ScriptRunContext! This warning can be ignored when running in bare mode.
2026-10-05 23:05:20.230 Thread 'MainThread': missing ScriptRunContext! This warning can be ignored when running in bare mode.
2026-10-05 23:05:20.230 Thread 'MainThread': missing ScriptRunContext! This warning can be ignored when running in bare mode.
2026-10-05 23:05:20.231 Thread 'MainThread': missing ScriptRunContext! This warning can be ignored when running in bare mode.
2026-10-05 23:05:20.231 Thread 'MainThread': missing ScriptRunContext! This warning can be ignored when running in bare mode.
2026-10-05 23:05:20.231 Thread 'MainThread': missing ScriptRunContext! This warning can be ignored when running in bare mode.
2026-10-05 23:05:20.241 Thread 'MainThread': missing ScriptRunContext! This warning can be ignored when running in bare mode.
2026-10-05 23:05:20.241 Thread 'MainThread': missing ScriptRunContext! This warning can be ignored when running in bare mode.
2026-10-05 23:05:20.242 Thread 'MainThread': missing ScriptRunContext! This warning can be ignored when running in bare mode.
Analogy rejected stage=request code=RuntimeError path=$
Analogy rejected stage=response code=response_bound path=$
Analogy rejected stage=normalize code=mapping path=$
Analogy rejected stage=normalize code=mapping path=$
Analogy rejected stage=normalize code=mapping path=$
Analogy rejected stage=normalize code=mapping path=$
Analogy rejected stage=normalize code=mapping path=$
Analogy rejected stage=normalize code=mapping path=$
Analogy rejected stage=normalize code=mapping path=$
Analogy rejected stage=normalize code=mapping path=$
Analogy rejected stage=normalize code=mapping path=$
Analogy rejected stage=normalize code=mapping path=$
Analogy rejected stage=response code=incomplete_response path=$
Analogy rejected stage=response code=model_refusal path=$
Analogy rejected stage=response code=invalid_json path=$
Analogy rejected stage=request code=RuntimeError path=$
Analogy rejected stage=request code=RuntimeError path=$
Analogy rejected stage=normalize code=numeric_bounds path=$.parameters[0].step
2026-10-05 23:05:24.687 Thread 'MainThread': missing ScriptRunContext! This warning can be ignored when running in bare mode.
2026-10-05 23:05:24.687 Thread 'MainThread': missing ScriptRunContext! This warning can be ignored when running in bare mode.
2026-10-05 23:05:24.687 Thread 'MainThread': missing ScriptRunContext! This warning can be ignored when running in bare mode.
2026-10-05 23:05:24.687 Thread 'MainThread': missing ScriptRunContext! This warning can be ignored when running in bare mode.
2026-10-05 23:05:24.687 Thread 'MainThread': missing ScriptRunContext! This warning can be ignored when running in bare mode.
2026-10-05 23:05:24.687 Thread 'MainThread': missing ScriptRunContext! This warning can be ignored when running in bare mode.
2026-10-05 23:05:24.687 Thread 'MainThread': missing ScriptRunContext! This warning can be ignored when running in bare mode.
2026-10-05 23:05:24.687 Thread 'MainThread': missing ScriptRunContext! This warning can be ignored when running in bare mode.
Analogy rejected stage=renderer code=RuntimeError path=$
2026-10-05 23:05:25.945 Thread 'MainThread': missing ScriptRunContext! This warning can be ignored when running in bare mode.
2026-10-05 23:05:25.945 Thread 'MainThread': missing ScriptRunContext! This warning can be ignored when running in bare mode.
2026-10-05 23:05:25.945 Thread 'MainThread': missing ScriptRunContext! This warning can be ignored when running in bare mode.
2026-10-05 23:05:25.945 Thread 'MainThread': missing ScriptRunContext! This warning can be ignored when running in bare mode.
2026-10-05 23:05:25.945 Thread 'MainThread': missing ScriptRunContext! This warning can be ignored when running in bare mode.
2026-10-05 23:05:25.945 Thread 'MainThread': missing ScriptRunContext! This warning can be ignored when running in bare mode.
2026-10-05 23:05:25.946 Thread 'MainThread': missing ScriptRunContext! This warning can be ignored when running in bare mode.
2026-10-05 23:05:25.946 Thread 'MainThread': missing ScriptRunContext! This warning can be ignored when running in bare mode.
Analogy rejected stage=renderer code=RuntimeError path=$
Analogy rejected stage=normalize code=geometry_bounds path=$.primitives
2026-10-05 23:05:27.633 Thread 'MainThread': missing ScriptRunContext! This warning can be ignored when running in bare mode.
2026-10-05 23:05:27.633 Thread 'MainThread': missing ScriptRunContext! This warning can be ignored when running in bare mode.
2026-10-05 23:05:27.633 Thread 'MainThread': missing ScriptRunContext! This warning can be ignored when running in bare mode.
2026-10-05 23:05:27.633 Thread 'MainThread': missing ScriptRunContext! This warning can be ignored when running in bare mode.
2026-10-05 23:05:27.634 Thread 'MainThread': missing ScriptRunContext! This warning can be ignored when running in bare mode.
2026-10-05 23:05:27.634 Thread 'MainThread': missing ScriptRunContext! This warning can be ignored when running in bare mode.
2026-10-05 23:05:27.634 Thread 'MainThread': missing ScriptRunContext! This warning can be ignored when running in bare mode.
2026-10-05 23:05:29.516 Thread 'MainThread': missing ScriptRunContext! This warning can be ignored when running in bare mode.
2026-10-05 23:05:29.516 Thread 'MainThread': missing ScriptRunContext! This warning can be ignored when running in bare mode.
2026-10-05 23:05:29.516 Thread 'MainThread': missing ScriptRunContext! This warning can be ignored when running in bare mode.
2026-10-05 23:05:29.516 Thread 'MainThread': missing ScriptRunContext! This warning can be ignored when running in bare mode.
2026-10-05 23:05:29.516 Thread 'MainThread': missing ScriptRunContext! This warning can be ignored when running in bare mode.
2026-10-05 23:05:29.517 Thread 'MainThread': missing ScriptRunContext! This warning can be ignored when running in bare mode.
2026-10-05 23:05:29.517 Thread 'MainThread': missing ScriptRunContext! This warning can be ignored when running in bare mode.
Analogy rejected stage=normalize code=mapping path=$.mappings[0]
Analogy rejected stage=normalize code=unsafe_expression path=$.primitives[0].radius
Analogy rejected stage=normalize code=envelope_fields path=$
Analogy rejected stage=normalize code=unsafe_expression path=$
Analogy rejected stage=normalize code=unsafe_expression path=$
Analogy rejected stage=normalize code=unsafe_expression path=$
Analogy rejected stage=normalize code=unsafe_expression path=$
Analogy rejected stage=normalize code=unsafe_expression path=$
Analogy rejected stage=normalize code=unsafe_expression path=$
2026-10-05 23:05:31.581 Thread 'MainThread': missing ScriptRunContext! This warning can be ignored when running in bare mode.
2026-10-05 23:05:31.581 Thread 'MainThread': missing ScriptRunContext! This warning can be ignored when running in bare mode.
2026-10-05 23:05:31.581 Thread 'MainThread': missing ScriptRunContext! This warning can be ignored when running in bare mode.
2026-10-05 23:05:31.581 Thread 'MainThread': missing ScriptRunContext! This warning can be ignored when running in bare mode.
2026-10-05 23:05:31.581 Thread 'MainThread': missing ScriptRunContext! This warning can be ignored when running in bare mode.
2026-10-05 23:05:31.582 Thread 'MainThread': missing ScriptRunContext! This warning can be ignored when running in bare mode.
2026-10-05 23:05:31.582 Thread 'MainThread': missing ScriptRunContext! This warning can be ignored when running in bare mode.
2026-10-05 23:05:31.582 Thread 'MainThread': missing ScriptRunContext! This warning can be ignored when running in bare mode.
Analogy rejected stage=normalize code=unsafe_expression path=$.primitives[0].radius
Analogy rejected stage=normalize code=unsafe_expression path=$.primitives[0].radius
Analogy rejected stage=normalize code=unsafe_expression path=$.primitives[0].radius
Analogy rejected stage=normalize code=unsafe_expression path=$.primitives[0].radius
2026-10-05 23:05:37.733 Thread 'MainThread': missing ScriptRunContext! This warning can be ignored when running in bare mode.
2026-10-05 23:05:37.733 Thread 'MainThread': missing ScriptRunContext! This warning can be ignored when running in bare mode.
2026-10-05 23:05:37.733 Thread 'MainThread': missing ScriptRunContext! This warning can be ignored when running in bare mode.
2026-10-05 23:05:37.733 Thread 'MainThread': missing ScriptRunContext! This warning can be ignored when running in bare mode.
2026-10-05 23:05:37.733 Thread 'MainThread': missing ScriptRunContext! This warning can be ignored when running in bare mode.
2026-10-05 23:05:37.734 Thread 'MainThread': missing ScriptRunContext! This warning can be ignored when running in bare mode.
2026-10-05 23:05:37.734 Thread 'MainThread': missing ScriptRunContext! This warning can be ignored when running in bare mode.
2026-10-05 23:05:41.818 Thread 'MainThread': missing ScriptRunContext! This warning can be ignored when running in bare mode.
2026-10-05 23:05:41.819 Thread 'MainThread': missing ScriptRunContext! This warning can be ignored when running in bare mode.
2026-10-05 23:05:41.819 Thread 'MainThread': missing ScriptRunContext! This warning can be ignored when running in bare mode.
2026-10-05 23:05:41.819 Thread 'MainThread': missing ScriptRunContext! This warning can be ignored when running in bare mode.
2026-10-05 23:05:41.819 Thread 'MainThread': missing ScriptRunContext! This warning can be ignored when running in bare mode.
2026-10-05 23:05:41.819 Thread 'MainThread': missing ScriptRunContext! This warning can be ignored when running in bare mode.
2026-10-05 23:05:41.819 Thread 'MainThread': missing ScriptRunContext! This warning can be ignored when running in bare mode.
2026-10-05 23:05:44.193 Thread 'MainThread': missing ScriptRunContext! This warning can be ignored when running in bare mode.
2026-10-05 23:05:44.194 Thread 'MainThread': missing ScriptRunContext! This warning can be ignored when running in bare mode.
2026-10-05 23:05:44.194 Thread 'MainThread': missing ScriptRunContext! This warning can be ignored when running in bare mode.
2026-10-05 23:05:44.194 Thread 'MainThread': missing ScriptRunContext! This warning can be ignored when running in bare mode.
2026-10-05 23:05:44.194 Thread 'MainThread': missing ScriptRunContext! This warning can be ignored when running in bare mode.
2026-10-05 23:05:44.194 Thread 'MainThread': missing ScriptRunContext! This warning can be ignored when running in bare mode.
2026-10-05 23:05:44.194 Thread 'MainThread': missing ScriptRunContext! This warning can be ignored when running in bare mode.
2026-10-05 23:05:45.471 Please replace `use_container_width` with `width`.

`use_container_width` will be removed after 2025-12-31.

For `use_container_width=True`, use `width='stretch'`. For `use_container_width=False`, use `width='content'`.
2026-10-05 23:05:45.682 Please replace `use_container_width` with `width`.

`use_container_width` will be removed after 2025-12-31.

For `use_container_width=True`, use `width='stretch'`. For `use_container_width=False`, use `width='content'`.
2026-10-05 23:05:45.691 Thread 'MainThread': missing ScriptRunContext! This warning can be ignored when running in bare mode.
2026-10-05 23:05:45.691 Thread 'MainThread': missing ScriptRunContext! This warning can be ignored when running in bare mode.
2026-10-05 23:05:45.691 Thread 'MainThread': missing ScriptRunContext! This warning can be ignored when running in bare mode.
2026-10-05 23:05:45.691 Thread 'MainThread': missing ScriptRunContext! This warning can be ignored when running in bare mode.
2026-10-05 23:05:45.691 Thread 'MainThread': missing ScriptRunContext! This warning can be ignored when running in bare mode.
2026-10-05 23:05:45.692 Thread 'MainThread': missing ScriptRunContext! This warning can be ignored when running in bare mode.
2026-10-05 23:05:45.692 Thread 'MainThread': missing ScriptRunContext! This warning can be ignored when running in bare mode.
2026-10-05 23:05:46.577 Thread 'MainThread': missing ScriptRunContext! This warning can be ignored when running in bare mode.
2026-10-05 23:05:46.577 Thread 'MainThread': missing ScriptRunContext! This warning can be ignored when running in bare mode.
2026-10-05 23:05:46.577 Thread 'MainThread': missing ScriptRunContext! This warning can be ignored when running in bare mode.
2026-10-05 23:05:46.577 Thread 'MainThread': missing ScriptRunContext! This warning can be ignored when running in bare mode.
2026-10-05 23:05:47.495 Thread 'MainThread': missing ScriptRunContext! This warning can be ignored when running in bare mode.
2026-10-05 23:05:47.495 Thread 'MainThread': missing ScriptRunContext! This warning can be ignored when running in bare mode.
2026-10-05 23:05:47.495 Thread 'MainThread': missing ScriptRunContext! This warning can be ignored when running in bare mode.
2026-10-05 23:05:47.495 Thread 'MainThread': missing ScriptRunContext! This warning can be ignored when running in bare mode.
2026-10-05 23:05:47.495 Thread 'MainThread': missing ScriptRunContext! This warning can be ignored when running in bare mode.
2026-10-05 23:05:47.495 Thread 'MainThread': missing ScriptRunContext! This warning can be ignored when running in bare mode.
2026-10-05 23:05:47.495 Thread 'MainThread': missing ScriptRunContext! This warning can be ignored when running in bare mode.
2026-10-05 23:05:52.531 Thread 'MainThread': missing ScriptRunContext! This warning can be ignored when running in bare mode.
2026-10-05 23:05:52.531 Thread 'MainThread': missing ScriptRunContext! This warning can be ignored when running in bare mode.
2026-10-05 23:05:52.531 Thread 'MainThread': missing ScriptRunContext! This warning can be ignored when running in bare mode.
2026-10-05 23:05:52.531 Thread 'MainThread': missing ScriptRunContext! This warning can be ignored when running in bare mode.
2026-10-05 23:05:52.531 Thread 'MainThread': missing ScriptRunContext! This warning can be ignored when running in bare mode.
2026-10-05 23:05:52.531 Thread 'MainThread': missing ScriptRunContext! This warning can be ignored when running in bare mode.
2026-10-05 23:05:52.531 Thread 'MainThread': missing ScriptRunContext! This warning can be ignored when running in bare mode.
2026-10-05 23:05:53.847 Thread 'MainThread': missing ScriptRunContext! This warning can be ignored when running in bare mode.
2026-10-05 23:05:53.847 Thread 'MainThread': missing ScriptRunContext! This warning can be ignored when running in bare mode.
2026-10-05 23:05:53.847 Thread 'MainThread': missing ScriptRunContext! This warning can be ignored when running in bare mode.
2026-10-05 23:05:53.847 Thread 'MainThread': missing ScriptRunContext! This warning can be ignored when running in bare mode.
2026-10-05 23:05:53.847 Thread 'MainThread': missing ScriptRunContext! This warning can be ignored when running in bare mode.
2026-10-05 23:05:53.847 Thread 'MainThread': missing ScriptRunContext! This warning can be ignored when running in bare mode.
2026-10-05 23:05:53.847 Thread 'MainThread': missing ScriptRunContext! This warning can be ignored when running in bare mode.
2026-10-05 23:05:54.977 Thread 'MainThread': missing ScriptRunContext! This warning can be ignored when running in bare mode.
2026-10-05 23:05:55.166 Thread 'MainThread': missing ScriptRunContext! This warning can be ignored when running in bare mode.
2026-10-05 23:05:55.166 Thread 'MainThread': missing ScriptRunContext! This warning can be ignored when running in bare mode.
2026-10-05 23:05:55.166 Thread 'MainThread': missing ScriptRunContext! This warning can be ignored when running in bare mode.
2026-10-05 23:05:55.166 Thread 'MainThread': missing ScriptRunContext! This warning can be ignored when running in bare mode.
2026-10-05 23:05:55.166 Thread 'MainThread': missing ScriptRunContext! This warning can be ignored when running in bare mode.
2026-10-05 23:05:55.167 Thread 'MainThread': missing ScriptRunContext! This warning can be ignored when running in bare mode.
2026-10-05 23:05:55.167 Thread 'MainThread': missing ScriptRunContext! This warning can be ignored when running in bare mode.
2026-10-05 23:05:57.459 Thread 'MainThread': missing ScriptRunContext! This warning can be ignored when running in bare mode.
2026-10-05 23:05:57.459 Thread 'MainThread': missing ScriptRunContext! This warning can be ignored when running in bare mode.
2026-10-05 23:05:57.460 Thread 'MainThread': missing ScriptRunContext! This warning can be ignored when running in bare mode.
2026-10-05 23:05:57.460 Thread 'MainThread': missing ScriptRunContext! This warning can be ignored when running in bare mode.
2026-10-05 23:05:57.460 Thread 'MainThread': missing ScriptRunContext! This warning can be ignored when running in bare mode.
2026-10-05 23:05:57.460 Thread 'MainThread': missing ScriptRunContext! This warning can be ignored when running in bare mode.
2026-10-05 23:05:57.460 Thread 'MainThread': missing ScriptRunContext! This warning can be ignored when running in bare mode.
2026-10-05 23:05:58.738 Thread 'MainThread': missing ScriptRunContext! This warning can be ignored when running in bare mode.
2026-10-05 23:06:00.459 Thread 'MainThread': missing ScriptRunContext! This warning can be ignored when running in bare mode.
2026-10-05 23:06:00.459 Thread 'MainThread': missing ScriptRunContext! This warning can be ignored when running in bare mode.
2026-10-05 23:06:00.460 Thread 'MainThread': missing ScriptRunContext! This warning can be ignored when running in bare mode.
2026-10-05 23:06:00.460 Thread 'MainThread': missing ScriptRunContext! This warning can be ignored when running in bare mode.
2026-10-05 23:06:00.460 Thread 'MainThread': missing ScriptRunContext! This warning can be ignored when running in bare mode.
2026-10-05 23:06:00.460 Thread 'MainThread': missing ScriptRunContext! This warning can be ignored when running in bare mode.
2026-10-05 23:06:00.460 Thread 'MainThread': missing ScriptRunContext! This warning can be ignored when running in bare mode.
2026-10-05 23:06:01.692 Please replace `use_container_width` with `width`.

`use_container_width` will be removed after 2025-12-31.

For `use_container_width=True`, use `width='stretch'`. For `use_container_width=False`, use `width='content'`.
2026-10-05 23:06:02.832 Thread 'MainThread': missing ScriptRunContext! This warning can be ignored when running in bare mode.
2026-10-05 23:06:02.832 Thread 'MainThread': missing ScriptRunContext! This warning can be ignored when running in bare mode.
2026-10-05 23:06:03.296 Please replace `use_container_width` with `width`.

`use_container_width` will be removed after 2025-12-31.

For `use_container_width=True`, use `width='stretch'`. For `use_container_width=False`, use `width='content'`.
2026-10-05 23:06:04.059 Thread 'MainThread': missing ScriptRunContext! This warning can be ignored when running in bare mode.
2026-10-05 23:06:04.059 Thread 'MainThread': missing ScriptRunContext! This warning can be ignored when running in bare mode.
2026-10-05 23:06:04.059 Thread 'MainThread': missing ScriptRunContext! This warning can be ignored when running in bare mode.
2026-10-05 23:06:04.059 Thread 'MainThread': missing ScriptRunContext! This warning can be ignored when running in bare mode.
2026-10-05 23:06:04.059 Thread 'MainThread': missing ScriptRunContext! This warning can be ignored when running in bare mode.
2026-10-05 23:06:04.059 Thread 'MainThread': missing ScriptRunContext! This warning can be ignored when running in bare mode.
2026-10-05 23:06:04.059 Thread 'MainThread': missing ScriptRunContext! This warning can be ignored when running in bare mode.
2026-10-05 23:06:04.699 Please replace `use_container_width` with `width`.

`use_container_width` will be removed after 2025-12-31.

For `use_container_width=True`, use `width='stretch'`. For `use_container_width=False`, use `width='content'`.
2026-10-05 23:06:05.609 Please replace `use_container_width` with `width`.

`use_container_width` will be removed after 2025-12-31.

For `use_container_width=True`, use `width='stretch'`. For `use_container_width=False`, use `width='content'`.
2026-10-05 23:06:05.870 Please replace `use_container_width` with `width`.

`use_container_width` will be removed after 2025-12-31.

For `use_container_width=True`, use `width='stretch'`. For `use_container_width=False`, use `width='content'`.
2026-10-05 23:06:06.132 Please replace `use_container_width` with `width`.

`use_container_width` will be removed after 2025-12-31.

For `use_container_width=True`, use `width='stretch'`. For `use_container_width=False`, use `width='content'`.
2026-10-05 23:06:06.556 Please replace `use_container_width` with `width`.

`use_container_width` will be removed after 2025-12-31.

For `use_container_width=True`, use `width='stretch'`. For `use_container_width=False`, use `width='content'`.
2026-10-05 23:06:06.873 Please replace `use_container_width` with `width`.

`use_container_width` will be removed after 2025-12-31.

For `use_container_width=True`, use `width='stretch'`. For `use_container_width=False`, use `width='content'`.
2026-10-05 23:06:09.873 Please replace `use_container_width` with `width`.

`use_container_width` will be removed after 2025-12-31.

For `use_container_width=True`, use `width='stretch'`. For `use_container_width=False`, use `width='content'`.
2026-10-05 23:06:10.934 Please replace `use_container_width` with `width`.

`use_container_width` will be removed after 2025-12-31.

For `use_container_width=True`, use `width='stretch'`. For `use_container_width=False`, use `width='content'`.
2026-10-05 23:06:10.949 Thread 'MainThread': missing ScriptRunContext! This warning can be ignored when running in bare mode.
2026-10-05 23:06:10.949 Thread 'MainThread': missing ScriptRunContext! This warning can be ignored when running in bare mode.
2026-10-05 23:06:10.949 Thread 'MainThread': missing ScriptRunContext! This warning can be ignored when running in bare mode.
2026-10-05 23:06:10.949 Thread 'MainThread': missing ScriptRunContext! This warning can be ignored when running in bare mode.
2026-10-05 23:06:10.949 Thread 'MainThread': missing ScriptRunContext! This warning can be ignored when running in bare mode.
2026-10-05 23:06:10.949 Thread 'MainThread': missing ScriptRunContext! This warning can be ignored when running in bare mode.
2026-10-05 23:06:10.949 Thread 'MainThread': missing ScriptRunContext! This warning can be ignored when running in bare mode.
2026-10-05 23:06:12.392 Please replace `use_container_width` with `width`.

`use_container_width` will be removed after 2025-12-31.

For `use_container_width=True`, use `width='stretch'`. For `use_container_width=False`, use `width='content'`.
2026-10-05 23:06:12.684 Please replace `use_container_width` with `width`.

`use_container_width` will be removed after 2025-12-31.

For `use_container_width=True`, use `width='stretch'`. For `use_container_width=False`, use `width='content'`.
2026-10-05 23:06:12.696 Thread 'MainThread': missing ScriptRunContext! This warning can be ignored when running in bare mode.
2026-10-05 23:06:12.696 Thread 'MainThread': missing ScriptRunContext! This warning can be ignored when running in bare mode.
2026-10-05 23:06:12.696 Thread 'MainThread': missing ScriptRunContext! This warning can be ignored when running in bare mode.
2026-10-05 23:06:12.696 Thread 'MainThread': missing ScriptRunContext! This warning can be ignored when running in bare mode.
2026-10-05 23:06:12.696 Thread 'MainThread': missing ScriptRunContext! This warning can be ignored when running in bare mode.
2026-10-05 23:06:12.696 Thread 'MainThread': missing ScriptRunContext! This warning can be ignored when running in bare mode.
2026-10-05 23:06:12.696 Thread 'MainThread': missing ScriptRunContext! This warning can be ignored when running in bare mode.
2026-10-05 23:06:12.950 Please replace `use_container_width` with `width`.

`use_container_width` will be removed after 2025-12-31.

For `use_container_width=True`, use `width='stretch'`. For `use_container_width=False`, use `width='content'`.
2026-10-05 23:06:13.210 Please replace `use_container_width` with `width`.

`use_container_width` will be removed after 2025-12-31.

For `use_container_width=True`, use `width='stretch'`. For `use_container_width=False`, use `width='content'`.
2026-10-05 23:06:13.488 Please replace `use_container_width` with `width`.

`use_container_width` will be removed after 2025-12-31.

For `use_container_width=True`, use `width='stretch'`. For `use_container_width=False`, use `width='content'`.
2026-10-05 23:06:13.754 Please replace `use_container_width` with `width`.

`use_container_width` will be removed after 2025-12-31.

For `use_container_width=True`, use `width='stretch'`. For `use_container_width=False`, use `width='content'`.
2026-10-05 23:06:14.004 Please replace `use_container_width` with `width`.

`use_container_width` will be removed after 2025-12-31.

For `use_container_width=True`, use `width='stretch'`. For `use_container_width=False`, use `width='content'`.
2026-10-05 23:06:14.373 Please replace `use_container_width` with `width`.

`use_container_width` will be removed after 2025-12-31.

For `use_container_width=True`, use `width='stretch'`. For `use_container_width=False`, use `width='content'`.
2026-10-05 23:06:14.394 Thread 'MainThread': missing ScriptRunContext! This warning can be ignored when running in bare mode.
2026-10-05 23:06:14.394 Thread 'MainThread': missing ScriptRunContext! This warning can be ignored when running in bare mode.
2026-10-05 23:06:14.394 Thread 'MainThread': missing ScriptRunContext! This warning can be ignored when running in bare mode.
2026-10-05 23:06:14.394 Thread 'MainThread': missing ScriptRunContext! This warning can be ignored when running in bare mode.
2026-10-05 23:06:14.394 Thread 'MainThread': missing ScriptRunContext! This warning can be ignored when running in bare mode.
2026-10-05 23:06:14.394 Thread 'MainThread': missing ScriptRunContext! This warning can be ignored when running in bare mode.
2026-10-05 23:06:14.394 Thread 'MainThread': missing ScriptRunContext! This warning can be ignored when running in bare mode.
2026-10-05 23:06:15.280 Please replace `use_container_width` with `width`.

`use_container_width` will be removed after 2025-12-31.

For `use_container_width=True`, use `width='stretch'`. For `use_container_width=False`, use `width='content'`.
2026-10-05 23:06:15.557 Please replace `use_container_width` with `width`.

`use_container_width` will be removed after 2025-12-31.

For `use_container_width=True`, use `width='stretch'`. For `use_container_width=False`, use `width='content'`.
2026-10-05 23:06:15.820 Please replace `use_container_width` with `width`.

`use_container_width` will be removed after 2025-12-31.

For `use_container_width=True`, use `width='stretch'`. For `use_container_width=False`, use `width='content'`.
2026-10-05 23:06:16.079 Please replace `use_container_width` with `width`.

`use_container_width` will be removed after 2025-12-31.

For `use_container_width=True`, use `width='stretch'`. For `use_container_width=False`, use `width='content'`.
2026-10-05 23:06:16.310 Please replace `use_container_width` with `width`.

`use_container_width` will be removed after 2025-12-31.

For `use_container_width=True`, use `width='stretch'`. For `use_container_width=False`, use `width='content'`.
2026-10-05 23:06:16.319 Thread 'MainThread': missing ScriptRunContext! This warning can be ignored when running in bare mode.
2026-10-05 23:06:16.319 Thread 'MainThread': missing ScriptRunContext! This warning can be ignored when running in bare mode.
2026-10-05 23:06:16.320 Thread 'MainThread': missing ScriptRunContext! This warning can be ignored when running in bare mode.
2026-10-05 23:06:16.320 Thread 'MainThread': missing ScriptRunContext! This warning can be ignored when running in bare mode.
2026-10-05 23:06:16.978 Please replace `use_container_width` with `width`.

`use_container_width` will be removed after 2025-12-31.

For `use_container_width=True`, use `width='stretch'`. For `use_container_width=False`, use `width='content'`.
2026-10-05 23:06:17.214 Please replace `use_container_width` with `width`.

`use_container_width` will be removed after 2025-12-31.

For `use_container_width=True`, use `width='stretch'`. For `use_container_width=False`, use `width='content'`.
2026-10-05 23:06:17.447 Thread 'MainThread': missing ScriptRunContext! This warning can be ignored when running in bare mode.
2026-10-05 23:06:17.447 Session state does not function when running a script without `streamlit run`
2026-10-05 23:06:17.477 Thread 'MainThread': missing ScriptRunContext! This warning can be ignored when running in bare mode.
2026-10-05 23:06:17.480 Thread 'MainThread': missing ScriptRunContext! This warning can be ignored when running in bare mode.
2026-10-05 23:06:17.483 Thread 'MainThread': missing ScriptRunContext! This warning can be ignored when running in bare mode.
2026-10-05 23:06:17.485 Thread 'MainThread': missing ScriptRunContext! This warning can be ignored when running in bare mode.
2026-10-05 23:06:17.487 Thread 'MainThread': missing ScriptRunContext! This warning can be ignored when running in bare mode.
2026-10-05 23:06:17.490 Thread 'MainThread': missing ScriptRunContext! This warning can be ignored when running in bare mode.
2026-10-05 23:06:17.492 Thread 'MainThread': missing ScriptRunContext! This warning can be ignored when running in bare mode.
2026-10-05 23:06:17.495 Thread 'MainThread': missing ScriptRunContext! This warning can be ignored when running in bare mode.
2026-10-05 23:06:17.497 Thread 'MainThread': missing ScriptRunContext! This warning can be ignored when running in bare mode.
2026-10-05 23:06:17.500 Thread 'MainThread': missing ScriptRunContext! This warning can be ignored when running in bare mode.
2026-10-05 23:06:17.503 Thread 'MainThread': missing ScriptRunContext! This warning can be ignored when running in bare mode.
2026-10-05 23:06:17.505 Thread 'MainThread': missing ScriptRunContext! This warning can be ignored when running in bare mode.
2026-10-05 23:06:17.508 Thread 'MainThread': missing ScriptRunContext! This warning can be ignored when running in bare mode.
2026-10-05 23:06:17.511 Thread 'MainThread': missing ScriptRunContext! This warning can be ignored when running in bare mode.
2026-10-05 23:06:17.513 Thread 'MainThread': missing ScriptRunContext! This warning can be ignored when running in bare mode.
2026-10-05 23:06:17.516 Thread 'MainThread': missing ScriptRunContext! This warning can be ignored when running in bare mode.
2026-10-05 23:06:17.518 Thread 'MainThread': missing ScriptRunContext! This warning can be ignored when running in bare mode.
2026-10-05 23:06:17.521 Thread 'MainThread': missing ScriptRunContext! This warning can be ignored when running in bare mode.
2026-10-05 23:06:17.523 Thread 'MainThread': missing ScriptRunContext! This warning can be ignored when running in bare mode.
2026-10-05 23:06:17.526 Thread 'MainThread': missing ScriptRunContext! This warning can be ignored when running in bare mode.
2026-10-05 23:06:17.528 Thread 'MainThread': missing ScriptRunContext! This warning can be ignored when running in bare mode.
2026-10-05 23:06:17.531 Thread 'MainThread': missing ScriptRunContext! This warning can be ignored when running in bare mode.
2026-10-05 23:06:17.534 Thread 'MainThread': missing ScriptRunContext! This warning can be ignored when running in bare mode.
2026-10-05 23:06:17.536 Thread 'MainThread': missing ScriptRunContext! This warning can be ignored when running in bare mode.
2026-10-05 23:06:17.538 Thread 'MainThread': missing ScriptRunContext! This warning can be ignored when running in bare mode.
2026-10-05 23:06:17.541 Thread 'MainThread': missing ScriptRunContext! This warning can be ignored when running in bare mode.
2026-10-05 23:06:17.544 Thread 'MainThread': missing ScriptRunContext! This warning can be ignored when running in bare mode.
2026-10-05 23:06:17.546 Thread 'MainThread': missing ScriptRunContext! This warning can be ignored when running in bare mode.
2026-10-05 23:06:17.549 Thread 'MainThread': missing ScriptRunContext! This warning can be ignored when running in bare mode.
2026-10-05 23:06:17.551 Thread 'MainThread': missing ScriptRunContext! This warning can be ignored when running in bare mode.
2026-10-05 23:06:17.554 Thread 'MainThread': missing ScriptRunContext! This warning can be ignored when running in bare mode.
2026-10-05 23:06:17.556 Thread 'MainThread': missing ScriptRunContext! This warning can be ignored when running in bare mode.
2026-10-05 23:06:17.559 Thread 'MainThread': missing ScriptRunContext! This warning can be ignored when running in bare mode.
2026-10-05 23:06:17.562 Thread 'MainThread': missing ScriptRunContext! This warning can be ignored when running in bare mode.
2026-10-05 23:06:17.564 Thread 'MainThread': missing ScriptRunContext! This warning can be ignored when running in bare mode.
2026-10-05 23:06:17.567 Thread 'MainThread': missing ScriptRunContext! This warning can be ignored when running in bare mode.
2026-10-05 23:06:17.569 Thread 'MainThread': missing ScriptRunContext! This warning can be ignored when running in bare mode.
2026-10-05 23:06:17.572 Thread 'MainThread': missing ScriptRunContext! This warning can be ignored when running in bare mode.
2026-10-05 23:06:17.575 Thread 'MainThread': missing ScriptRunContext! This warning can be ignored when running in bare mode.
2026-10-05 23:06:17.578 Thread 'MainThread': missing ScriptRunContext! This warning can be ignored when running in bare mode.
2026-10-05 23:06:17.580 Thread 'MainThread': missing ScriptRunContext! This warning can be ignored when running in bare mode.
2026-10-05 23:06:17.583 Thread 'MainThread': missing ScriptRunContext! This warning can be ignored when running in bare mode.
2026-10-05 23:06:17.585 Thread 'MainThread': missing ScriptRunContext! This warning can be ignored when running in bare mode.
2026-10-05 23:06:17.588 Thread 'MainThread': missing ScriptRunContext! This warning can be ignored when running in bare mode.
2026-10-05 23:06:17.591 Thread 'MainThread': missing ScriptRunContext! This warning can be ignored when running in bare mode.
2026-10-05 23:06:17.594 Thread 'MainThread': missing ScriptRunContext! This warning can be ignored when running in bare mode.
2026-10-05 23:06:17.596 Thread 'MainThread': missing ScriptRunContext! This warning can be ignored when running in bare mode.
2026-10-05 23:06:17.599 Thread 'MainThread': missing ScriptRunContext! This warning can be ignored when running in bare mode.
2026-10-05 23:06:17.601 Thread 'MainThread': missing ScriptRunContext! This warning can be ignored when running in bare mode.
2026-10-05 23:06:17.604 Thread 'MainThread': missing ScriptRunContext! This warning can be ignored when running in bare mode.
2026-10-05 23:06:17.606 Thread 'MainThread': missing ScriptRunContext! This warning can be ignored when running in bare mode.
2026-10-05 23:06:17.608 Thread 'MainThread': missing ScriptRunContext! This warning can be ignored when running in bare mode.
2026-10-05 23:06:17.611 Thread 'MainThread': missing ScriptRunContext! This warning can be ignored when running in bare mode.
2026-10-05 23:06:17.613 Thread 'MainThread': missing ScriptRunContext! This warning can be ignored when running in bare mode.
2026-10-05 23:06:17.615 Thread 'MainThread': missing ScriptRunContext! This warning can be ignored when running in bare mode.
2026-10-05 23:06:17.618 Thread 'MainThread': missing ScriptRunContext! This warning can be ignored when running in bare mode.
2026-10-05 23:06:17.620 Thread 'MainThread': missing ScriptRunContext! This warning can be ignored when running in bare mode.
2026-10-05 23:06:17.622 Thread 'MainThread': missing ScriptRunContext! This warning can be ignored when running in bare mode.
2026-10-05 23:06:17.625 Thread 'MainThread': missing ScriptRunContext! This warning can be ignored when running in bare mode.
2026-10-05 23:06:17.627 Thread 'MainThread': missing ScriptRunContext! This warning can be ignored when running in bare mode.
2026-10-05 23:06:17.630 Thread 'MainThread': missing ScriptRunContext! This warning can be ignored when running in bare mode.
2026-10-05 23:06:17.632 Thread 'MainThread': missing ScriptRunContext! This warning can be ignored when running in bare mode.
2026-10-05 23:06:17.634 Thread 'MainThread': missing ScriptRunContext! This warning can be ignored when running in bare mode.
2026-10-05 23:06:17.637 Thread 'MainThread': missing ScriptRunContext! This warning can be ignored when running in bare mode.
2026-10-05 23:06:17.639 Thread 'MainThread': missing ScriptRunContext! This warning can be ignored when running in bare mode.
2026-10-05 23:06:17.642 Thread 'MainThread': missing ScriptRunContext! This warning can be ignored when running in bare mode.
2026-10-05 23:06:17.645 Thread 'MainThread': missing ScriptRunContext! This warning can be ignored when running in bare mode.
2026-10-05 23:06:17.648 Thread 'MainThread': missing ScriptRunContext! This warning can be ignored when running in bare mode.
2026-10-05 23:06:17.650 Thread 'MainThread': missing ScriptRunContext! This warning can be ignored when running in bare mode.
2026-10-05 23:06:17.653 Thread 'MainThread': missing ScriptRunContext! This warning can be ignored when running in bare mode.
2026-10-05 23:06:17.656 Thread 'MainThread': missing ScriptRunContext! This warning can be ignored when running in bare mode.
2026-10-05 23:06:17.659 Thread 'MainThread': missing ScriptRunContext! This warning can be ignored when running in bare mode.
2026-10-05 23:06:17.662 Thread 'MainThread': missing ScriptRunContext! This warning can be ignored when running in bare mode.
2026-10-05 23:06:17.665 Thread 'MainThread': missing ScriptRunContext! This warning can be ignored when running in bare mode.
2026-10-05 23:06:17.668 Thread 'MainThread': missing ScriptRunContext! This warning can be ignored when running in bare mode.
2026-10-05 23:06:17.671 Thread 'MainThread': missing ScriptRunContext! This warning can be ignored when running in bare mode.
2026-10-05 23:06:17.674 Thread 'MainThread': missing ScriptRunContext! This warning can be ignored when running in bare mode.
2026-10-05 23:06:17.678 Thread 'MainThread': missing ScriptRunContext! This warning can be ignored when running in bare mode.
2026-10-05 23:06:17.681 Thread 'MainThread': missing ScriptRunContext! This warning can be ignored when running in bare mode.
2026-10-05 23:06:17.683 Thread 'MainThread': missing ScriptRunContext! This warning can be ignored when running in bare mode.
2026-10-05 23:06:17.686 Thread 'MainThread': missing ScriptRunContext! This warning can be ignored when running in bare mode.
2026-10-05 23:06:17.688 Thread 'MainThread': missing ScriptRunContext! This warning can be ignored when running in bare mode.
2026-10-05 23:06:17.691 Thread 'MainThread': missing ScriptRunContext! This warning can be ignored when running in bare mode.
2026-10-05 23:06:17.695 Thread 'MainThread': missing ScriptRunContext! This warning can be ignored when running in bare mode.
2026-10-05 23:06:17.697 Thread 'MainThread': missing ScriptRunContext! This warning can be ignored when running in bare mode.
2026-10-05 23:06:17.700 Thread 'MainThread': missing ScriptRunContext! This warning can be ignored when running in bare mode.
2026-10-05 23:06:17.703 Thread 'MainThread': missing ScriptRunContext! This warning can be ignored when running in bare mode.
2026-10-05 23:06:17.705 Thread 'MainThread': missing ScriptRunContext! This warning can be ignored when running in bare mode.
2026-10-05 23:06:17.708 Thread 'MainThread': missing ScriptRunContext! This warning can be ignored when running in bare mode.
2026-10-05 23:06:17.711 Thread 'MainThread': missing ScriptRunContext! This warning can be ignored when running in bare mode.
2026-10-05 23:06:17.714 Thread 'MainThread': missing ScriptRunContext! This warning can be ignored when running in bare mode.
2026-10-05 23:06:17.717 Thread 'MainThread': missing ScriptRunContext! This warning can be ignored when running in bare mode.
2026-10-05 23:06:17.720 Thread 'MainThread': missing ScriptRunContext! This warning can be ignored when running in bare mode.
2026-10-05 23:06:17.722 Thread 'MainThread': missing ScriptRunContext! This warning can be ignored when running in bare mode.
2026-10-05 23:06:17.726 Thread 'MainThread': missing ScriptRunContext! This warning can be ignored when running in bare mode.
2026-10-05 23:06:17.731 Thread 'MainThread': missing ScriptRunContext! This warning can be ignored when running in bare mode.
2026-10-05 23:06:17.735 Thread 'MainThread': missing ScriptRunContext! This warning can be ignored when running in bare mode.
2026-10-05 23:06:17.738 Thread 'MainThread': missing ScriptRunContext! This warning can be ignored when running in bare mode.
2026-10-05 23:06:17.742 Thread 'MainThread': missing ScriptRunContext! This warning can be ignored when running in bare mode.
2026-10-05 23:06:17.745 Thread 'MainThread': missing ScriptRunContext! This warning can be ignored when running in bare mode.
2026-10-05 23:06:17.748 Thread 'MainThread': missing ScriptRunContext! This warning can be ignored when running in bare mode.
2026-10-05 23:06:17.751 Thread 'MainThread': missing ScriptRunContext! This warning can be ignored when running in bare mode.
2026-10-05 23:06:17.754 Thread 'MainThread': missing ScriptRunContext! This warning can be ignored when running in bare mode.
2026-10-05 23:06:17.757 Thread 'MainThread': missing ScriptRunContext! This warning can be ignored when running in bare mode.
2026-10-05 23:06:17.760 Thread 'MainThread': missing ScriptRunContext! This warning can be ignored when running in bare mode.
2026-10-05 23:06:17.763 Thread 'MainThread': missing ScriptRunContext! This warning can be ignored when running in bare mode.
2026-10-05 23:06:17.766 Thread 'MainThread': missing ScriptRunContext! This warning can be ignored when running in bare mode.
2026-10-05 23:06:17.769 Thread 'MainThread': missing ScriptRunContext! This warning can be ignored when running in bare mode.
2026-10-05 23:06:17.772 Thread 'MainThread': missing ScriptRunContext! This warning can be ignored when running in bare mode.
2026-10-05 23:06:17.775 Thread 'MainThread': missing ScriptRunContext! This warning can be ignored when running in bare mode.
2026-10-05 23:06:17.778 Thread 'MainThread': missing ScriptRunContext! This warning can be ignored when running in bare mode.
2026-10-05 23:06:17.781 Thread 'MainThread': missing ScriptRunContext! This warning can be ignored when running in bare mode.
2026-10-05 23:06:17.784 Thread 'MainThread': missing ScriptRunContext! This warning can be ignored when running in bare mode.
2026-10-05 23:06:17.787 Thread 'MainThread': missing ScriptRunContext! This warning can be ignored when running in bare mode.
2026-10-05 23:06:17.790 Thread 'MainThread': missing ScriptRunContext! This warning can be ignored when running in bare mode.
2026-10-05 23:06:17.792 Thread 'MainThread': missing ScriptRunContext! This warning can be ignored when running in bare mode.
2026-10-05 23:06:17.795 Thread 'MainThread': missing ScriptRunContext! This warning can be ignored when running in bare mode.
2026-10-05 23:06:17.799 Thread 'MainThread': missing ScriptRunContext! This warning can be ignored when running in bare mode.
2026-10-05 23:06:17.802 Thread 'MainThread': missing ScriptRunContext! This warning can be ignored when running in bare mode.
2026-10-05 23:06:17.805 Thread 'MainThread': missing ScriptRunContext! This warning can be ignored when running in bare mode.
2026-10-05 23:06:17.808 Thread 'MainThread': missing ScriptRunContext! This warning can be ignored when running in bare mode.
2026-10-05 23:06:18.023 Thread 'MainThread': missing ScriptRunContext! This warning can be ignored when running in bare mode.
2026-10-05 23:06:18.024 Thread 'MainThread': missing ScriptRunContext! This warning can be ignored when running in bare mode.
2026-10-05 23:06:18.024 Thread 'MainThread': missing ScriptRunContext! This warning can be ignored when running in bare mode.
2026-10-05 23:06:18.024 Thread 'MainThread': missing ScriptRunContext! This warning can be ignored when running in bare mode.
2026-10-05 23:06:18.265 Thread 'MainThread': missing ScriptRunContext! This warning can be ignored when running in bare mode.
2026-10-05 23:06:18.281 Thread 'MainThread': missing ScriptRunContext! This warning can be ignored when running in bare mode.
2026-10-05 23:06:18.282 Thread 'MainThread': missing ScriptRunContext! This warning can be ignored when running in bare mode.
2026-10-05 23:06:18.284 Thread 'MainThread': missing ScriptRunContext! This warning can be ignored when running in bare mode.
2026-10-05 23:06:18.286 Thread 'MainThread': missing ScriptRunContext! This warning can be ignored when running in bare mode.
2026-10-05 23:06:18.287 Thread 'MainThread': missing ScriptRunContext! This warning can be ignored when running in bare mode.
2026-10-05 23:06:18.289 Thread 'MainThread': missing ScriptRunContext! This warning can be ignored when running in bare mode.
2026-10-05 23:06:18.292 Thread 'MainThread': missing ScriptRunContext! This warning can be ignored when running in bare mode.
2026-10-05 23:06:18.294 Thread 'MainThread': missing ScriptRunContext! This warning can be ignored when running in bare mode.
2026-10-05 23:06:18.296 Thread 'MainThread': missing ScriptRunContext! This warning can be ignored when running in bare mode.
2026-10-05 23:06:18.298 Thread 'MainThread': missing ScriptRunContext! This warning can be ignored when running in bare mode.
2026-10-05 23:06:18.300 Thread 'MainThread': missing ScriptRunContext! This warning can be ignored when running in bare mode.
2026-10-05 23:06:18.302 Thread 'MainThread': missing ScriptRunContext! This warning can be ignored when running in bare mode.
2026-10-05 23:06:18.304 Thread 'MainThread': missing ScriptRunContext! This warning can be ignored when running in bare mode.
2026-10-05 23:06:18.306 Thread 'MainThread': missing ScriptRunContext! This warning can be ignored when running in bare mode.
2026-10-05 23:06:18.308 Thread 'MainThread': missing ScriptRunContext! This warning can be ignored when running in bare mode.
2026-10-05 23:06:18.310 Thread 'MainThread': missing ScriptRunContext! This warning can be ignored when running in bare mode.
2026-10-05 23:06:18.312 Thread 'MainThread': missing ScriptRunContext! This warning can be ignored when running in bare mode.
2026-10-05 23:06:18.314 Thread 'MainThread': missing ScriptRunContext! This warning can be ignored when running in bare mode.
2026-10-05 23:06:18.316 Thread 'MainThread': missing ScriptRunContext! This warning can be ignored when running in bare mode.
2026-10-05 23:06:18.318 Thread 'MainThread': missing ScriptRunContext! This warning can be ignored when running in bare mode.
2026-10-05 23:06:18.320 Thread 'MainThread': missing ScriptRunContext! This warning can be ignored when running in bare mode.
2026-10-05 23:06:18.322 Thread 'MainThread': missing ScriptRunContext! This warning can be ignored when running in bare mode.
2026-10-05 23:06:18.324 Thread 'MainThread': missing ScriptRunContext! This warning can be ignored when running in bare mode.
2026-10-05 23:06:18.326 Thread 'MainThread': missing ScriptRunContext! This warning can be ignored when running in bare mode.
2026-10-05 23:06:18.328 Thread 'MainThread': missing ScriptRunContext! This warning can be ignored when running in bare mode.
2026-10-05 23:06:18.330 Thread 'MainThread': missing ScriptRunContext! This warning can be ignored when running in bare mode.
2026-10-05 23:06:18.332 Thread 'MainThread': missing ScriptRunContext! This warning can be ignored when running in bare mode.
2026-10-05 23:06:18.334 Thread 'MainThread': missing ScriptRunContext! This warning can be ignored when running in bare mode.
2026-10-05 23:06:18.335 Thread 'MainThread': missing ScriptRunContext! This warning can be ignored when running in bare mode.
2026-10-05 23:06:18.337 Thread 'MainThread': missing ScriptRunContext! This warning can be ignored when running in bare mode.
2026-10-05 23:06:18.339 Thread 'MainThread': missing ScriptRunContext! This warning can be ignored when running in bare mode.
2026-10-05 23:06:18.341 Thread 'MainThread': missing ScriptRunContext! This warning can be ignored when running in bare mode.
2026-10-05 23:06:18.343 Thread 'MainThread': missing ScriptRunContext! This warning can be ignored when running in bare mode.
2026-10-05 23:06:18.345 Thread 'MainThread': missing ScriptRunContext! This warning can be ignored when running in bare mode.
2026-10-05 23:06:18.347 Thread 'MainThread': missing ScriptRunContext! This warning can be ignored when running in bare mode.
2026-10-05 23:06:18.349 Thread 'MainThread': missing ScriptRunContext! This warning can be ignored when running in bare mode.
2026-10-05 23:06:18.351 Thread 'MainThread': missing ScriptRunContext! This warning can be ignored when running in bare mode.
2026-10-05 23:06:18.353 Thread 'MainThread': missing ScriptRunContext! This warning can be ignored when running in bare mode.
2026-10-05 23:06:18.355 Thread 'MainThread': missing ScriptRunContext! This warning can be ignored when running in bare mode.
2026-10-05 23:06:18.357 Thread 'MainThread': missing ScriptRunContext! This warning can be ignored when running in bare mode.
2026-10-05 23:06:18.359 Thread 'MainThread': missing ScriptRunContext! This warning can be ignored when running in bare mode.
2026-10-05 23:06:18.361 Thread 'MainThread': missing ScriptRunContext! This warning can be ignored when running in bare mode.
2026-10-05 23:06:18.362 Thread 'MainThread': missing ScriptRunContext! This warning can be ignored when running in bare mode.
2026-10-05 23:06:18.365 Thread 'MainThread': missing ScriptRunContext! This warning can be ignored when running in bare mode.
2026-10-05 23:06:18.367 Thread 'MainThread': missing ScriptRunContext! This warning can be ignored when running in bare mode.
2026-10-05 23:06:18.369 Thread 'MainThread': missing ScriptRunContext! This warning can be ignored when running in bare mode.
2026-10-05 23:06:18.371 Thread 'MainThread': missing ScriptRunContext! This warning can be ignored when running in bare mode.
2026-10-05 23:06:18.373 Thread 'MainThread': missing ScriptRunContext! This warning can be ignored when running in bare mode.
2026-10-05 23:06:18.375 Thread 'MainThread': missing ScriptRunContext! This warning can be ignored when running in bare mode.
2026-10-05 23:06:18.377 Thread 'MainThread': missing ScriptRunContext! This warning can be ignored when running in bare mode.
2026-10-05 23:06:18.378 Thread 'MainThread': missing ScriptRunContext! This warning can be ignored when running in bare mode.
2026-10-05 23:06:18.381 Thread 'MainThread': missing ScriptRunContext! This warning can be ignored when running in bare mode.
2026-10-05 23:06:18.383 Thread 'MainThread': missing ScriptRunContext! This warning can be ignored when running in bare mode.
2026-10-05 23:06:18.384 Thread 'MainThread': missing ScriptRunContext! This warning can be ignored when running in bare mode.
2026-10-05 23:06:18.386 Thread 'MainThread': missing ScriptRunContext! This warning can be ignored when running in bare mode.
2026-10-05 23:06:18.389 Thread 'MainThread': missing ScriptRunContext! This warning can be ignored when running in bare mode.
2026-10-05 23:06:18.390 Thread 'MainThread': missing ScriptRunContext! This warning can be ignored when running in bare mode.
2026-10-05 23:06:18.393 Thread 'MainThread': missing ScriptRunContext! This warning can be ignored when running in bare mode.
2026-10-05 23:06:18.396 Thread 'MainThread': missing ScriptRunContext! This warning can be ignored when running in bare mode.
2026-10-05 23:06:18.399 Thread 'MainThread': missing ScriptRunContext! This warning can be ignored when running in bare mode.
2026-10-05 23:06:18.401 Thread 'MainThread': missing ScriptRunContext! This warning can be ignored when running in bare mode.
2026-10-05 23:06:18.404 Thread 'MainThread': missing ScriptRunContext! This warning can be ignored when running in bare mode.
2026-10-05 23:06:18.406 Thread 'MainThread': missing ScriptRunContext! This warning can be ignored when running in bare mode.
2026-10-05 23:06:18.408 Thread 'MainThread': missing ScriptRunContext! This warning can be ignored when running in bare mode.
2026-10-05 23:06:18.411 Thread 'MainThread': missing ScriptRunContext! This warning can be ignored when running in bare mode.
2026-10-05 23:06:18.413 Thread 'MainThread': missing ScriptRunContext! This warning can be ignored when running in bare mode.
2026-10-05 23:06:18.415 Thread 'MainThread': missing ScriptRunContext! This warning can be ignored when running in bare mode.
2026-10-05 23:06:18.417 Thread 'MainThread': missing ScriptRunContext! This warning can be ignored when running in bare mode.
2026-10-05 23:06:18.420 Thread 'MainThread': missing ScriptRunContext! This warning can be ignored when running in bare mode.
2026-10-05 23:06:18.422 Thread 'MainThread': missing ScriptRunContext! This warning can be ignored when running in bare mode.
2026-10-05 23:06:18.425 Thread 'MainThread': missing ScriptRunContext! This warning can be ignored when running in bare mode.
2026-10-05 23:06:18.427 Thread 'MainThread': missing ScriptRunContext! This warning can be ignored when running in bare mode.
2026-10-05 23:06:18.429 Thread 'MainThread': missing ScriptRunContext! This warning can be ignored when running in bare mode.
2026-10-05 23:06:18.433 Thread 'MainThread': missing ScriptRunContext! This warning can be ignored when running in bare mode.
2026-10-05 23:06:18.436 Thread 'MainThread': missing ScriptRunContext! This warning can be ignored when running in bare mode.
2026-10-05 23:06:18.438 Thread 'MainThread': missing ScriptRunContext! This warning can be ignored when running in bare mode.
2026-10-05 23:06:18.440 Thread 'MainThread': missing ScriptRunContext! This warning can be ignored when running in bare mode.
2026-10-05 23:06:18.442 Thread 'MainThread': missing ScriptRunContext! This warning can be ignored when running in bare mode.
2026-10-05 23:06:18.445 Thread 'MainThread': missing ScriptRunContext! This warning can be ignored when running in bare mode.
2026-10-05 23:06:18.447 Thread 'MainThread': missing ScriptRunContext! This warning can be ignored when running in bare mode.
2026-10-05 23:06:18.449 Thread 'MainThread': missing ScriptRunContext! This warning can be ignored when running in bare mode.
2026-10-05 23:06:18.451 Thread 'MainThread': missing ScriptRunContext! This warning can be ignored when running in bare mode.
2026-10-05 23:06:18.453 Thread 'MainThread': missing ScriptRunContext! This warning can be ignored when running in bare mode.
2026-10-05 23:06:18.456 Thread 'MainThread': missing ScriptRunContext! This warning can be ignored when running in bare mode.
2026-10-05 23:06:18.458 Thread 'MainThread': missing ScriptRunContext! This warning can be ignored when running in bare mode.
2026-10-05 23:06:18.460 Thread 'MainThread': missing ScriptRunContext! This warning can be ignored when running in bare mode.
2026-10-05 23:06:18.463 Thread 'MainThread': missing ScriptRunContext! This warning can be ignored when running in bare mode.
2026-10-05 23:06:18.465 Thread 'MainThread': missing ScriptRunContext! This warning can be ignored when running in bare mode.
2026-10-05 23:06:18.467 Thread 'MainThread': missing ScriptRunContext! This warning can be ignored when running in bare mode.
2026-10-05 23:06:18.469 Thread 'MainThread': missing ScriptRunContext! This warning can be ignored when running in bare mode.
2026-10-05 23:06:18.472 Thread 'MainThread': missing ScriptRunContext! This warning can be ignored when running in bare mode.
2026-10-05 23:06:18.474 Thread 'MainThread': missing ScriptRunContext! This warning can be ignored when running in bare mode.
2026-10-05 23:06:18.476 Thread 'MainThread': missing ScriptRunContext! This warning can be ignored when running in bare mode.
2026-10-05 23:06:18.478 Thread 'MainThread': missing ScriptRunContext! This warning can be ignored when running in bare mode.
2026-10-05 23:06:18.480 Thread 'MainThread': missing ScriptRunContext! This warning can be ignored when running in bare mode.
2026-10-05 23:06:18.483 Thread 'MainThread': missing ScriptRunContext! This warning can be ignored when running in bare mode.
2026-10-05 23:06:18.485 Thread 'MainThread': missing ScriptRunContext! This warning can be ignored when running in bare mode.
2026-10-05 23:06:18.488 Thread 'MainThread': missing ScriptRunContext! This warning can be ignored when running in bare mode.
2026-10-05 23:06:18.491 Thread 'MainThread': missing ScriptRunContext! This warning can be ignored when running in bare mode.
2026-10-05 23:06:18.495 Thread 'MainThread': missing ScriptRunContext! This warning can be ignored when running in bare mode.
2026-10-05 23:06:18.499 Thread 'MainThread': missing ScriptRunContext! This warning can be ignored when running in bare mode.
2026-10-05 23:06:18.501 Thread 'MainThread': missing ScriptRunContext! This warning can be ignored when running in bare mode.
2026-10-05 23:06:18.504 Thread 'MainThread': missing ScriptRunContext! This warning can be ignored when running in bare mode.
2026-10-05 23:06:18.506 Thread 'MainThread': missing ScriptRunContext! This warning can be ignored when running in bare mode.
2026-10-05 23:06:18.508 Thread 'MainThread': missing ScriptRunContext! This warning can be ignored when running in bare mode.
2026-10-05 23:06:18.510 Thread 'MainThread': missing ScriptRunContext! This warning can be ignored when running in bare mode.
2026-10-05 23:06:18.513 Thread 'MainThread': missing ScriptRunContext! This warning can be ignored when running in bare mode.
2026-10-05 23:06:18.515 Thread 'MainThread': missing ScriptRunContext! This warning can be ignored when running in bare mode.
2026-10-05 23:06:18.517 Thread 'MainThread': missing ScriptRunContext! This warning can be ignored when running in bare mode.
2026-10-05 23:06:18.519 Thread 'MainThread': missing ScriptRunContext! This warning can be ignored when running in bare mode.
2026-10-05 23:06:18.521 Thread 'MainThread': missing ScriptRunContext! This warning can be ignored when running in bare mode.
2026-10-05 23:06:18.523 Thread 'MainThread': missing ScriptRunContext! This warning can be ignored when running in bare mode.
2026-10-05 23:06:18.526 Thread 'MainThread': missing ScriptRunContext! This warning can be ignored when running in bare mode.
2026-10-05 23:06:18.528 Thread 'MainThread': missing ScriptRunContext! This warning can be ignored when running in bare mode.
2026-10-05 23:06:18.530 Thread 'MainThread': missing ScriptRunContext! This warning can be ignored when running in bare mode.
2026-10-05 23:06:18.532 Thread 'MainThread': missing ScriptRunContext! This warning can be ignored when running in bare mode.
2026-10-05 23:06:18.535 Thread 'MainThread': missing ScriptRunContext! This warning can be ignored when running in bare mode.
2026-10-05 23:06:18.537 Thread 'MainThread': missing ScriptRunContext! This warning can be ignored when running in bare mode.
2026-10-05 23:06:18.539 Thread 'MainThread': missing ScriptRunContext! This warning can be ignored when running in bare mode.
2026-10-05 23:06:18.541 Thread 'MainThread': missing ScriptRunContext! This warning can be ignored when running in bare mode.
2026-10-05 23:06:18.543 Thread 'MainThread': missing ScriptRunContext! This warning can be ignored when running in bare mode.
2026-10-05 23:06:18.693 Thread 'MainThread': missing ScriptRunContext! This warning can be ignored when running in bare mode.
2026-10-05 23:06:18.693 Thread 'MainThread': missing ScriptRunContext! This warning can be ignored when running in bare mode.
2026-10-05 23:06:18.693 Thread 'MainThread': missing ScriptRunContext! This warning can be ignored when running in bare mode.
2026-10-05 23:06:18.693 Thread 'MainThread': missing ScriptRunContext! This warning can be ignored when running in bare mode.
2026-10-05 23:06:18.795 Thread 'MainThread': missing ScriptRunContext! This warning can be ignored when running in bare mode.
2026-10-05 23:06:18.812 Thread 'MainThread': missing ScriptRunContext! This warning can be ignored when running in bare mode.
2026-10-05 23:06:18.814 Thread 'MainThread': missing ScriptRunContext! This warning can be ignored when running in bare mode.
2026-10-05 23:06:18.816 Thread 'MainThread': missing ScriptRunContext! This warning can be ignored when running in bare mode.
2026-10-05 23:06:18.818 Thread 'MainThread': missing ScriptRunContext! This warning can be ignored when running in bare mode.
2026-10-05 23:06:18.820 Thread 'MainThread': missing ScriptRunContext! This warning can be ignored when running in bare mode.
2026-10-05 23:06:18.823 Thread 'MainThread': missing ScriptRunContext! This warning can be ignored when running in bare mode.
2026-10-05 23:06:18.826 Thread 'MainThread': missing ScriptRunContext! This warning can be ignored when running in bare mode.
2026-10-05 23:06:18.829 Thread 'MainThread': missing ScriptRunContext! This warning can be ignored when running in bare mode.
2026-10-05 23:06:18.831 Thread 'MainThread': missing ScriptRunContext! This warning can be ignored when running in bare mode.
2026-10-05 23:06:18.834 Thread 'MainThread': missing ScriptRunContext! This warning can be ignored when running in bare mode.
2026-10-05 23:06:18.836 Thread 'MainThread': missing ScriptRunContext! This warning can be ignored when running in bare mode.
2026-10-05 23:06:18.839 Thread 'MainThread': missing ScriptRunContext! This warning can be ignored when running in bare mode.
2026-10-05 23:06:18.841 Thread 'MainThread': missing ScriptRunContext! This warning can be ignored when running in bare mode.
2026-10-05 23:06:18.844 Thread 'MainThread': missing ScriptRunContext! This warning can be ignored when running in bare mode.
2026-10-05 23:06:18.847 Thread 'MainThread': missing ScriptRunContext! This warning can be ignored when running in bare mode.
2026-10-05 23:06:18.849 Thread 'MainThread': missing ScriptRunContext! This warning can be ignored when running in bare mode.
2026-10-05 23:06:18.851 Thread 'MainThread': missing ScriptRunContext! This warning can be ignored when running in bare mode.
2026-10-05 23:06:18.854 Thread 'MainThread': missing ScriptRunContext! This warning can be ignored when running in bare mode.
2026-10-05 23:06:18.856 Thread 'MainThread': missing ScriptRunContext! This warning can be ignored when running in bare mode.
2026-10-05 23:06:18.859 Thread 'MainThread': missing ScriptRunContext! This warning can be ignored when running in bare mode.
2026-10-05 23:06:18.863 Thread 'MainThread': missing ScriptRunContext! This warning can be ignored when running in bare mode.
2026-10-05 23:06:18.865 Thread 'MainThread': missing ScriptRunContext! This warning can be ignored when running in bare mode.
2026-10-05 23:06:18.868 Thread 'MainThread': missing ScriptRunContext! This warning can be ignored when running in bare mode.
2026-10-05 23:06:18.871 Thread 'MainThread': missing ScriptRunContext! This warning can be ignored when running in bare mode.
2026-10-05 23:06:18.873 Thread 'MainThread': missing ScriptRunContext! This warning can be ignored when running in bare mode.
2026-10-05 23:06:18.876 Thread 'MainThread': missing ScriptRunContext! This warning can be ignored when running in bare mode.
2026-10-05 23:06:18.879 Thread 'MainThread': missing ScriptRunContext! This warning can be ignored when running in bare mode.
2026-10-05 23:06:18.882 Thread 'MainThread': missing ScriptRunContext! This warning can be ignored when running in bare mode.
2026-10-05 23:06:18.884 Thread 'MainThread': missing ScriptRunContext! This warning can be ignored when running in bare mode.
2026-10-05 23:06:18.887 Thread 'MainThread': missing ScriptRunContext! This warning can be ignored when running in bare mode.
2026-10-05 23:06:18.890 Thread 'MainThread': missing ScriptRunContext! This warning can be ignored when running in bare mode.
2026-10-05 23:06:18.893 Thread 'MainThread': missing ScriptRunContext! This warning can be ignored when running in bare mode.
2026-10-05 23:06:18.896 Thread 'MainThread': missing ScriptRunContext! This warning can be ignored when running in bare mode.
2026-10-05 23:06:18.899 Thread 'MainThread': missing ScriptRunContext! This warning can be ignored when running in bare mode.
2026-10-05 23:06:18.901 Thread 'MainThread': missing ScriptRunContext! This warning can be ignored when running in bare mode.
2026-10-05 23:06:18.904 Thread 'MainThread': missing ScriptRunContext! This warning can be ignored when running in bare mode.
2026-10-05 23:06:18.907 Thread 'MainThread': missing ScriptRunContext! This warning can be ignored when running in bare mode.
2026-10-05 23:06:18.910 Thread 'MainThread': missing ScriptRunContext! This warning can be ignored when running in bare mode.
2026-10-05 23:06:18.913 Thread 'MainThread': missing ScriptRunContext! This warning can be ignored when running in bare mode.
2026-10-05 23:06:18.916 Thread 'MainThread': missing ScriptRunContext! This warning can be ignored when running in bare mode.
2026-10-05 23:06:18.919 Thread 'MainThread': missing ScriptRunContext! This warning can be ignored when running in bare mode.
2026-10-05 23:06:18.922 Thread 'MainThread': missing ScriptRunContext! This warning can be ignored when running in bare mode.
2026-10-05 23:06:18.924 Thread 'MainThread': missing ScriptRunContext! This warning can be ignored when running in bare mode.
2026-10-05 23:06:18.927 Thread 'MainThread': missing ScriptRunContext! This warning can be ignored when running in bare mode.
2026-10-05 23:06:18.930 Thread 'MainThread': missing ScriptRunContext! This warning can be ignored when running in bare mode.
2026-10-05 23:06:18.933 Thread 'MainThread': missing ScriptRunContext! This warning can be ignored when running in bare mode.
2026-10-05 23:06:18.936 Thread 'MainThread': missing ScriptRunContext! This warning can be ignored when running in bare mode.
2026-10-05 23:06:18.938 Thread 'MainThread': missing ScriptRunContext! This warning can be ignored when running in bare mode.
2026-10-05 23:06:18.941 Thread 'MainThread': missing ScriptRunContext! This warning can be ignored when running in bare mode.
2026-10-05 23:06:18.944 Thread 'MainThread': missing ScriptRunContext! This warning can be ignored when running in bare mode.
2026-10-05 23:06:18.947 Thread 'MainThread': missing ScriptRunContext! This warning can be ignored when running in bare mode.
2026-10-05 23:06:18.950 Thread 'MainThread': missing ScriptRunContext! This warning can be ignored when running in bare mode.
2026-10-05 23:06:18.952 Thread 'MainThread': missing ScriptRunContext! This warning can be ignored when running in bare mode.
2026-10-05 23:06:18.955 Thread 'MainThread': missing ScriptRunContext! This warning can be ignored when running in bare mode.
2026-10-05 23:06:18.958 Thread 'MainThread': missing ScriptRunContext! This warning can be ignored when running in bare mode.
2026-10-05 23:06:18.961 Thread 'MainThread': missing ScriptRunContext! This warning can be ignored when running in bare mode.
2026-10-05 23:06:18.967 Thread 'MainThread': missing ScriptRunContext! This warning can be ignored when running in bare mode.
2026-10-05 23:06:18.970 Thread 'MainThread': missing ScriptRunContext! This warning can be ignored when running in bare mode.
2026-10-05 23:06:18.972 Thread 'MainThread': missing ScriptRunContext! This warning can be ignored when running in bare mode.
2026-10-05 23:06:18.975 Thread 'MainThread': missing ScriptRunContext! This warning can be ignored when running in bare mode.
2026-10-05 23:06:18.978 Thread 'MainThread': missing ScriptRunContext! This warning can be ignored when running in bare mode.
2026-10-05 23:06:18.980 Thread 'MainThread': missing ScriptRunContext! This warning can be ignored when running in bare mode.
2026-10-05 23:06:18.983 Thread 'MainThread': missing ScriptRunContext! This warning can be ignored when running in bare mode.
2026-10-05 23:06:18.986 Thread 'MainThread': missing ScriptRunContext! This warning can be ignored when running in bare mode.
2026-10-05 23:06:18.989 Thread 'MainThread': missing ScriptRunContext! This warning can be ignored when running in bare mode.
2026-10-05 23:06:18.991 Thread 'MainThread': missing ScriptRunContext! This warning can be ignored when running in bare mode.
2026-10-05 23:06:18.994 Thread 'MainThread': missing ScriptRunContext! This warning can be ignored when running in bare mode.
2026-10-05 23:06:18.997 Thread 'MainThread': missing ScriptRunContext! This warning can be ignored when running in bare mode.
2026-10-05 23:06:19.000 Thread 'MainThread': missing ScriptRunContext! This warning can be ignored when running in bare mode.
2026-10-05 23:06:19.003 Thread 'MainThread': missing ScriptRunContext! This warning can be ignored when running in bare mode.
2026-10-05 23:06:19.006 Thread 'MainThread': missing ScriptRunContext! This warning can be ignored when running in bare mode.
2026-10-05 23:06:19.008 Thread 'MainThread': missing ScriptRunContext! This warning can be ignored when running in bare mode.
2026-10-05 23:06:19.011 Thread 'MainThread': missing ScriptRunContext! This warning can be ignored when running in bare mode.
2026-10-05 23:06:19.014 Thread 'MainThread': missing ScriptRunContext! This warning can be ignored when running in bare mode.
2026-10-05 23:06:19.017 Thread 'MainThread': missing ScriptRunContext! This warning can be ignored when running in bare mode.
2026-10-05 23:06:19.020 Thread 'MainThread': missing ScriptRunContext! This warning can be ignored when running in bare mode.
2026-10-05 23:06:19.023 Thread 'MainThread': missing ScriptRunContext! This warning can be ignored when running in bare mode.
2026-10-05 23:06:19.027 Thread 'MainThread': missing ScriptRunContext! This warning can be ignored when running in bare mode.
2026-10-05 23:06:19.030 Thread 'MainThread': missing ScriptRunContext! This warning can be ignored when running in bare mode.
2026-10-05 23:06:19.033 Thread 'MainThread': missing ScriptRunContext! This warning can be ignored when running in bare mode.
2026-10-05 23:06:19.036 Thread 'MainThread': missing ScriptRunContext! This warning can be ignored when running in bare mode.
2026-10-05 23:06:19.039 Thread 'MainThread': missing ScriptRunContext! This warning can be ignored when running in bare mode.
2026-10-05 23:06:19.043 Thread 'MainThread': missing ScriptRunContext! This warning can be ignored when running in bare mode.
2026-10-05 23:06:19.046 Thread 'MainThread': missing ScriptRunContext! This warning can be ignored when running in bare mode.
2026-10-05 23:06:19.048 Thread 'MainThread': missing ScriptRunContext! This warning can be ignored when running in bare mode.
2026-10-05 23:06:19.051 Thread 'MainThread': missing ScriptRunContext! This warning can be ignored when running in bare mode.
2026-10-05 23:06:19.054 Thread 'MainThread': missing ScriptRunContext! This warning can be ignored when running in bare mode.
2026-10-05 23:06:19.057 Thread 'MainThread': missing ScriptRunContext! This warning can be ignored when running in bare mode.
2026-10-05 23:06:19.061 Thread 'MainThread': missing ScriptRunContext! This warning can be ignored when running in bare mode.
2026-10-05 23:06:19.064 Thread 'MainThread': missing ScriptRunContext! This warning can be ignored when running in bare mode.
2026-10-05 23:06:19.066 Thread 'MainThread': missing ScriptRunContext! This warning can be ignored when running in bare mode.
2026-10-05 23:06:19.069 Thread 'MainThread': missing ScriptRunContext! This warning can be ignored when running in bare mode.
2026-10-05 23:06:19.072 Thread 'MainThread': missing ScriptRunContext! This warning can be ignored when running in bare mode.
2026-10-05 23:06:19.075 Thread 'MainThread': missing ScriptRunContext! This warning can be ignored when running in bare mode.
2026-10-05 23:06:19.078 Thread 'MainThread': missing ScriptRunContext! This warning can be ignored when running in bare mode.
2026-10-05 23:06:19.081 Thread 'MainThread': missing ScriptRunContext! This warning can be ignored when running in bare mode.
2026-10-05 23:06:19.084 Thread 'MainThread': missing ScriptRunContext! This warning can be ignored when running in bare mode.
2026-10-05 23:06:19.086 Thread 'MainThread': missing ScriptRunContext! This warning can be ignored when running in bare mode.
2026-10-05 23:06:19.089 Thread 'MainThread': missing ScriptRunContext! This warning can be ignored when running in bare mode.
2026-10-05 23:06:19.091 Thread 'MainThread': missing ScriptRunContext! This warning can be ignored when running in bare mode.
2026-10-05 23:06:19.095 Thread 'MainThread': missing ScriptRunContext! This warning can be ignored when running in bare mode.
2026-10-05 23:06:19.098 Thread 'MainThread': missing ScriptRunContext! This warning can be ignored when running in bare mode.
2026-10-05 23:06:19.100 Thread 'MainThread': missing ScriptRunContext! This warning can be ignored when running in bare mode.
2026-10-05 23:06:19.103 Thread 'MainThread': missing ScriptRunContext! This warning can be ignored when running in bare mode.
2026-10-05 23:06:19.106 Thread 'MainThread': missing ScriptRunContext! This warning can be ignored when running in bare mode.
2026-10-05 23:06:19.109 Thread 'MainThread': missing ScriptRunContext! This warning can be ignored when running in bare mode.
2026-10-05 23:06:19.111 Thread 'MainThread': missing ScriptRunContext! This warning can be ignored when running in bare mode.
2026-10-05 23:06:19.114 Thread 'MainThread': missing ScriptRunContext! This warning can be ignored when running in bare mode.
2026-10-05 23:06:19.116 Thread 'MainThread': missing ScriptRunContext! This warning can be ignored when running in bare mode.
2026-10-05 23:06:19.119 Thread 'MainThread': missing ScriptRunContext! This warning can be ignored when running in bare mode.
2026-10-05 23:06:19.122 Thread 'MainThread': missing ScriptRunContext! This warning can be ignored when running in bare mode.
2026-10-05 23:06:19.124 Thread 'MainThread': missing ScriptRunContext! This warning can be ignored when running in bare mode.
2026-10-05 23:06:19.127 Thread 'MainThread': missing ScriptRunContext! This warning can be ignored when running in bare mode.
2026-10-05 23:06:19.130 Thread 'MainThread': missing ScriptRunContext! This warning can be ignored when running in bare mode.
2026-10-05 23:06:19.132 Thread 'MainThread': missing ScriptRunContext! This warning can be ignored when running in bare mode.
2026-10-05 23:06:19.135 Thread 'MainThread': missing ScriptRunContext! This warning can be ignored when running in bare mode.
2026-10-05 23:06:19.137 Thread 'MainThread': missing ScriptRunContext! This warning can be ignored when running in bare mode.
2026-10-05 23:06:19.140 Thread 'MainThread': missing ScriptRunContext! This warning can be ignored when running in bare mode.
2026-10-05 23:06:19.143 Thread 'MainThread': missing ScriptRunContext! This warning can be ignored when running in bare mode.
2026-10-05 23:06:19.146 Thread 'MainThread': missing ScriptRunContext! This warning can be ignored when running in bare mode.
2026-10-05 23:06:19.149 Thread 'MainThread': missing ScriptRunContext! This warning can be ignored when running in bare mode.
2026-10-05 23:06:19.331 Thread 'MainThread': missing ScriptRunContext! This warning can be ignored when running in bare mode.
2026-10-05 23:06:19.331 Thread 'MainThread': missing ScriptRunContext! This warning can be ignored when running in bare mode.
2026-10-05 23:06:19.331 Thread 'MainThread': missing ScriptRunContext! This warning can be ignored when running in bare mode.
2026-10-05 23:06:19.331 Thread 'MainThread': missing ScriptRunContext! This warning can be ignored when running in bare mode.
2026-10-05 23:06:19.446 Thread 'MainThread': missing ScriptRunContext! This warning can be ignored when running in bare mode.
2026-10-05 23:06:19.462 Thread 'MainThread': missing ScriptRunContext! This warning can be ignored when running in bare mode.
2026-10-05 23:06:19.463 Thread 'MainThread': missing ScriptRunContext! This warning can be ignored when running in bare mode.
2026-10-05 23:06:19.465 Thread 'MainThread': missing ScriptRunContext! This warning can be ignored when running in bare mode.
2026-10-05 23:06:19.467 Thread 'MainThread': missing ScriptRunContext! This warning can be ignored when running in bare mode.
2026-10-05 23:06:19.468 Thread 'MainThread': missing ScriptRunContext! This warning can be ignored when running in bare mode.
2026-10-05 23:06:19.470 Thread 'MainThread': missing ScriptRunContext! This warning can be ignored when running in bare mode.
2026-10-05 23:06:19.471 Thread 'MainThread': missing ScriptRunContext! This warning can be ignored when running in bare mode.
2026-10-05 23:06:19.473 Thread 'MainThread': missing ScriptRunContext! This warning can be ignored when running in bare mode.
2026-10-05 23:06:19.474 Thread 'MainThread': missing ScriptRunContext! This warning can be ignored when running in bare mode.
2026-10-05 23:06:19.476 Thread 'MainThread': missing ScriptRunContext! This warning can be ignored when running in bare mode.
2026-10-05 23:06:19.477 Thread 'MainThread': missing ScriptRunContext! This warning can be ignored when running in bare mode.
2026-10-05 23:06:19.478 Thread 'MainThread': missing ScriptRunContext! This warning can be ignored when running in bare mode.
2026-10-05 23:06:19.480 Thread 'MainThread': missing ScriptRunContext! This warning can be ignored when running in bare mode.
2026-10-05 23:06:19.481 Thread 'MainThread': missing ScriptRunContext! This warning can be ignored when running in bare mode.
2026-10-05 23:06:19.483 Thread 'MainThread': missing ScriptRunContext! This warning can be ignored when running in bare mode.
2026-10-05 23:06:19.485 Thread 'MainThread': missing ScriptRunContext! This warning can be ignored when running in bare mode.
2026-10-05 23:06:19.486 Thread 'MainThread': missing ScriptRunContext! This warning can be ignored when running in bare mode.
2026-10-05 23:06:19.488 Thread 'MainThread': missing ScriptRunContext! This warning can be ignored when running in bare mode.
2026-10-05 23:06:19.489 Thread 'MainThread': missing ScriptRunContext! This warning can be ignored when running in bare mode.
2026-10-05 23:06:19.491 Thread 'MainThread': missing ScriptRunContext! This warning can be ignored when running in bare mode.
2026-10-05 23:06:19.493 Thread 'MainThread': missing ScriptRunContext! This warning can be ignored when running in bare mode.
2026-10-05 23:06:19.494 Thread 'MainThread': missing ScriptRunContext! This warning can be ignored when running in bare mode.
2026-10-05 23:06:19.496 Thread 'MainThread': missing ScriptRunContext! This warning can be ignored when running in bare mode.
2026-10-05 23:06:19.497 Thread 'MainThread': missing ScriptRunContext! This warning can be ignored when running in bare mode.
2026-10-05 23:06:19.498 Thread 'MainThread': missing ScriptRunContext! This warning can be ignored when running in bare mode.
2026-10-05 23:06:19.500 Thread 'MainThread': missing ScriptRunContext! This warning can be ignored when running in bare mode.
2026-10-05 23:06:19.501 Thread 'MainThread': missing ScriptRunContext! This warning can be ignored when running in bare mode.
2026-10-05 23:06:19.503 Thread 'MainThread': missing ScriptRunContext! This warning can be ignored when running in bare mode.
2026-10-05 23:06:19.504 Thread 'MainThread': missing ScriptRunContext! This warning can be ignored when running in bare mode.
2026-10-05 23:06:19.505 Thread 'MainThread': missing ScriptRunContext! This warning can be ignored when running in bare mode.
2026-10-05 23:06:19.507 Thread 'MainThread': missing ScriptRunContext! This warning can be ignored when running in bare mode.
2026-10-05 23:06:19.509 Thread 'MainThread': missing ScriptRunContext! This warning can be ignored when running in bare mode.
2026-10-05 23:06:19.511 Thread 'MainThread': missing ScriptRunContext! This warning can be ignored when running in bare mode.
2026-10-05 23:06:19.512 Thread 'MainThread': missing ScriptRunContext! This warning can be ignored when running in bare mode.
2026-10-05 23:06:19.514 Thread 'MainThread': missing ScriptRunContext! This warning can be ignored when running in bare mode.
2026-10-05 23:06:19.515 Thread 'MainThread': missing ScriptRunContext! This warning can be ignored when running in bare mode.
2026-10-05 23:06:19.517 Thread 'MainThread': missing ScriptRunContext! This warning can be ignored when running in bare mode.
2026-10-05 23:06:19.518 Thread 'MainThread': missing ScriptRunContext! This warning can be ignored when running in bare mode.
2026-10-05 23:06:19.520 Thread 'MainThread': missing ScriptRunContext! This warning can be ignored when running in bare mode.
2026-10-05 23:06:19.521 Thread 'MainThread': missing ScriptRunContext! This warning can be ignored when running in bare mode.
2026-10-05 23:06:19.522 Thread 'MainThread': missing ScriptRunContext! This warning can be ignored when running in bare mode.
2026-10-05 23:06:19.524 Thread 'MainThread': missing ScriptRunContext! This warning can be ignored when running in bare mode.
2026-10-05 23:06:19.526 Thread 'MainThread': missing ScriptRunContext! This warning can be ignored when running in bare mode.
2026-10-05 23:06:19.527 Thread 'MainThread': missing ScriptRunContext! This warning can be ignored when running in bare mode.
2026-10-05 23:06:19.529 Thread 'MainThread': missing ScriptRunContext! This warning can be ignored when running in bare mode.
2026-10-05 23:06:19.530 Thread 'MainThread': missing ScriptRunContext! This warning can be ignored when running in bare mode.
2026-10-05 23:06:19.532 Thread 'MainThread': missing ScriptRunContext! This warning can be ignored when running in bare mode.
2026-10-05 23:06:19.533 Thread 'MainThread': missing ScriptRunContext! This warning can be ignored when running in bare mode.
2026-10-05 23:06:19.535 Thread 'MainThread': missing ScriptRunContext! This warning can be ignored when running in bare mode.
2026-10-05 23:06:19.536 Thread 'MainThread': missing ScriptRunContext! This warning can be ignored when running in bare mode.
2026-10-05 23:06:19.538 Thread 'MainThread': missing ScriptRunContext! This warning can be ignored when running in bare mode.
2026-10-05 23:06:19.539 Thread 'MainThread': missing ScriptRunContext! This warning can be ignored when running in bare mode.
2026-10-05 23:06:19.541 Thread 'MainThread': missing ScriptRunContext! This warning can be ignored when running in bare mode.
2026-10-05 23:06:19.543 Thread 'MainThread': missing ScriptRunContext! This warning can be ignored when running in bare mode.
2026-10-05 23:06:19.544 Thread 'MainThread': missing ScriptRunContext! This warning can be ignored when running in bare mode.
2026-10-05 23:06:19.546 Thread 'MainThread': missing ScriptRunContext! This warning can be ignored when running in bare mode.
2026-10-05 23:06:19.547 Thread 'MainThread': missing ScriptRunContext! This warning can be ignored when running in bare mode.
2026-10-05 23:06:19.548 Thread 'MainThread': missing ScriptRunContext! This warning can be ignored when running in bare mode.
2026-10-05 23:06:19.550 Thread 'MainThread': missing ScriptRunContext! This warning can be ignored when running in bare mode.
2026-10-05 23:06:19.551 Thread 'MainThread': missing ScriptRunContext! This warning can be ignored when running in bare mode.
2026-10-05 23:06:19.553 Thread 'MainThread': missing ScriptRunContext! This warning can be ignored when running in bare mode.
2026-10-05 23:06:19.554 Thread 'MainThread': missing ScriptRunContext! This warning can be ignored when running in bare mode.
2026-10-05 23:06:19.556 Thread 'MainThread': missing ScriptRunContext! This warning can be ignored when running in bare mode.
2026-10-05 23:06:19.557 Thread 'MainThread': missing ScriptRunContext! This warning can be ignored when running in bare mode.
2026-10-05 23:06:19.559 Thread 'MainThread': missing ScriptRunContext! This warning can be ignored when running in bare mode.
2026-10-05 23:06:19.561 Thread 'MainThread': missing ScriptRunContext! This warning can be ignored when running in bare mode.
2026-10-05 23:06:19.562 Thread 'MainThread': missing ScriptRunContext! This warning can be ignored when running in bare mode.
2026-10-05 23:06:19.564 Thread 'MainThread': missing ScriptRunContext! This warning can be ignored when running in bare mode.
2026-10-05 23:06:19.565 Thread 'MainThread': missing ScriptRunContext! This warning can be ignored when running in bare mode.
2026-10-05 23:06:19.567 Thread 'MainThread': missing ScriptRunContext! This warning can be ignored when running in bare mode.
2026-10-05 23:06:19.568 Thread 'MainThread': missing ScriptRunContext! This warning can be ignored when running in bare mode.
2026-10-05 23:06:19.570 Thread 'MainThread': missing ScriptRunContext! This warning can be ignored when running in bare mode.
2026-10-05 23:06:19.571 Thread 'MainThread': missing ScriptRunContext! This warning can be ignored when running in bare mode.
2026-10-05 23:06:19.573 Thread 'MainThread': missing ScriptRunContext! This warning can be ignored when running in bare mode.
2026-10-05 23:06:19.574 Thread 'MainThread': missing ScriptRunContext! This warning can be ignored when running in bare mode.
2026-10-05 23:06:19.576 Thread 'MainThread': missing ScriptRunContext! This warning can be ignored when running in bare mode.
2026-10-05 23:06:19.578 Thread 'MainThread': missing ScriptRunContext! This warning can be ignored when running in bare mode.
2026-10-05 23:06:19.579 Thread 'MainThread': missing ScriptRunContext! This warning can be ignored when running in bare mode.
2026-10-05 23:06:19.581 Thread 'MainThread': missing ScriptRunContext! This warning can be ignored when running in bare mode.
2026-10-05 23:06:19.582 Thread 'MainThread': missing ScriptRunContext! This warning can be ignored when running in bare mode.
2026-10-05 23:06:19.584 Thread 'MainThread': missing ScriptRunContext! This warning can be ignored when running in bare mode.
2026-10-05 23:06:19.585 Thread 'MainThread': missing ScriptRunContext! This warning can be ignored when running in bare mode.
2026-10-05 23:06:19.587 Thread 'MainThread': missing ScriptRunContext! This warning can be ignored when running in bare mode.
2026-10-05 23:06:19.588 Thread 'MainThread': missing ScriptRunContext! This warning can be ignored when running in bare mode.
2026-10-05 23:06:19.590 Thread 'MainThread': missing ScriptRunContext! This warning can be ignored when running in bare mode.
2026-10-05 23:06:19.591 Thread 'MainThread': missing ScriptRunContext! This warning can be ignored when running in bare mode.
2026-10-05 23:06:19.593 Thread 'MainThread': missing ScriptRunContext! This warning can be ignored when running in bare mode.
2026-10-05 23:06:19.594 Thread 'MainThread': missing ScriptRunContext! This warning can be ignored when running in bare mode.
2026-10-05 23:06:19.596 Thread 'MainThread': missing ScriptRunContext! This warning can be ignored when running in bare mode.
2026-10-05 23:06:19.597 Thread 'MainThread': missing ScriptRunContext! This warning can be ignored when running in bare mode.
2026-10-05 23:06:19.599 Thread 'MainThread': missing ScriptRunContext! This warning can be ignored when running in bare mode.
2026-10-05 23:06:19.600 Thread 'MainThread': missing ScriptRunContext! This warning can be ignored when running in bare mode.
2026-10-05 23:06:19.602 Thread 'MainThread': missing ScriptRunContext! This warning can be ignored when running in bare mode.
2026-10-05 23:06:19.603 Thread 'MainThread': missing ScriptRunContext! This warning can be ignored when running in bare mode.
2026-10-05 23:06:19.605 Thread 'MainThread': missing ScriptRunContext! This warning can be ignored when running in bare mode.
2026-10-05 23:06:19.606 Thread 'MainThread': missing ScriptRunContext! This warning can be ignored when running in bare mode.
2026-10-05 23:06:19.608 Thread 'MainThread': missing ScriptRunContext! This warning can be ignored when running in bare mode.
2026-10-05 23:06:19.610 Thread 'MainThread': missing ScriptRunContext! This warning can be ignored when running in bare mode.
2026-10-05 23:06:19.611 Thread 'MainThread': missing ScriptRunContext! This warning can be ignored when running in bare mode.
2026-10-05 23:06:19.613 Thread 'MainThread': missing ScriptRunContext! This warning can be ignored when running in bare mode.
2026-10-05 23:06:19.614 Thread 'MainThread': missing ScriptRunContext! This warning can be ignored when running in bare mode.
2026-10-05 23:06:19.616 Thread 'MainThread': missing ScriptRunContext! This warning can be ignored when running in bare mode.
2026-10-05 23:06:19.617 Thread 'MainThread': missing ScriptRunContext! This warning can be ignored when running in bare mode.
2026-10-05 23:06:19.619 Thread 'MainThread': missing ScriptRunContext! This warning can be ignored when running in bare mode.
2026-10-05 23:06:19.620 Thread 'MainThread': missing ScriptRunContext! This warning can be ignored when running in bare mode.
2026-10-05 23:06:19.621 Thread 'MainThread': missing ScriptRunContext! This warning can be ignored when running in bare mode.
2026-10-05 23:06:19.623 Thread 'MainThread': missing ScriptRunContext! This warning can be ignored when running in bare mode.
2026-10-05 23:06:19.625 Thread 'MainThread': missing ScriptRunContext! This warning can be ignored when running in bare mode.
2026-10-05 23:06:19.626 Thread 'MainThread': missing ScriptRunContext! This warning can be ignored when running in bare mode.
2026-10-05 23:06:19.628 Thread 'MainThread': missing ScriptRunContext! This warning can be ignored when running in bare mode.
2026-10-05 23:06:19.629 Thread 'MainThread': missing ScriptRunContext! This warning can be ignored when running in bare mode.
2026-10-05 23:06:19.630 Thread 'MainThread': missing ScriptRunContext! This warning can be ignored when running in bare mode.
2026-10-05 23:06:19.632 Thread 'MainThread': missing ScriptRunContext! This warning can be ignored when running in bare mode.
2026-10-05 23:06:19.633 Thread 'MainThread': missing ScriptRunContext! This warning can be ignored when running in bare mode.
2026-10-05 23:06:19.635 Thread 'MainThread': missing ScriptRunContext! This warning can be ignored when running in bare mode.
2026-10-05 23:06:19.636 Thread 'MainThread': missing ScriptRunContext! This warning can be ignored when running in bare mode.
2026-10-05 23:06:19.640 Thread 'MainThread': missing ScriptRunContext! This warning can be ignored when running in bare mode.
2026-10-05 23:06:19.641 Thread 'MainThread': missing ScriptRunContext! This warning can be ignored when running in bare mode.
2026-10-05 23:06:19.643 Thread 'MainThread': missing ScriptRunContext! This warning can be ignored when running in bare mode.
2026-10-05 23:06:19.644 Thread 'MainThread': missing ScriptRunContext! This warning can be ignored when running in bare mode.
2026-10-05 23:06:19.646 Thread 'MainThread': missing ScriptRunContext! This warning can be ignored when running in bare mode.
2026-10-05 23:06:19.967 Thread 'MainThread': missing ScriptRunContext! This warning can be ignored when running in bare mode.
2026-10-05 23:06:19.967 Thread 'MainThread': missing ScriptRunContext! This warning can be ignored when running in bare mode.
2026-10-05 23:06:19.967 Thread 'MainThread': missing ScriptRunContext! This warning can be ignored when running in bare mode.
2026-10-05 23:06:19.967 Thread 'MainThread': missing ScriptRunContext! This warning can be ignored when running in bare mode.
2026-10-05 23:06:20.052 Thread 'MainThread': missing ScriptRunContext! This warning can be ignored when running in bare mode.
2026-10-05 23:06:20.068 Thread 'MainThread': missing ScriptRunContext! This warning can be ignored when running in bare mode.
2026-10-05 23:06:20.071 Thread 'MainThread': missing ScriptRunContext! This warning can be ignored when running in bare mode.
2026-10-05 23:06:20.073 Thread 'MainThread': missing ScriptRunContext! This warning can be ignored when running in bare mode.
2026-10-05 23:06:20.075 Thread 'MainThread': missing ScriptRunContext! This warning can be ignored when running in bare mode.
2026-10-05 23:06:20.077 Thread 'MainThread': missing ScriptRunContext! This warning can be ignored when running in bare mode.
2026-10-05 23:06:20.079 Thread 'MainThread': missing ScriptRunContext! This warning can be ignored when running in bare mode.
2026-10-05 23:06:20.081 Thread 'MainThread': missing ScriptRunContext! This warning can be ignored when running in bare mode.
2026-10-05 23:06:20.083 Thread 'MainThread': missing ScriptRunContext! This warning can be ignored when running in bare mode.
2026-10-05 23:06:20.085 Thread 'MainThread': missing ScriptRunContext! This warning can be ignored when running in bare mode.
2026-10-05 23:06:20.087 Thread 'MainThread': missing ScriptRunContext! This warning can be ignored when running in bare mode.
2026-10-05 23:06:20.089 Thread 'MainThread': missing ScriptRunContext! This warning can be ignored when running in bare mode.
2026-10-05 23:06:20.091 Thread 'MainThread': missing ScriptRunContext! This warning can be ignored when running in bare mode.
2026-10-05 23:06:20.094 Thread 'MainThread': missing ScriptRunContext! This warning can be ignored when running in bare mode.
2026-10-05 23:06:20.096 Thread 'MainThread': missing ScriptRunContext! This warning can be ignored when running in bare mode.
2026-10-05 23:06:20.098 Thread 'MainThread': missing ScriptRunContext! This warning can be ignored when running in bare mode.
2026-10-05 23:06:20.100 Thread 'MainThread': missing ScriptRunContext! This warning can be ignored when running in bare mode.
2026-10-05 23:06:20.102 Thread 'MainThread': missing ScriptRunContext! This warning can be ignored when running in bare mode.
2026-10-05 23:06:20.104 Thread 'MainThread': missing ScriptRunContext! This warning can be ignored when running in bare mode.
2026-10-05 23:06:20.106 Thread 'MainThread': missing ScriptRunContext! This warning can be ignored when running in bare mode.
2026-10-05 23:06:20.108 Thread 'MainThread': missing ScriptRunContext! This warning can be ignored when running in bare mode.
2026-10-05 23:06:20.110 Thread 'MainThread': missing ScriptRunContext! This warning can be ignored when running in bare mode.
2026-10-05 23:06:20.112 Thread 'MainThread': missing ScriptRunContext! This warning can be ignored when running in bare mode.
2026-10-05 23:06:20.114 Thread 'MainThread': missing ScriptRunContext! This warning can be ignored when running in bare mode.
2026-10-05 23:06:20.116 Thread 'MainThread': missing ScriptRunContext! This warning can be ignored when running in bare mode.
2026-10-05 23:06:20.119 Thread 'MainThread': missing ScriptRunContext! This warning can be ignored when running in bare mode.
2026-10-05 23:06:20.123 Thread 'MainThread': missing ScriptRunContext! This warning can be ignored when running in bare mode.
2026-10-05 23:06:20.126 Thread 'MainThread': missing ScriptRunContext! This warning can be ignored when running in bare mode.
2026-10-05 23:06:20.128 Thread 'MainThread': missing ScriptRunContext! This warning can be ignored when running in bare mode.
2026-10-05 23:06:20.130 Thread 'MainThread': missing ScriptRunContext! This warning can be ignored when running in bare mode.
2026-10-05 23:06:20.132 Thread 'MainThread': missing ScriptRunContext! This warning can be ignored when running in bare mode.
2026-10-05 23:06:20.134 Thread 'MainThread': missing ScriptRunContext! This warning can be ignored when running in bare mode.
2026-10-05 23:06:20.136 Thread 'MainThread': missing ScriptRunContext! This warning can be ignored when running in bare mode.
2026-10-05 23:06:20.138 Thread 'MainThread': missing ScriptRunContext! This warning can be ignored when running in bare mode.
2026-10-05 23:06:20.140 Thread 'MainThread': missing ScriptRunContext! This warning can be ignored when running in bare mode.
2026-10-05 23:06:20.142 Thread 'MainThread': missing ScriptRunContext! This warning can be ignored when running in bare mode.
2026-10-05 23:06:20.144 Thread 'MainThread': missing ScriptRunContext! This warning can be ignored when running in bare mode.
2026-10-05 23:06:20.146 Thread 'MainThread': missing ScriptRunContext! This warning can be ignored when running in bare mode.
2026-10-05 23:06:20.148 Thread 'MainThread': missing ScriptRunContext! This warning can be ignored when running in bare mode.
2026-10-05 23:06:20.151 Thread 'MainThread': missing ScriptRunContext! This warning can be ignored when running in bare mode.
2026-10-05 23:06:20.153 Thread 'MainThread': missing ScriptRunContext! This warning can be ignored when running in bare mode.
2026-10-05 23:06:20.154 Thread 'MainThread': missing ScriptRunContext! This warning can be ignored when running in bare mode.
2026-10-05 23:06:20.156 Thread 'MainThread': missing ScriptRunContext! This warning can be ignored when running in bare mode.
2026-10-05 23:06:20.158 Thread 'MainThread': missing ScriptRunContext! This warning can be ignored when running in bare mode.
2026-10-05 23:06:20.160 Thread 'MainThread': missing ScriptRunContext! This warning can be ignored when running in bare mode.
2026-10-05 23:06:20.162 Thread 'MainThread': missing ScriptRunContext! This warning can be ignored when running in bare mode.
2026-10-05 23:06:20.164 Thread 'MainThread': missing ScriptRunContext! This warning can be ignored when running in bare mode.
2026-10-05 23:06:20.166 Thread 'MainThread': missing ScriptRunContext! This warning can be ignored when running in bare mode.
2026-10-05 23:06:20.168 Thread 'MainThread': missing ScriptRunContext! This warning can be ignored when running in bare mode.
2026-10-05 23:06:20.170 Thread 'MainThread': missing ScriptRunContext! This warning can be ignored when running in bare mode.
2026-10-05 23:06:20.172 Thread 'MainThread': missing ScriptRunContext! This warning can be ignored when running in bare mode.
2026-10-05 23:06:20.173 Thread 'MainThread': missing ScriptRunContext! This warning can be ignored when running in bare mode.
2026-10-05 23:06:20.176 Thread 'MainThread': missing ScriptRunContext! This warning can be ignored when running in bare mode.
2026-10-05 23:06:20.178 Thread 'MainThread': missing ScriptRunContext! This warning can be ignored when running in bare mode.
2026-10-05 23:06:20.180 Thread 'MainThread': missing ScriptRunContext! This warning can be ignored when running in bare mode.
2026-10-05 23:06:20.183 Thread 'MainThread': missing ScriptRunContext! This warning can be ignored when running in bare mode.
2026-10-05 23:06:20.185 Thread 'MainThread': missing ScriptRunContext! This warning can be ignored when running in bare mode.
2026-10-05 23:06:20.187 Thread 'MainThread': missing ScriptRunContext! This warning can be ignored when running in bare mode.
2026-10-05 23:06:20.189 Thread 'MainThread': missing ScriptRunContext! This warning can be ignored when running in bare mode.
2026-10-05 23:06:20.191 Thread 'MainThread': missing ScriptRunContext! This warning can be ignored when running in bare mode.
2026-10-05 23:06:20.193 Thread 'MainThread': missing ScriptRunContext! This warning can be ignored when running in bare mode.
2026-10-05 23:06:20.195 Thread 'MainThread': missing ScriptRunContext! This warning can be ignored when running in bare mode.
2026-10-05 23:06:20.197 Thread 'MainThread': missing ScriptRunContext! This warning can be ignored when running in bare mode.
2026-10-05 23:06:20.199 Thread 'MainThread': missing ScriptRunContext! This warning can be ignored when running in bare mode.
2026-10-05 23:06:20.201 Thread 'MainThread': missing ScriptRunContext! This warning can be ignored when running in bare mode.
2026-10-05 23:06:20.203 Thread 'MainThread': missing ScriptRunContext! This warning can be ignored when running in bare mode.
2026-10-05 23:06:20.205 Thread 'MainThread': missing ScriptRunContext! This warning can be ignored when running in bare mode.
2026-10-05 23:06:20.207 Thread 'MainThread': missing ScriptRunContext! This warning can be ignored when running in bare mode.
2026-10-05 23:06:20.209 Thread 'MainThread': missing ScriptRunContext! This warning can be ignored when running in bare mode.
2026-10-05 23:06:20.211 Thread 'MainThread': missing ScriptRunContext! This warning can be ignored when running in bare mode.
2026-10-05 23:06:20.213 Thread 'MainThread': missing ScriptRunContext! This warning can be ignored when running in bare mode.
2026-10-05 23:06:20.215 Thread 'MainThread': missing ScriptRunContext! This warning can be ignored when running in bare mode.
2026-10-05 23:06:20.217 Thread 'MainThread': missing ScriptRunContext! This warning can be ignored when running in bare mode.
2026-10-05 23:06:20.219 Thread 'MainThread': missing ScriptRunContext! This warning can be ignored when running in bare mode.
2026-10-05 23:06:20.221 Thread 'MainThread': missing ScriptRunContext! This warning can be ignored when running in bare mode.
2026-10-05 23:06:20.223 Thread 'MainThread': missing ScriptRunContext! This warning can be ignored when running in bare mode.
2026-10-05 23:06:20.225 Thread 'MainThread': missing ScriptRunContext! This warning can be ignored when running in bare mode.
2026-10-05 23:06:20.228 Thread 'MainThread': missing ScriptRunContext! This warning can be ignored when running in bare mode.
2026-10-05 23:06:20.230 Thread 'MainThread': missing ScriptRunContext! This warning can be ignored when running in bare mode.
2026-10-05 23:06:20.232 Thread 'MainThread': missing ScriptRunContext! This warning can be ignored when running in bare mode.
2026-10-05 23:06:20.234 Thread 'MainThread': missing ScriptRunContext! This warning can be ignored when running in bare mode.
2026-10-05 23:06:20.236 Thread 'MainThread': missing ScriptRunContext! This warning can be ignored when running in bare mode.
2026-10-05 23:06:20.238 Thread 'MainThread': missing ScriptRunContext! This warning can be ignored when running in bare mode.
2026-10-05 23:06:20.240 Thread 'MainThread': missing ScriptRunContext! This warning can be ignored when running in bare mode.
2026-10-05 23:06:20.242 Thread 'MainThread': missing ScriptRunContext! This warning can be ignored when running in bare mode.
2026-10-05 23:06:20.244 Thread 'MainThread': missing ScriptRunContext! This warning can be ignored when running in bare mode.
2026-10-05 23:06:20.247 Thread 'MainThread': missing ScriptRunContext! This warning can be ignored when running in bare mode.
2026-10-05 23:06:20.249 Thread 'MainThread': missing ScriptRunContext! This warning can be ignored when running in bare mode.
2026-10-05 23:06:20.251 Thread 'MainThread': missing ScriptRunContext! This warning can be ignored when running in bare mode.
2026-10-05 23:06:20.253 Thread 'MainThread': missing ScriptRunContext! This warning can be ignored when running in bare mode.
2026-10-05 23:06:20.255 Thread 'MainThread': missing ScriptRunContext! This warning can be ignored when running in bare mode.
2026-10-05 23:06:20.257 Thread 'MainThread': missing ScriptRunContext! This warning can be ignored when running in bare mode.
2026-10-05 23:06:20.261 Thread 'MainThread': missing ScriptRunContext! This warning can be ignored when running in bare mode.
2026-10-05 23:06:20.263 Thread 'MainThread': missing ScriptRunContext! This warning can be ignored when running in bare mode.
2026-10-05 23:06:20.265 Thread 'MainThread': missing ScriptRunContext! This warning can be ignored when running in bare mode.
2026-10-05 23:06:20.268 Thread 'MainThread': missing ScriptRunContext! This warning can be ignored when running in bare mode.
2026-10-05 23:06:20.270 Thread 'MainThread': missing ScriptRunContext! This warning can be ignored when running in bare mode.
2026-10-05 23:06:20.272 Thread 'MainThread': missing ScriptRunContext! This warning can be ignored when running in bare mode.
2026-10-05 23:06:20.274 Thread 'MainThread': missing ScriptRunContext! This warning can be ignored when running in bare mode.
2026-10-05 23:06:20.276 Thread 'MainThread': missing ScriptRunContext! This warning can be ignored when running in bare mode.
2026-10-05 23:06:20.278 Thread 'MainThread': missing ScriptRunContext! This warning can be ignored when running in bare mode.
2026-10-05 23:06:20.281 Thread 'MainThread': missing ScriptRunContext! This warning can be ignored when running in bare mode.
2026-10-05 23:06:20.283 Thread 'MainThread': missing ScriptRunContext! This warning can be ignored when running in bare mode.
2026-10-05 23:06:20.285 Thread 'MainThread': missing ScriptRunContext! This warning can be ignored when running in bare mode.
2026-10-05 23:06:20.287 Thread 'MainThread': missing ScriptRunContext! This warning can be ignored when running in bare mode.
2026-10-05 23:06:20.290 Thread 'MainThread': missing ScriptRunContext! This warning can be ignored when running in bare mode.
2026-10-05 23:06:20.293 Thread 'MainThread': missing ScriptRunContext! This warning can be ignored when running in bare mode.
2026-10-05 23:06:20.295 Thread 'MainThread': missing ScriptRunContext! This warning can be ignored when running in bare mode.
2026-10-05 23:06:20.298 Thread 'MainThread': missing ScriptRunContext! This warning can be ignored when running in bare mode.
2026-10-05 23:06:20.302 Thread 'MainThread': missing ScriptRunContext! This warning can be ignored when running in bare mode.
2026-10-05 23:06:20.305 Thread 'MainThread': missing ScriptRunContext! This warning can be ignored when running in bare mode.
2026-10-05 23:06:20.308 Thread 'MainThread': missing ScriptRunContext! This warning can be ignored when running in bare mode.
2026-10-05 23:06:20.311 Thread 'MainThread': missing ScriptRunContext! This warning can be ignored when running in bare mode.
2026-10-05 23:06:20.314 Thread 'MainThread': missing ScriptRunContext! This warning can be ignored when running in bare mode.
2026-10-05 23:06:20.317 Thread 'MainThread': missing ScriptRunContext! This warning can be ignored when running in bare mode.
2026-10-05 23:06:20.320 Thread 'MainThread': missing ScriptRunContext! This warning can be ignored when running in bare mode.
2026-10-05 23:06:20.323 Thread 'MainThread': missing ScriptRunContext! This warning can be ignored when running in bare mode.
2026-10-05 23:06:20.326 Thread 'MainThread': missing ScriptRunContext! This warning can be ignored when running in bare mode.
2026-10-05 23:06:20.329 Thread 'MainThread': missing ScriptRunContext! This warning can be ignored when running in bare mode.
2026-10-05 23:06:20.332 Thread 'MainThread': missing ScriptRunContext! This warning can be ignored when running in bare mode.
2026-10-05 23:06:20.334 Thread 'MainThread': missing ScriptRunContext! This warning can be ignored when running in bare mode.
2026-10-05 23:06:20.336 Thread 'MainThread': missing ScriptRunContext! This warning can be ignored when running in bare mode.
2026-10-05 23:06:20.503 Thread 'MainThread': missing ScriptRunContext! This warning can be ignored when running in bare mode.
2026-10-05 23:06:20.503 Thread 'MainThread': missing ScriptRunContext! This warning can be ignored when running in bare mode.
2026-10-05 23:06:20.503 Thread 'MainThread': missing ScriptRunContext! This warning can be ignored when running in bare mode.
2026-10-05 23:06:20.503 Thread 'MainThread': missing ScriptRunContext! This warning can be ignored when running in bare mode.
2026-10-05 23:06:21.017 Thread 'MainThread': missing ScriptRunContext! This warning can be ignored when running in bare mode.
2026-10-05 23:06:21.017 Thread 'MainThread': missing ScriptRunContext! This warning can be ignored when running in bare mode.
2026-10-05 23:06:21.017 Thread 'MainThread': missing ScriptRunContext! This warning can be ignored when running in bare mode.
2026-10-05 23:06:21.017 Thread 'MainThread': missing ScriptRunContext! This warning can be ignored when running in bare mode.
2026-10-05 23:06:21.017 Thread 'MainThread': missing ScriptRunContext! This warning can be ignored when running in bare mode.
2026-10-05 23:06:21.017 Thread 'MainThread': missing ScriptRunContext! This warning can be ignored when running in bare mode.
2026-10-05 23:06:21.017 Thread 'MainThread': missing ScriptRunContext! This warning can be ignored when running in bare mode.
2026-10-05 23:06:22.116 Please replace `use_container_width` with `width`.

`use_container_width` will be removed after 2025-12-31.

For `use_container_width=True`, use `width='stretch'`. For `use_container_width=False`, use `width='content'`.
2026-10-05 23:06:22.998 Please replace `use_container_width` with `width`.

`use_container_width` will be removed after 2025-12-31.

For `use_container_width=True`, use `width='stretch'`. For `use_container_width=False`, use `width='content'`.
2026-10-05 23:06:23.628 Please replace `use_container_width` with `width`.

`use_container_width` will be removed after 2025-12-31.

For `use_container_width=True`, use `width='stretch'`. For `use_container_width=False`, use `width='content'`.
2026-10-05 23:06:24.005 Please replace `use_container_width` with `width`.

`use_container_width` will be removed after 2025-12-31.

For `use_container_width=True`, use `width='stretch'`. For `use_container_width=False`, use `width='content'`.
2026-10-05 23:06:24.449 Please replace `use_container_width` with `width`.

`use_container_width` will be removed after 2025-12-31.

For `use_container_width=True`, use `width='stretch'`. For `use_container_width=False`, use `width='content'`.
2026-10-05 23:06:24.740 Thread 'MainThread': missing ScriptRunContext! This warning can be ignored when running in bare mode.
2026-10-05 23:06:24.740 Thread 'MainThread': missing ScriptRunContext! This warning can be ignored when running in bare mode.
2026-10-05 23:06:24.740 Thread 'MainThread': missing ScriptRunContext! This warning can be ignored when running in bare mode.
2026-10-05 23:06:24.740 Thread 'MainThread': missing ScriptRunContext! This warning can be ignored when running in bare mode.
2026-10-05 23:06:24.740 Thread 'MainThread': missing ScriptRunContext! This warning can be ignored when running in bare mode.
2026-10-05 23:06:24.741 Thread 'MainThread': missing ScriptRunContext! This warning can be ignored when running in bare mode.
2026-10-05 23:06:24.741 Thread 'MainThread': missing ScriptRunContext! This warning can be ignored when running in bare mode.
2026-10-05 23:06:25.993 Please replace `use_container_width` with `width`.

`use_container_width` will be removed after 2025-12-31.

For `use_container_width=True`, use `width='stretch'`. For `use_container_width=False`, use `width='content'`.
2026-10-05 23:06:26.277 Please replace `use_container_width` with `width`.

`use_container_width` will be removed after 2025-12-31.

For `use_container_width=True`, use `width='stretch'`. For `use_container_width=False`, use `width='content'`.
2026-10-05 23:06:26.290 Thread 'MainThread': missing ScriptRunContext! This warning can be ignored when running in bare mode.
2026-10-05 23:06:26.290 Thread 'MainThread': missing ScriptRunContext! This warning can be ignored when running in bare mode.
2026-10-05 23:06:26.290 Thread 'MainThread': missing ScriptRunContext! This warning can be ignored when running in bare mode.
2026-10-05 23:06:26.290 Thread 'MainThread': missing ScriptRunContext! This warning can be ignored when running in bare mode.
2026-10-05 23:06:26.290 Thread 'MainThread': missing ScriptRunContext! This warning can be ignored when running in bare mode.
2026-10-05 23:06:26.290 Thread 'MainThread': missing ScriptRunContext! This warning can be ignored when running in bare mode.
2026-10-05 23:06:26.671 Please replace `use_container_width` with `width`.

`use_container_width` will be removed after 2025-12-31.

For `use_container_width=True`, use `width='stretch'`. For `use_container_width=False`, use `width='content'`.
2026-10-05 23:06:28.353 Please replace `use_container_width` with `width`.

`use_container_width` will be removed after 2025-12-31.

For `use_container_width=True`, use `width='stretch'`. For `use_container_width=False`, use `width='content'`.
2026-10-05 23:06:30.076 Please replace `use_container_width` with `width`.

`use_container_width` will be removed after 2025-12-31.

For `use_container_width=True`, use `width='stretch'`. For `use_container_width=False`, use `width='content'`.
2026-10-05 23:06:31.304 Please replace `use_container_width` with `width`.

`use_container_width` will be removed after 2025-12-31.

For `use_container_width=True`, use `width='stretch'`. For `use_container_width=False`, use `width='content'`.
2026-10-05 23:06:32.513 Please replace `use_container_width` with `width`.

`use_container_width` will be removed after 2025-12-31.

For `use_container_width=True`, use `width='stretch'`. For `use_container_width=False`, use `width='content'`.
2026-10-05 23:06:32.573 Please replace `use_container_width` with `width`.

`use_container_width` will be removed after 2025-12-31.

For `use_container_width=True`, use `width='stretch'`. For `use_container_width=False`, use `width='content'`.
2026-10-05 23:06:33.146 Please replace `use_container_width` with `width`.

`use_container_width` will be removed after 2025-12-31.

For `use_container_width=True`, use `width='stretch'`. For `use_container_width=False`, use `width='content'`.
2026-10-05 23:06:33.244 Please replace `use_container_width` with `width`.

`use_container_width` will be removed after 2025-12-31.

For `use_container_width=True`, use `width='stretch'`. For `use_container_width=False`, use `width='content'`.
2026-10-05 23:06:33.755 Please replace `use_container_width` with `width`.

`use_container_width` will be removed after 2025-12-31.

For `use_container_width=True`, use `width='stretch'`. For `use_container_width=False`, use `width='content'`.
2026-10-05 23:06:33.837 Please replace `use_container_width` with `width`.

`use_container_width` will be removed after 2025-12-31.

For `use_container_width=True`, use `width='stretch'`. For `use_container_width=False`, use `width='content'`.
2026-10-05 23:06:34.446 Please replace `use_container_width` with `width`.

`use_container_width` will be removed after 2025-12-31.

For `use_container_width=True`, use `width='stretch'`. For `use_container_width=False`, use `width='content'`.
2026-10-05 23:06:34.532 Please replace `use_container_width` with `width`.

`use_container_width` will be removed after 2025-12-31.

For `use_container_width=True`, use `width='stretch'`. For `use_container_width=False`, use `width='content'`.
2026-10-05 23:06:34.563 Thread 'MainThread': missing ScriptRunContext! This warning can be ignored when running in bare mode.
2026-10-05 23:06:34.563 Thread 'MainThread': missing ScriptRunContext! This warning can be ignored when running in bare mode.
2026-10-05 23:06:34.565 Thread 'MainThread': missing ScriptRunContext! This warning can be ignored when running in bare mode.
2026-10-05 23:06:34.565 Thread 'MainThread': missing ScriptRunContext! This warning can be ignored when running in bare mode.
2026-10-05 23:06:34.565 Thread 'MainThread': missing ScriptRunContext! This warning can be ignored when running in bare mode.
2026-10-05 23:06:34.565 Thread 'MainThread': missing ScriptRunContext! This warning can be ignored when running in bare mode.
2026-10-05 23:06:34.565 Thread 'MainThread': missing ScriptRunContext! This warning can be ignored when running in bare mode.
2026-10-05 23:06:37.245 Please replace `use_container_width` with `width`.

`use_container_width` will be removed after 2025-12-31.

For `use_container_width=True`, use `width='stretch'`. For `use_container_width=False`, use `width='content'`.
2026-10-05 23:06:37.882 Please replace `use_container_width` with `width`.

`use_container_width` will be removed after 2025-12-31.

For `use_container_width=True`, use `width='stretch'`. For `use_container_width=False`, use `width='content'`.
2026-10-05 23:06:39.342 Thread 'MainThread': missing ScriptRunContext! This warning can be ignored when running in bare mode.
2026-10-05 23:06:39.343 Thread 'MainThread': missing ScriptRunContext! This warning can be ignored when running in bare mode.
2026-10-05 23:06:39.343 Thread 'MainThread': missing ScriptRunContext! This warning can be ignored when running in bare mode.
2026-10-05 23:06:39.344 Thread 'MainThread': missing ScriptRunContext! This warning can be ignored when running in bare mode.
2026-10-05 23:06:39.344 Thread 'MainThread': missing ScriptRunContext! This warning can be ignored when running in bare mode.
2026-10-05 23:06:39.344 Thread 'MainThread': missing ScriptRunContext! This warning can be ignored when running in bare mode.
2026-10-05 23:06:39.344 Thread 'MainThread': missing ScriptRunContext! This warning can be ignored when running in bare mode.
2026-10-05 23:06:41.315 Please replace `use_container_width` with `width`.

`use_container_width` will be removed after 2025-12-31.

For `use_container_width=True`, use `width='stretch'`. For `use_container_width=False`, use `width='content'`.
2026-10-05 23:06:42.226 Please replace `use_container_width` with `width`.

`use_container_width` will be removed after 2025-12-31.

For `use_container_width=True`, use `width='stretch'`. For `use_container_width=False`, use `width='content'`.
2026-10-05 23:06:46.103 Thread 'MainThread': missing ScriptRunContext! This warning can be ignored when running in bare mode.
2026-10-05 23:06:46.103 Thread 'MainThread': missing ScriptRunContext! This warning can be ignored when running in bare mode.
2026-10-05 23:06:46.103 Thread 'MainThread': missing ScriptRunContext! This warning can be ignored when running in bare mode.
2026-10-05 23:06:46.103 Thread 'MainThread': missing ScriptRunContext! This warning can be ignored when running in bare mode.
2026-10-05 23:06:46.103 Thread 'MainThread': missing ScriptRunContext! This warning can be ignored when running in bare mode.
2026-10-05 23:06:46.103 Thread 'MainThread': missing ScriptRunContext! This warning can be ignored when running in bare mode.
2026-10-05 23:06:46.104 Thread 'MainThread': missing ScriptRunContext! This warning can be ignored when running in bare mode.
2026-10-05 23:06:48.431 Please replace `use_container_width` with `width`.

`use_container_width` will be removed after 2025-12-31.

For `use_container_width=True`, use `width='stretch'`. For `use_container_width=False`, use `width='content'`.
2026-10-05 23:06:49.027 Please replace `use_container_width` with `width`.

`use_container_width` will be removed after 2025-12-31.

For `use_container_width=True`, use `width='stretch'`. For `use_container_width=False`, use `width='content'`.
2026-10-05 23:06:50.587 Thread 'MainThread': missing ScriptRunContext! This warning can be ignored when running in bare mode.
2026-10-05 23:06:50.587 Thread 'MainThread': missing ScriptRunContext! This warning can be ignored when running in bare mode.
2026-10-05 23:06:50.588 Thread 'MainThread': missing ScriptRunContext! This warning can be ignored when running in bare mode.
2026-10-05 23:06:50.588 Thread 'MainThread': missing ScriptRunContext! This warning can be ignored when running in bare mode.
2026-10-05 23:06:50.588 Thread 'MainThread': missing ScriptRunContext! This warning can be ignored when running in bare mode.
2026-10-05 23:06:50.588 Thread 'MainThread': missing ScriptRunContext! This warning can be ignored when running in bare mode.
2026-10-05 23:06:50.588 Thread 'MainThread': missing ScriptRunContext! This warning can be ignored when running in bare mode.
2026-10-05 23:06:51.975 Please replace `use_container_width` with `width`.

`use_container_width` will be removed after 2025-12-31.

For `use_container_width=True`, use `width='stretch'`. For `use_container_width=False`, use `width='content'`.
2026-10-05 23:06:52.808 Please replace `use_container_width` with `width`.

`use_container_width` will be removed after 2025-12-31.

For `use_container_width=True`, use `width='stretch'`. For `use_container_width=False`, use `width='content'`.
2026-10-05 23:06:54.077 Please replace `use_container_width` with `width`.

`use_container_width` will be removed after 2025-12-31.

For `use_container_width=True`, use `width='stretch'`. For `use_container_width=False`, use `width='content'`.
2026-10-05 23:06:55.160 Please replace `use_container_width` with `width`.

`use_container_width` will be removed after 2025-12-31.

For `use_container_width=True`, use `width='stretch'`. For `use_container_width=False`, use `width='content'`.
2026-10-05 23:06:56.414 Please replace `use_container_width` with `width`.

`use_container_width` will be removed after 2025-12-31.

For `use_container_width=True`, use `width='stretch'`. For `use_container_width=False`, use `width='content'`.
2026-10-05 23:06:57.565 Please replace `use_container_width` with `width`.

`use_container_width` will be removed after 2025-12-31.

For `use_container_width=True`, use `width='stretch'`. For `use_container_width=False`, use `width='content'`.
2026-10-05 23:07:01.279 Please replace `use_container_width` with `width`.

`use_container_width` will be removed after 2025-12-31.

For `use_container_width=True`, use `width='stretch'`. For `use_container_width=False`, use `width='content'`.
2026-10-05 23:07:02.429 Please replace `use_container_width` with `width`.

`use_container_width` will be removed after 2025-12-31.

For `use_container_width=True`, use `width='stretch'`. For `use_container_width=False`, use `width='content'`.
2026-10-05 23:07:03.183 Thread 'MainThread': missing ScriptRunContext! This warning can be ignored when running in bare mode.
2026-10-05 23:07:03.183 Thread 'MainThread': missing ScriptRunContext! This warning can be ignored when running in bare mode.
2026-10-05 23:07:03.183 Thread 'MainThread': missing ScriptRunContext! This warning can be ignored when running in bare mode.
2026-10-05 23:07:03.183 Thread 'MainThread': missing ScriptRunContext! This warning can be ignored when running in bare mode.
2026-10-05 23:07:03.184 Thread 'MainThread': missing ScriptRunContext! This warning can be ignored when running in bare mode.
2026-10-05 23:07:03.184 Thread 'MainThread': missing ScriptRunContext! This warning can be ignored when running in bare mode.
2026-10-05 23:07:03.184 Thread 'MainThread': missing ScriptRunContext! This warning can be ignored when running in bare mode.
2026-10-05 23:07:03.871 Please replace `use_container_width` with `width`.

`use_container_width` will be removed after 2025-12-31.

For `use_container_width=True`, use `width='stretch'`. For `use_container_width=False`, use `width='content'`.
2026-10-05 23:07:04.099 Please replace `use_container_width` with `width`.

`use_container_width` will be removed after 2025-12-31.

For `use_container_width=True`, use `width='stretch'`. For `use_container_width=False`, use `width='content'`.
2026-10-05 23:07:05.008 Please replace `use_container_width` with `width`.

`use_container_width` will be removed after 2025-12-31.

For `use_container_width=True`, use `width='stretch'`. For `use_container_width=False`, use `width='content'`.
2026-10-05 23:07:05.045 Please replace `use_container_width` with `width`.

`use_container_width` will be removed after 2025-12-31.

For `use_container_width=True`, use `width='stretch'`. For `use_container_width=False`, use `width='content'`.
2026-10-05 23:07:05.284 Please replace `use_container_width` with `width`.

`use_container_width` will be removed after 2025-12-31.

For `use_container_width=True`, use `width='stretch'`. For `use_container_width=False`, use `width='content'`.
2026-10-05 23:07:05.299 Thread 'MainThread': missing ScriptRunContext! This warning can be ignored when running in bare mode.
2026-10-05 23:07:05.713 Please replace `use_container_width` with `width`.

`use_container_width` will be removed after 2025-12-31.

For `use_container_width=True`, use `width='stretch'`. For `use_container_width=False`, use `width='content'`.
2026-10-05 23:07:05.724 Thread 'MainThread': missing ScriptRunContext! This warning can be ignored when running in bare mode.
2026-10-05 23:07:05.724 Thread 'MainThread': missing ScriptRunContext! This warning can be ignored when running in bare mode.
2026-10-05 23:07:05.724 Thread 'MainThread': missing ScriptRunContext! This warning can be ignored when running in bare mode.
2026-10-05 23:07:05.724 Thread 'MainThread': missing ScriptRunContext! This warning can be ignored when running in bare mode.
2026-10-05 23:07:05.724 Thread 'MainThread': missing ScriptRunContext! This warning can be ignored when running in bare mode.
2026-10-05 23:07:05.724 Thread 'MainThread': missing ScriptRunContext! This warning can be ignored when running in bare mode.
2026-10-05 23:07:05.724 Thread 'MainThread': missing ScriptRunContext! This warning can be ignored when running in bare mode.
2026-10-05 23:07:06.498 Please replace `use_container_width` with `width`.

`use_container_width` will be removed after 2025-12-31.

For `use_container_width=True`, use `width='stretch'`. For `use_container_width=False`, use `width='content'`.
2026-10-05 23:07:06.501 Please replace `use_container_width` with `width`.

`use_container_width` will be removed after 2025-12-31.

For `use_container_width=True`, use `width='stretch'`. For `use_container_width=False`, use `width='content'`.
2026-10-05 23:07:06.516 Please replace `use_container_width` with `width`.

`use_container_width` will be removed after 2025-12-31.

For `use_container_width=True`, use `width='stretch'`. For `use_container_width=False`, use `width='content'`.
2026-10-05 23:07:06.717 Please replace `use_container_width` with `width`.

`use_container_width` will be removed after 2025-12-31.

For `use_container_width=True`, use `width='stretch'`. For `use_container_width=False`, use `width='content'`.
2026-10-05 23:07:06.720 Please replace `use_container_width` with `width`.

`use_container_width` will be removed after 2025-12-31.

For `use_container_width=True`, use `width='stretch'`. For `use_container_width=False`, use `width='content'`.
2026-10-05 23:07:06.737 Please replace `use_container_width` with `width`.

`use_container_width` will be removed after 2025-12-31.

For `use_container_width=True`, use `width='stretch'`. For `use_container_width=False`, use `width='content'`.
2026-10-05 23:07:06.949 Please replace `use_container_width` with `width`.

`use_container_width` will be removed after 2025-12-31.

For `use_container_width=True`, use `width='stretch'`. For `use_container_width=False`, use `width='content'`.
2026-10-05 23:07:06.953 Please replace `use_container_width` with `width`.

`use_container_width` will be removed after 2025-12-31.

For `use_container_width=True`, use `width='stretch'`. For `use_container_width=False`, use `width='content'`.
2026-10-05 23:07:06.969 Please replace `use_container_width` with `width`.

`use_container_width` will be removed after 2025-12-31.

For `use_container_width=True`, use `width='stretch'`. For `use_container_width=False`, use `width='content'`.
2026-10-05 23:07:07.173 Please replace `use_container_width` with `width`.

`use_container_width` will be removed after 2025-12-31.

For `use_container_width=True`, use `width='stretch'`. For `use_container_width=False`, use `width='content'`.
2026-10-05 23:07:07.393 Please replace `use_container_width` with `width`.

`use_container_width` will be removed after 2025-12-31.

For `use_container_width=True`, use `width='stretch'`. For `use_container_width=False`, use `width='content'`.
2026-10-05 23:07:07.613 Please replace `use_container_width` with `width`.

`use_container_width` will be removed after 2025-12-31.

For `use_container_width=True`, use `width='stretch'`. For `use_container_width=False`, use `width='content'`.
2026-10-05 23:07:07.617 Please replace `use_container_width` with `width`.

`use_container_width` will be removed after 2025-12-31.

For `use_container_width=True`, use `width='stretch'`. For `use_container_width=False`, use `width='content'`.
2026-10-05 23:07:07.637 Please replace `use_container_width` with `width`.

`use_container_width` will be removed after 2025-12-31.

For `use_container_width=True`, use `width='stretch'`. For `use_container_width=False`, use `width='content'`.
2026-10-05 23:07:07.889 Please replace `use_container_width` with `width`.

`use_container_width` will be removed after 2025-12-31.

For `use_container_width=True`, use `width='stretch'`. For `use_container_width=False`, use `width='content'`.
2026-10-05 23:07:07.894 Please replace `use_container_width` with `width`.

`use_container_width` will be removed after 2025-12-31.

For `use_container_width=True`, use `width='stretch'`. For `use_container_width=False`, use `width='content'`.
2026-10-05 23:07:07.915 Please replace `use_container_width` with `width`.

`use_container_width` will be removed after 2025-12-31.

For `use_container_width=True`, use `width='stretch'`. For `use_container_width=False`, use `width='content'`.
2026-10-05 23:07:08.136 Please replace `use_container_width` with `width`.

`use_container_width` will be removed after 2025-12-31.

For `use_container_width=True`, use `width='stretch'`. For `use_container_width=False`, use `width='content'`.
2026-10-05 23:07:08.139 Please replace `use_container_width` with `width`.

`use_container_width` will be removed after 2025-12-31.

For `use_container_width=True`, use `width='stretch'`. For `use_container_width=False`, use `width='content'`.
2026-10-05 23:07:08.401 Please replace `use_container_width` with `width`.

`use_container_width` will be removed after 2025-12-31.

For `use_container_width=True`, use `width='stretch'`. For `use_container_width=False`, use `width='content'`.
2026-10-05 23:07:08.676 Please replace `use_container_width` with `width`.

`use_container_width` will be removed after 2025-12-31.

For `use_container_width=True`, use `width='stretch'`. For `use_container_width=False`, use `width='content'`.
2026-10-05 23:07:08.680 Please replace `use_container_width` with `width`.

`use_container_width` will be removed after 2025-12-31.

For `use_container_width=True`, use `width='stretch'`. For `use_container_width=False`, use `width='content'`.
2026-10-05 23:07:08.707 Please replace `use_container_width` with `width`.

`use_container_width` will be removed after 2025-12-31.

For `use_container_width=True`, use `width='stretch'`. For `use_container_width=False`, use `width='content'`.
2026-10-05 23:07:08.719 Thread 'MainThread': missing ScriptRunContext! This warning can be ignored when running in bare mode.
2026-10-05 23:07:08.719 Thread 'MainThread': missing ScriptRunContext! This warning can be ignored when running in bare mode.
2026-10-05 23:07:08.719 Thread 'MainThread': missing ScriptRunContext! This warning can be ignored when running in bare mode.
2026-10-05 23:07:08.719 Thread 'MainThread': missing ScriptRunContext! This warning can be ignored when running in bare mode.
2026-10-05 23:07:08.719 Thread 'MainThread': missing ScriptRunContext! This warning can be ignored when running in bare mode.
2026-10-05 23:07:08.719 Thread 'MainThread': missing ScriptRunContext! This warning can be ignored when running in bare mode.
2026-10-05 23:07:08.719 Thread 'MainThread': missing ScriptRunContext! This warning can be ignored when running in bare mode.
Learning Scene validator rejected domain=probability_sets reason=Unsupported Learning Scene version or domain.
2026-10-05 23:07:11.527 Thread 'MainThread': missing ScriptRunContext! This warning can be ignored when running in bare mode.
2026-10-05 23:07:11.528 Thread 'MainThread': missing ScriptRunContext! This warning can be ignored when running in bare mode.
2026-10-05 23:07:11.529 Thread 'MainThread': missing ScriptRunContext! This warning can be ignored when running in bare mode.
2026-10-05 23:07:11.529 Thread 'MainThread': missing ScriptRunContext! This warning can be ignored when running in bare mode.
2026-10-05 23:07:11.529 Thread 'MainThread': missing ScriptRunContext! This warning can be ignored when running in bare mode.
2026-10-05 23:07:11.529 Thread 'MainThread': missing ScriptRunContext! This warning can be ignored when running in bare mode.
2026-10-05 23:07:15.920 Please replace `use_container_width` with `width`.

`use_container_width` will be removed after 2025-12-31.

For `use_container_width=True`, use `width='stretch'`. For `use_container_width=False`, use `width='content'`.
2026-10-05 23:07:15.925 Please replace `use_container_width` with `width`.

`use_container_width` will be removed after 2025-12-31.

For `use_container_width=True`, use `width='stretch'`. For `use_container_width=False`, use `width='content'`.
2026-10-05 23:07:15.964 Please replace `use_container_width` with `width`.

`use_container_width` will be removed after 2025-12-31.

For `use_container_width=True`, use `width='stretch'`. For `use_container_width=False`, use `width='content'`.
2026-10-05 23:07:16.366 Please replace `use_container_width` with `width`.

`use_container_width` will be removed after 2025-12-31.

For `use_container_width=True`, use `width='stretch'`. For `use_container_width=False`, use `width='content'`.
2026-10-05 23:07:16.373 Please replace `use_container_width` with `width`.

`use_container_width` will be removed after 2025-12-31.

For `use_container_width=True`, use `width='stretch'`. For `use_container_width=False`, use `width='content'`.
2026-10-05 23:07:16.411 Please replace `use_container_width` with `width`.

`use_container_width` will be removed after 2025-12-31.

For `use_container_width=True`, use `width='stretch'`. For `use_container_width=False`, use `width='content'`.
2026-10-05 23:07:16.518 Thread 'MainThread': missing ScriptRunContext! This warning can be ignored when running in bare mode.
2026-10-05 23:07:16.951 Thread 'MainThread': missing ScriptRunContext! This warning can be ignored when running in bare mode.
2026-10-05 23:07:16.954 Thread 'MainThread': missing ScriptRunContext! This warning can be ignored when running in bare mode.
2026-10-05 23:07:16.954 Thread 'MainThread': missing ScriptRunContext! This warning can be ignored when running in bare mode.
2026-10-05 23:07:16.954 Thread 'MainThread': missing ScriptRunContext! This warning can be ignored when running in bare mode.
2026-10-05 23:07:16.954 Thread 'MainThread': missing ScriptRunContext! This warning can be ignored when running in bare mode.
2026-10-05 23:07:16.954 Thread 'MainThread': missing ScriptRunContext! This warning can be ignored when running in bare mode.
2026-10-05 23:07:16.954 Thread 'MainThread': missing ScriptRunContext! This warning can be ignored when running in bare mode.
2026-10-05 23:07:16.954 Thread 'MainThread': missing ScriptRunContext! This warning can be ignored when running in bare mode.
2026-10-05 23:07:16.954 Thread 'MainThread': missing ScriptRunContext! This warning can be ignored when running in bare mode.
2026-10-05 23:07:16.954 Thread 'MainThread': missing ScriptRunContext! This warning can be ignored when running in bare mode.
2026-10-05 23:07:16.954 Thread 'MainThread': missing ScriptRunContext! This warning can be ignored when running in bare mode.
2026-10-05 23:07:16.954 Thread 'MainThread': missing ScriptRunContext! This warning can be ignored when running in bare mode.
2026-10-05 23:07:16.955 Thread 'MainThread': missing ScriptRunContext! This warning can be ignored when running in bare mode.
2026-10-05 23:07:16.955 Thread 'MainThread': missing ScriptRunContext! This warning can be ignored when running in bare mode.
2026-10-05 23:07:16.955 Thread 'MainThread': missing ScriptRunContext! This warning can be ignored when running in bare mode.
2026-10-05 23:07:16.955 Thread 'MainThread': missing ScriptRunContext! This warning can be ignored when running in bare mode.
2026-10-05 23:07:16.955 Thread 'MainThread': missing ScriptRunContext! This warning can be ignored when running in bare mode.
2026-10-05 23:07:16.955 Thread 'MainThread': missing ScriptRunContext! This warning can be ignored when running in bare mode.
2026-10-05 23:07:16.955 Thread 'MainThread': missing ScriptRunContext! This warning can be ignored when running in bare mode.
2026-10-05 23:07:16.955 Thread 'MainThread': missing ScriptRunContext! This warning can be ignored when running in bare mode.
2026-10-05 23:07:16.955 Thread 'MainThread': missing ScriptRunContext! This warning can be ignored when running in bare mode.
2026-10-05 23:07:16.955 Thread 'MainThread': missing ScriptRunContext! This warning can be ignored when running in bare mode.
2026-10-05 23:07:16.955 Thread 'MainThread': missing ScriptRunContext! This warning can be ignored when running in bare mode.
2026-10-05 23:07:16.956 Thread 'MainThread': missing ScriptRunContext! This warning can be ignored when running in bare mode.
2026-10-05 23:07:16.956 Thread 'MainThread': missing ScriptRunContext! This warning can be ignored when running in bare mode.
2026-10-05 23:07:16.956 Thread 'MainThread': missing ScriptRunContext! This warning can be ignored when running in bare mode.
2026-10-05 23:07:16.956 Thread 'MainThread': missing ScriptRunContext! This warning can be ignored when running in bare mode.
2026-10-05 23:07:16.956 Thread 'MainThread': missing ScriptRunContext! This warning can be ignored when running in bare mode.
2026-10-05 23:07:16.956 Thread 'MainThread': missing ScriptRunContext! This warning can be ignored when running in bare mode.
2026-10-05 23:07:16.956 Thread 'MainThread': missing ScriptRunContext! This warning can be ignored when running in bare mode.
2026-10-05 23:07:16.956 Thread 'MainThread': missing ScriptRunContext! This warning can be ignored when running in bare mode.
2026-10-05 23:07:16.956 Thread 'MainThread': missing ScriptRunContext! This warning can be ignored when running in bare mode.
2026-10-05 23:07:16.957 Thread 'MainThread': missing ScriptRunContext! This warning can be ignored when running in bare mode.
2026-10-05 23:07:16.957 Thread 'MainThread': missing ScriptRunContext! This warning can be ignored when running in bare mode.
2026-10-05 23:07:16.957 Thread 'MainThread': missing ScriptRunContext! This warning can be ignored when running in bare mode.
2026-10-05 23:07:16.957 Thread 'MainThread': missing ScriptRunContext! This warning can be ignored when running in bare mode.
2026-10-05 23:07:16.957 Thread 'MainThread': missing ScriptRunContext! This warning can be ignored when running in bare mode.
2026-10-05 23:07:16.957 Thread 'MainThread': missing ScriptRunContext! This warning can be ignored when running in bare mode.
2026-10-05 23:07:16.957 Thread 'MainThread': missing ScriptRunContext! This warning can be ignored when running in bare mode.
2026-10-05 23:07:16.958 Thread 'MainThread': missing ScriptRunContext! This warning can be ignored when running in bare mode.
2026-10-05 23:07:16.958 Thread 'MainThread': missing ScriptRunContext! This warning can be ignored when running in bare mode.
2026-10-05 23:07:16.958 Thread 'MainThread': missing ScriptRunContext! This warning can be ignored when running in bare mode.
2026-10-05 23:07:16.958 Thread 'MainThread': missing ScriptRunContext! This warning can be ignored when running in bare mode.
2026-10-05 23:07:16.958 Thread 'MainThread': missing ScriptRunContext! This warning can be ignored when running in bare mode.
2026-10-05 23:07:17.078 Thread 'MainThread': missing ScriptRunContext! This warning can be ignored when running in bare mode.
2026-10-05 23:07:17.082 Thread 'MainThread': missing ScriptRunContext! This warning can be ignored when running in bare mode.
2026-10-05 23:07:17.082 Thread 'MainThread': missing ScriptRunContext! This warning can be ignored when running in bare mode.
2026-10-05 23:07:17.082 Thread 'MainThread': missing ScriptRunContext! This warning can be ignored when running in bare mode.
2026-10-05 23:07:17.082 Thread 'MainThread': missing ScriptRunContext! This warning can be ignored when running in bare mode.
2026-10-05 23:07:17.082 Thread 'MainThread': missing ScriptRunContext! This warning can be ignored when running in bare mode.
2026-10-05 23:07:17.082 Thread 'MainThread': missing ScriptRunContext! This warning can be ignored when running in bare mode.
2026-10-05 23:07:17.082 Thread 'MainThread': missing ScriptRunContext! This warning can be ignored when running in bare mode.
2026-10-05 23:07:17.082 Thread 'MainThread': missing ScriptRunContext! This warning can be ignored when running in bare mode.
2026-10-05 23:07:17.082 Thread 'MainThread': missing ScriptRunContext! This warning can be ignored when running in bare mode.
2026-10-05 23:07:17.082 Thread 'MainThread': missing ScriptRunContext! This warning can be ignored when running in bare mode.
2026-10-05 23:07:17.082 Thread 'MainThread': missing ScriptRunContext! This warning can be ignored when running in bare mode.
2026-10-05 23:07:17.082 Thread 'MainThread': missing ScriptRunContext! This warning can be ignored when running in bare mode.
2026-10-05 23:07:17.082 Thread 'MainThread': missing ScriptRunContext! This warning can be ignored when running in bare mode.
2026-10-05 23:07:17.083 Thread 'MainThread': missing ScriptRunContext! This warning can be ignored when running in bare mode.
2026-10-05 23:07:17.083 Thread 'MainThread': missing ScriptRunContext! This warning can be ignored when running in bare mode.
2026-10-05 23:07:17.083 Thread 'MainThread': missing ScriptRunContext! This warning can be ignored when running in bare mode.
2026-10-05 23:07:17.083 Thread 'MainThread': missing ScriptRunContext! This warning can be ignored when running in bare mode.
2026-10-05 23:07:17.083 Thread 'MainThread': missing ScriptRunContext! This warning can be ignored when running in bare mode.
2026-10-05 23:07:17.083 Thread 'MainThread': missing ScriptRunContext! This warning can be ignored when running in bare mode.
2026-10-05 23:07:17.083 Thread 'MainThread': missing ScriptRunContext! This warning can be ignored when running in bare mode.
2026-10-05 23:07:17.083 Thread 'MainThread': missing ScriptRunContext! This warning can be ignored when running in bare mode.
2026-10-05 23:07:17.083 Thread 'MainThread': missing ScriptRunContext! This warning can be ignored when running in bare mode.
2026-10-05 23:07:17.083 Thread 'MainThread': missing ScriptRunContext! This warning can be ignored when running in bare mode.
2026-10-05 23:07:17.083 Thread 'MainThread': missing ScriptRunContext! This warning can be ignored when running in bare mode.
2026-10-05 23:07:17.083 Thread 'MainThread': missing ScriptRunContext! This warning can be ignored when running in bare mode.
2026-10-05 23:07:17.083 Thread 'MainThread': missing ScriptRunContext! This warning can be ignored when running in bare mode.
2026-10-05 23:07:17.083 Thread 'MainThread': missing ScriptRunContext! This warning can be ignored when running in bare mode.
2026-10-05 23:07:17.083 Thread 'MainThread': missing ScriptRunContext! This warning can be ignored when running in bare mode.
2026-10-05 23:07:17.084 Thread 'MainThread': missing ScriptRunContext! This warning can be ignored when running in bare mode.
2026-10-05 23:07:17.084 Thread 'MainThread': missing ScriptRunContext! This warning can be ignored when running in bare mode.
2026-10-05 23:07:17.084 Thread 'MainThread': missing ScriptRunContext! This warning can be ignored when running in bare mode.
2026-10-05 23:07:17.084 Thread 'MainThread': missing ScriptRunContext! This warning can be ignored when running in bare mode.
2026-10-05 23:07:17.084 Thread 'MainThread': missing ScriptRunContext! This warning can be ignored when running in bare mode.
2026-10-05 23:07:17.084 Thread 'MainThread': missing ScriptRunContext! This warning can be ignored when running in bare mode.
2026-10-05 23:07:17.084 Thread 'MainThread': missing ScriptRunContext! This warning can be ignored when running in bare mode.
2026-10-05 23:07:17.084 Thread 'MainThread': missing ScriptRunContext! This warning can be ignored when running in bare mode.
2026-10-05 23:07:17.084 Thread 'MainThread': missing ScriptRunContext! This warning can be ignored when running in bare mode.
2026-10-05 23:07:17.084 Thread 'MainThread': missing ScriptRunContext! This warning can be ignored when running in bare mode.
2026-10-05 23:07:17.084 Thread 'MainThread': missing ScriptRunContext! This warning can be ignored when running in bare mode.
2026-10-05 23:07:17.084 Thread 'MainThread': missing ScriptRunContext! This warning can be ignored when running in bare mode.
2026-10-05 23:07:17.084 Thread 'MainThread': missing ScriptRunContext! This warning can be ignored when running in bare mode.
2026-10-05 23:07:17.084 Thread 'MainThread': missing ScriptRunContext! This warning can be ignored when running in bare mode.
2026-10-05 23:07:17.084 Thread 'MainThread': missing ScriptRunContext! This warning can be ignored when running in bare mode.
2026-10-05 23:07:17.094 Thread 'MainThread': missing ScriptRunContext! This warning can be ignored when running in bare mode.
2026-10-05 23:07:17.102 Thread 'MainThread': missing ScriptRunContext! This warning can be ignored when running in bare mode.
2026-10-05 23:07:17.166 Thread 'MainThread': missing ScriptRunContext! This warning can be ignored when running in bare mode.
2026-10-05 23:07:17.167 Thread 'MainThread': missing ScriptRunContext! This warning can be ignored when running in bare mode.
2026-10-05 23:07:17.167 Thread 'MainThread': missing ScriptRunContext! This warning can be ignored when running in bare mode.
2026-10-05 23:07:17.167 Thread 'MainThread': missing ScriptRunContext! This warning can be ignored when running in bare mode.
2026-10-05 23:07:17.167 Thread 'MainThread': missing ScriptRunContext! This warning can be ignored when running in bare mode.
2026-10-05 23:07:17.167 Thread 'MainThread': missing ScriptRunContext! This warning can be ignored when running in bare mode.
2026-10-05 23:07:17.167 Thread 'MainThread': missing ScriptRunContext! This warning can be ignored when running in bare mode.
2026-10-05 23:07:17.167 Thread 'MainThread': missing ScriptRunContext! This warning can be ignored when running in bare mode.
2026-10-05 23:07:17.167 Thread 'MainThread': missing ScriptRunContext! This warning can be ignored when running in bare mode.
2026-10-05 23:07:17.167 Thread 'MainThread': missing ScriptRunContext! This warning can be ignored when running in bare mode.
2026-10-05 23:07:17.167 Thread 'MainThread': missing ScriptRunContext! This warning can be ignored when running in bare mode.
2026-10-05 23:07:17.167 Thread 'MainThread': missing ScriptRunContext! This warning can be ignored when running in bare mode.
2026-10-05 23:07:17.168 Thread 'MainThread': missing ScriptRunContext! This warning can be ignored when running in bare mode.
2026-10-05 23:07:17.168 Thread 'MainThread': missing ScriptRunContext! This warning can be ignored when running in bare mode.
2026-10-05 23:07:17.168 Thread 'MainThread': missing ScriptRunContext! This warning can be ignored when running in bare mode.
2026-10-05 23:07:17.168 Thread 'MainThread': missing ScriptRunContext! This warning can be ignored when running in bare mode.
2026-10-05 23:07:17.168 Thread 'MainThread': missing ScriptRunContext! This warning can be ignored when running in bare mode.
2026-10-05 23:07:17.168 Thread 'MainThread': missing ScriptRunContext! This warning can be ignored when running in bare mode.
2026-10-05 23:07:17.168 Thread 'MainThread': missing ScriptRunContext! This warning can be ignored when running in bare mode.
2026-10-05 23:07:17.168 Thread 'MainThread': missing ScriptRunContext! This warning can be ignored when running in bare mode.
2026-10-05 23:07:17.168 Thread 'MainThread': missing ScriptRunContext! This warning can be ignored when running in bare mode.
2026-10-05 23:07:17.168 Thread 'MainThread': missing ScriptRunContext! This warning can be ignored when running in bare mode.
2026-10-05 23:07:17.168 Thread 'MainThread': missing ScriptRunContext! This warning can be ignored when running in bare mode.
2026-10-05 23:07:17.168 Thread 'MainThread': missing ScriptRunContext! This warning can be ignored when running in bare mode.
2026-10-05 23:07:17.168 Thread 'MainThread': missing ScriptRunContext! This warning can be ignored when running in bare mode.
2026-10-05 23:07:17.168 Thread 'MainThread': missing ScriptRunContext! This warning can be ignored when running in bare mode.
2026-10-05 23:07:17.168 Thread 'MainThread': missing ScriptRunContext! This warning can be ignored when running in bare mode.
2026-10-05 23:07:17.168 Thread 'MainThread': missing ScriptRunContext! This warning can be ignored when running in bare mode.
2026-10-05 23:07:17.168 Thread 'MainThread': missing ScriptRunContext! This warning can be ignored when running in bare mode.
2026-10-05 23:07:17.169 Thread 'MainThread': missing ScriptRunContext! This warning can be ignored when running in bare mode.
2026-10-05 23:07:17.169 Thread 'MainThread': missing ScriptRunContext! This warning can be ignored when running in bare mode.
2026-10-05 23:07:17.169 Thread 'MainThread': missing ScriptRunContext! This warning can be ignored when running in bare mode.
2026-10-05 23:07:17.169 Thread 'MainThread': missing ScriptRunContext! This warning can be ignored when running in bare mode.
2026-10-05 23:07:17.169 Thread 'MainThread': missing ScriptRunContext! This warning can be ignored when running in bare mode.
2026-10-05 23:07:17.169 Thread 'MainThread': missing ScriptRunContext! This warning can be ignored when running in bare mode.
2026-10-05 23:07:17.169 Thread 'MainThread': missing ScriptRunContext! This warning can be ignored when running in bare mode.
2026-10-05 23:07:17.169 Thread 'MainThread': missing ScriptRunContext! This warning can be ignored when running in bare mode.
2026-10-05 23:07:17.169 Thread 'MainThread': missing ScriptRunContext! This warning can be ignored when running in bare mode.
2026-10-05 23:07:17.169 Thread 'MainThread': missing ScriptRunContext! This warning can be ignored when running in bare mode.
2026-10-05 23:07:17.169 Thread 'MainThread': missing ScriptRunContext! This warning can be ignored when running in bare mode.
2026-10-05 23:07:17.169 Thread 'MainThread': missing ScriptRunContext! This warning can be ignored when running in bare mode.
2026-10-05 23:07:17.169 Thread 'MainThread': missing ScriptRunContext! This warning can be ignored when running in bare mode.
2026-10-05 23:07:17.169 Thread 'MainThread': missing ScriptRunContext! This warning can be ignored when running in bare mode.
2026-10-05 23:07:17.169 Thread 'MainThread': missing ScriptRunContext! This warning can be ignored when running in bare mode.
2026-10-05 23:07:17.194 Thread 'MainThread': missing ScriptRunContext! This warning can be ignored when running in bare mode.
2026-10-05 23:07:17.195 Thread 'MainThread': missing ScriptRunContext! This warning can be ignored when running in bare mode.
2026-10-05 23:07:17.196 Thread 'MainThread': missing ScriptRunContext! This warning can be ignored when running in bare mode.
2026-10-05 23:07:17.196 Thread 'MainThread': missing ScriptRunContext! This warning can be ignored when running in bare mode.
2026-10-05 23:07:17.196 Thread 'MainThread': missing ScriptRunContext! This warning can be ignored when running in bare mode.
2026-10-05 23:07:17.196 Thread 'MainThread': missing ScriptRunContext! This warning can be ignored when running in bare mode.
2026-10-05 23:07:17.196 Thread 'MainThread': missing ScriptRunContext! This warning can be ignored when running in bare mode.
2026-10-05 23:07:17.196 Thread 'MainThread': missing ScriptRunContext! This warning can be ignored when running in bare mode.
2026-10-05 23:07:17.196 Thread 'MainThread': missing ScriptRunContext! This warning can be ignored when running in bare mode.
2026-10-05 23:07:17.196 Thread 'MainThread': missing ScriptRunContext! This warning can be ignored when running in bare mode.
2026-10-05 23:07:17.196 Thread 'MainThread': missing ScriptRunContext! This warning can be ignored when running in bare mode.
2026-10-05 23:07:17.196 Thread 'MainThread': missing ScriptRunContext! This warning can be ignored when running in bare mode.
2026-10-05 23:07:17.196 Thread 'MainThread': missing ScriptRunContext! This warning can be ignored when running in bare mode.
2026-10-05 23:07:17.197 Thread 'MainThread': missing ScriptRunContext! This warning can be ignored when running in bare mode.
2026-10-05 23:07:17.197 Thread 'MainThread': missing ScriptRunContext! This warning can be ignored when running in bare mode.
2026-10-05 23:07:17.197 Thread 'MainThread': missing ScriptRunContext! This warning can be ignored when running in bare mode.
2026-10-05 23:07:17.197 Thread 'MainThread': missing ScriptRunContext! This warning can be ignored when running in bare mode.
2026-10-05 23:07:17.197 Thread 'MainThread': missing ScriptRunContext! This warning can be ignored when running in bare mode.
2026-10-05 23:07:17.197 Thread 'MainThread': missing ScriptRunContext! This warning can be ignored when running in bare mode.
2026-10-05 23:07:17.197 Thread 'MainThread': missing ScriptRunContext! This warning can be ignored when running in bare mode.
2026-10-05 23:07:17.197 Thread 'MainThread': missing ScriptRunContext! This warning can be ignored when running in bare mode.
2026-10-05 23:07:17.197 Thread 'MainThread': missing ScriptRunContext! This warning can be ignored when running in bare mode.
2026-10-05 23:07:17.198 Thread 'MainThread': missing ScriptRunContext! This warning can be ignored when running in bare mode.
2026-10-05 23:07:17.198 Thread 'MainThread': missing ScriptRunContext! This warning can be ignored when running in bare mode.
2026-10-05 23:07:17.198 Thread 'MainThread': missing ScriptRunContext! This warning can be ignored when running in bare mode.
2026-10-05 23:07:17.198 Thread 'MainThread': missing ScriptRunContext! This warning can be ignored when running in bare mode.
2026-10-05 23:07:17.198 Thread 'MainThread': missing ScriptRunContext! This warning can be ignored when running in bare mode.
2026-10-05 23:07:17.198 Thread 'MainThread': missing ScriptRunContext! This warning can be ignored when running in bare mode.
2026-10-05 23:07:17.198 Thread 'MainThread': missing ScriptRunContext! This warning can be ignored when running in bare mode.
2026-10-05 23:07:17.198 Thread 'MainThread': missing ScriptRunContext! This warning can be ignored when running in bare mode.
2026-10-05 23:07:17.198 Thread 'MainThread': missing ScriptRunContext! This warning can be ignored when running in bare mode.
2026-10-05 23:07:17.198 Thread 'MainThread': missing ScriptRunContext! This warning can be ignored when running in bare mode.
2026-10-05 23:07:17.199 Thread 'MainThread': missing ScriptRunContext! This warning can be ignored when running in bare mode.
2026-10-05 23:07:17.199 Thread 'MainThread': missing ScriptRunContext! This warning can be ignored when running in bare mode.
2026-10-05 23:07:17.199 Thread 'MainThread': missing ScriptRunContext! This warning can be ignored when running in bare mode.
2026-10-05 23:07:17.199 Thread 'MainThread': missing ScriptRunContext! This warning can be ignored when running in bare mode.
2026-10-05 23:07:17.199 Thread 'MainThread': missing ScriptRunContext! This warning can be ignored when running in bare mode.
2026-10-05 23:07:17.199 Thread 'MainThread': missing ScriptRunContext! This warning can be ignored when running in bare mode.
2026-10-05 23:07:17.199 Thread 'MainThread': missing ScriptRunContext! This warning can be ignored when running in bare mode.
2026-10-05 23:07:17.199 Thread 'MainThread': missing ScriptRunContext! This warning can be ignored when running in bare mode.
2026-10-05 23:07:17.199 Thread 'MainThread': missing ScriptRunContext! This warning can be ignored when running in bare mode.
2026-10-05 23:07:17.199 Thread 'MainThread': missing ScriptRunContext! This warning can be ignored when running in bare mode.
2026-10-05 23:07:17.200 Thread 'MainThread': missing ScriptRunContext! This warning can be ignored when running in bare mode.
2026-10-05 23:07:17.200 Thread 'MainThread': missing ScriptRunContext! This warning can be ignored when running in bare mode.
2026-10-05 23:07:17.204 Thread 'MainThread': missing ScriptRunContext! This warning can be ignored when running in bare mode.
2026-10-05 23:07:17.207 Thread 'MainThread': missing ScriptRunContext! This warning can be ignored when running in bare mode.
2026-10-05 23:07:17.237 Thread 'MainThread': missing ScriptRunContext! This warning can be ignored when running in bare mode.
2026-10-05 23:07:17.237 Thread 'MainThread': missing ScriptRunContext! This warning can be ignored when running in bare mode.
2026-10-05 23:07:17.238 Thread 'MainThread': missing ScriptRunContext! This warning can be ignored when running in bare mode.
2026-10-05 23:07:17.238 Thread 'MainThread': missing ScriptRunContext! This warning can be ignored when running in bare mode.
2026-10-05 23:07:17.238 Thread 'MainThread': missing ScriptRunContext! This warning can be ignored when running in bare mode.
2026-10-05 23:07:17.238 Thread 'MainThread': missing ScriptRunContext! This warning can be ignored when running in bare mode.
2026-10-05 23:07:17.238 Thread 'MainThread': missing ScriptRunContext! This warning can be ignored when running in bare mode.
2026-10-05 23:07:17.238 Thread 'MainThread': missing ScriptRunContext! This warning can be ignored when running in bare mode.
2026-10-05 23:07:17.238 Thread 'MainThread': missing ScriptRunContext! This warning can be ignored when running in bare mode.
2026-10-05 23:07:17.238 Thread 'MainThread': missing ScriptRunContext! This warning can be ignored when running in bare mode.
2026-10-05 23:07:17.238 Thread 'MainThread': missing ScriptRunContext! This warning can be ignored when running in bare mode.
2026-10-05 23:07:17.238 Thread 'MainThread': missing ScriptRunContext! This warning can be ignored when running in bare mode.
2026-10-05 23:07:17.238 Thread 'MainThread': missing ScriptRunContext! This warning can be ignored when running in bare mode.
2026-10-05 23:07:17.239 Thread 'MainThread': missing ScriptRunContext! This warning can be ignored when running in bare mode.
2026-10-05 23:07:17.239 Thread 'MainThread': missing ScriptRunContext! This warning can be ignored when running in bare mode.
2026-10-05 23:07:17.239 Thread 'MainThread': missing ScriptRunContext! This warning can be ignored when running in bare mode.
2026-10-05 23:07:17.239 Thread 'MainThread': missing ScriptRunContext! This warning can be ignored when running in bare mode.
2026-10-05 23:07:17.239 Thread 'MainThread': missing ScriptRunContext! This warning can be ignored when running in bare mode.
2026-10-05 23:07:17.239 Thread 'MainThread': missing ScriptRunContext! This warning can be ignored when running in bare mode.
2026-10-05 23:07:17.239 Thread 'MainThread': missing ScriptRunContext! This warning can be ignored when running in bare mode.
2026-10-05 23:07:17.239 Thread 'MainThread': missing ScriptRunContext! This warning can be ignored when running in bare mode.
2026-10-05 23:07:17.239 Thread 'MainThread': missing ScriptRunContext! This warning can be ignored when running in bare mode.
2026-10-05 23:07:17.239 Thread 'MainThread': missing ScriptRunContext! This warning can be ignored when running in bare mode.
2026-10-05 23:07:17.239 Thread 'MainThread': missing ScriptRunContext! This warning can be ignored when running in bare mode.
2026-10-05 23:07:17.239 Thread 'MainThread': missing ScriptRunContext! This warning can be ignored when running in bare mode.
2026-10-05 23:07:17.239 Thread 'MainThread': missing ScriptRunContext! This warning can be ignored when running in bare mode.
2026-10-05 23:07:17.239 Thread 'MainThread': missing ScriptRunContext! This warning can be ignored when running in bare mode.
2026-10-05 23:07:17.240 Thread 'MainThread': missing ScriptRunContext! This warning can be ignored when running in bare mode.
2026-10-05 23:07:17.240 Thread 'MainThread': missing ScriptRunContext! This warning can be ignored when running in bare mode.
2026-10-05 23:07:17.240 Thread 'MainThread': missing ScriptRunContext! This warning can be ignored when running in bare mode.
2026-10-05 23:07:17.240 Thread 'MainThread': missing ScriptRunContext! This warning can be ignored when running in bare mode.
2026-10-05 23:07:17.240 Thread 'MainThread': missing ScriptRunContext! This warning can be ignored when running in bare mode.
2026-10-05 23:07:17.240 Thread 'MainThread': missing ScriptRunContext! This warning can be ignored when running in bare mode.
2026-10-05 23:07:17.240 Thread 'MainThread': missing ScriptRunContext! This warning can be ignored when running in bare mode.
2026-10-05 23:07:17.240 Thread 'MainThread': missing ScriptRunContext! This warning can be ignored when running in bare mode.
2026-10-05 23:07:17.240 Thread 'MainThread': missing ScriptRunContext! This warning can be ignored when running in bare mode.
2026-10-05 23:07:17.240 Thread 'MainThread': missing ScriptRunContext! This warning can be ignored when running in bare mode.
2026-10-05 23:07:17.240 Thread 'MainThread': missing ScriptRunContext! This warning can be ignored when running in bare mode.
2026-10-05 23:07:17.240 Thread 'MainThread': missing ScriptRunContext! This warning can be ignored when running in bare mode.
2026-10-05 23:07:17.240 Thread 'MainThread': missing ScriptRunContext! This warning can be ignored when running in bare mode.
2026-10-05 23:07:17.240 Thread 'MainThread': missing ScriptRunContext! This warning can be ignored when running in bare mode.
2026-10-05 23:07:17.240 Thread 'MainThread': missing ScriptRunContext! This warning can be ignored when running in bare mode.
2026-10-05 23:07:17.241 Thread 'MainThread': missing ScriptRunContext! This warning can be ignored when running in bare mode.
2026-10-05 23:07:17.241 Thread 'MainThread': missing ScriptRunContext! This warning can be ignored when running in bare mode.
2026-10-05 23:07:17.255 Thread 'MainThread': missing ScriptRunContext! This warning can be ignored when running in bare mode.
2026-10-05 23:07:17.256 Thread 'MainThread': missing ScriptRunContext! This warning can be ignored when running in bare mode.
2026-10-05 23:07:17.256 Thread 'MainThread': missing ScriptRunContext! This warning can be ignored when running in bare mode.
2026-10-05 23:07:17.256 Thread 'MainThread': missing ScriptRunContext! This warning can be ignored when running in bare mode.
2026-10-05 23:07:17.256 Thread 'MainThread': missing ScriptRunContext! This warning can be ignored when running in bare mode.
2026-10-05 23:07:17.256 Thread 'MainThread': missing ScriptRunContext! This warning can be ignored when running in bare mode.
2026-10-05 23:07:17.256 Thread 'MainThread': missing ScriptRunContext! This warning can be ignored when running in bare mode.
2026-10-05 23:07:17.256 Thread 'MainThread': missing ScriptRunContext! This warning can be ignored when running in bare mode.
2026-10-05 23:07:17.256 Thread 'MainThread': missing ScriptRunContext! This warning can be ignored when running in bare mode.
2026-10-05 23:07:17.256 Thread 'MainThread': missing ScriptRunContext! This warning can be ignored when running in bare mode.
2026-10-05 23:07:17.256 Thread 'MainThread': missing ScriptRunContext! This warning can be ignored when running in bare mode.
2026-10-05 23:07:17.256 Thread 'MainThread': missing ScriptRunContext! This warning can be ignored when running in bare mode.
2026-10-05 23:07:17.256 Thread 'MainThread': missing ScriptRunContext! This warning can be ignored when running in bare mode.
2026-10-05 23:07:17.256 Thread 'MainThread': missing ScriptRunContext! This warning can be ignored when running in bare mode.
2026-10-05 23:07:17.257 Thread 'MainThread': missing ScriptRunContext! This warning can be ignored when running in bare mode.
2026-10-05 23:07:17.257 Thread 'MainThread': missing ScriptRunContext! This warning can be ignored when running in bare mode.
2026-10-05 23:07:17.257 Thread 'MainThread': missing ScriptRunContext! This warning can be ignored when running in bare mode.
2026-10-05 23:07:17.257 Thread 'MainThread': missing ScriptRunContext! This warning can be ignored when running in bare mode.
2026-10-05 23:07:17.257 Thread 'MainThread': missing ScriptRunContext! This warning can be ignored when running in bare mode.
2026-10-05 23:07:17.257 Thread 'MainThread': missing ScriptRunContext! This warning can be ignored when running in bare mode.
2026-10-05 23:07:17.257 Thread 'MainThread': missing ScriptRunContext! This warning can be ignored when running in bare mode.
2026-10-05 23:07:17.257 Thread 'MainThread': missing ScriptRunContext! This warning can be ignored when running in bare mode.
2026-10-05 23:07:17.257 Thread 'MainThread': missing ScriptRunContext! This warning can be ignored when running in bare mode.
2026-10-05 23:07:17.257 Thread 'MainThread': missing ScriptRunContext! This warning can be ignored when running in bare mode.
2026-10-05 23:07:17.257 Thread 'MainThread': missing ScriptRunContext! This warning can be ignored when running in bare mode.
2026-10-05 23:07:17.257 Thread 'MainThread': missing ScriptRunContext! This warning can be ignored when running in bare mode.
2026-10-05 23:07:17.257 Thread 'MainThread': missing ScriptRunContext! This warning can be ignored when running in bare mode.
2026-10-05 23:07:17.258 Thread 'MainThread': missing ScriptRunContext! This warning can be ignored when running in bare mode.
2026-10-05 23:07:17.258 Thread 'MainThread': missing ScriptRunContext! This warning can be ignored when running in bare mode.
2026-10-05 23:07:17.258 Thread 'MainThread': missing ScriptRunContext! This warning can be ignored when running in bare mode.
2026-10-05 23:07:17.258 Thread 'MainThread': missing ScriptRunContext! This warning can be ignored when running in bare mode.
2026-10-05 23:07:17.258 Thread 'MainThread': missing ScriptRunContext! This warning can be ignored when running in bare mode.
2026-10-05 23:07:17.258 Thread 'MainThread': missing ScriptRunContext! This warning can be ignored when running in bare mode.
2026-10-05 23:07:17.258 Thread 'MainThread': missing ScriptRunContext! This warning can be ignored when running in bare mode.
2026-10-05 23:07:17.258 Thread 'MainThread': missing ScriptRunContext! This warning can be ignored when running in bare mode.
2026-10-05 23:07:17.259 Thread 'MainThread': missing ScriptRunContext! This warning can be ignored when running in bare mode.
2026-10-05 23:07:17.259 Thread 'MainThread': missing ScriptRunContext! This warning can be ignored when running in bare mode.
2026-10-05 23:07:17.259 Thread 'MainThread': missing ScriptRunContext! This warning can be ignored when running in bare mode.
2026-10-05 23:07:17.259 Thread 'MainThread': missing ScriptRunContext! This warning can be ignored when running in bare mode.
2026-10-05 23:07:17.259 Thread 'MainThread': missing ScriptRunContext! This warning can be ignored when running in bare mode.
2026-10-05 23:07:17.259 Thread 'MainThread': missing ScriptRunContext! This warning can be ignored when running in bare mode.
2026-10-05 23:07:17.259 Thread 'MainThread': missing ScriptRunContext! This warning can be ignored when running in bare mode.
2026-10-05 23:07:17.259 Thread 'MainThread': missing ScriptRunContext! This warning can be ignored when running in bare mode.
2026-10-05 23:07:17.259 Thread 'MainThread': missing ScriptRunContext! This warning can be ignored when running in bare mode.
2026-10-05 23:07:17.262 Thread 'MainThread': missing ScriptRunContext! This warning can be ignored when running in bare mode.
2026-10-05 23:07:17.266 Thread 'MainThread': missing ScriptRunContext! This warning can be ignored when running in bare mode.
2026-10-05 23:07:17.414 Thread 'MainThread': missing ScriptRunContext! This warning can be ignored when running in bare mode.
2026-10-05 23:07:17.415 Thread 'MainThread': missing ScriptRunContext! This warning can be ignored when running in bare mode.
2026-10-05 23:07:17.416 Thread 'MainThread': missing ScriptRunContext! This warning can be ignored when running in bare mode.
2026-10-05 23:07:17.416 Thread 'MainThread': missing ScriptRunContext! This warning can be ignored when running in bare mode.
2026-10-05 23:07:17.416 Thread 'MainThread': missing ScriptRunContext! This warning can be ignored when running in bare mode.
2026-10-05 23:07:17.416 Thread 'MainThread': missing ScriptRunContext! This warning can be ignored when running in bare mode.
2026-10-05 23:07:17.416 Thread 'MainThread': missing ScriptRunContext! This warning can be ignored when running in bare mode.
2026-10-05 23:07:17.416 Thread 'MainThread': missing ScriptRunContext! This warning can be ignored when running in bare mode.
2026-10-05 23:07:17.416 Thread 'MainThread': missing ScriptRunContext! This warning can be ignored when running in bare mode.
2026-10-05 23:07:17.416 Thread 'MainThread': missing ScriptRunContext! This warning can be ignored when running in bare mode.
2026-10-05 23:07:17.417 Thread 'MainThread': missing ScriptRunContext! This warning can be ignored when running in bare mode.
2026-10-05 23:07:17.417 Thread 'MainThread': missing ScriptRunContext! This warning can be ignored when running in bare mode.
2026-10-05 23:07:17.417 Thread 'MainThread': missing ScriptRunContext! This warning can be ignored when running in bare mode.
2026-10-05 23:07:17.417 Thread 'MainThread': missing ScriptRunContext! This warning can be ignored when running in bare mode.
2026-10-05 23:07:17.417 Thread 'MainThread': missing ScriptRunContext! This warning can be ignored when running in bare mode.
2026-10-05 23:07:17.417 Thread 'MainThread': missing ScriptRunContext! This warning can be ignored when running in bare mode.
2026-10-05 23:07:17.417 Thread 'MainThread': missing ScriptRunContext! This warning can be ignored when running in bare mode.
2026-10-05 23:07:17.417 Thread 'MainThread': missing ScriptRunContext! This warning can be ignored when running in bare mode.
2026-10-05 23:07:17.417 Thread 'MainThread': missing ScriptRunContext! This warning can be ignored when running in bare mode.
2026-10-05 23:07:17.417 Thread 'MainThread': missing ScriptRunContext! This warning can be ignored when running in bare mode.
2026-10-05 23:07:17.417 Thread 'MainThread': missing ScriptRunContext! This warning can be ignored when running in bare mode.
2026-10-05 23:07:17.417 Thread 'MainThread': missing ScriptRunContext! This warning can be ignored when running in bare mode.
2026-10-05 23:07:17.418 Thread 'MainThread': missing ScriptRunContext! This warning can be ignored when running in bare mode.
2026-10-05 23:07:17.418 Thread 'MainThread': missing ScriptRunContext! This warning can be ignored when running in bare mode.
2026-10-05 23:07:17.418 Thread 'MainThread': missing ScriptRunContext! This warning can be ignored when running in bare mode.
2026-10-05 23:07:17.418 Thread 'MainThread': missing ScriptRunContext! This warning can be ignored when running in bare mode.
2026-10-05 23:07:17.418 Thread 'MainThread': missing ScriptRunContext! This warning can be ignored when running in bare mode.
2026-10-05 23:07:17.418 Thread 'MainThread': missing ScriptRunContext! This warning can be ignored when running in bare mode.
2026-10-05 23:07:17.418 Thread 'MainThread': missing ScriptRunContext! This warning can be ignored when running in bare mode.
2026-10-05 23:07:17.418 Thread 'MainThread': missing ScriptRunContext! This warning can be ignored when running in bare mode.
2026-10-05 23:07:17.418 Thread 'MainThread': missing ScriptRunContext! This warning can be ignored when running in bare mode.
2026-10-05 23:07:17.418 Thread 'MainThread': missing ScriptRunContext! This warning can be ignored when running in bare mode.
2026-10-05 23:07:17.418 Thread 'MainThread': missing ScriptRunContext! This warning can be ignored when running in bare mode.
2026-10-05 23:07:17.418 Thread 'MainThread': missing ScriptRunContext! This warning can be ignored when running in bare mode.
2026-10-05 23:07:17.419 Thread 'MainThread': missing ScriptRunContext! This warning can be ignored when running in bare mode.
2026-10-05 23:07:17.419 Thread 'MainThread': missing ScriptRunContext! This warning can be ignored when running in bare mode.
2026-10-05 23:07:17.419 Thread 'MainThread': missing ScriptRunContext! This warning can be ignored when running in bare mode.
2026-10-05 23:07:17.419 Thread 'MainThread': missing ScriptRunContext! This warning can be ignored when running in bare mode.
2026-10-05 23:07:17.419 Thread 'MainThread': missing ScriptRunContext! This warning can be ignored when running in bare mode.
2026-10-05 23:07:17.419 Thread 'MainThread': missing ScriptRunContext! This warning can be ignored when running in bare mode.
2026-10-05 23:07:17.419 Thread 'MainThread': missing ScriptRunContext! This warning can be ignored when running in bare mode.
2026-10-05 23:07:17.419 Thread 'MainThread': missing ScriptRunContext! This warning can be ignored when running in bare mode.
2026-10-05 23:07:17.419 Thread 'MainThread': missing ScriptRunContext! This warning can be ignored when running in bare mode.
2026-10-05 23:07:17.419 Thread 'MainThread': missing ScriptRunContext! This warning can be ignored when running in bare mode.
2026-10-05 23:07:17.473 Thread 'MainThread': missing ScriptRunContext! This warning can be ignored when running in bare mode.
2026-10-05 23:07:17.474 Thread 'MainThread': missing ScriptRunContext! This warning can be ignored when running in bare mode.
2026-10-05 23:07:17.475 Thread 'MainThread': missing ScriptRunContext! This warning can be ignored when running in bare mode.
2026-10-05 23:07:17.475 Thread 'MainThread': missing ScriptRunContext! This warning can be ignored when running in bare mode.
2026-10-05 23:07:17.475 Thread 'MainThread': missing ScriptRunContext! This warning can be ignored when running in bare mode.
2026-10-05 23:07:17.475 Thread 'MainThread': missing ScriptRunContext! This warning can be ignored when running in bare mode.
2026-10-05 23:07:17.475 Thread 'MainThread': missing ScriptRunContext! This warning can be ignored when running in bare mode.
2026-10-05 23:07:17.476 Thread 'MainThread': missing ScriptRunContext! This warning can be ignored when running in bare mode.
2026-10-05 23:07:17.476 Thread 'MainThread': missing ScriptRunContext! This warning can be ignored when running in bare mode.
2026-10-05 23:07:17.476 Thread 'MainThread': missing ScriptRunContext! This warning can be ignored when running in bare mode.
2026-10-05 23:07:17.476 Thread 'MainThread': missing ScriptRunContext! This warning can be ignored when running in bare mode.
2026-10-05 23:07:17.476 Thread 'MainThread': missing ScriptRunContext! This warning can be ignored when running in bare mode.
2026-10-05 23:07:17.476 Thread 'MainThread': missing ScriptRunContext! This warning can be ignored when running in bare mode.
2026-10-05 23:07:17.476 Thread 'MainThread': missing ScriptRunContext! This warning can be ignored when running in bare mode.
2026-10-05 23:07:17.476 Thread 'MainThread': missing ScriptRunContext! This warning can be ignored when running in bare mode.
2026-10-05 23:07:17.476 Thread 'MainThread': missing ScriptRunContext! This warning can be ignored when running in bare mode.
2026-10-05 23:07:17.476 Thread 'MainThread': missing ScriptRunContext! This warning can be ignored when running in bare mode.
2026-10-05 23:07:17.476 Thread 'MainThread': missing ScriptRunContext! This warning can be ignored when running in bare mode.
2026-10-05 23:07:17.477 Thread 'MainThread': missing ScriptRunContext! This warning can be ignored when running in bare mode.
2026-10-05 23:07:17.477 Thread 'MainThread': missing ScriptRunContext! This warning can be ignored when running in bare mode.
2026-10-05 23:07:17.477 Thread 'MainThread': missing ScriptRunContext! This warning can be ignored when running in bare mode.
2026-10-05 23:07:17.477 Thread 'MainThread': missing ScriptRunContext! This warning can be ignored when running in bare mode.
2026-10-05 23:07:17.477 Thread 'MainThread': missing ScriptRunContext! This warning can be ignored when running in bare mode.
2026-10-05 23:07:17.477 Thread 'MainThread': missing ScriptRunContext! This warning can be ignored when running in bare mode.
2026-10-05 23:07:17.477 Thread 'MainThread': missing ScriptRunContext! This warning can be ignored when running in bare mode.
2026-10-05 23:07:17.477 Thread 'MainThread': missing ScriptRunContext! This warning can be ignored when running in bare mode.
2026-10-05 23:07:17.477 Thread 'MainThread': missing ScriptRunContext! This warning can be ignored when running in bare mode.
2026-10-05 23:07:17.477 Thread 'MainThread': missing ScriptRunContext! This warning can be ignored when running in bare mode.
2026-10-05 23:07:17.477 Thread 'MainThread': missing ScriptRunContext! This warning can be ignored when running in bare mode.
2026-10-05 23:07:17.477 Thread 'MainThread': missing ScriptRunContext! This warning can be ignored when running in bare mode.
2026-10-05 23:07:17.478 Thread 'MainThread': missing ScriptRunContext! This warning can be ignored when running in bare mode.
2026-10-05 23:07:17.478 Thread 'MainThread': missing ScriptRunContext! This warning can be ignored when running in bare mode.
2026-10-05 23:07:17.478 Thread 'MainThread': missing ScriptRunContext! This warning can be ignored when running in bare mode.
2026-10-05 23:07:17.478 Thread 'MainThread': missing ScriptRunContext! This warning can be ignored when running in bare mode.
2026-10-05 23:07:17.478 Thread 'MainThread': missing ScriptRunContext! This warning can be ignored when running in bare mode.
2026-10-05 23:07:17.478 Thread 'MainThread': missing ScriptRunContext! This warning can be ignored when running in bare mode.
2026-10-05 23:07:17.478 Thread 'MainThread': missing ScriptRunContext! This warning can be ignored when running in bare mode.
2026-10-05 23:07:17.478 Thread 'MainThread': missing ScriptRunContext! This warning can be ignored when running in bare mode.
2026-10-05 23:07:17.478 Thread 'MainThread': missing ScriptRunContext! This warning can be ignored when running in bare mode.
2026-10-05 23:07:17.478 Thread 'MainThread': missing ScriptRunContext! This warning can be ignored when running in bare mode.
2026-10-05 23:07:17.478 Thread 'MainThread': missing ScriptRunContext! This warning can be ignored when running in bare mode.
2026-10-05 23:07:17.478 Thread 'MainThread': missing ScriptRunContext! This warning can be ignored when running in bare mode.
2026-10-05 23:07:17.478 Thread 'MainThread': missing ScriptRunContext! This warning can be ignored when running in bare mode.
2026-10-05 23:07:17.479 Thread 'MainThread': missing ScriptRunContext! This warning can be ignored when running in bare mode.
2026-10-05 23:07:17.485 Thread 'MainThread': missing ScriptRunContext! This warning can be ignored when running in bare mode.
2026-10-05 23:07:17.489 Thread 'MainThread': missing ScriptRunContext! This warning can be ignored when running in bare mode.
2026-10-05 23:07:23.776 Thread 'MainThread': missing ScriptRunContext! This warning can be ignored when running in bare mode.
2026-10-05 23:07:23.779 Thread 'MainThread': missing ScriptRunContext! This warning can be ignored when running in bare mode.
2026-10-05 23:07:23.779 Thread 'MainThread': missing ScriptRunContext! This warning can be ignored when running in bare mode.
2026-10-05 23:07:23.779 Thread 'MainThread': missing ScriptRunContext! This warning can be ignored when running in bare mode.
2026-10-05 23:07:23.779 Thread 'MainThread': missing ScriptRunContext! This warning can be ignored when running in bare mode.
2026-10-05 23:07:23.779 Thread 'MainThread': missing ScriptRunContext! This warning can be ignored when running in bare mode.
2026-10-05 23:07:23.779 Thread 'MainThread': missing ScriptRunContext! This warning can be ignored when running in bare mode.
2026-10-05 23:07:23.779 Thread 'MainThread': missing ScriptRunContext! This warning can be ignored when running in bare mode.
2026-10-05 23:07:23.779 Thread 'MainThread': missing ScriptRunContext! This warning can be ignored when running in bare mode.
2026-10-05 23:07:23.779 Thread 'MainThread': missing ScriptRunContext! This warning can be ignored when running in bare mode.
2026-10-05 23:07:23.780 Thread 'MainThread': missing ScriptRunContext! This warning can be ignored when running in bare mode.
2026-10-05 23:07:23.780 Thread 'MainThread': missing ScriptRunContext! This warning can be ignored when running in bare mode.
2026-10-05 23:07:23.780 Thread 'MainThread': missing ScriptRunContext! This warning can be ignored when running in bare mode.
2026-10-05 23:07:23.780 Thread 'MainThread': missing ScriptRunContext! This warning can be ignored when running in bare mode.
2026-10-05 23:07:23.780 Thread 'MainThread': missing ScriptRunContext! This warning can be ignored when running in bare mode.
2026-10-05 23:07:23.780 Thread 'MainThread': missing ScriptRunContext! This warning can be ignored when running in bare mode.
2026-10-05 23:07:23.780 Thread 'MainThread': missing ScriptRunContext! This warning can be ignored when running in bare mode.
2026-10-05 23:07:23.780 Thread 'MainThread': missing ScriptRunContext! This warning can be ignored when running in bare mode.
2026-10-05 23:07:23.780 Thread 'MainThread': missing ScriptRunContext! This warning can be ignored when running in bare mode.
2026-10-05 23:07:23.780 Thread 'MainThread': missing ScriptRunContext! This warning can be ignored when running in bare mode.
2026-10-05 23:07:23.780 Thread 'MainThread': missing ScriptRunContext! This warning can be ignored when running in bare mode.
2026-10-05 23:07:23.780 Thread 'MainThread': missing ScriptRunContext! This warning can be ignored when running in bare mode.
2026-10-05 23:07:23.780 Thread 'MainThread': missing ScriptRunContext! This warning can be ignored when running in bare mode.
2026-10-05 23:07:23.781 Thread 'MainThread': missing ScriptRunContext! This warning can be ignored when running in bare mode.
2026-10-05 23:07:23.781 Thread 'MainThread': missing ScriptRunContext! This warning can be ignored when running in bare mode.
2026-10-05 23:07:23.781 Thread 'MainThread': missing ScriptRunContext! This warning can be ignored when running in bare mode.
2026-10-05 23:07:23.781 Thread 'MainThread': missing ScriptRunContext! This warning can be ignored when running in bare mode.
2026-10-05 23:07:23.781 Thread 'MainThread': missing ScriptRunContext! This warning can be ignored when running in bare mode.
2026-10-05 23:07:23.781 Thread 'MainThread': missing ScriptRunContext! This warning can be ignored when running in bare mode.
2026-10-05 23:07:23.781 Thread 'MainThread': missing ScriptRunContext! This warning can be ignored when running in bare mode.
2026-10-05 23:07:23.781 Thread 'MainThread': missing ScriptRunContext! This warning can be ignored when running in bare mode.
2026-10-05 23:07:23.781 Thread 'MainThread': missing ScriptRunContext! This warning can be ignored when running in bare mode.
2026-10-05 23:07:23.781 Thread 'MainThread': missing ScriptRunContext! This warning can be ignored when running in bare mode.
2026-10-05 23:07:23.781 Thread 'MainThread': missing ScriptRunContext! This warning can be ignored when running in bare mode.
2026-10-05 23:07:23.782 Thread 'MainThread': missing ScriptRunContext! This warning can be ignored when running in bare mode.
2026-10-05 23:07:23.782 Thread 'MainThread': missing ScriptRunContext! This warning can be ignored when running in bare mode.
2026-10-05 23:07:23.782 Thread 'MainThread': missing ScriptRunContext! This warning can be ignored when running in bare mode.
2026-10-05 23:07:23.782 Thread 'MainThread': missing ScriptRunContext! This warning can be ignored when running in bare mode.
2026-10-05 23:07:23.782 Thread 'MainThread': missing ScriptRunContext! This warning can be ignored when running in bare mode.
2026-10-05 23:07:23.782 Thread 'MainThread': missing ScriptRunContext! This warning can be ignored when running in bare mode.
2026-10-05 23:07:23.782 Thread 'MainThread': missing ScriptRunContext! This warning can be ignored when running in bare mode.
2026-10-05 23:07:23.782 Thread 'MainThread': missing ScriptRunContext! This warning can be ignored when running in bare mode.
2026-10-05 23:07:23.783 Thread 'MainThread': missing ScriptRunContext! This warning can be ignored when running in bare mode.
2026-10-05 23:07:23.783 Thread 'MainThread': missing ScriptRunContext! This warning can be ignored when running in bare mode.
2026-10-05 23:07:30.401 Thread 'MainThread': missing ScriptRunContext! This warning can be ignored when running in bare mode.
2026-10-05 23:07:30.404 Thread 'MainThread': missing ScriptRunContext! This warning can be ignored when running in bare mode.
2026-10-05 23:07:30.404 Thread 'MainThread': missing ScriptRunContext! This warning can be ignored when running in bare mode.
2026-10-05 23:07:30.404 Thread 'MainThread': missing ScriptRunContext! This warning can be ignored when running in bare mode.
2026-10-05 23:07:30.404 Thread 'MainThread': missing ScriptRunContext! This warning can be ignored when running in bare mode.
2026-10-05 23:07:30.404 Thread 'MainThread': missing ScriptRunContext! This warning can be ignored when running in bare mode.
2026-10-05 23:07:30.404 Thread 'MainThread': missing ScriptRunContext! This warning can be ignored when running in bare mode.
2026-10-05 23:07:30.405 Thread 'MainThread': missing ScriptRunContext! This warning can be ignored when running in bare mode.
2026-10-05 23:07:30.405 Thread 'MainThread': missing ScriptRunContext! This warning can be ignored when running in bare mode.
2026-10-05 23:07:30.405 Thread 'MainThread': missing ScriptRunContext! This warning can be ignored when running in bare mode.
2026-10-05 23:07:30.405 Thread 'MainThread': missing ScriptRunContext! This warning can be ignored when running in bare mode.
2026-10-05 23:07:30.405 Thread 'MainThread': missing ScriptRunContext! This warning can be ignored when running in bare mode.
2026-10-05 23:07:30.405 Thread 'MainThread': missing ScriptRunContext! This warning can be ignored when running in bare mode.
2026-10-05 23:07:30.405 Thread 'MainThread': missing ScriptRunContext! This warning can be ignored when running in bare mode.
2026-10-05 23:07:30.405 Thread 'MainThread': missing ScriptRunContext! This warning can be ignored when running in bare mode.
2026-10-05 23:07:30.405 Thread 'MainThread': missing ScriptRunContext! This warning can be ignored when running in bare mode.
2026-10-05 23:07:30.405 Thread 'MainThread': missing ScriptRunContext! This warning can be ignored when running in bare mode.
2026-10-05 23:07:30.405 Thread 'MainThread': missing ScriptRunContext! This warning can be ignored when running in bare mode.
2026-10-05 23:07:30.405 Thread 'MainThread': missing ScriptRunContext! This warning can be ignored when running in bare mode.
2026-10-05 23:07:30.405 Thread 'MainThread': missing ScriptRunContext! This warning can be ignored when running in bare mode.
2026-10-05 23:07:30.405 Thread 'MainThread': missing ScriptRunContext! This warning can be ignored when running in bare mode.
2026-10-05 23:07:30.405 Thread 'MainThread': missing ScriptRunContext! This warning can be ignored when running in bare mode.
2026-10-05 23:07:30.406 Thread 'MainThread': missing ScriptRunContext! This warning can be ignored when running in bare mode.
2026-10-05 23:07:30.406 Thread 'MainThread': missing ScriptRunContext! This warning can be ignored when running in bare mode.
2026-10-05 23:07:30.406 Thread 'MainThread': missing ScriptRunContext! This warning can be ignored when running in bare mode.
2026-10-05 23:07:30.406 Thread 'MainThread': missing ScriptRunContext! This warning can be ignored when running in bare mode.
2026-10-05 23:07:30.406 Thread 'MainThread': missing ScriptRunContext! This warning can be ignored when running in bare mode.
2026-10-05 23:07:30.406 Thread 'MainThread': missing ScriptRunContext! This warning can be ignored when running in bare mode.
2026-10-05 23:07:30.406 Thread 'MainThread': missing ScriptRunContext! This warning can be ignored when running in bare mode.
2026-10-05 23:07:30.406 Thread 'MainThread': missing ScriptRunContext! This warning can be ignored when running in bare mode.
2026-10-05 23:07:30.406 Thread 'MainThread': missing ScriptRunContext! This warning can be ignored when running in bare mode.
2026-10-05 23:07:30.406 Thread 'MainThread': missing ScriptRunContext! This warning can be ignored when running in bare mode.
2026-10-05 23:07:30.406 Thread 'MainThread': missing ScriptRunContext! This warning can be ignored when running in bare mode.
2026-10-05 23:07:30.406 Thread 'MainThread': missing ScriptRunContext! This warning can be ignored when running in bare mode.
2026-10-05 23:07:30.406 Thread 'MainThread': missing ScriptRunContext! This warning can be ignored when running in bare mode.
2026-10-05 23:07:30.406 Thread 'MainThread': missing ScriptRunContext! This warning can be ignored when running in bare mode.
2026-10-05 23:07:30.406 Thread 'MainThread': missing ScriptRunContext! This warning can be ignored when running in bare mode.
2026-10-05 23:07:30.407 Thread 'MainThread': missing ScriptRunContext! This warning can be ignored when running in bare mode.
2026-10-05 23:07:30.407 Thread 'MainThread': missing ScriptRunContext! This warning can be ignored when running in bare mode.
2026-10-05 23:07:30.407 Thread 'MainThread': missing ScriptRunContext! This warning can be ignored when running in bare mode.
2026-10-05 23:07:30.407 Thread 'MainThread': missing ScriptRunContext! This warning can be ignored when running in bare mode.
2026-10-05 23:07:30.407 Thread 'MainThread': missing ScriptRunContext! This warning can be ignored when running in bare mode.
2026-10-05 23:07:30.407 Thread 'MainThread': missing ScriptRunContext! This warning can be ignored when running in bare mode.
2026-10-05 23:07:30.407 Thread 'MainThread': missing ScriptRunContext! This warning can be ignored when running in bare mode.
2026-10-05 23:07:30.418 Thread 'MainThread': missing ScriptRunContext! This warning can be ignored when running in bare mode.
2026-10-05 23:07:30.424 Thread 'MainThread': missing ScriptRunContext! This warning can be ignored when running in bare mode.
2026-10-05 23:07:30.434 Thread 'MainThread': missing ScriptRunContext! This warning can be ignored when running in bare mode.
2026-10-05 23:07:30.446 Thread 'MainThread': missing ScriptRunContext! This warning can be ignored when running in bare mode.
2026-10-05 23:07:30.461 Thread 'MainThread': missing ScriptRunContext! This warning can be ignored when running in bare mode.
2026-10-05 23:07:30.472 Thread 'MainThread': missing ScriptRunContext! This warning can be ignored when running in bare mode.
2026-10-05 23:07:30.481 Thread 'MainThread': missing ScriptRunContext! This warning can be ignored when running in bare mode.
2026-10-05 23:07:30.491 Thread 'MainThread': missing ScriptRunContext! This warning can be ignored when running in bare mode.
2026-10-05 23:07:30.500 Thread 'MainThread': missing ScriptRunContext! This warning can be ignored when running in bare mode.
2026-10-05 23:07:30.510 Thread 'MainThread': missing ScriptRunContext! This warning can be ignored when running in bare mode.
2026-10-05 23:07:30.519 Thread 'MainThread': missing ScriptRunContext! This warning can be ignored when running in bare mode.
2026-10-05 23:07:30.528 Thread 'MainThread': missing ScriptRunContext! This warning can be ignored when running in bare mode.
2026-10-05 23:07:30.537 Thread 'MainThread': missing ScriptRunContext! This warning can be ignored when running in bare mode.
2026-10-05 23:07:30.546 Thread 'MainThread': missing ScriptRunContext! This warning can be ignored when running in bare mode.
2026-10-05 23:07:30.555 Thread 'MainThread': missing ScriptRunContext! This warning can be ignored when running in bare mode.
2026-10-05 23:07:30.564 Thread 'MainThread': missing ScriptRunContext! This warning can be ignored when running in bare mode.
2026-10-05 23:07:30.574 Thread 'MainThread': missing ScriptRunContext! This warning can be ignored when running in bare mode.
2026-10-05 23:07:30.584 Thread 'MainThread': missing ScriptRunContext! This warning can be ignored when running in bare mode.
2026-10-05 23:07:30.599 Thread 'MainThread': missing ScriptRunContext! This warning can be ignored when running in bare mode.
2026-10-05 23:07:30.611 Thread 'MainThread': missing ScriptRunContext! This warning can be ignored when running in bare mode.
2026-10-05 23:07:30.620 Thread 'MainThread': missing ScriptRunContext! This warning can be ignored when running in bare mode.
2026-10-05 23:07:30.630 Thread 'MainThread': missing ScriptRunContext! This warning can be ignored when running in bare mode.
2026-10-05 23:07:30.639 Thread 'MainThread': missing ScriptRunContext! This warning can be ignored when running in bare mode.
2026-10-05 23:07:30.649 Thread 'MainThread': missing ScriptRunContext! This warning can be ignored when running in bare mode.
2026-10-05 23:07:30.658 Thread 'MainThread': missing ScriptRunContext! This warning can be ignored when running in bare mode.
2026-10-05 23:07:30.667 Thread 'MainThread': missing ScriptRunContext! This warning can be ignored when running in bare mode.
2026-10-05 23:07:30.676 Thread 'MainThread': missing ScriptRunContext! This warning can be ignored when running in bare mode.
2026-10-05 23:07:30.685 Thread 'MainThread': missing ScriptRunContext! This warning can be ignored when running in bare mode.
2026-10-05 23:07:30.694 Thread 'MainThread': missing ScriptRunContext! This warning can be ignored when running in bare mode.
2026-10-05 23:07:30.703 Thread 'MainThread': missing ScriptRunContext! This warning can be ignored when running in bare mode.
2026-10-05 23:07:30.712 Thread 'MainThread': missing ScriptRunContext! This warning can be ignored when running in bare mode.
2026-10-05 23:07:30.721 Thread 'MainThread': missing ScriptRunContext! This warning can be ignored when running in bare mode.
2026-10-05 23:07:30.730 Thread 'MainThread': missing ScriptRunContext! This warning can be ignored when running in bare mode.
2026-10-05 23:07:30.739 Thread 'MainThread': missing ScriptRunContext! This warning can be ignored when running in bare mode.
2026-10-05 23:07:30.748 Thread 'MainThread': missing ScriptRunContext! This warning can be ignored when running in bare mode.
2026-10-05 23:07:30.757 Thread 'MainThread': missing ScriptRunContext! This warning can be ignored when running in bare mode.
2026-10-05 23:07:30.766 Thread 'MainThread': missing ScriptRunContext! This warning can be ignored when running in bare mode.
2026-10-05 23:07:30.777 Thread 'MainThread': missing ScriptRunContext! This warning can be ignored when running in bare mode.
2026-10-05 23:07:30.786 Thread 'MainThread': missing ScriptRunContext! This warning can be ignored when running in bare mode.
2026-10-05 23:07:30.796 Thread 'MainThread': missing ScriptRunContext! This warning can be ignored when running in bare mode.
2026-10-05 23:07:30.850 Thread 'MainThread': missing ScriptRunContext! This warning can be ignored when running in bare mode.
2026-10-05 23:07:30.853 Thread 'MainThread': missing ScriptRunContext! This warning can be ignored when running in bare mode.
2026-10-05 23:07:30.853 Thread 'MainThread': missing ScriptRunContext! This warning can be ignored when running in bare mode.
2026-10-05 23:07:30.853 Thread 'MainThread': missing ScriptRunContext! This warning can be ignored when running in bare mode.
2026-10-05 23:07:30.853 Thread 'MainThread': missing ScriptRunContext! This warning can be ignored when running in bare mode.
2026-10-05 23:07:30.853 Thread 'MainThread': missing ScriptRunContext! This warning can be ignored when running in bare mode.
2026-10-05 23:07:30.853 Thread 'MainThread': missing ScriptRunContext! This warning can be ignored when running in bare mode.
2026-10-05 23:07:30.854 Thread 'MainThread': missing ScriptRunContext! This warning can be ignored when running in bare mode.
2026-10-05 23:07:30.854 Thread 'MainThread': missing ScriptRunContext! This warning can be ignored when running in bare mode.
2026-10-05 23:07:30.854 Thread 'MainThread': missing ScriptRunContext! This warning can be ignored when running in bare mode.
2026-10-05 23:07:30.854 Thread 'MainThread': missing ScriptRunContext! This warning can be ignored when running in bare mode.
2026-10-05 23:07:30.854 Thread 'MainThread': missing ScriptRunContext! This warning can be ignored when running in bare mode.
2026-10-05 23:07:30.854 Thread 'MainThread': missing ScriptRunContext! This warning can be ignored when running in bare mode.
2026-10-05 23:07:30.854 Thread 'MainThread': missing ScriptRunContext! This warning can be ignored when running in bare mode.
2026-10-05 23:07:30.854 Thread 'MainThread': missing ScriptRunContext! This warning can be ignored when running in bare mode.
2026-10-05 23:07:30.854 Thread 'MainThread': missing ScriptRunContext! This warning can be ignored when running in bare mode.
2026-10-05 23:07:30.854 Thread 'MainThread': missing ScriptRunContext! This warning can be ignored when running in bare mode.
2026-10-05 23:07:30.854 Thread 'MainThread': missing ScriptRunContext! This warning can be ignored when running in bare mode.
2026-10-05 23:07:30.854 Thread 'MainThread': missing ScriptRunContext! This warning can be ignored when running in bare mode.
2026-10-05 23:07:30.854 Thread 'MainThread': missing ScriptRunContext! This warning can be ignored when running in bare mode.
2026-10-05 23:07:30.854 Thread 'MainThread': missing ScriptRunContext! This warning can be ignored when running in bare mode.
2026-10-05 23:07:30.854 Thread 'MainThread': missing ScriptRunContext! This warning can be ignored when running in bare mode.
2026-10-05 23:07:30.854 Thread 'MainThread': missing ScriptRunContext! This warning can be ignored when running in bare mode.
2026-10-05 23:07:30.854 Thread 'MainThread': missing ScriptRunContext! This warning can be ignored when running in bare mode.
2026-10-05 23:07:30.854 Thread 'MainThread': missing ScriptRunContext! This warning can be ignored when running in bare mode.
2026-10-05 23:07:30.854 Thread 'MainThread': missing ScriptRunContext! This warning can be ignored when running in bare mode.
2026-10-05 23:07:30.854 Thread 'MainThread': missing ScriptRunContext! This warning can be ignored when running in bare mode.
2026-10-05 23:07:30.854 Thread 'MainThread': missing ScriptRunContext! This warning can be ignored when running in bare mode.
2026-10-05 23:07:30.855 Thread 'MainThread': missing ScriptRunContext! This warning can be ignored when running in bare mode.
2026-10-05 23:07:30.855 Thread 'MainThread': missing ScriptRunContext! This warning can be ignored when running in bare mode.
2026-10-05 23:07:30.855 Thread 'MainThread': missing ScriptRunContext! This warning can be ignored when running in bare mode.
2026-10-05 23:07:30.855 Thread 'MainThread': missing ScriptRunContext! This warning can be ignored when running in bare mode.
2026-10-05 23:07:30.855 Thread 'MainThread': missing ScriptRunContext! This warning can be ignored when running in bare mode.
2026-10-05 23:07:30.855 Thread 'MainThread': missing ScriptRunContext! This warning can be ignored when running in bare mode.
2026-10-05 23:07:30.855 Thread 'MainThread': missing ScriptRunContext! This warning can be ignored when running in bare mode.
2026-10-05 23:07:30.855 Thread 'MainThread': missing ScriptRunContext! This warning can be ignored when running in bare mode.
2026-10-05 23:07:30.855 Thread 'MainThread': missing ScriptRunContext! This warning can be ignored when running in bare mode.
2026-10-05 23:07:30.855 Thread 'MainThread': missing ScriptRunContext! This warning can be ignored when running in bare mode.
2026-10-05 23:07:30.855 Thread 'MainThread': missing ScriptRunContext! This warning can be ignored when running in bare mode.
2026-10-05 23:07:30.855 Thread 'MainThread': missing ScriptRunContext! This warning can be ignored when running in bare mode.
2026-10-05 23:07:30.855 Thread 'MainThread': missing ScriptRunContext! This warning can be ignored when running in bare mode.
2026-10-05 23:07:30.855 Thread 'MainThread': missing ScriptRunContext! This warning can be ignored when running in bare mode.
2026-10-05 23:07:30.855 Thread 'MainThread': missing ScriptRunContext! This warning can be ignored when running in bare mode.
2026-10-05 23:07:30.855 Thread 'MainThread': missing ScriptRunContext! This warning can be ignored when running in bare mode.
2026-10-05 23:07:30.911 Thread 'MainThread': missing ScriptRunContext! This warning can be ignored when running in bare mode.
2026-10-05 23:07:30.914 Thread 'MainThread': missing ScriptRunContext! This warning can be ignored when running in bare mode.
2026-10-05 23:07:30.914 Thread 'MainThread': missing ScriptRunContext! This warning can be ignored when running in bare mode.
2026-10-05 23:07:30.914 Thread 'MainThread': missing ScriptRunContext! This warning can be ignored when running in bare mode.
2026-10-05 23:07:30.914 Thread 'MainThread': missing ScriptRunContext! This warning can be ignored when running in bare mode.
2026-10-05 23:07:30.914 Thread 'MainThread': missing ScriptRunContext! This warning can be ignored when running in bare mode.
2026-10-05 23:07:30.914 Thread 'MainThread': missing ScriptRunContext! This warning can be ignored when running in bare mode.
2026-10-05 23:07:30.914 Thread 'MainThread': missing ScriptRunContext! This warning can be ignored when running in bare mode.
2026-10-05 23:07:30.914 Thread 'MainThread': missing ScriptRunContext! This warning can be ignored when running in bare mode.
2026-10-05 23:07:30.914 Thread 'MainThread': missing ScriptRunContext! This warning can be ignored when running in bare mode.
2026-10-05 23:07:30.914 Thread 'MainThread': missing ScriptRunContext! This warning can be ignored when running in bare mode.
2026-10-05 23:07:30.914 Thread 'MainThread': missing ScriptRunContext! This warning can be ignored when running in bare mode.
2026-10-05 23:07:30.915 Thread 'MainThread': missing ScriptRunContext! This warning can be ignored when running in bare mode.
2026-10-05 23:07:30.915 Thread 'MainThread': missing ScriptRunContext! This warning can be ignored when running in bare mode.
2026-10-05 23:07:30.915 Thread 'MainThread': missing ScriptRunContext! This warning can be ignored when running in bare mode.
2026-10-05 23:07:30.915 Thread 'MainThread': missing ScriptRunContext! This warning can be ignored when running in bare mode.
2026-10-05 23:07:30.915 Thread 'MainThread': missing ScriptRunContext! This warning can be ignored when running in bare mode.
2026-10-05 23:07:30.915 Thread 'MainThread': missing ScriptRunContext! This warning can be ignored when running in bare mode.
2026-10-05 23:07:30.915 Thread 'MainThread': missing ScriptRunContext! This warning can be ignored when running in bare mode.
2026-10-05 23:07:30.915 Thread 'MainThread': missing ScriptRunContext! This warning can be ignored when running in bare mode.
2026-10-05 23:07:30.915 Thread 'MainThread': missing ScriptRunContext! This warning can be ignored when running in bare mode.
2026-10-05 23:07:30.915 Thread 'MainThread': missing ScriptRunContext! This warning can be ignored when running in bare mode.
2026-10-05 23:07:30.915 Thread 'MainThread': missing ScriptRunContext! This warning can be ignored when running in bare mode.
2026-10-05 23:07:30.915 Thread 'MainThread': missing ScriptRunContext! This warning can be ignored when running in bare mode.
2026-10-05 23:07:30.915 Thread 'MainThread': missing ScriptRunContext! This warning can be ignored when running in bare mode.
2026-10-05 23:07:30.915 Thread 'MainThread': missing ScriptRunContext! This warning can be ignored when running in bare mode.
2026-10-05 23:07:30.915 Thread 'MainThread': missing ScriptRunContext! This warning can be ignored when running in bare mode.
2026-10-05 23:07:30.915 Thread 'MainThread': missing ScriptRunContext! This warning can be ignored when running in bare mode.
2026-10-05 23:07:30.915 Thread 'MainThread': missing ScriptRunContext! This warning can be ignored when running in bare mode.
2026-10-05 23:07:30.915 Thread 'MainThread': missing ScriptRunContext! This warning can be ignored when running in bare mode.
2026-10-05 23:07:30.915 Thread 'MainThread': missing ScriptRunContext! This warning can be ignored when running in bare mode.
2026-10-05 23:07:30.915 Thread 'MainThread': missing ScriptRunContext! This warning can be ignored when running in bare mode.
2026-10-05 23:07:30.915 Thread 'MainThread': missing ScriptRunContext! This warning can be ignored when running in bare mode.
2026-10-05 23:07:30.916 Thread 'MainThread': missing ScriptRunContext! This warning can be ignored when running in bare mode.
2026-10-05 23:07:30.916 Thread 'MainThread': missing ScriptRunContext! This warning can be ignored when running in bare mode.
2026-10-05 23:07:30.916 Thread 'MainThread': missing ScriptRunContext! This warning can be ignored when running in bare mode.
2026-10-05 23:07:30.916 Thread 'MainThread': missing ScriptRunContext! This warning can be ignored when running in bare mode.
2026-10-05 23:07:30.916 Thread 'MainThread': missing ScriptRunContext! This warning can be ignored when running in bare mode.
2026-10-05 23:07:30.916 Thread 'MainThread': missing ScriptRunContext! This warning can be ignored when running in bare mode.
2026-10-05 23:07:30.916 Thread 'MainThread': missing ScriptRunContext! This warning can be ignored when running in bare mode.
2026-10-05 23:07:30.916 Thread 'MainThread': missing ScriptRunContext! This warning can be ignored when running in bare mode.
2026-10-05 23:07:30.916 Thread 'MainThread': missing ScriptRunContext! This warning can be ignored when running in bare mode.
2026-10-05 23:07:30.916 Thread 'MainThread': missing ScriptRunContext! This warning can be ignored when running in bare mode.
2026-10-05 23:07:30.916 Thread 'MainThread': missing ScriptRunContext! This warning can be ignored when running in bare mode.
2026-10-05 23:07:30.972 Thread 'MainThread': missing ScriptRunContext! This warning can be ignored when running in bare mode.
2026-10-05 23:07:30.975 Thread 'MainThread': missing ScriptRunContext! This warning can be ignored when running in bare mode.
2026-10-05 23:07:30.975 Thread 'MainThread': missing ScriptRunContext! This warning can be ignored when running in bare mode.
2026-10-05 23:07:30.975 Thread 'MainThread': missing ScriptRunContext! This warning can be ignored when running in bare mode.
2026-10-05 23:07:30.975 Thread 'MainThread': missing ScriptRunContext! This warning can be ignored when running in bare mode.
2026-10-05 23:07:30.975 Thread 'MainThread': missing ScriptRunContext! This warning can be ignored when running in bare mode.
2026-10-05 23:07:30.975 Thread 'MainThread': missing ScriptRunContext! This warning can be ignored when running in bare mode.
2026-10-05 23:07:30.975 Thread 'MainThread': missing ScriptRunContext! This warning can be ignored when running in bare mode.
2026-10-05 23:07:30.975 Thread 'MainThread': missing ScriptRunContext! This warning can be ignored when running in bare mode.
2026-10-05 23:07:30.975 Thread 'MainThread': missing ScriptRunContext! This warning can be ignored when running in bare mode.
2026-10-05 23:07:30.975 Thread 'MainThread': missing ScriptRunContext! This warning can be ignored when running in bare mode.
2026-10-05 23:07:30.975 Thread 'MainThread': missing ScriptRunContext! This warning can be ignored when running in bare mode.
2026-10-05 23:07:30.976 Thread 'MainThread': missing ScriptRunContext! This warning can be ignored when running in bare mode.
2026-10-05 23:07:30.976 Thread 'MainThread': missing ScriptRunContext! This warning can be ignored when running in bare mode.
2026-10-05 23:07:30.976 Thread 'MainThread': missing ScriptRunContext! This warning can be ignored when running in bare mode.
2026-10-05 23:07:30.976 Thread 'MainThread': missing ScriptRunContext! This warning can be ignored when running in bare mode.
2026-10-05 23:07:30.976 Thread 'MainThread': missing ScriptRunContext! This warning can be ignored when running in bare mode.
2026-10-05 23:07:30.976 Thread 'MainThread': missing ScriptRunContext! This warning can be ignored when running in bare mode.
2026-10-05 23:07:30.976 Thread 'MainThread': missing ScriptRunContext! This warning can be ignored when running in bare mode.
2026-10-05 23:07:30.976 Thread 'MainThread': missing ScriptRunContext! This warning can be ignored when running in bare mode.
2026-10-05 23:07:30.976 Thread 'MainThread': missing ScriptRunContext! This warning can be ignored when running in bare mode.
2026-10-05 23:07:30.976 Thread 'MainThread': missing ScriptRunContext! This warning can be ignored when running in bare mode.
2026-10-05 23:07:30.976 Thread 'MainThread': missing ScriptRunContext! This warning can be ignored when running in bare mode.
2026-10-05 23:07:30.976 Thread 'MainThread': missing ScriptRunContext! This warning can be ignored when running in bare mode.
2026-10-05 23:07:30.976 Thread 'MainThread': missing ScriptRunContext! This warning can be ignored when running in bare mode.
2026-10-05 23:07:30.976 Thread 'MainThread': missing ScriptRunContext! This warning can be ignored when running in bare mode.
2026-10-05 23:07:30.976 Thread 'MainThread': missing ScriptRunContext! This warning can be ignored when running in bare mode.
2026-10-05 23:07:30.976 Thread 'MainThread': missing ScriptRunContext! This warning can be ignored when running in bare mode.
2026-10-05 23:07:30.976 Thread 'MainThread': missing ScriptRunContext! This warning can be ignored when running in bare mode.
2026-10-05 23:07:30.977 Thread 'MainThread': missing ScriptRunContext! This warning can be ignored when running in bare mode.
2026-10-05 23:07:30.977 Thread 'MainThread': missing ScriptRunContext! This warning can be ignored when running in bare mode.
2026-10-05 23:07:30.977 Thread 'MainThread': missing ScriptRunContext! This warning can be ignored when running in bare mode.
2026-10-05 23:07:30.977 Thread 'MainThread': missing ScriptRunContext! This warning can be ignored when running in bare mode.
2026-10-05 23:07:30.977 Thread 'MainThread': missing ScriptRunContext! This warning can be ignored when running in bare mode.
2026-10-05 23:07:30.977 Thread 'MainThread': missing ScriptRunContext! This warning can be ignored when running in bare mode.
2026-10-05 23:07:30.977 Thread 'MainThread': missing ScriptRunContext! This warning can be ignored when running in bare mode.
2026-10-05 23:07:30.977 Thread 'MainThread': missing ScriptRunContext! This warning can be ignored when running in bare mode.
2026-10-05 23:07:30.977 Thread 'MainThread': missing ScriptRunContext! This warning can be ignored when running in bare mode.
2026-10-05 23:07:30.977 Thread 'MainThread': missing ScriptRunContext! This warning can be ignored when running in bare mode.
2026-10-05 23:07:30.977 Thread 'MainThread': missing ScriptRunContext! This warning can be ignored when running in bare mode.
2026-10-05 23:07:30.977 Thread 'MainThread': missing ScriptRunContext! This warning can be ignored when running in bare mode.
2026-10-05 23:07:30.977 Thread 'MainThread': missing ScriptRunContext! This warning can be ignored when running in bare mode.
2026-10-05 23:07:30.977 Thread 'MainThread': missing ScriptRunContext! This warning can be ignored when running in bare mode.
2026-10-05 23:07:30.977 Thread 'MainThread': missing ScriptRunContext! This warning can be ignored when running in bare mode.
2026-10-05 23:07:31.033 Thread 'MainThread': missing ScriptRunContext! This warning can be ignored when running in bare mode.
2026-10-05 23:07:31.035 Thread 'MainThread': missing ScriptRunContext! This warning can be ignored when running in bare mode.
2026-10-05 23:07:31.036 Thread 'MainThread': missing ScriptRunContext! This warning can be ignored when running in bare mode.
2026-10-05 23:07:31.036 Thread 'MainThread': missing ScriptRunContext! This warning can be ignored when running in bare mode.
2026-10-05 23:07:31.036 Thread 'MainThread': missing ScriptRunContext! This warning can be ignored when running in bare mode.
2026-10-05 23:07:31.036 Thread 'MainThread': missing ScriptRunContext! This warning can be ignored when running in bare mode.
2026-10-05 23:07:31.036 Thread 'MainThread': missing ScriptRunContext! This warning can be ignored when running in bare mode.
2026-10-05 23:07:31.036 Thread 'MainThread': missing ScriptRunContext! This warning can be ignored when running in bare mode.
2026-10-05 23:07:31.036 Thread 'MainThread': missing ScriptRunContext! This warning can be ignored when running in bare mode.
2026-10-05 23:07:31.036 Thread 'MainThread': missing ScriptRunContext! This warning can be ignored when running in bare mode.
2026-10-05 23:07:31.036 Thread 'MainThread': missing ScriptRunContext! This warning can be ignored when running in bare mode.
2026-10-05 23:07:31.036 Thread 'MainThread': missing ScriptRunContext! This warning can be ignored when running in bare mode.
2026-10-05 23:07:31.036 Thread 'MainThread': missing ScriptRunContext! This warning can be ignored when running in bare mode.
2026-10-05 23:07:31.036 Thread 'MainThread': missing ScriptRunContext! This warning can be ignored when running in bare mode.
2026-10-05 23:07:31.036 Thread 'MainThread': missing ScriptRunContext! This warning can be ignored when running in bare mode.
2026-10-05 23:07:31.036 Thread 'MainThread': missing ScriptRunContext! This warning can be ignored when running in bare mode.
2026-10-05 23:07:31.036 Thread 'MainThread': missing ScriptRunContext! This warning can be ignored when running in bare mode.
2026-10-05 23:07:31.036 Thread 'MainThread': missing ScriptRunContext! This warning can be ignored when running in bare mode.
2026-10-05 23:07:31.037 Thread 'MainThread': missing ScriptRunContext! This warning can be ignored when running in bare mode.
2026-10-05 23:07:31.037 Thread 'MainThread': missing ScriptRunContext! This warning can be ignored when running in bare mode.
2026-10-05 23:07:31.037 Thread 'MainThread': missing ScriptRunContext! This warning can be ignored when running in bare mode.
2026-10-05 23:07:31.037 Thread 'MainThread': missing ScriptRunContext! This warning can be ignored when running in bare mode.
2026-10-05 23:07:31.037 Thread 'MainThread': missing ScriptRunContext! This warning can be ignored when running in bare mode.
2026-10-05 23:07:31.037 Thread 'MainThread': missing ScriptRunContext! This warning can be ignored when running in bare mode.
2026-10-05 23:07:31.037 Thread 'MainThread': missing ScriptRunContext! This warning can be ignored when running in bare mode.
2026-10-05 23:07:31.037 Thread 'MainThread': missing ScriptRunContext! This warning can be ignored when running in bare mode.
2026-10-05 23:07:31.037 Thread 'MainThread': missing ScriptRunContext! This warning can be ignored when running in bare mode.
2026-10-05 23:07:31.037 Thread 'MainThread': missing ScriptRunContext! This warning can be ignored when running in bare mode.
2026-10-05 23:07:31.037 Thread 'MainThread': missing ScriptRunContext! This warning can be ignored when running in bare mode.
2026-10-05 23:07:31.037 Thread 'MainThread': missing ScriptRunContext! This warning can be ignored when running in bare mode.
2026-10-05 23:07:31.037 Thread 'MainThread': missing ScriptRunContext! This warning can be ignored when running in bare mode.
2026-10-05 23:07:31.037 Thread 'MainThread': missing ScriptRunContext! This warning can be ignored when running in bare mode.
2026-10-05 23:07:31.037 Thread 'MainThread': missing ScriptRunContext! This warning can be ignored when running in bare mode.
2026-10-05 23:07:31.037 Thread 'MainThread': missing ScriptRunContext! This warning can be ignored when running in bare mode.
2026-10-05 23:07:31.037 Thread 'MainThread': missing ScriptRunContext! This warning can be ignored when running in bare mode.
2026-10-05 23:07:31.037 Thread 'MainThread': missing ScriptRunContext! This warning can be ignored when running in bare mode.
2026-10-05 23:07:31.037 Thread 'MainThread': missing ScriptRunContext! This warning can be ignored when running in bare mode.
2026-10-05 23:07:31.037 Thread 'MainThread': missing ScriptRunContext! This warning can be ignored when running in bare mode.
2026-10-05 23:07:31.037 Thread 'MainThread': missing ScriptRunContext! This warning can be ignored when running in bare mode.
2026-10-05 23:07:31.038 Thread 'MainThread': missing ScriptRunContext! This warning can be ignored when running in bare mode.
2026-10-05 23:07:31.038 Thread 'MainThread': missing ScriptRunContext! This warning can be ignored when running in bare mode.
2026-10-05 23:07:31.038 Thread 'MainThread': missing ScriptRunContext! This warning can be ignored when running in bare mode.
2026-10-05 23:07:31.038 Thread 'MainThread': missing ScriptRunContext! This warning can be ignored when running in bare mode.
2026-10-05 23:07:31.038 Thread 'MainThread': missing ScriptRunContext! This warning can be ignored when running in bare mode.
2026-10-05 23:07:31.098 Thread 'MainThread': missing ScriptRunContext! This warning can be ignored when running in bare mode.
2026-10-05 23:07:31.100 Thread 'MainThread': missing ScriptRunContext! This warning can be ignored when running in bare mode.
2026-10-05 23:07:31.100 Thread 'MainThread': missing ScriptRunContext! This warning can be ignored when running in bare mode.
2026-10-05 23:07:31.100 Thread 'MainThread': missing ScriptRunContext! This warning can be ignored when running in bare mode.
2026-10-05 23:07:31.101 Thread 'MainThread': missing ScriptRunContext! This warning can be ignored when running in bare mode.
2026-10-05 23:07:31.101 Thread 'MainThread': missing ScriptRunContext! This warning can be ignored when running in bare mode.
2026-10-05 23:07:31.101 Thread 'MainThread': missing ScriptRunContext! This warning can be ignored when running in bare mode.
2026-10-05 23:07:31.101 Thread 'MainThread': missing ScriptRunContext! This warning can be ignored when running in bare mode.
2026-10-05 23:07:31.101 Thread 'MainThread': missing ScriptRunContext! This warning can be ignored when running in bare mode.
2026-10-05 23:07:31.101 Thread 'MainThread': missing ScriptRunContext! This warning can be ignored when running in bare mode.
2026-10-05 23:07:31.101 Thread 'MainThread': missing ScriptRunContext! This warning can be ignored when running in bare mode.
2026-10-05 23:07:31.101 Thread 'MainThread': missing ScriptRunContext! This warning can be ignored when running in bare mode.
2026-10-05 23:07:31.101 Thread 'MainThread': missing ScriptRunContext! This warning can be ignored when running in bare mode.
2026-10-05 23:07:31.101 Thread 'MainThread': missing ScriptRunContext! This warning can be ignored when running in bare mode.
2026-10-05 23:07:31.101 Thread 'MainThread': missing ScriptRunContext! This warning can be ignored when running in bare mode.
2026-10-05 23:07:31.101 Thread 'MainThread': missing ScriptRunContext! This warning can be ignored when running in bare mode.
2026-10-05 23:07:31.101 Thread 'MainThread': missing ScriptRunContext! This warning can be ignored when running in bare mode.
2026-10-05 23:07:31.101 Thread 'MainThread': missing ScriptRunContext! This warning can be ignored when running in bare mode.
2026-10-05 23:07:31.101 Thread 'MainThread': missing ScriptRunContext! This warning can be ignored when running in bare mode.
2026-10-05 23:07:31.101 Thread 'MainThread': missing ScriptRunContext! This warning can be ignored when running in bare mode.
2026-10-05 23:07:31.101 Thread 'MainThread': missing ScriptRunContext! This warning can be ignored when running in bare mode.
2026-10-05 23:07:31.101 Thread 'MainThread': missing ScriptRunContext! This warning can be ignored when running in bare mode.
2026-10-05 23:07:31.101 Thread 'MainThread': missing ScriptRunContext! This warning can be ignored when running in bare mode.
2026-10-05 23:07:31.101 Thread 'MainThread': missing ScriptRunContext! This warning can be ignored when running in bare mode.
2026-10-05 23:07:31.101 Thread 'MainThread': missing ScriptRunContext! This warning can be ignored when running in bare mode.
2026-10-05 23:07:31.102 Thread 'MainThread': missing ScriptRunContext! This warning can be ignored when running in bare mode.
2026-10-05 23:07:31.102 Thread 'MainThread': missing ScriptRunContext! This warning can be ignored when running in bare mode.
2026-10-05 23:07:31.102 Thread 'MainThread': missing ScriptRunContext! This warning can be ignored when running in bare mode.
2026-10-05 23:07:31.102 Thread 'MainThread': missing ScriptRunContext! This warning can be ignored when running in bare mode.
2026-10-05 23:07:31.102 Thread 'MainThread': missing ScriptRunContext! This warning can be ignored when running in bare mode.
2026-10-05 23:07:31.102 Thread 'MainThread': missing ScriptRunContext! This warning can be ignored when running in bare mode.
2026-10-05 23:07:31.102 Thread 'MainThread': missing ScriptRunContext! This warning can be ignored when running in bare mode.
2026-10-05 23:07:31.102 Thread 'MainThread': missing ScriptRunContext! This warning can be ignored when running in bare mode.
2026-10-05 23:07:31.102 Thread 'MainThread': missing ScriptRunContext! This warning can be ignored when running in bare mode.
2026-10-05 23:07:31.102 Thread 'MainThread': missing ScriptRunContext! This warning can be ignored when running in bare mode.
2026-10-05 23:07:31.102 Thread 'MainThread': missing ScriptRunContext! This warning can be ignored when running in bare mode.
2026-10-05 23:07:31.102 Thread 'MainThread': missing ScriptRunContext! This warning can be ignored when running in bare mode.
2026-10-05 23:07:31.102 Thread 'MainThread': missing ScriptRunContext! This warning can be ignored when running in bare mode.
2026-10-05 23:07:31.102 Thread 'MainThread': missing ScriptRunContext! This warning can be ignored when running in bare mode.
2026-10-05 23:07:31.102 Thread 'MainThread': missing ScriptRunContext! This warning can be ignored when running in bare mode.
2026-10-05 23:07:31.102 Thread 'MainThread': missing ScriptRunContext! This warning can be ignored when running in bare mode.
2026-10-05 23:07:31.102 Thread 'MainThread': missing ScriptRunContext! This warning can be ignored when running in bare mode.
2026-10-05 23:07:31.102 Thread 'MainThread': missing ScriptRunContext! This warning can be ignored when running in bare mode.
2026-10-05 23:07:31.102 Thread 'MainThread': missing ScriptRunContext! This warning can be ignored when running in bare mode.
2026-10-05 23:07:31.159 Thread 'MainThread': missing ScriptRunContext! This warning can be ignored when running in bare mode.
2026-10-05 23:07:31.162 Thread 'MainThread': missing ScriptRunContext! This warning can be ignored when running in bare mode.
2026-10-05 23:07:31.162 Thread 'MainThread': missing ScriptRunContext! This warning can be ignored when running in bare mode.
2026-10-05 23:07:31.162 Thread 'MainThread': missing ScriptRunContext! This warning can be ignored when running in bare mode.
2026-10-05 23:07:31.162 Thread 'MainThread': missing ScriptRunContext! This warning can be ignored when running in bare mode.
2026-10-05 23:07:31.162 Thread 'MainThread': missing ScriptRunContext! This warning can be ignored when running in bare mode.
2026-10-05 23:07:31.162 Thread 'MainThread': missing ScriptRunContext! This warning can be ignored when running in bare mode.
2026-10-05 23:07:31.162 Thread 'MainThread': missing ScriptRunContext! This warning can be ignored when running in bare mode.
2026-10-05 23:07:31.163 Thread 'MainThread': missing ScriptRunContext! This warning can be ignored when running in bare mode.
2026-10-05 23:07:31.163 Thread 'MainThread': missing ScriptRunContext! This warning can be ignored when running in bare mode.
2026-10-05 23:07:31.163 Thread 'MainThread': missing ScriptRunContext! This warning can be ignored when running in bare mode.
2026-10-05 23:07:31.163 Thread 'MainThread': missing ScriptRunContext! This warning can be ignored when running in bare mode.
2026-10-05 23:07:31.163 Thread 'MainThread': missing ScriptRunContext! This warning can be ignored when running in bare mode.
2026-10-05 23:07:31.163 Thread 'MainThread': missing ScriptRunContext! This warning can be ignored when running in bare mode.
2026-10-05 23:07:31.163 Thread 'MainThread': missing ScriptRunContext! This warning can be ignored when running in bare mode.
2026-10-05 23:07:31.163 Thread 'MainThread': missing ScriptRunContext! This warning can be ignored when running in bare mode.
2026-10-05 23:07:31.163 Thread 'MainThread': missing ScriptRunContext! This warning can be ignored when running in bare mode.
2026-10-05 23:07:31.163 Thread 'MainThread': missing ScriptRunContext! This warning can be ignored when running in bare mode.
2026-10-05 23:07:31.163 Thread 'MainThread': missing ScriptRunContext! This warning can be ignored when running in bare mode.
2026-10-05 23:07:31.163 Thread 'MainThread': missing ScriptRunContext! This warning can be ignored when running in bare mode.
2026-10-05 23:07:31.163 Thread 'MainThread': missing ScriptRunContext! This warning can be ignored when running in bare mode.
2026-10-05 23:07:31.163 Thread 'MainThread': missing ScriptRunContext! This warning can be ignored when running in bare mode.
2026-10-05 23:07:31.163 Thread 'MainThread': missing ScriptRunContext! This warning can be ignored when running in bare mode.
2026-10-05 23:07:31.163 Thread 'MainThread': missing ScriptRunContext! This warning can be ignored when running in bare mode.
2026-10-05 23:07:31.163 Thread 'MainThread': missing ScriptRunContext! This warning can be ignored when running in bare mode.
2026-10-05 23:07:31.164 Thread 'MainThread': missing ScriptRunContext! This warning can be ignored when running in bare mode.
2026-10-05 23:07:31.164 Thread 'MainThread': missing ScriptRunContext! This warning can be ignored when running in bare mode.
2026-10-05 23:07:31.164 Thread 'MainThread': missing ScriptRunContext! This warning can be ignored when running in bare mode.
2026-10-05 23:07:31.164 Thread 'MainThread': missing ScriptRunContext! This warning can be ignored when running in bare mode.
2026-10-05 23:07:31.164 Thread 'MainThread': missing ScriptRunContext! This warning can be ignored when running in bare mode.
2026-10-05 23:07:31.164 Thread 'MainThread': missing ScriptRunContext! This warning can be ignored when running in bare mode.
2026-10-05 23:07:31.164 Thread 'MainThread': missing ScriptRunContext! This warning can be ignored when running in bare mode.
2026-10-05 23:07:31.164 Thread 'MainThread': missing ScriptRunContext! This warning can be ignored when running in bare mode.
2026-10-05 23:07:31.164 Thread 'MainThread': missing ScriptRunContext! This warning can be ignored when running in bare mode.
2026-10-05 23:07:31.164 Thread 'MainThread': missing ScriptRunContext! This warning can be ignored when running in bare mode.
2026-10-05 23:07:31.164 Thread 'MainThread': missing ScriptRunContext! This warning can be ignored when running in bare mode.
2026-10-05 23:07:31.164 Thread 'MainThread': missing ScriptRunContext! This warning can be ignored when running in bare mode.
2026-10-05 23:07:31.164 Thread 'MainThread': missing ScriptRunContext! This warning can be ignored when running in bare mode.
2026-10-05 23:07:31.164 Thread 'MainThread': missing ScriptRunContext! This warning can be ignored when running in bare mode.
2026-10-05 23:07:31.164 Thread 'MainThread': missing ScriptRunContext! This warning can be ignored when running in bare mode.
2026-10-05 23:07:31.164 Thread 'MainThread': missing ScriptRunContext! This warning can be ignored when running in bare mode.
2026-10-05 23:07:31.164 Thread 'MainThread': missing ScriptRunContext! This warning can be ignored when running in bare mode.
2026-10-05 23:07:31.165 Thread 'MainThread': missing ScriptRunContext! This warning can be ignored when running in bare mode.
2026-10-05 23:07:31.165 Thread 'MainThread': missing ScriptRunContext! This warning can be ignored when running in bare mode.
2026-10-05 23:07:31.223 Thread 'MainThread': missing ScriptRunContext! This warning can be ignored when running in bare mode.
2026-10-05 23:07:31.226 Thread 'MainThread': missing ScriptRunContext! This warning can be ignored when running in bare mode.
2026-10-05 23:07:31.226 Thread 'MainThread': missing ScriptRunContext! This warning can be ignored when running in bare mode.
2026-10-05 23:07:31.226 Thread 'MainThread': missing ScriptRunContext! This warning can be ignored when running in bare mode.
2026-10-05 23:07:31.226 Thread 'MainThread': missing ScriptRunContext! This warning can be ignored when running in bare mode.
2026-10-05 23:07:31.226 Thread 'MainThread': missing ScriptRunContext! This warning can be ignored when running in bare mode.
2026-10-05 23:07:31.226 Thread 'MainThread': missing ScriptRunContext! This warning can be ignored when running in bare mode.
2026-10-05 23:07:31.226 Thread 'MainThread': missing ScriptRunContext! This warning can be ignored when running in bare mode.
2026-10-05 23:07:31.227 Thread 'MainThread': missing ScriptRunContext! This warning can be ignored when running in bare mode.
2026-10-05 23:07:31.227 Thread 'MainThread': missing ScriptRunContext! This warning can be ignored when running in bare mode.
2026-10-05 23:07:31.227 Thread 'MainThread': missing ScriptRunContext! This warning can be ignored when running in bare mode.
2026-10-05 23:07:31.227 Thread 'MainThread': missing ScriptRunContext! This warning can be ignored when running in bare mode.
2026-10-05 23:07:31.227 Thread 'MainThread': missing ScriptRunContext! This warning can be ignored when running in bare mode.
2026-10-05 23:07:31.227 Thread 'MainThread': missing ScriptRunContext! This warning can be ignored when running in bare mode.
2026-10-05 23:07:31.227 Thread 'MainThread': missing ScriptRunContext! This warning can be ignored when running in bare mode.
2026-10-05 23:07:31.227 Thread 'MainThread': missing ScriptRunContext! This warning can be ignored when running in bare mode.
2026-10-05 23:07:31.227 Thread 'MainThread': missing ScriptRunContext! This warning can be ignored when running in bare mode.
2026-10-05 23:07:31.227 Thread 'MainThread': missing ScriptRunContext! This warning can be ignored when running in bare mode.
2026-10-05 23:07:31.227 Thread 'MainThread': missing ScriptRunContext! This warning can be ignored when running in bare mode.
2026-10-05 23:07:31.227 Thread 'MainThread': missing ScriptRunContext! This warning can be ignored when running in bare mode.
2026-10-05 23:07:31.227 Thread 'MainThread': missing ScriptRunContext! This warning can be ignored when running in bare mode.
2026-10-05 23:07:31.227 Thread 'MainThread': missing ScriptRunContext! This warning can be ignored when running in bare mode.
2026-10-05 23:07:31.227 Thread 'MainThread': missing ScriptRunContext! This warning can be ignored when running in bare mode.
2026-10-05 23:07:31.227 Thread 'MainThread': missing ScriptRunContext! This warning can be ignored when running in bare mode.
2026-10-05 23:07:31.227 Thread 'MainThread': missing ScriptRunContext! This warning can be ignored when running in bare mode.
2026-10-05 23:07:31.227 Thread 'MainThread': missing ScriptRunContext! This warning can be ignored when running in bare mode.
2026-10-05 23:07:31.227 Thread 'MainThread': missing ScriptRunContext! This warning can be ignored when running in bare mode.
2026-10-05 23:07:31.227 Thread 'MainThread': missing ScriptRunContext! This warning can be ignored when running in bare mode.
2026-10-05 23:07:31.228 Thread 'MainThread': missing ScriptRunContext! This warning can be ignored when running in bare mode.
2026-10-05 23:07:31.228 Thread 'MainThread': missing ScriptRunContext! This warning can be ignored when running in bare mode.
2026-10-05 23:07:31.228 Thread 'MainThread': missing ScriptRunContext! This warning can be ignored when running in bare mode.
2026-10-05 23:07:31.228 Thread 'MainThread': missing ScriptRunContext! This warning can be ignored when running in bare mode.
2026-10-05 23:07:31.228 Thread 'MainThread': missing ScriptRunContext! This warning can be ignored when running in bare mode.
2026-10-05 23:07:31.228 Thread 'MainThread': missing ScriptRunContext! This warning can be ignored when running in bare mode.
2026-10-05 23:07:31.228 Thread 'MainThread': missing ScriptRunContext! This warning can be ignored when running in bare mode.
2026-10-05 23:07:31.228 Thread 'MainThread': missing ScriptRunContext! This warning can be ignored when running in bare mode.
2026-10-05 23:07:31.228 Thread 'MainThread': missing ScriptRunContext! This warning can be ignored when running in bare mode.
2026-10-05 23:07:31.228 Thread 'MainThread': missing ScriptRunContext! This warning can be ignored when running in bare mode.
2026-10-05 23:07:31.228 Thread 'MainThread': missing ScriptRunContext! This warning can be ignored when running in bare mode.
2026-10-05 23:07:31.228 Thread 'MainThread': missing ScriptRunContext! This warning can be ignored when running in bare mode.
2026-10-05 23:07:31.228 Thread 'MainThread': missing ScriptRunContext! This warning can be ignored when running in bare mode.
2026-10-05 23:07:31.228 Thread 'MainThread': missing ScriptRunContext! This warning can be ignored when running in bare mode.
2026-10-05 23:07:31.228 Thread 'MainThread': missing ScriptRunContext! This warning can be ignored when running in bare mode.
2026-10-05 23:07:31.228 Thread 'MainThread': missing ScriptRunContext! This warning can be ignored when running in bare mode.
2026-10-05 23:07:33.757 Thread 'MainThread': missing ScriptRunContext! This warning can be ignored when running in bare mode.
2026-10-05 23:07:33.757 Thread 'MainThread': missing ScriptRunContext! This warning can be ignored when running in bare mode.
2026-10-05 23:07:33.757 Thread 'MainThread': missing ScriptRunContext! This warning can be ignored when running in bare mode.
2026-10-05 23:07:33.757 Thread 'MainThread': missing ScriptRunContext! This warning can be ignored when running in bare mode.
2026-10-05 23:07:33.757 Thread 'MainThread': missing ScriptRunContext! This warning can be ignored when running in bare mode.
2026-10-05 23:07:33.757 Thread 'MainThread': missing ScriptRunContext! This warning can be ignored when running in bare mode.
2026-10-05 23:07:33.757 Thread 'MainThread': missing ScriptRunContext! This warning can be ignored when running in bare mode.
2026-10-05 23:07:35.222 Please replace `use_container_width` with `width`.

`use_container_width` will be removed after 2025-12-31.

For `use_container_width=True`, use `width='stretch'`. For `use_container_width=False`, use `width='content'`.
2026-10-05 23:07:35.580 Please replace `use_container_width` with `width`.

`use_container_width` will be removed after 2025-12-31.

For `use_container_width=True`, use `width='stretch'`. For `use_container_width=False`, use `width='content'`.
2026-10-05 23:07:35.603 Thread 'MainThread': missing ScriptRunContext! This warning can be ignored when running in bare mode.
2026-10-05 23:07:35.603 Thread 'MainThread': missing ScriptRunContext! This warning can be ignored when running in bare mode.
2026-10-05 23:07:35.603 Thread 'MainThread': missing ScriptRunContext! This warning can be ignored when running in bare mode.
2026-10-05 23:07:35.604 Thread 'MainThread': missing ScriptRunContext! This warning can be ignored when running in bare mode.
2026-10-05 23:07:35.604 Thread 'MainThread': missing ScriptRunContext! This warning can be ignored when running in bare mode.
2026-10-05 23:07:35.604 Thread 'MainThread': missing ScriptRunContext! This warning can be ignored when running in bare mode.
2026-10-05 23:07:35.604 Thread 'MainThread': missing ScriptRunContext! This warning can be ignored when running in bare mode.
2026-10-05 23:07:36.792 Please replace `use_container_width` with `width`.

`use_container_width` will be removed after 2025-12-31.

For `use_container_width=True`, use `width='stretch'`. For `use_container_width=False`, use `width='content'`.
2026-10-05 23:07:37.074 Please replace `use_container_width` with `width`.

`use_container_width` will be removed after 2025-12-31.

For `use_container_width=True`, use `width='stretch'`. For `use_container_width=False`, use `width='content'`.
2026-10-05 23:07:37.364 Please replace `use_container_width` with `width`.

`use_container_width` will be removed after 2025-12-31.

For `use_container_width=True`, use `width='stretch'`. For `use_container_width=False`, use `width='content'`.
2026-10-05 23:07:37.719 Please replace `use_container_width` with `width`.

`use_container_width` will be removed after 2025-12-31.

For `use_container_width=True`, use `width='stretch'`. For `use_container_width=False`, use `width='content'`.
2026-10-05 23:07:38.005 Please replace `use_container_width` with `width`.

`use_container_width` will be removed after 2025-12-31.

For `use_container_width=True`, use `width='stretch'`. For `use_container_width=False`, use `width='content'`.
2026-10-05 23:07:38.270 Please replace `use_container_width` with `width`.

`use_container_width` will be removed after 2025-12-31.

For `use_container_width=True`, use `width='stretch'`. For `use_container_width=False`, use `width='content'`.
2026-10-05 23:07:38.690 Please replace `use_container_width` with `width`.

`use_container_width` will be removed after 2025-12-31.

For `use_container_width=True`, use `width='stretch'`. For `use_container_width=False`, use `width='content'`.
2026-10-05 23:07:39.224 Please replace `use_container_width` with `width`.

`use_container_width` will be removed after 2025-12-31.

For `use_container_width=True`, use `width='stretch'`. For `use_container_width=False`, use `width='content'`.
2026-10-05 23:07:39.889 Please replace `use_container_width` with `width`.

`use_container_width` will be removed after 2025-12-31.

For `use_container_width=True`, use `width='stretch'`. For `use_container_width=False`, use `width='content'`.
2026-10-05 23:07:40.177 Please replace `use_container_width` with `width`.

`use_container_width` will be removed after 2025-12-31.

For `use_container_width=True`, use `width='stretch'`. For `use_container_width=False`, use `width='content'`.
2026-10-05 23:07:40.201 Thread 'MainThread': missing ScriptRunContext! This warning can be ignored when running in bare mode.
2026-10-05 23:07:40.204 Thread 'MainThread': missing ScriptRunContext! This warning can be ignored when running in bare mode.
2026-10-05 23:07:40.204 Thread 'MainThread': missing ScriptRunContext! This warning can be ignored when running in bare mode.
2026-10-05 23:07:40.204 Thread 'MainThread': missing ScriptRunContext! This warning can be ignored when running in bare mode.
2026-10-05 23:07:40.204 Thread 'MainThread': missing ScriptRunContext! This warning can be ignored when running in bare mode.
2026-10-05 23:07:40.204 Thread 'MainThread': missing ScriptRunContext! This warning can be ignored when running in bare mode.
2026-10-05 23:07:40.204 Thread 'MainThread': missing ScriptRunContext! This warning can be ignored when running in bare mode.
2026-10-05 23:07:40.204 Thread 'MainThread': missing ScriptRunContext! This warning can be ignored when running in bare mode.
2026-10-05 23:07:40.204 Thread 'MainThread': missing ScriptRunContext! This warning can be ignored when running in bare mode.
2026-10-05 23:07:40.204 Thread 'MainThread': missing ScriptRunContext! This warning can be ignored when running in bare mode.
2026-10-05 23:07:40.205 Thread 'MainThread': missing ScriptRunContext! This warning can be ignored when running in bare mode.
2026-10-05 23:07:40.205 Thread 'MainThread': missing ScriptRunContext! This warning can be ignored when running in bare mode.
2026-10-05 23:07:40.205 Thread 'MainThread': missing ScriptRunContext! This warning can be ignored when running in bare mode.
2026-10-05 23:07:40.205 Thread 'MainThread': missing ScriptRunContext! This warning can be ignored when running in bare mode.
2026-10-05 23:07:40.205 Thread 'MainThread': missing ScriptRunContext! This warning can be ignored when running in bare mode.
2026-10-05 23:07:40.205 Thread 'MainThread': missing ScriptRunContext! This warning can be ignored when running in bare mode.
2026-10-05 23:07:40.205 Thread 'MainThread': missing ScriptRunContext! This warning can be ignored when running in bare mode.
2026-10-05 23:07:40.205 Thread 'MainThread': missing ScriptRunContext! This warning can be ignored when running in bare mode.
2026-10-05 23:07:40.205 Thread 'MainThread': missing ScriptRunContext! This warning can be ignored when running in bare mode.
2026-10-05 23:07:40.205 Thread 'MainThread': missing ScriptRunContext! This warning can be ignored when running in bare mode.
2026-10-05 23:07:40.205 Thread 'MainThread': missing ScriptRunContext! This warning can be ignored when running in bare mode.
2026-10-05 23:07:40.206 Thread 'MainThread': missing ScriptRunContext! This warning can be ignored when running in bare mode.
2026-10-05 23:07:40.206 Thread 'MainThread': missing ScriptRunContext! This warning can be ignored when running in bare mode.
2026-10-05 23:07:40.206 Thread 'MainThread': missing ScriptRunContext! This warning can be ignored when running in bare mode.
2026-10-05 23:07:40.206 Thread 'MainThread': missing ScriptRunContext! This warning can be ignored when running in bare mode.
2026-10-05 23:07:40.206 Thread 'MainThread': missing ScriptRunContext! This warning can be ignored when running in bare mode.
2026-10-05 23:07:40.206 Thread 'MainThread': missing ScriptRunContext! This warning can be ignored when running in bare mode.
2026-10-05 23:07:40.206 Thread 'MainThread': missing ScriptRunContext! This warning can be ignored when running in bare mode.
2026-10-05 23:07:40.206 Thread 'MainThread': missing ScriptRunContext! This warning can be ignored when running in bare mode.
2026-10-05 23:07:40.206 Thread 'MainThread': missing ScriptRunContext! This warning can be ignored when running in bare mode.
2026-10-05 23:07:40.206 Thread 'MainThread': missing ScriptRunContext! This warning can be ignored when running in bare mode.
2026-10-05 23:07:40.206 Thread 'MainThread': missing ScriptRunContext! This warning can be ignored when running in bare mode.
2026-10-05 23:07:40.206 Thread 'MainThread': missing ScriptRunContext! This warning can be ignored when running in bare mode.
2026-10-05 23:07:40.207 Thread 'MainThread': missing ScriptRunContext! This warning can be ignored when running in bare mode.
2026-10-05 23:07:40.207 Thread 'MainThread': missing ScriptRunContext! This warning can be ignored when running in bare mode.
2026-10-05 23:07:40.207 Thread 'MainThread': missing ScriptRunContext! This warning can be ignored when running in bare mode.
2026-10-05 23:07:40.207 Thread 'MainThread': missing ScriptRunContext! This warning can be ignored when running in bare mode.
2026-10-05 23:07:40.207 Thread 'MainThread': missing ScriptRunContext! This warning can be ignored when running in bare mode.
2026-10-05 23:07:40.207 Thread 'MainThread': missing ScriptRunContext! This warning can be ignored when running in bare mode.
2026-10-05 23:07:40.207 Thread 'MainThread': missing ScriptRunContext! This warning can be ignored when running in bare mode.
2026-10-05 23:07:40.207 Thread 'MainThread': missing ScriptRunContext! This warning can be ignored when running in bare mode.
2026-10-05 23:07:40.207 Thread 'MainThread': missing ScriptRunContext! This warning can be ignored when running in bare mode.
2026-10-05 23:07:40.207 Thread 'MainThread': missing ScriptRunContext! This warning can be ignored when running in bare mode.
2026-10-05 23:07:40.207 Thread 'MainThread': missing ScriptRunContext! This warning can be ignored when running in bare mode.
2026-10-05 23:07:40.226 Thread 'MainThread': missing ScriptRunContext! This warning can be ignored when running in bare mode.
2026-10-05 23:07:40.227 Thread 'MainThread': missing ScriptRunContext! This warning can be ignored when running in bare mode.
2026-10-05 23:07:40.227 Thread 'MainThread': missing ScriptRunContext! This warning can be ignored when running in bare mode.
2026-10-05 23:07:40.227 Thread 'MainThread': missing ScriptRunContext! This warning can be ignored when running in bare mode.
2026-10-05 23:07:40.227 Thread 'MainThread': missing ScriptRunContext! This warning can be ignored when running in bare mode.
2026-10-05 23:07:40.227 Thread 'MainThread': missing ScriptRunContext! This warning can be ignored when running in bare mode.
2026-10-05 23:07:40.227 Thread 'MainThread': missing ScriptRunContext! This warning can be ignored when running in bare mode.
2026-10-05 23:07:41.651 Please replace `use_container_width` with `width`.

`use_container_width` will be removed after 2025-12-31.

For `use_container_width=True`, use `width='stretch'`. For `use_container_width=False`, use `width='content'`.
2026-10-05 23:07:41.947 Please replace `use_container_width` with `width`.

`use_container_width` will be removed after 2025-12-31.

For `use_container_width=True`, use `width='stretch'`. For `use_container_width=False`, use `width='content'`.
2026-10-05 23:07:41.968 Thread 'MainThread': missing ScriptRunContext! This warning can be ignored when running in bare mode.
2026-10-05 23:07:42.201 Please replace `use_container_width` with `width`.

`use_container_width` will be removed after 2025-12-31.

For `use_container_width=True`, use `width='stretch'`. For `use_container_width=False`, use `width='content'`.
2026-10-05 23:07:42.217 Thread 'MainThread': missing ScriptRunContext! This warning can be ignored when running in bare mode.
2026-10-05 23:07:42.610 Thread 'MainThread': missing ScriptRunContext! This warning can be ignored when running in bare mode.
2026-10-05 23:07:42.610 Thread 'MainThread': missing ScriptRunContext! This warning can be ignored when running in bare mode.
2026-10-05 23:07:42.610 Thread 'MainThread': missing ScriptRunContext! This warning can be ignored when running in bare mode.
2026-10-05 23:07:42.610 Thread 'MainThread': missing ScriptRunContext! This warning can be ignored when running in bare mode.
2026-10-05 23:07:42.610 Thread 'MainThread': missing ScriptRunContext! This warning can be ignored when running in bare mode.
2026-10-05 23:07:42.610 Thread 'MainThread': missing ScriptRunContext! This warning can be ignored when running in bare mode.
2026-10-05 23:07:42.611 Thread 'MainThread': missing ScriptRunContext! This warning can be ignored when running in bare mode.
2026-10-05 23:07:44.019 Please replace `use_container_width` with `width`.

`use_container_width` will be removed after 2025-12-31.

For `use_container_width=True`, use `width='stretch'`. For `use_container_width=False`, use `width='content'`.
2026-10-05 23:07:44.336 Please replace `use_container_width` with `width`.

`use_container_width` will be removed after 2025-12-31.

For `use_container_width=True`, use `width='stretch'`. For `use_container_width=False`, use `width='content'`.
2026-10-05 23:07:44.357 Thread 'MainThread': missing ScriptRunContext! This warning can be ignored when running in bare mode.
2026-10-05 23:07:44.357 Thread 'MainThread': missing ScriptRunContext! This warning can be ignored when running in bare mode.
2026-10-05 23:07:44.357 Thread 'MainThread': missing ScriptRunContext! This warning can be ignored when running in bare mode.
2026-10-05 23:07:44.358 Thread 'MainThread': missing ScriptRunContext! This warning can be ignored when running in bare mode.
2026-10-05 23:07:44.358 Thread 'MainThread': missing ScriptRunContext! This warning can be ignored when running in bare mode.
2026-10-05 23:07:44.358 Thread 'MainThread': missing ScriptRunContext! This warning can be ignored when running in bare mode.
2026-10-05 23:07:44.358 Thread 'MainThread': missing ScriptRunContext! This warning can be ignored when running in bare mode.
Learning Scene validator rejected domain=spatial_dynamics reason=scene: missing fields=['assumptions', 'axes', 'bindings', 'learning_goal', 'metrics', 'objects', 'parameters', 'quantities', 'scene_id', 'scene_version', 'series', 'source_pages', 'time', 'title']; unknown fields=[]
2026-10-05 23:07:46.763 Thread 'MainThread': missing ScriptRunContext! This warning can be ignored when running in bare mode.
2026-10-05 23:07:46.764 Thread 'MainThread': missing ScriptRunContext! This warning can be ignored when running in bare mode.
2026-10-05 23:07:46.764 Thread 'MainThread': missing ScriptRunContext! This warning can be ignored when running in bare mode.
2026-10-05 23:07:46.764 Thread 'MainThread': missing ScriptRunContext! This warning can be ignored when running in bare mode.
2026-10-05 23:07:46.764 Thread 'MainThread': missing ScriptRunContext! This warning can be ignored when running in bare mode.
2026-10-05 23:07:46.764 Thread 'MainThread': missing ScriptRunContext! This warning can be ignored when running in bare mode.
2026-10-05 23:07:46.764 Thread 'MainThread': missing ScriptRunContext! This warning can be ignored when running in bare mode.
2026-10-05 23:07:48.686 Please replace `use_container_width` with `width`.

`use_container_width` will be removed after 2025-12-31.

For `use_container_width=True`, use `width='stretch'`. For `use_container_width=False`, use `width='content'`.
2026-10-05 23:07:48.966 Thread 'MainThread': missing ScriptRunContext! This warning can be ignored when running in bare mode.
2026-10-05 23:07:48.966 Thread 'MainThread': missing ScriptRunContext! This warning can be ignored when running in bare mode.
2026-10-05 23:07:48.966 Thread 'MainThread': missing ScriptRunContext! This warning can be ignored when running in bare mode.
2026-10-05 23:07:48.966 Thread 'MainThread': missing ScriptRunContext! This warning can be ignored when running in bare mode.
2026-10-05 23:07:48.966 Thread 'MainThread': missing ScriptRunContext! This warning can be ignored when running in bare mode.
2026-10-05 23:07:48.966 Thread 'MainThread': missing ScriptRunContext! This warning can be ignored when running in bare mode.
2026-10-05 23:07:48.966 Thread 'MainThread': missing ScriptRunContext! This warning can be ignored when running in bare mode.
2026-10-05 23:07:50.078 Please replace `use_container_width` with `width`.

`use_container_width` will be removed after 2025-12-31.

For `use_container_width=True`, use `width='stretch'`. For `use_container_width=False`, use `width='content'`.
2026-10-05 23:07:50.402 Please replace `use_container_width` with `width`.

`use_container_width` will be removed after 2025-12-31.

For `use_container_width=True`, use `width='stretch'`. For `use_container_width=False`, use `width='content'`.
2026-10-05 23:07:50.688 Please replace `use_container_width` with `width`.

`use_container_width` will be removed after 2025-12-31.

For `use_container_width=True`, use `width='stretch'`. For `use_container_width=False`, use `width='content'`.
2026-10-05 23:07:50.705 Thread 'MainThread': missing ScriptRunContext! This warning can be ignored when running in bare mode.
2026-10-05 23:07:50.706 Thread 'MainThread': missing ScriptRunContext! This warning can be ignored when running in bare mode.
2026-10-05 23:07:50.706 Thread 'MainThread': missing ScriptRunContext! This warning can be ignored when running in bare mode.
2026-10-05 23:07:50.706 Thread 'MainThread': missing ScriptRunContext! This warning can be ignored when running in bare mode.
2026-10-05 23:07:50.706 Thread 'MainThread': missing ScriptRunContext! This warning can be ignored when running in bare mode.
2026-10-05 23:07:50.706 Thread 'MainThread': missing ScriptRunContext! This warning can be ignored when running in bare mode.
2026-10-05 23:07:50.706 Thread 'MainThread': missing ScriptRunContext! This warning can be ignored when running in bare mode.
2026-10-05 23:07:50.706 Thread 'MainThread': missing ScriptRunContext! This warning can be ignored when running in bare mode.
2026-10-05 23:07:50.706 Thread 'MainThread': missing ScriptRunContext! This warning can be ignored when running in bare mode.
2026-10-05 23:07:50.706 Thread 'MainThread': missing ScriptRunContext! This warning can be ignored when running in bare mode.
2026-10-05 23:07:50.706 Thread 'MainThread': missing ScriptRunContext! This warning can be ignored when running in bare mode.
2026-10-05 23:07:50.706 Thread 'MainThread': missing ScriptRunContext! This warning can be ignored when running in bare mode.
2026-10-05 23:07:50.706 Thread 'MainThread': missing ScriptRunContext! This warning can be ignored when running in bare mode.
2026-10-05 23:07:50.707 Thread 'MainThread': missing ScriptRunContext! This warning can be ignored when running in bare mode.
2026-10-05 23:07:50.707 Thread 'MainThread': missing ScriptRunContext! This warning can be ignored when running in bare mode.
2026-10-05 23:07:50.707 Thread 'MainThread': missing ScriptRunContext! This warning can be ignored when running in bare mode.
2026-10-05 23:07:50.707 Thread 'MainThread': missing ScriptRunContext! This warning can be ignored when running in bare mode.
2026-10-05 23:07:50.707 Thread 'MainThread': missing ScriptRunContext! This warning can be ignored when running in bare mode.
2026-10-05 23:07:50.707 Thread 'MainThread': missing ScriptRunContext! This warning can be ignored when running in bare mode.
2026-10-05 23:07:50.707 Thread 'MainThread': missing ScriptRunContext! This warning can be ignored when running in bare mode.
2026-10-05 23:07:50.707 Thread 'MainThread': missing ScriptRunContext! This warning can be ignored when running in bare mode.
2026-10-05 23:07:50.707 Thread 'MainThread': missing ScriptRunContext! This warning can be ignored when running in bare mode.
2026-10-05 23:07:50.707 Thread 'MainThread': missing ScriptRunContext! This warning can be ignored when running in bare mode.
2026-10-05 23:07:50.707 Thread 'MainThread': missing ScriptRunContext! This warning can be ignored when running in bare mode.
2026-10-05 23:07:50.707 Thread 'MainThread': missing ScriptRunContext! This warning can be ignored when running in bare mode.
2026-10-05 23:07:50.708 Thread 'MainThread': missing ScriptRunContext! This warning can be ignored when running in bare mode.
2026-10-05 23:07:50.708 Thread 'MainThread': missing ScriptRunContext! This warning can be ignored when running in bare mode.
2026-10-05 23:07:50.708 Thread 'MainThread': missing ScriptRunContext! This warning can be ignored when running in bare mode.
2026-10-05 23:07:50.708 Thread 'MainThread': missing ScriptRunContext! This warning can be ignored when running in bare mode.
2026-10-05 23:07:50.708 Thread 'MainThread': missing ScriptRunContext! This warning can be ignored when running in bare mode.
2026-10-05 23:07:50.708 Thread 'MainThread': missing ScriptRunContext! This warning can be ignored when running in bare mode.
2026-10-05 23:07:50.708 Thread 'MainThread': missing ScriptRunContext! This warning can be ignored when running in bare mode.
2026-10-05 23:07:50.708 Thread 'MainThread': missing ScriptRunContext! This warning can be ignored when running in bare mode.
2026-10-05 23:07:50.708 Thread 'MainThread': missing ScriptRunContext! This warning can be ignored when running in bare mode.
2026-10-05 23:07:50.708 Thread 'MainThread': missing ScriptRunContext! This warning can be ignored when running in bare mode.
2026-10-05 23:07:50.708 Thread 'MainThread': missing ScriptRunContext! This warning can be ignored when running in bare mode.
2026-10-05 23:07:50.708 Thread 'MainThread': missing ScriptRunContext! This warning can be ignored when running in bare mode.
2026-10-05 23:07:50.708 Thread 'MainThread': missing ScriptRunContext! This warning can be ignored when running in bare mode.
2026-10-05 23:07:50.708 Thread 'MainThread': missing ScriptRunContext! This warning can be ignored when running in bare mode.
2026-10-05 23:07:50.709 Thread 'MainThread': missing ScriptRunContext! This warning can be ignored when running in bare mode.
2026-10-05 23:07:50.709 Thread 'MainThread': missing ScriptRunContext! This warning can be ignored when running in bare mode.
2026-10-05 23:07:50.709 Thread 'MainThread': missing ScriptRunContext! This warning can be ignored when running in bare mode.
2026-10-05 23:07:50.709 Thread 'MainThread': missing ScriptRunContext! This warning can be ignored when running in bare mode.
2026-10-05 23:07:50.709 Thread 'MainThread': missing ScriptRunContext! This warning can be ignored when running in bare mode.
2026-10-05 23:07:52.436 Thread 'MainThread': missing ScriptRunContext! This warning can be ignored when running in bare mode.
2026-10-05 23:07:52.439 Thread 'MainThread': missing ScriptRunContext! This warning can be ignored when running in bare mode.
2026-10-05 23:07:52.439 Thread 'MainThread': missing ScriptRunContext! This warning can be ignored when running in bare mode.
2026-10-05 23:07:52.439 Thread 'MainThread': missing ScriptRunContext! This warning can be ignored when running in bare mode.
2026-10-05 23:07:52.439 Thread 'MainThread': missing ScriptRunContext! This warning can be ignored when running in bare mode.
2026-10-05 23:07:52.439 Thread 'MainThread': missing ScriptRunContext! This warning can be ignored when running in bare mode.
2026-10-05 23:07:52.439 Thread 'MainThread': missing ScriptRunContext! This warning can be ignored when running in bare mode.
2026-10-05 23:07:52.439 Thread 'MainThread': missing ScriptRunContext! This warning can be ignored when running in bare mode.
2026-10-05 23:07:52.439 Thread 'MainThread': missing ScriptRunContext! This warning can be ignored when running in bare mode.
2026-10-05 23:07:52.439 Thread 'MainThread': missing ScriptRunContext! This warning can be ignored when running in bare mode.
2026-10-05 23:07:52.439 Thread 'MainThread': missing ScriptRunContext! This warning can be ignored when running in bare mode.
2026-10-05 23:07:52.439 Thread 'MainThread': missing ScriptRunContext! This warning can be ignored when running in bare mode.
2026-10-05 23:07:52.439 Thread 'MainThread': missing ScriptRunContext! This warning can be ignored when running in bare mode.
2026-10-05 23:07:52.439 Thread 'MainThread': missing ScriptRunContext! This warning can be ignored when running in bare mode.
2026-10-05 23:07:52.440 Thread 'MainThread': missing ScriptRunContext! This warning can be ignored when running in bare mode.
2026-10-05 23:07:52.440 Thread 'MainThread': missing ScriptRunContext! This warning can be ignored when running in bare mode.
2026-10-05 23:07:52.440 Thread 'MainThread': missing ScriptRunContext! This warning can be ignored when running in bare mode.
2026-10-05 23:07:52.440 Thread 'MainThread': missing ScriptRunContext! This warning can be ignored when running in bare mode.
2026-10-05 23:07:52.440 Thread 'MainThread': missing ScriptRunContext! This warning can be ignored when running in bare mode.
2026-10-05 23:07:52.440 Thread 'MainThread': missing ScriptRunContext! This warning can be ignored when running in bare mode.
2026-10-05 23:07:52.440 Thread 'MainThread': missing ScriptRunContext! This warning can be ignored when running in bare mode.
2026-10-05 23:07:52.440 Thread 'MainThread': missing ScriptRunContext! This warning can be ignored when running in bare mode.
2026-10-05 23:07:52.440 Thread 'MainThread': missing ScriptRunContext! This warning can be ignored when running in bare mode.
2026-10-05 23:07:52.440 Thread 'MainThread': missing ScriptRunContext! This warning can be ignored when running in bare mode.
2026-10-05 23:07:52.440 Thread 'MainThread': missing ScriptRunContext! This warning can be ignored when running in bare mode.
2026-10-05 23:07:52.440 Thread 'MainThread': missing ScriptRunContext! This warning can be ignored when running in bare mode.
2026-10-05 23:07:52.440 Thread 'MainThread': missing ScriptRunContext! This warning can be ignored when running in bare mode.
2026-10-05 23:07:52.440 Thread 'MainThread': missing ScriptRunContext! This warning can be ignored when running in bare mode.
2026-10-05 23:07:52.440 Thread 'MainThread': missing ScriptRunContext! This warning can be ignored when running in bare mode.
2026-10-05 23:07:52.440 Thread 'MainThread': missing ScriptRunContext! This warning can be ignored when running in bare mode.
2026-10-05 23:07:52.440 Thread 'MainThread': missing ScriptRunContext! This warning can be ignored when running in bare mode.
2026-10-05 23:07:52.440 Thread 'MainThread': missing ScriptRunContext! This warning can be ignored when running in bare mode.
2026-10-05 23:07:52.441 Thread 'MainThread': missing ScriptRunContext! This warning can be ignored when running in bare mode.
2026-10-05 23:07:52.441 Thread 'MainThread': missing ScriptRunContext! This warning can be ignored when running in bare mode.
2026-10-05 23:07:52.441 Thread 'MainThread': missing ScriptRunContext! This warning can be ignored when running in bare mode.
2026-10-05 23:07:52.441 Thread 'MainThread': missing ScriptRunContext! This warning can be ignored when running in bare mode.
2026-10-05 23:07:52.441 Thread 'MainThread': missing ScriptRunContext! This warning can be ignored when running in bare mode.
2026-10-05 23:07:52.441 Thread 'MainThread': missing ScriptRunContext! This warning can be ignored when running in bare mode.
2026-10-05 23:07:52.441 Thread 'MainThread': missing ScriptRunContext! This warning can be ignored when running in bare mode.
2026-10-05 23:07:52.441 Thread 'MainThread': missing ScriptRunContext! This warning can be ignored when running in bare mode.
2026-10-05 23:07:52.441 Thread 'MainThread': missing ScriptRunContext! This warning can be ignored when running in bare mode.
2026-10-05 23:07:52.441 Thread 'MainThread': missing ScriptRunContext! This warning can be ignored when running in bare mode.
2026-10-05 23:07:52.441 Thread 'MainThread': missing ScriptRunContext! This warning can be ignored when running in bare mode.
2026-10-05 23:07:52.441 Thread 'MainThread': missing ScriptRunContext! This warning can be ignored when running in bare mode.
2026-10-05 23:07:53.224 Thread 'MainThread': missing ScriptRunContext! This warning can be ignored when running in bare mode.
2026-10-05 23:07:53.224 Thread 'MainThread': missing ScriptRunContext! This warning can be ignored when running in bare mode.
2026-10-05 23:07:53.225 Thread 'MainThread': missing ScriptRunContext! This warning can be ignored when running in bare mode.
2026-10-05 23:07:53.225 Thread 'MainThread': missing ScriptRunContext! This warning can be ignored when running in bare mode.
2026-10-05 23:07:53.225 Thread 'MainThread': missing ScriptRunContext! This warning can be ignored when running in bare mode.
2026-10-05 23:07:53.225 Thread 'MainThread': missing ScriptRunContext! This warning can be ignored when running in bare mode.
2026-10-05 23:07:53.225 Thread 'MainThread': missing ScriptRunContext! This warning can be ignored when running in bare mode.
2026-10-05 23:07:54.209 Please replace `use_container_width` with `width`.

`use_container_width` will be removed after 2025-12-31.

For `use_container_width=True`, use `width='stretch'`. For `use_container_width=False`, use `width='content'`.
2026-10-05 23:07:54.463 Please replace `use_container_width` with `width`.

`use_container_width` will be removed after 2025-12-31.

For `use_container_width=True`, use `width='stretch'`. For `use_container_width=False`, use `width='content'`.
2026-10-05 23:07:54.718 Please replace `use_container_width` with `width`.

`use_container_width` will be removed after 2025-12-31.

For `use_container_width=True`, use `width='stretch'`. For `use_container_width=False`, use `width='content'`.
2026-10-05 23:07:54.737 Thread 'MainThread': missing ScriptRunContext! This warning can be ignored when running in bare mode.
2026-10-05 23:07:54.740 Thread 'MainThread': missing ScriptRunContext! This warning can be ignored when running in bare mode.
2026-10-05 23:07:54.740 Thread 'MainThread': missing ScriptRunContext! This warning can be ignored when running in bare mode.
2026-10-05 23:07:54.740 Thread 'MainThread': missing ScriptRunContext! This warning can be ignored when running in bare mode.
2026-10-05 23:07:54.741 Thread 'MainThread': missing ScriptRunContext! This warning can be ignored when running in bare mode.
2026-10-05 23:07:54.741 Thread 'MainThread': missing ScriptRunContext! This warning can be ignored when running in bare mode.
2026-10-05 23:07:54.741 Thread 'MainThread': missing ScriptRunContext! This warning can be ignored when running in bare mode.
2026-10-05 23:07:54.741 Thread 'MainThread': missing ScriptRunContext! This warning can be ignored when running in bare mode.
2026-10-05 23:07:54.741 Thread 'MainThread': missing ScriptRunContext! This warning can be ignored when running in bare mode.
2026-10-05 23:07:54.741 Thread 'MainThread': missing ScriptRunContext! This warning can be ignored when running in bare mode.
2026-10-05 23:07:54.741 Thread 'MainThread': missing ScriptRunContext! This warning can be ignored when running in bare mode.
2026-10-05 23:07:54.741 Thread 'MainThread': missing ScriptRunContext! This warning can be ignored when running in bare mode.
2026-10-05 23:07:54.741 Thread 'MainThread': missing ScriptRunContext! This warning can be ignored when running in bare mode.
2026-10-05 23:07:54.741 Thread 'MainThread': missing ScriptRunContext! This warning can be ignored when running in bare mode.
2026-10-05 23:07:54.741 Thread 'MainThread': missing ScriptRunContext! This warning can be ignored when running in bare mode.
2026-10-05 23:07:54.741 Thread 'MainThread': missing ScriptRunContext! This warning can be ignored when running in bare mode.
2026-10-05 23:07:54.741 Thread 'MainThread': missing ScriptRunContext! This warning can be ignored when running in bare mode.
2026-10-05 23:07:54.741 Thread 'MainThread': missing ScriptRunContext! This warning can be ignored when running in bare mode.
2026-10-05 23:07:54.741 Thread 'MainThread': missing ScriptRunContext! This warning can be ignored when running in bare mode.
2026-10-05 23:07:54.741 Thread 'MainThread': missing ScriptRunContext! This warning can be ignored when running in bare mode.
2026-10-05 23:07:54.741 Thread 'MainThread': missing ScriptRunContext! This warning can be ignored when running in bare mode.
2026-10-05 23:07:54.742 Thread 'MainThread': missing ScriptRunContext! This warning can be ignored when running in bare mode.
2026-10-05 23:07:54.742 Thread 'MainThread': missing ScriptRunContext! This warning can be ignored when running in bare mode.
2026-10-05 23:07:54.742 Thread 'MainThread': missing ScriptRunContext! This warning can be ignored when running in bare mode.
2026-10-05 23:07:54.742 Thread 'MainThread': missing ScriptRunContext! This warning can be ignored when running in bare mode.
2026-10-05 23:07:54.742 Thread 'MainThread': missing ScriptRunContext! This warning can be ignored when running in bare mode.
2026-10-05 23:07:54.742 Thread 'MainThread': missing ScriptRunContext! This warning can be ignored when running in bare mode.
2026-10-05 23:07:54.742 Thread 'MainThread': missing ScriptRunContext! This warning can be ignored when running in bare mode.
2026-10-05 23:07:54.742 Thread 'MainThread': missing ScriptRunContext! This warning can be ignored when running in bare mode.
2026-10-05 23:07:54.742 Thread 'MainThread': missing ScriptRunContext! This warning can be ignored when running in bare mode.
2026-10-05 23:07:54.742 Thread 'MainThread': missing ScriptRunContext! This warning can be ignored when running in bare mode.
2026-10-05 23:07:54.742 Thread 'MainThread': missing ScriptRunContext! This warning can be ignored when running in bare mode.
2026-10-05 23:07:54.743 Thread 'MainThread': missing ScriptRunContext! This warning can be ignored when running in bare mode.
2026-10-05 23:07:54.743 Thread 'MainThread': missing ScriptRunContext! This warning can be ignored when running in bare mode.
2026-10-05 23:07:54.743 Thread 'MainThread': missing ScriptRunContext! This warning can be ignored when running in bare mode.
2026-10-05 23:07:54.743 Thread 'MainThread': missing ScriptRunContext! This warning can be ignored when running in bare mode.
2026-10-05 23:07:54.743 Thread 'MainThread': missing ScriptRunContext! This warning can be ignored when running in bare mode.
2026-10-05 23:07:54.743 Thread 'MainThread': missing ScriptRunContext! This warning can be ignored when running in bare mode.
2026-10-05 23:07:54.743 Thread 'MainThread': missing ScriptRunContext! This warning can be ignored when running in bare mode.
2026-10-05 23:07:54.743 Thread 'MainThread': missing ScriptRunContext! This warning can be ignored when running in bare mode.
2026-10-05 23:07:54.743 Thread 'MainThread': missing ScriptRunContext! This warning can be ignored when running in bare mode.
2026-10-05 23:07:54.743 Thread 'MainThread': missing ScriptRunContext! This warning can be ignored when running in bare mode.
2026-10-05 23:07:54.743 Thread 'MainThread': missing ScriptRunContext! This warning can be ignored when running in bare mode.
2026-10-05 23:07:54.743 Thread 'MainThread': missing ScriptRunContext! This warning can be ignored when running in bare mode.
2026-10-05 23:07:54.752 Thread 'MainThread': missing ScriptRunContext! This warning can be ignored when running in bare mode.
2026-10-05 23:07:54.752 Thread 'MainThread': missing ScriptRunContext! This warning can be ignored when running in bare mode.
2026-10-05 23:07:54.752 Thread 'MainThread': missing ScriptRunContext! This warning can be ignored when running in bare mode.
2026-10-05 23:07:54.752 Thread 'MainThread': missing ScriptRunContext! This warning can be ignored when running in bare mode.
2026-10-05 23:07:54.752 Thread 'MainThread': missing ScriptRunContext! This warning can be ignored when running in bare mode.
2026-10-05 23:07:54.752 Thread 'MainThread': missing ScriptRunContext! This warning can be ignored when running in bare mode.
2026-10-05 23:07:54.752 Thread 'MainThread': missing ScriptRunContext! This warning can be ignored when running in bare mode.
2026-10-05 23:07:55.823 Thread 'MainThread': missing ScriptRunContext! This warning can be ignored when running in bare mode.
2026-10-05 23:07:55.823 Thread 'MainThread': missing ScriptRunContext! This warning can be ignored when running in bare mode.
2026-10-05 23:07:55.823 Thread 'MainThread': missing ScriptRunContext! This warning can be ignored when running in bare mode.
2026-10-05 23:07:55.823 Thread 'MainThread': missing ScriptRunContext! This warning can be ignored when running in bare mode.
2026-10-05 23:07:55.824 Thread 'MainThread': missing ScriptRunContext! This warning can be ignored when running in bare mode.
2026-10-05 23:07:55.824 Thread 'MainThread': missing ScriptRunContext! This warning can be ignored when running in bare mode.
2026-10-05 23:07:55.824 Thread 'MainThread': missing ScriptRunContext! This warning can be ignored when running in bare mode.
2026-10-05 23:07:57.259 Please replace `use_container_width` with `width`.

`use_container_width` will be removed after 2025-12-31.

For `use_container_width=True`, use `width='stretch'`. For `use_container_width=False`, use `width='content'`.
2026-10-05 23:07:57.275 Thread 'MainThread': missing ScriptRunContext! This warning can be ignored when running in bare mode.
2026-10-05 23:07:57.279 Thread 'MainThread': missing ScriptRunContext! This warning can be ignored when running in bare mode.
2026-10-05 23:07:57.280 Thread 'MainThread': missing ScriptRunContext! This warning can be ignored when running in bare mode.
2026-10-05 23:07:57.280 Thread 'MainThread': missing ScriptRunContext! This warning can be ignored when running in bare mode.
2026-10-05 23:07:57.280 Thread 'MainThread': missing ScriptRunContext! This warning can be ignored when running in bare mode.
2026-10-05 23:07:57.280 Thread 'MainThread': missing ScriptRunContext! This warning can be ignored when running in bare mode.
2026-10-05 23:07:57.280 Thread 'MainThread': missing ScriptRunContext! This warning can be ignored when running in bare mode.
2026-10-05 23:07:57.280 Thread 'MainThread': missing ScriptRunContext! This warning can be ignored when running in bare mode.
2026-10-05 23:07:57.280 Thread 'MainThread': missing ScriptRunContext! This warning can be ignored when running in bare mode.
2026-10-05 23:07:57.280 Thread 'MainThread': missing ScriptRunContext! This warning can be ignored when running in bare mode.
2026-10-05 23:07:57.280 Thread 'MainThread': missing ScriptRunContext! This warning can be ignored when running in bare mode.
2026-10-05 23:07:57.280 Thread 'MainThread': missing ScriptRunContext! This warning can be ignored when running in bare mode.
2026-10-05 23:07:57.280 Thread 'MainThread': missing ScriptRunContext! This warning can be ignored when running in bare mode.
2026-10-05 23:07:57.280 Thread 'MainThread': missing ScriptRunContext! This warning can be ignored when running in bare mode.
2026-10-05 23:07:57.280 Thread 'MainThread': missing ScriptRunContext! This warning can be ignored when running in bare mode.
2026-10-05 23:07:57.280 Thread 'MainThread': missing ScriptRunContext! This warning can be ignored when running in bare mode.
2026-10-05 23:07:57.281 Thread 'MainThread': missing ScriptRunContext! This warning can be ignored when running in bare mode.
2026-10-05 23:07:57.281 Thread 'MainThread': missing ScriptRunContext! This warning can be ignored when running in bare mode.
2026-10-05 23:07:57.281 Thread 'MainThread': missing ScriptRunContext! This warning can be ignored when running in bare mode.
2026-10-05 23:07:57.281 Thread 'MainThread': missing ScriptRunContext! This warning can be ignored when running in bare mode.
2026-10-05 23:07:57.281 Thread 'MainThread': missing ScriptRunContext! This warning can be ignored when running in bare mode.
2026-10-05 23:07:57.281 Thread 'MainThread': missing ScriptRunContext! This warning can be ignored when running in bare mode.
2026-10-05 23:07:57.281 Thread 'MainThread': missing ScriptRunContext! This warning can be ignored when running in bare mode.
2026-10-05 23:07:57.281 Thread 'MainThread': missing ScriptRunContext! This warning can be ignored when running in bare mode.
2026-10-05 23:07:57.281 Thread 'MainThread': missing ScriptRunContext! This warning can be ignored when running in bare mode.
2026-10-05 23:07:57.281 Thread 'MainThread': missing ScriptRunContext! This warning can be ignored when running in bare mode.
2026-10-05 23:07:57.281 Thread 'MainThread': missing ScriptRunContext! This warning can be ignored when running in bare mode.
2026-10-05 23:07:57.281 Thread 'MainThread': missing ScriptRunContext! This warning can be ignored when running in bare mode.
2026-10-05 23:07:57.281 Thread 'MainThread': missing ScriptRunContext! This warning can be ignored when running in bare mode.
2026-10-05 23:07:57.281 Thread 'MainThread': missing ScriptRunContext! This warning can be ignored when running in bare mode.
2026-10-05 23:07:57.281 Thread 'MainThread': missing ScriptRunContext! This warning can be ignored when running in bare mode.
2026-10-05 23:07:57.281 Thread 'MainThread': missing ScriptRunContext! This warning can be ignored when running in bare mode.
2026-10-05 23:07:57.281 Thread 'MainThread': missing ScriptRunContext! This warning can be ignored when running in bare mode.
2026-10-05 23:07:57.282 Thread 'MainThread': missing ScriptRunContext! This warning can be ignored when running in bare mode.
2026-10-05 23:07:57.282 Thread 'MainThread': missing ScriptRunContext! This warning can be ignored when running in bare mode.
2026-10-05 23:07:57.282 Thread 'MainThread': missing ScriptRunContext! This warning can be ignored when running in bare mode.
2026-10-05 23:07:57.282 Thread 'MainThread': missing ScriptRunContext! This warning can be ignored when running in bare mode.
2026-10-05 23:07:57.282 Thread 'MainThread': missing ScriptRunContext! This warning can be ignored when running in bare mode.
2026-10-05 23:07:57.282 Thread 'MainThread': missing ScriptRunContext! This warning can be ignored when running in bare mode.
2026-10-05 23:07:57.282 Thread 'MainThread': missing ScriptRunContext! This warning can be ignored when running in bare mode.
2026-10-05 23:07:57.282 Thread 'MainThread': missing ScriptRunContext! This warning can be ignored when running in bare mode.
2026-10-05 23:07:57.282 Thread 'MainThread': missing ScriptRunContext! This warning can be ignored when running in bare mode.
2026-10-05 23:07:57.282 Thread 'MainThread': missing ScriptRunContext! This warning can be ignored when running in bare mode.
2026-10-05 23:07:57.282 Thread 'MainThread': missing ScriptRunContext! This warning can be ignored when running in bare mode.
2026-10-05 23:07:57.294 Thread 'MainThread': missing ScriptRunContext! This warning can be ignored when running in bare mode.
2026-10-05 23:07:57.294 Thread 'MainThread': missing ScriptRunContext! This warning can be ignored when running in bare mode.
2026-10-05 23:07:57.294 Thread 'MainThread': missing ScriptRunContext! This warning can be ignored when running in bare mode.
2026-10-05 23:07:57.294 Thread 'MainThread': missing ScriptRunContext! This warning can be ignored when running in bare mode.
2026-10-05 23:07:57.295 Thread 'MainThread': missing ScriptRunContext! This warning can be ignored when running in bare mode.
2026-10-05 23:07:57.295 Thread 'MainThread': missing ScriptRunContext! This warning can be ignored when running in bare mode.
2026-10-05 23:07:57.295 Thread 'MainThread': missing ScriptRunContext! This warning can be ignored when running in bare mode.
2026-10-05 23:07:57.295 Thread 'MainThread': missing ScriptRunContext! This warning can be ignored when running in bare mode.
2026-10-05 23:07:57.295 Thread 'MainThread': missing ScriptRunContext! This warning can be ignored when running in bare mode.
2026-10-05 23:07:58.641 Please replace `use_container_width` with `width`.

`use_container_width` will be removed after 2025-12-31.

For `use_container_width=True`, use `width='stretch'`. For `use_container_width=False`, use `width='content'`.
2026-10-05 23:07:58.816 Thread 'MainThread': missing ScriptRunContext! This warning can be ignored when running in bare mode.
2026-10-05 23:07:58.817 Thread 'MainThread': missing ScriptRunContext! This warning can be ignored when running in bare mode.
2026-10-05 23:07:58.817 Thread 'MainThread': missing ScriptRunContext! This warning can be ignored when running in bare mode.
2026-10-05 23:07:58.817 Thread 'MainThread': missing ScriptRunContext! This warning can be ignored when running in bare mode.
2026-10-05 23:07:58.817 Thread 'MainThread': missing ScriptRunContext! This warning can be ignored when running in bare mode.
2026-10-05 23:07:58.818 Thread 'MainThread': missing ScriptRunContext! This warning can be ignored when running in bare mode.
2026-10-05 23:07:58.818 Thread 'MainThread': missing ScriptRunContext! This warning can be ignored when running in bare mode.
2026-10-05 23:07:58.818 Thread 'MainThread': missing ScriptRunContext! This warning can be ignored when running in bare mode.
2026-10-05 23:07:58.818 Thread 'MainThread': missing ScriptRunContext! This warning can be ignored when running in bare mode.
2026-10-05 23:07:58.818 Thread 'MainThread': missing ScriptRunContext! This warning can be ignored when running in bare mode.
2026-10-05 23:07:58.818 Thread 'MainThread': missing ScriptRunContext! This warning can be ignored when running in bare mode.
2026-10-05 23:07:58.818 Thread 'MainThread': missing ScriptRunContext! This warning can be ignored when running in bare mode.
2026-10-05 23:07:58.818 Thread 'MainThread': missing ScriptRunContext! This warning can be ignored when running in bare mode.
2026-10-05 23:07:58.818 Thread 'MainThread': missing ScriptRunContext! This warning can be ignored when running in bare mode.
2026-10-05 23:07:58.818 Thread 'MainThread': missing ScriptRunContext! This warning can be ignored when running in bare mode.
2026-10-05 23:07:58.818 Thread 'MainThread': missing ScriptRunContext! This warning can be ignored when running in bare mode.
2026-10-05 23:07:58.818 Thread 'MainThread': missing ScriptRunContext! This warning can be ignored when running in bare mode.
2026-10-05 23:07:58.819 Thread 'MainThread': missing ScriptRunContext! This warning can be ignored when running in bare mode.
2026-10-05 23:07:58.819 Thread 'MainThread': missing ScriptRunContext! This warning can be ignored when running in bare mode.
2026-10-05 23:07:58.819 Thread 'MainThread': missing ScriptRunContext! This warning can be ignored when running in bare mode.
2026-10-05 23:07:58.819 Thread 'MainThread': missing ScriptRunContext! This warning can be ignored when running in bare mode.
2026-10-05 23:07:58.819 Thread 'MainThread': missing ScriptRunContext! This warning can be ignored when running in bare mode.
2026-10-05 23:07:58.819 Thread 'MainThread': missing ScriptRunContext! This warning can be ignored when running in bare mode.
2026-10-05 23:07:58.819 Thread 'MainThread': missing ScriptRunContext! This warning can be ignored when running in bare mode.
2026-10-05 23:07:58.819 Thread 'MainThread': missing ScriptRunContext! This warning can be ignored when running in bare mode.
2026-10-05 23:07:58.819 Thread 'MainThread': missing ScriptRunContext! This warning can be ignored when running in bare mode.
2026-10-05 23:07:58.819 Thread 'MainThread': missing ScriptRunContext! This warning can be ignored when running in bare mode.
2026-10-05 23:07:58.819 Thread 'MainThread': missing ScriptRunContext! This warning can be ignored when running in bare mode.
2026-10-05 23:07:58.819 Thread 'MainThread': missing ScriptRunContext! This warning can be ignored when running in bare mode.
2026-10-05 23:07:58.819 Thread 'MainThread': missing ScriptRunContext! This warning can be ignored when running in bare mode.
2026-10-05 23:07:58.820 Thread 'MainThread': missing ScriptRunContext! This warning can be ignored when running in bare mode.
2026-10-05 23:07:58.820 Thread 'MainThread': missing ScriptRunContext! This warning can be ignored when running in bare mode.
2026-10-05 23:07:58.820 Thread 'MainThread': missing ScriptRunContext! This warning can be ignored when running in bare mode.
2026-10-05 23:07:58.820 Thread 'MainThread': missing ScriptRunContext! This warning can be ignored when running in bare mode.
2026-10-05 23:07:58.820 Thread 'MainThread': missing ScriptRunContext! This warning can be ignored when running in bare mode.
2026-10-05 23:07:58.820 Thread 'MainThread': missing ScriptRunContext! This warning can be ignored when running in bare mode.
2026-10-05 23:07:58.820 Thread 'MainThread': missing ScriptRunContext! This warning can be ignored when running in bare mode.
2026-10-05 23:07:58.820 Thread 'MainThread': missing ScriptRunContext! This warning can be ignored when running in bare mode.
2026-10-05 23:07:58.820 Thread 'MainThread': missing ScriptRunContext! This warning can be ignored when running in bare mode.
2026-10-05 23:07:58.820 Thread 'MainThread': missing ScriptRunContext! This warning can be ignored when running in bare mode.
2026-10-05 23:07:58.820 Thread 'MainThread': missing ScriptRunContext! This warning can be ignored when running in bare mode.
2026-10-05 23:07:58.820 Thread 'MainThread': missing ScriptRunContext! This warning can be ignored when running in bare mode.
2026-10-05 23:07:58.821 Thread 'MainThread': missing ScriptRunContext! This warning can be ignored when running in bare mode.
2026-10-05 23:07:58.821 Thread 'MainThread': missing ScriptRunContext! This warning can be ignored when running in bare mode.
2026-10-05 23:07:59.940 Thread 'MainThread': missing ScriptRunContext! This warning can be ignored when running in bare mode.
2026-10-05 23:07:59.942 Thread 'MainThread': missing ScriptRunContext! This warning can be ignored when running in bare mode.
2026-10-05 23:07:59.942 Thread 'MainThread': missing ScriptRunContext! This warning can be ignored when running in bare mode.
2026-10-05 23:07:59.942 Thread 'MainThread': missing ScriptRunContext! This warning can be ignored when running in bare mode.
2026-10-05 23:07:59.942 Thread 'MainThread': missing ScriptRunContext! This warning can be ignored when running in bare mode.
2026-10-05 23:07:59.942 Thread 'MainThread': missing ScriptRunContext! This warning can be ignored when running in bare mode.
2026-10-05 23:07:59.942 Thread 'MainThread': missing ScriptRunContext! This warning can be ignored when running in bare mode.
2026-10-05 23:07:59.942 Thread 'MainThread': missing ScriptRunContext! This warning can be ignored when running in bare mode.
2026-10-05 23:07:59.942 Thread 'MainThread': missing ScriptRunContext! This warning can be ignored when running in bare mode.
2026-10-05 23:07:59.942 Thread 'MainThread': missing ScriptRunContext! This warning can be ignored when running in bare mode.
2026-10-05 23:07:59.942 Thread 'MainThread': missing ScriptRunContext! This warning can be ignored when running in bare mode.
2026-10-05 23:07:59.942 Thread 'MainThread': missing ScriptRunContext! This warning can be ignored when running in bare mode.
2026-10-05 23:07:59.943 Thread 'MainThread': missing ScriptRunContext! This warning can be ignored when running in bare mode.
2026-10-05 23:07:59.943 Thread 'MainThread': missing ScriptRunContext! This warning can be ignored when running in bare mode.
2026-10-05 23:07:59.943 Thread 'MainThread': missing ScriptRunContext! This warning can be ignored when running in bare mode.
2026-10-05 23:07:59.943 Thread 'MainThread': missing ScriptRunContext! This warning can be ignored when running in bare mode.
2026-10-05 23:07:59.943 Thread 'MainThread': missing ScriptRunContext! This warning can be ignored when running in bare mode.
2026-10-05 23:07:59.943 Thread 'MainThread': missing ScriptRunContext! This warning can be ignored when running in bare mode.
2026-10-05 23:07:59.943 Thread 'MainThread': missing ScriptRunContext! This warning can be ignored when running in bare mode.
2026-10-05 23:07:59.943 Thread 'MainThread': missing ScriptRunContext! This warning can be ignored when running in bare mode.
2026-10-05 23:07:59.943 Thread 'MainThread': missing ScriptRunContext! This warning can be ignored when running in bare mode.
2026-10-05 23:07:59.943 Thread 'MainThread': missing ScriptRunContext! This warning can be ignored when running in bare mode.
2026-10-05 23:07:59.943 Thread 'MainThread': missing ScriptRunContext! This warning can be ignored when running in bare mode.
2026-10-05 23:07:59.943 Thread 'MainThread': missing ScriptRunContext! This warning can be ignored when running in bare mode.
2026-10-05 23:07:59.944 Thread 'MainThread': missing ScriptRunContext! This warning can be ignored when running in bare mode.
2026-10-05 23:07:59.944 Thread 'MainThread': missing ScriptRunContext! This warning can be ignored when running in bare mode.
2026-10-05 23:07:59.944 Thread 'MainThread': missing ScriptRunContext! This warning can be ignored when running in bare mode.
2026-10-05 23:07:59.944 Thread 'MainThread': missing ScriptRunContext! This warning can be ignored when running in bare mode.
2026-10-05 23:07:59.944 Thread 'MainThread': missing ScriptRunContext! This warning can be ignored when running in bare mode.
2026-10-05 23:07:59.944 Thread 'MainThread': missing ScriptRunContext! This warning can be ignored when running in bare mode.
2026-10-05 23:07:59.944 Thread 'MainThread': missing ScriptRunContext! This warning can be ignored when running in bare mode.
2026-10-05 23:07:59.944 Thread 'MainThread': missing ScriptRunContext! This warning can be ignored when running in bare mode.
2026-10-05 23:07:59.944 Thread 'MainThread': missing ScriptRunContext! This warning can be ignored when running in bare mode.
2026-10-05 23:07:59.944 Thread 'MainThread': missing ScriptRunContext! This warning can be ignored when running in bare mode.
2026-10-05 23:07:59.944 Thread 'MainThread': missing ScriptRunContext! This warning can be ignored when running in bare mode.
2026-10-05 23:07:59.944 Thread 'MainThread': missing ScriptRunContext! This warning can be ignored when running in bare mode.
2026-10-05 23:07:59.944 Thread 'MainThread': missing ScriptRunContext! This warning can be ignored when running in bare mode.
2026-10-05 23:07:59.945 Thread 'MainThread': missing ScriptRunContext! This warning can be ignored when running in bare mode.
2026-10-05 23:07:59.945 Thread 'MainThread': missing ScriptRunContext! This warning can be ignored when running in bare mode.
2026-10-05 23:07:59.945 Thread 'MainThread': missing ScriptRunContext! This warning can be ignored when running in bare mode.
2026-10-05 23:07:59.945 Thread 'MainThread': missing ScriptRunContext! This warning can be ignored when running in bare mode.
2026-10-05 23:07:59.945 Thread 'MainThread': missing ScriptRunContext! This warning can be ignored when running in bare mode.
2026-10-05 23:07:59.945 Thread 'MainThread': missing ScriptRunContext! This warning can be ignored when running in bare mode.
2026-10-05 23:07:59.945 Thread 'MainThread': missing ScriptRunContext! This warning can be ignored when running in bare mode.
2026-10-05 23:07:59.957 Thread 'MainThread': missing ScriptRunContext! This warning can be ignored when running in bare mode.
2026-10-05 23:07:59.968 Thread 'MainThread': missing ScriptRunContext! This warning can be ignored when running in bare mode.
2026-10-05 23:07:59.975 Thread 'MainThread': missing ScriptRunContext! This warning can be ignored when running in bare mode.
2026-10-05 23:07:59.975 Thread 'MainThread': missing ScriptRunContext! This warning can be ignored when running in bare mode.
2026-10-05 23:08:02.169 Thread 'MainThread': missing ScriptRunContext! This warning can be ignored when running in bare mode.
2026-10-05 23:08:02.169 Thread 'MainThread': missing ScriptRunContext! This warning can be ignored when running in bare mode.
2026-10-05 23:08:02.169 Thread 'MainThread': missing ScriptRunContext! This warning can be ignored when running in bare mode.
2026-10-05 23:08:02.169 Thread 'MainThread': missing ScriptRunContext! This warning can be ignored when running in bare mode.
2026-10-05 23:08:02.170 Thread 'MainThread': missing ScriptRunContext! This warning can be ignored when running in bare mode.
2026-10-05 23:08:02.170 Thread 'MainThread': missing ScriptRunContext! This warning can be ignored when running in bare mode.
2026-10-05 23:08:02.170 Thread 'MainThread': missing ScriptRunContext! This warning can be ignored when running in bare mode.
2026-10-05 23:08:04.807 Please replace `use_container_width` with `width`.

`use_container_width` will be removed after 2025-12-31.

For `use_container_width=True`, use `width='stretch'`. For `use_container_width=False`, use `width='content'`.
2026-10-05 23:08:05.312 Please replace `use_container_width` with `width`.

`use_container_width` will be removed after 2025-12-31.

For `use_container_width=True`, use `width='stretch'`. For `use_container_width=False`, use `width='content'`.
2026-10-05 23:08:05.741 Please replace `use_container_width` with `width`.

`use_container_width` will be removed after 2025-12-31.

For `use_container_width=True`, use `width='stretch'`. For `use_container_width=False`, use `width='content'`.
2026-10-05 23:08:06.198 Thread 'MainThread': missing ScriptRunContext! This warning can be ignored when running in bare mode.
2026-10-05 23:08:06.502 Thread 'MainThread': missing ScriptRunContext! This warning can be ignored when running in bare mode.
2026-10-05 23:08:06.502 Thread 'MainThread': missing ScriptRunContext! This warning can be ignored when running in bare mode.
2026-10-05 23:08:06.502 Thread 'MainThread': missing ScriptRunContext! This warning can be ignored when running in bare mode.
2026-10-05 23:08:06.502 Thread 'MainThread': missing ScriptRunContext! This warning can be ignored when running in bare mode.
2026-10-05 23:08:06.502 Thread 'MainThread': missing ScriptRunContext! This warning can be ignored when running in bare mode.
2026-10-05 23:08:06.502 Thread 'MainThread': missing ScriptRunContext! This warning can be ignored when running in bare mode.
2026-10-05 23:08:06.502 Thread 'MainThread': missing ScriptRunContext! This warning can be ignored when running in bare mode.
2026-10-05 23:08:06.502 Thread 'MainThread': missing ScriptRunContext! This warning can be ignored when running in bare mode.
2026-10-05 23:08:06.502 Thread 'MainThread': missing ScriptRunContext! This warning can be ignored when running in bare mode.
2026-10-05 23:08:06.503 Thread 'MainThread': missing ScriptRunContext! This warning can be ignored when running in bare mode.
2026-10-05 23:08:06.503 Thread 'MainThread': missing ScriptRunContext! This warning can be ignored when running in bare mode.
2026-10-05 23:08:06.503 Thread 'MainThread': missing ScriptRunContext! This warning can be ignored when running in bare mode.
2026-10-05 23:08:06.503 Thread 'MainThread': missing ScriptRunContext! This warning can be ignored when running in bare mode.
2026-10-05 23:08:06.503 Thread 'MainThread': missing ScriptRunContext! This warning can be ignored when running in bare mode.
2026-10-05 23:08:06.804 Thread 'MainThread': missing ScriptRunContext! This warning can be ignored when running in bare mode.
2026-10-05 23:08:06.804 Thread 'MainThread': missing ScriptRunContext! This warning can be ignored when running in bare mode.
2026-10-05 23:08:06.804 Thread 'MainThread': missing ScriptRunContext! This warning can be ignored when running in bare mode.
2026-10-05 23:08:06.804 Thread 'MainThread': missing ScriptRunContext! This warning can be ignored when running in bare mode.
2026-10-05 23:08:06.804 Thread 'MainThread': missing ScriptRunContext! This warning can be ignored when running in bare mode.
2026-10-05 23:08:06.804 Thread 'MainThread': missing ScriptRunContext! This warning can be ignored when running in bare mode.
2026-10-05 23:08:06.804 Thread 'MainThread': missing ScriptRunContext! This warning can be ignored when running in bare mode.
2026-10-05 23:08:06.804 Thread 'MainThread': missing ScriptRunContext! This warning can be ignored when running in bare mode.
2026-10-05 23:08:06.804 Thread 'MainThread': missing ScriptRunContext! This warning can be ignored when running in bare mode.
2026-10-05 23:08:06.804 Thread 'MainThread': missing ScriptRunContext! This warning can be ignored when running in bare mode.
2026-10-05 23:08:06.804 Thread 'MainThread': missing ScriptRunContext! This warning can be ignored when running in bare mode.
2026-10-05 23:08:06.805 Thread 'MainThread': missing ScriptRunContext! This warning can be ignored when running in bare mode.
2026-10-05 23:08:06.805 Thread 'MainThread': missing ScriptRunContext! This warning can be ignored when running in bare mode.
2026-10-05 23:08:06.805 Thread 'MainThread': missing ScriptRunContext! This warning can be ignored when running in bare mode.
2026-10-05 23:08:07.102 Thread 'MainThread': missing ScriptRunContext! This warning can be ignored when running in bare mode.
2026-10-05 23:08:07.136 Thread 'MainThread': missing ScriptRunContext! This warning can be ignored when running in bare mode.
2026-10-05 23:08:07.137 Thread 'MainThread': missing ScriptRunContext! This warning can be ignored when running in bare mode.
2026-10-05 23:08:07.137 Thread 'MainThread': missing ScriptRunContext! This warning can be ignored when running in bare mode.
2026-10-05 23:08:07.139 Thread 'MainThread': missing ScriptRunContext! This warning can be ignored when running in bare mode.
2026-10-05 23:08:07.139 Thread 'MainThread': missing ScriptRunContext! This warning can be ignored when running in bare mode.
2026-10-05 23:08:07.139 Thread 'MainThread': missing ScriptRunContext! This warning can be ignored when running in bare mode.
2026-10-05 23:08:07.490 Thread 'MainThread': missing ScriptRunContext! This warning can be ignored when running in bare mode.
Source Atlas rejected reason=atlas_version: unsupported
2026-10-05 23:08:09.547 Thread 'MainThread': missing ScriptRunContext! This warning can be ignored when running in bare mode.
2026-10-05 23:08:09.580 Thread 'MainThread': missing ScriptRunContext! This warning can be ignored when running in bare mode.
2026-10-05 23:08:09.580 Thread 'MainThread': missing ScriptRunContext! This warning can be ignored when running in bare mode.
2026-10-05 23:08:09.580 Thread 'MainThread': missing ScriptRunContext! This warning can be ignored when running in bare mode.
2026-10-05 23:08:09.584 Thread 'MainThread': missing ScriptRunContext! This warning can be ignored when running in bare mode.
2026-10-05 23:08:09.585 Thread 'MainThread': missing ScriptRunContext! This warning can be ignored when running in bare mode.
2026-10-05 23:08:09.585 Thread 'MainThread': missing ScriptRunContext! This warning can be ignored when running in bare mode.
2026-10-05 23:08:09.902 Thread 'MainThread': missing ScriptRunContext! This warning can be ignored when running in bare mode.
2026-10-05 23:08:11.956 Please replace `use_container_width` with `width`.

`use_container_width` will be removed after 2025-12-31.

For `use_container_width=True`, use `width='stretch'`. For `use_container_width=False`, use `width='content'`.
2026-10-05 23:08:12.317 Please replace `use_container_width` with `width`.

`use_container_width` will be removed after 2025-12-31.

For `use_container_width=True`, use `width='stretch'`. For `use_container_width=False`, use `width='content'`.
2026-10-05 23:08:13.274 Thread 'MainThread': missing ScriptRunContext! This warning can be ignored when running in bare mode.
2026-10-05 23:08:13.326 Thread 'MainThread': missing ScriptRunContext! This warning can be ignored when running in bare mode.
2026-10-05 23:08:13.327 Thread 'MainThread': missing ScriptRunContext! This warning can be ignored when running in bare mode.
2026-10-05 23:08:13.327 Thread 'MainThread': missing ScriptRunContext! This warning can be ignored when running in bare mode.
2026-10-05 23:08:13.330 Thread 'MainThread': missing ScriptRunContext! This warning can be ignored when running in bare mode.
2026-10-05 23:08:13.330 Thread 'MainThread': missing ScriptRunContext! This warning can be ignored when running in bare mode.
2026-10-05 23:08:13.331 Thread 'MainThread': missing ScriptRunContext! This warning can be ignored when running in bare mode.
2026-10-05 23:08:14.185 Thread 'MainThread': missing ScriptRunContext! This warning can be ignored when running in bare mode.
2026-10-05 23:08:14.186 Thread 'MainThread': missing ScriptRunContext! This warning can be ignored when running in bare mode.
2026-10-05 23:08:17.013 Thread 'MainThread': missing ScriptRunContext! This warning can be ignored when running in bare mode.
2026-10-05 23:08:17.139 Thread 'MainThread': missing ScriptRunContext! This warning can be ignored when running in bare mode.
2026-10-05 23:08:17.139 Thread 'MainThread': missing ScriptRunContext! This warning can be ignored when running in bare mode.
2026-10-05 23:08:17.140 Thread 'MainThread': missing ScriptRunContext! This warning can be ignored when running in bare mode.
2026-10-05 23:08:17.146 Thread 'MainThread': missing ScriptRunContext! This warning can be ignored when running in bare mode.
2026-10-05 23:08:17.146 Thread 'MainThread': missing ScriptRunContext! This warning can be ignored when running in bare mode.
2026-10-05 23:08:17.146 Thread 'MainThread': missing ScriptRunContext! This warning can be ignored when running in bare mode.
2026-10-05 23:08:18.097 Thread 'MainThread': missing ScriptRunContext! This warning can be ignored when running in bare mode.
2026-10-05 23:08:18.097 Thread 'MainThread': missing ScriptRunContext! This warning can be ignored when running in bare mode.
2026-10-05 23:08:23.349 Thread 'MainThread': missing ScriptRunContext! This warning can be ignored when running in bare mode.
2026-10-05 23:08:24.462 Please replace `use_container_width` with `width`.

`use_container_width` will be removed after 2025-12-31.

For `use_container_width=True`, use `width='stretch'`. For `use_container_width=False`, use `width='content'`.
2026-10-05 23:08:24.774 Please replace `use_container_width` with `width`.

`use_container_width` will be removed after 2025-12-31.

For `use_container_width=True`, use `width='stretch'`. For `use_container_width=False`, use `width='content'`.
2026-10-05 23:08:25.588 Thread 'MainThread': missing ScriptRunContext! This warning can be ignored when running in bare mode.
2026-10-05 23:08:25.588 Thread 'MainThread': missing ScriptRunContext! This warning can be ignored when running in bare mode.
2026-10-05 23:08:26.218 Thread 'MainThread': missing ScriptRunContext! This warning can be ignored when running in bare mode.
2026-10-05 23:08:26.219 Thread 'MainThread': missing ScriptRunContext! This warning can be ignored when running in bare mode.
2026-10-05 23:08:26.308 Thread 'MainThread': missing ScriptRunContext! This warning can be ignored when running in bare mode.
2026-10-05 23:08:26.308 Thread 'MainThread': missing ScriptRunContext! This warning can be ignored when running in bare mode.
2026-10-05 23:08:26.886 Thread 'MainThread': missing ScriptRunContext! This warning can be ignored when running in bare mode.
2026-10-05 23:08:26.886 Thread 'MainThread': missing ScriptRunContext! This warning can be ignored when running in bare mode.
2026-10-05 23:08:26.970 Thread 'MainThread': missing ScriptRunContext! This warning can be ignored when running in bare mode.
2026-10-05 23:08:26.970 Thread 'MainThread': missing ScriptRunContext! This warning can be ignored when running in bare mode.
2026-10-05 23:08:27.674 Thread 'MainThread': missing ScriptRunContext! This warning can be ignored when running in bare mode.
2026-10-05 23:08:27.674 Thread 'MainThread': missing ScriptRunContext! This warning can be ignored when running in bare mode.
2026-10-05 23:08:28.550 Thread 'MainThread': missing ScriptRunContext! This warning can be ignored when running in bare mode.
2026-10-05 23:08:28.550 Thread 'MainThread': missing ScriptRunContext! This warning can be ignored when running in bare mode.
2026-10-05 23:08:28.849 Thread 'MainThread': missing ScriptRunContext! This warning can be ignored when running in bare mode.
2026-10-05 23:08:28.849 Thread 'MainThread': missing ScriptRunContext! This warning can be ignored when running in bare mode.
2026-10-05 23:08:29.551 Thread 'MainThread': missing ScriptRunContext! This warning can be ignored when running in bare mode.
2026-10-05 23:08:29.551 Thread 'MainThread': missing ScriptRunContext! This warning can be ignored when running in bare mode.
2026-10-05 23:08:30.024 Thread 'MainThread': missing ScriptRunContext! This warning can be ignored when running in bare mode.
2026-10-05 23:08:30.025 Thread 'MainThread': missing ScriptRunContext! This warning can be ignored when running in bare mode.
2026-10-05 23:08:30.071 Thread 'MainThread': missing ScriptRunContext! This warning can be ignored when running in bare mode.
2026-10-05 23:08:30.094 Thread 'MainThread': missing ScriptRunContext! This warning can be ignored when running in bare mode.
2026-10-05 23:08:30.094 Thread 'MainThread': missing ScriptRunContext! This warning can be ignored when running in bare mode.
2026-10-05 23:08:30.094 Thread 'MainThread': missing ScriptRunContext! This warning can be ignored when running in bare mode.
2026-10-05 23:08:30.096 Thread 'MainThread': missing ScriptRunContext! This warning can be ignored when running in bare mode.
2026-10-05 23:08:30.096 Thread 'MainThread': missing ScriptRunContext! This warning can be ignored when running in bare mode.
2026-10-05 23:08:30.096 Thread 'MainThread': missing ScriptRunContext! This warning can be ignored when running in bare mode.
2026-10-05 23:08:30.277 Thread 'MainThread': missing ScriptRunContext! This warning can be ignored when running in bare mode.
2026-10-05 23:08:30.277 Thread 'MainThread': missing ScriptRunContext! This warning can be ignored when running in bare mode.
2026-10-05 23:08:31.144 Thread 'MainThread': missing ScriptRunContext! This warning can be ignored when running in bare mode.
2026-10-05 23:08:31.168 Thread 'MainThread': missing ScriptRunContext! This warning can be ignored when running in bare mode.
2026-10-05 23:08:31.168 Thread 'MainThread': missing ScriptRunContext! This warning can be ignored when running in bare mode.
2026-10-05 23:08:31.168 Thread 'MainThread': missing ScriptRunContext! This warning can be ignored when running in bare mode.
2026-10-05 23:08:31.169 Thread 'MainThread': missing ScriptRunContext! This warning can be ignored when running in bare mode.
2026-10-05 23:08:31.170 Thread 'MainThread': missing ScriptRunContext! This warning can be ignored when running in bare mode.
2026-10-05 23:08:31.170 Thread 'MainThread': missing ScriptRunContext! This warning can be ignored when running in bare mode.
2026-10-05 23:08:31.360 Thread 'MainThread': missing ScriptRunContext! This warning can be ignored when running in bare mode.
2026-10-05 23:08:32.057 Thread 'MainThread': missing ScriptRunContext! This warning can be ignored when running in bare mode.
2026-10-05 23:08:32.080 Thread 'MainThread': missing ScriptRunContext! This warning can be ignored when running in bare mode.
2026-10-05 23:08:32.080 Thread 'MainThread': missing ScriptRunContext! This warning can be ignored when running in bare mode.
2026-10-05 23:08:32.080 Thread 'MainThread': missing ScriptRunContext! This warning can be ignored when running in bare mode.
2026-10-05 23:08:32.082 Thread 'MainThread': missing ScriptRunContext! This warning can be ignored when running in bare mode.
2026-10-05 23:08:32.082 Thread 'MainThread': missing ScriptRunContext! This warning can be ignored when running in bare mode.
2026-10-05 23:08:32.082 Thread 'MainThread': missing ScriptRunContext! This warning can be ignored when running in bare mode.
2026-10-05 23:08:32.286 Thread 'MainThread': missing ScriptRunContext! This warning can be ignored when running in bare mode.
2026-10-05 23:08:33.837 Please replace `use_container_width` with `width`.

`use_container_width` will be removed after 2025-12-31.

For `use_container_width=True`, use `width='stretch'`. For `use_container_width=False`, use `width='content'`.
2026-10-05 23:08:34.080 Please replace `use_container_width` with `width`.

`use_container_width` will be removed after 2025-12-31.

For `use_container_width=True`, use `width='stretch'`. For `use_container_width=False`, use `width='content'`.
2026-10-05 23:08:34.274 Thread 'MainThread': missing ScriptRunContext! This warning can be ignored when running in bare mode.
2026-10-05 23:08:34.296 Thread 'MainThread': missing ScriptRunContext! This warning can be ignored when running in bare mode.
2026-10-05 23:08:34.296 Thread 'MainThread': missing ScriptRunContext! This warning can be ignored when running in bare mode.
2026-10-05 23:08:34.296 Thread 'MainThread': missing ScriptRunContext! This warning can be ignored when running in bare mode.
2026-10-05 23:08:34.298 Thread 'MainThread': missing ScriptRunContext! This warning can be ignored when running in bare mode.
2026-10-05 23:08:34.298 Thread 'MainThread': missing ScriptRunContext! This warning can be ignored when running in bare mode.
2026-10-05 23:08:34.298 Thread 'MainThread': missing ScriptRunContext! This warning can be ignored when running in bare mode.
2026-10-05 23:08:34.495 Thread 'MainThread': missing ScriptRunContext! This warning can be ignored when running in bare mode.
Local document UI structure_available=False parser_available=True requested_pages=[1, 2] reason=ValueError
Local document adapter rejected counts={'requested_pages': [], 'parsed_pages': [], 'chars': {}, 'regions_produced': 0, 'normalized_regions': 0} reason=document: selected pages
Local document adapter rejected counts={'requested_pages': [], 'parsed_pages': [], 'chars': {}, 'regions_produced': 0, 'normalized_regions': 0} reason=document: selected pages
Local document adapter rejected counts={'requested_pages': [], 'parsed_pages': [], 'chars': {}, 'regions_produced': 0, 'normalized_regions': 0} reason=document: selected pages
Local document adapter rejected counts={'requested_pages': [], 'parsed_pages': [], 'chars': {}, 'regions_produced': 0, 'normalized_regions': 0} reason=document: selected pages
Local document adapter rejected counts={'requested_pages': [], 'parsed_pages': [], 'chars': {}, 'regions_produced': 0, 'normalized_regions': 0} reason=document: selected pages
Local document adapter rejected counts={'requested_pages': [3], 'parsed_pages': [], 'chars': {}, 'regions_produced': 0, 'normalized_regions': 0} reason=document: page outside PDF
Local document adapter rejected counts={'requested_pages': [1], 'parsed_pages': [1], 'chars': {1: 125}, 'regions_produced': 21, 'normalized_regions': 0} reason=document: native box
Local document adapter rejected counts={'requested_pages': [1], 'parsed_pages': [1], 'chars': {1: 17}, 'regions_produced': 1, 'normalized_regions': 0} reason=document: invalid region fields: regions[0].plain_text
Local document adapter rejected counts={'requested_pages': [1], 'parsed_pages': [1], 'chars': {1: 21}, 'regions_produced': 1, 'normalized_regions': 0} reason=document: invalid region fields: regions[0].plain_text
2026-10-05 23:08:37.792 Thread 'MainThread': missing ScriptRunContext! This warning can be ignored when running in bare mode.
2026-10-05 23:08:37.830 Thread 'MainThread': missing ScriptRunContext! This warning can be ignored when running in bare mode.
2026-10-05 23:08:37.830 Thread 'MainThread': missing ScriptRunContext! This warning can be ignored when running in bare mode.
2026-10-05 23:08:37.830 Thread 'MainThread': missing ScriptRunContext! This warning can be ignored when running in bare mode.
2026-10-05 23:08:37.834 Thread 'MainThread': missing ScriptRunContext! This warning can be ignored when running in bare mode.
2026-10-05 23:08:37.834 Thread 'MainThread': missing ScriptRunContext! This warning can be ignored when running in bare mode.
2026-10-05 23:08:37.834 Thread 'MainThread': missing ScriptRunContext! This warning can be ignored when running in bare mode.
2026-10-05 23:08:38.141 Thread 'MainThread': missing ScriptRunContext! This warning can be ignored when running in bare mode.
2026-10-05 23:08:38.141 Thread 'MainThread': missing ScriptRunContext! This warning can be ignored when running in bare mode.
2026-10-05 23:08:38.151 Thread 'MainThread': missing ScriptRunContext! This warning can be ignored when running in bare mode.
2026-10-05 23:08:38.288 Thread 'MainThread': missing ScriptRunContext! This warning can be ignored when running in bare mode.
2026-10-05 23:08:38.288 Thread 'MainThread': missing ScriptRunContext! This warning can be ignored when running in bare mode.
Local document UI structure_available=False parser_available=True requested_pages=[1] reason=document: no native text regions (no OCR)
2026-10-05 23:08:39.451 Thread 'MainThread': missing ScriptRunContext! This warning can be ignored when running in bare mode.
2026-10-05 23:08:39.485 Thread 'MainThread': missing ScriptRunContext! This warning can be ignored when running in bare mode.
2026-10-05 23:08:39.485 Thread 'MainThread': missing ScriptRunContext! This warning can be ignored when running in bare mode.
2026-10-05 23:08:39.485 Thread 'MainThread': missing ScriptRunContext! This warning can be ignored when running in bare mode.
2026-10-05 23:08:39.488 Thread 'MainThread': missing ScriptRunContext! This warning can be ignored when running in bare mode.
2026-10-05 23:08:39.488 Thread 'MainThread': missing ScriptRunContext! This warning can be ignored when running in bare mode.
2026-10-05 23:08:39.488 Thread 'MainThread': missing ScriptRunContext! This warning can be ignored when running in bare mode.
2026-10-05 23:08:39.743 Thread 'MainThread': missing ScriptRunContext! This warning can be ignored when running in bare mode.
2026-10-05 23:08:39.743 Thread 'MainThread': missing ScriptRunContext! This warning can be ignored when running in bare mode.
2026-10-05 23:08:39.749 Thread 'MainThread': missing ScriptRunContext! This warning can be ignored when running in bare mode.
2026-10-05 23:08:40.928 Thread 'MainThread': missing ScriptRunContext! This warning can be ignored when running in bare mode.
2026-10-05 23:08:40.957 Thread 'MainThread': missing ScriptRunContext! This warning can be ignored when running in bare mode.
2026-10-05 23:08:40.957 Thread 'MainThread': missing ScriptRunContext! This warning can be ignored when running in bare mode.
2026-10-05 23:08:40.957 Thread 'MainThread': missing ScriptRunContext! This warning can be ignored when running in bare mode.
2026-10-05 23:08:40.959 Thread 'MainThread': missing ScriptRunContext! This warning can be ignored when running in bare mode.
2026-10-05 23:08:40.959 Thread 'MainThread': missing ScriptRunContext! This warning can be ignored when running in bare mode.
2026-10-05 23:08:40.959 Thread 'MainThread': missing ScriptRunContext! This warning can be ignored when running in bare mode.
2026-10-05 23:08:41.217 Thread 'MainThread': missing ScriptRunContext! This warning can be ignored when running in bare mode.
2026-10-05 23:08:41.217 Thread 'MainThread': missing ScriptRunContext! This warning can be ignored when running in bare mode.
2026-10-05 23:08:41.222 Thread 'MainThread': missing ScriptRunContext! This warning can be ignored when running in bare mode.
2026-10-05 23:08:42.630 Thread 'MainThread': missing ScriptRunContext! This warning can be ignored when running in bare mode.
2026-10-05 23:08:42.656 Thread 'MainThread': missing ScriptRunContext! This warning can be ignored when running in bare mode.
2026-10-05 23:08:42.656 Thread 'MainThread': missing ScriptRunContext! This warning can be ignored when running in bare mode.
2026-10-05 23:08:42.656 Thread 'MainThread': missing ScriptRunContext! This warning can be ignored when running in bare mode.
2026-10-05 23:08:42.658 Thread 'MainThread': missing ScriptRunContext! This warning can be ignored when running in bare mode.
2026-10-05 23:08:42.658 Thread 'MainThread': missing ScriptRunContext! This warning can be ignored when running in bare mode.
2026-10-05 23:08:42.658 Thread 'MainThread': missing ScriptRunContext! This warning can be ignored when running in bare mode.
2026-10-05 23:08:42.899 Thread 'MainThread': missing ScriptRunContext! This warning can be ignored when running in bare mode.
2026-10-05 23:08:42.899 Thread 'MainThread': missing ScriptRunContext! This warning can be ignored when running in bare mode.
2026-10-05 23:08:42.904 Thread 'MainThread': missing ScriptRunContext! This warning can be ignored when running in bare mode.
2026-10-05 23:08:44.831 Thread 'MainThread': missing ScriptRunContext! This warning can be ignored when running in bare mode.
2026-10-05 23:08:44.831 Thread 'MainThread': missing ScriptRunContext! This warning can be ignored when running in bare mode.
2026-10-05 23:08:44.831 Thread 'MainThread': missing ScriptRunContext! This warning can be ignored when running in bare mode.
2026-10-05 23:08:44.832 Thread 'MainThread': missing ScriptRunContext! This warning can be ignored when running in bare mode.
2026-10-05 23:08:44.832 Thread 'MainThread': missing ScriptRunContext! This warning can be ignored when running in bare mode.
2026-10-05 23:08:44.832 Thread 'MainThread': missing ScriptRunContext! This warning can be ignored when running in bare mode.
2026-10-05 23:08:47.523 Thread 'MainThread': missing ScriptRunContext! This warning can be ignored when running in bare mode.
2026-10-05 23:08:47.523 Thread 'MainThread': missing ScriptRunContext! This warning can be ignored when running in bare mode.
2026-10-05 23:08:47.524 Thread 'MainThread': missing ScriptRunContext! This warning can be ignored when running in bare mode.
2026-10-05 23:08:47.524 Thread 'MainThread': missing ScriptRunContext! This warning can be ignored when running in bare mode.
2026-10-05 23:08:47.524 Thread 'MainThread': missing ScriptRunContext! This warning can be ignored when running in bare mode.
2026-10-05 23:08:47.524 Thread 'MainThread': missing ScriptRunContext! This warning can be ignored when running in bare mode.
2026-10-05 23:08:48.988 Thread 'MainThread': missing ScriptRunContext! This warning can be ignored when running in bare mode.
2026-10-05 23:08:49.185 Thread 'MainThread': missing ScriptRunContext! This warning can be ignored when running in bare mode.
2026-10-05 23:08:49.185 Thread 'MainThread': missing ScriptRunContext! This warning can be ignored when running in bare mode.
2026-10-05 23:08:49.185 Thread 'MainThread': missing ScriptRunContext! This warning can be ignored when running in bare mode.
2026-10-05 23:08:49.185 Thread 'MainThread': missing ScriptRunContext! This warning can be ignored when running in bare mode.
2026-10-05 23:08:49.185 Thread 'MainThread': missing ScriptRunContext! This warning can be ignored when running in bare mode.
2026-10-05 23:08:49.185 Thread 'MainThread': missing ScriptRunContext! This warning can be ignored when running in bare mode.
2026-10-05 23:08:49.604 Thread 'MainThread': missing ScriptRunContext! This warning can be ignored when running in bare mode.
2026-10-05 23:08:49.612 Thread 'MainThread': missing ScriptRunContext! This warning can be ignored when running in bare mode.
2026-10-05 23:08:49.612 Thread 'MainThread': missing ScriptRunContext! This warning can be ignored when running in bare mode.
2026-10-05 23:08:49.613 Thread 'MainThread': missing ScriptRunContext! This warning can be ignored when running in bare mode.
2026-10-05 23:08:49.613 Thread 'MainThread': missing ScriptRunContext! This warning can be ignored when running in bare mode.
2026-10-05 23:08:50.038 Thread 'MainThread': missing ScriptRunContext! This warning can be ignored when running in bare mode.
2026-10-05 23:08:50.038 Thread 'MainThread': missing ScriptRunContext! This warning can be ignored when running in bare mode.
Local document UI structure_available=False parser_available=True requested_pages=[1] reason=document: no native text regions (no OCR)
2026-10-05 23:08:53.093 Please replace `use_container_width` with `width`.

`use_container_width` will be removed after 2025-12-31.

For `use_container_width=True`, use `width='stretch'`. For `use_container_width=False`, use `width='content'`.
2026-10-05 23:08:53.107 Thread 'MainThread': missing ScriptRunContext! This warning can be ignored when running in bare mode.
2026-10-05 23:08:53.107 Thread 'MainThread': missing ScriptRunContext! This warning can be ignored when running in bare mode.
2026-10-05 23:08:53.108 Thread 'MainThread': missing ScriptRunContext! This warning can be ignored when running in bare mode.
2026-10-05 23:08:53.108 Thread 'MainThread': missing ScriptRunContext! This warning can be ignored when running in bare mode.
2026-10-05 23:08:53.108 Thread 'MainThread': missing ScriptRunContext! This warning can be ignored when running in bare mode.
2026-10-05 23:08:53.108 Thread 'MainThread': missing ScriptRunContext! This warning can be ignored when running in bare mode.
2026-10-05 23:08:53.238 Thread 'MainThread': missing ScriptRunContext! This warning can be ignored when running in bare mode.
2026-10-05 23:08:53.240 Thread 'MainThread': missing ScriptRunContext! This warning can be ignored when running in bare mode.
2026-10-05 23:08:53.240 Thread 'MainThread': missing ScriptRunContext! This warning can be ignored when running in bare mode.
2026-10-05 23:08:53.240 Thread 'MainThread': missing ScriptRunContext! This warning can be ignored when running in bare mode.
2026-10-05 23:08:53.241 Thread 'MainThread': missing ScriptRunContext! This warning can be ignored when running in bare mode.
2026-10-05 23:08:53.241 Thread 'MainThread': missing ScriptRunContext! This warning can be ignored when running in bare mode.
2026-10-05 23:08:54.564 Please replace `use_container_width` with `width`.

`use_container_width` will be removed after 2025-12-31.

For `use_container_width=True`, use `width='stretch'`. For `use_container_width=False`, use `width='content'`.
2026-10-05 23:08:54.579 Thread 'MainThread': missing ScriptRunContext! This warning can be ignored when running in bare mode.
2026-10-05 23:08:54.579 Thread 'MainThread': missing ScriptRunContext! This warning can be ignored when running in bare mode.
2026-10-05 23:08:54.579 Thread 'MainThread': missing ScriptRunContext! This warning can be ignored when running in bare mode.
2026-10-05 23:08:54.579 Thread 'MainThread': missing ScriptRunContext! This warning can be ignored when running in bare mode.
2026-10-05 23:08:54.579 Thread 'MainThread': missing ScriptRunContext! This warning can be ignored when running in bare mode.
2026-10-05 23:08:54.580 Thread 'MainThread': missing ScriptRunContext! This warning can be ignored when running in bare mode.
2026-10-05 23:08:55.520 Thread 'MainThread': missing ScriptRunContext! This warning can be ignored when running in bare mode.
2026-10-05 23:08:55.520 Thread 'MainThread': missing ScriptRunContext! This warning can be ignored when running in bare mode.
2026-10-05 23:08:55.520 Thread 'MainThread': missing ScriptRunContext! This warning can be ignored when running in bare mode.
2026-10-05 23:08:55.520 Thread 'MainThread': missing ScriptRunContext! This warning can be ignored when running in bare mode.
2026-10-05 23:08:55.520 Thread 'MainThread': missing ScriptRunContext! This warning can be ignored when running in bare mode.
2026-10-05 23:08:55.520 Thread 'MainThread': missing ScriptRunContext! This warning can be ignored when running in bare mode.
2026-10-05 23:08:58.506 Thread 'MainThread': missing ScriptRunContext! This warning can be ignored when running in bare mode.
2026-10-05 23:08:58.507 Thread 'MainThread': missing ScriptRunContext! This warning can be ignored when running in bare mode.
2026-10-05 23:08:58.507 Thread 'MainThread': missing ScriptRunContext! This warning can be ignored when running in bare mode.
2026-10-05 23:08:58.507 Thread 'MainThread': missing ScriptRunContext! This warning can be ignored when running in bare mode.
2026-10-05 23:08:58.507 Thread 'MainThread': missing ScriptRunContext! This warning can be ignored when running in bare mode.
2026-10-05 23:08:58.507 Thread 'MainThread': missing ScriptRunContext! This warning can be ignored when running in bare mode.
2026-10-05 23:08:58.507 Thread 'MainThread': missing ScriptRunContext! This warning can be ignored when running in bare mode.
2026-10-05 23:08:58.507 Thread 'MainThread': missing ScriptRunContext! This warning can be ignored when running in bare mode.
2026-10-05 23:08:59.651 Thread 'MainThread': missing ScriptRunContext! This warning can be ignored when running in bare mode.
2026-10-05 23:08:59.651 Thread 'MainThread': missing ScriptRunContext! This warning can be ignored when running in bare mode.
2026-10-05 23:08:59.651 Thread 'MainThread': missing ScriptRunContext! This warning can be ignored when running in bare mode.
2026-10-05 23:08:59.651 Thread 'MainThread': missing ScriptRunContext! This warning can be ignored when running in bare mode.
2026-10-05 23:08:59.651 Thread 'MainThread': missing ScriptRunContext! This warning can be ignored when running in bare mode.
2026-10-05 23:08:59.651 Thread 'MainThread': missing ScriptRunContext! This warning can be ignored when running in bare mode.
2026-10-05 23:08:59.818 Thread 'MainThread': missing ScriptRunContext! This warning can be ignored when running in bare mode.
2026-10-05 23:08:59.820 Thread 'MainThread': missing ScriptRunContext! This warning can be ignored when running in bare mode.
2026-10-05 23:08:59.820 Thread 'MainThread': missing ScriptRunContext! This warning can be ignored when running in bare mode.
2026-10-05 23:08:59.820 Thread 'MainThread': missing ScriptRunContext! This warning can be ignored when running in bare mode.
2026-10-05 23:08:59.821 Thread 'MainThread': missing ScriptRunContext! This warning can be ignored when running in bare mode.
2026-10-05 23:09:01.590 Please replace `use_container_width` with `width`.

`use_container_width` will be removed after 2025-12-31.

For `use_container_width=True`, use `width='stretch'`. For `use_container_width=False`, use `width='content'`.
2026-10-05 23:09:01.876 Please replace `use_container_width` with `width`.

`use_container_width` will be removed after 2025-12-31.

For `use_container_width=True`, use `width='stretch'`. For `use_container_width=False`, use `width='content'`.
2026-10-05 23:09:02.399 Thread 'MainThread': missing ScriptRunContext! This warning can be ignored when running in bare mode.
2026-10-05 23:09:02.399 Thread 'MainThread': missing ScriptRunContext! This warning can be ignored when running in bare mode.
2026-10-05 23:09:02.400 Thread 'MainThread': missing ScriptRunContext! This warning can be ignored when running in bare mode.
2026-10-05 23:09:02.400 Thread 'MainThread': missing ScriptRunContext! This warning can be ignored when running in bare mode.
2026-10-05 23:09:02.400 Thread 'MainThread': missing ScriptRunContext! This warning can be ignored when running in bare mode.
2026-10-05 23:09:02.400 Thread 'MainThread': missing ScriptRunContext! This warning can be ignored when running in bare mode.
2026-10-05 23:09:02.583 Thread 'MainThread': missing ScriptRunContext! This warning can be ignored when running in bare mode.
2026-10-05 23:09:02.586 Thread 'MainThread': missing ScriptRunContext! This warning can be ignored when running in bare mode.
2026-10-05 23:09:02.586 Thread 'MainThread': missing ScriptRunContext! This warning can be ignored when running in bare mode.
2026-10-05 23:09:02.586 Thread 'MainThread': missing ScriptRunContext! This warning can be ignored when running in bare mode.
2026-10-05 23:09:02.586 Thread 'MainThread': missing ScriptRunContext! This warning can be ignored when running in bare mode.
2026-10-05 23:09:03.886 Please replace `use_container_width` with `width`.

`use_container_width` will be removed after 2025-12-31.

For `use_container_width=True`, use `width='stretch'`. For `use_container_width=False`, use `width='content'`.
2026-10-05 23:09:04.305 Please replace `use_container_width` with `width`.

`use_container_width` will be removed after 2025-12-31.

For `use_container_width=True`, use `width='stretch'`. For `use_container_width=False`, use `width='content'`.
2026-10-05 23:09:05.306 Please replace `use_container_width` with `width`.

`use_container_width` will be removed after 2025-12-31.

For `use_container_width=True`, use `width='stretch'`. For `use_container_width=False`, use `width='content'`.
2026-10-05 23:09:05.327 Thread 'MainThread': missing ScriptRunContext! This warning can be ignored when running in bare mode.
2026-10-05 23:09:05.327 Thread 'MainThread': missing ScriptRunContext! This warning can be ignored when running in bare mode.
2026-10-05 23:09:05.327 Thread 'MainThread': missing ScriptRunContext! This warning can be ignored when running in bare mode.
2026-10-05 23:09:05.327 Thread 'MainThread': missing ScriptRunContext! This warning can be ignored when running in bare mode.
2026-10-05 23:09:05.327 Thread 'MainThread': missing ScriptRunContext! This warning can be ignored when running in bare mode.
2026-10-05 23:09:05.327 Thread 'MainThread': missing ScriptRunContext! This warning can be ignored when running in bare mode.
2026-10-05 23:09:05.503 Thread 'MainThread': missing ScriptRunContext! This warning can be ignored when running in bare mode.
2026-10-05 23:09:05.506 Thread 'MainThread': missing ScriptRunContext! This warning can be ignored when running in bare mode.
2026-10-05 23:09:05.506 Thread 'MainThread': missing ScriptRunContext! This warning can be ignored when running in bare mode.
2026-10-05 23:09:05.506 Thread 'MainThread': missing ScriptRunContext! This warning can be ignored when running in bare mode.
2026-10-05 23:09:05.507 Thread 'MainThread': missing ScriptRunContext! This warning can be ignored when running in bare mode.
2026-10-05 23:09:07.882 Please replace `use_container_width` with `width`.

`use_container_width` will be removed after 2025-12-31.

For `use_container_width=True`, use `width='stretch'`. For `use_container_width=False`, use `width='content'`.
2026-10-05 23:09:08.348 Thread 'MainThread': missing ScriptRunContext! This warning can be ignored when running in bare mode.
2026-10-05 23:09:08.348 Thread 'MainThread': missing ScriptRunContext! This warning can be ignored when running in bare mode.
2026-10-05 23:09:08.348 Thread 'MainThread': missing ScriptRunContext! This warning can be ignored when running in bare mode.
2026-10-05 23:09:08.348 Thread 'MainThread': missing ScriptRunContext! This warning can be ignored when running in bare mode.
2026-10-05 23:09:08.348 Thread 'MainThread': missing ScriptRunContext! This warning can be ignored when running in bare mode.
2026-10-05 23:09:08.348 Thread 'MainThread': missing ScriptRunContext! This warning can be ignored when running in bare mode.
2026-10-05 23:09:08.380 Thread 'MainThread': missing ScriptRunContext! This warning can be ignored when running in bare mode.
2026-10-05 23:09:08.380 Thread 'MainThread': missing ScriptRunContext! This warning can be ignored when running in bare mode.
2026-10-05 23:09:08.380 Thread 'MainThread': missing ScriptRunContext! This warning can be ignored when running in bare mode.
2026-10-05 23:09:08.381 Thread 'MainThread': missing ScriptRunContext! This warning can be ignored when running in bare mode.
2026-10-05 23:09:11.815 Thread 'MainThread': missing ScriptRunContext! This warning can be ignored when running in bare mode.
2026-10-05 23:09:11.816 Thread 'MainThread': missing ScriptRunContext! This warning can be ignored when running in bare mode.
2026-10-05 23:09:11.816 Thread 'MainThread': missing ScriptRunContext! This warning can be ignored when running in bare mode.
2026-10-05 23:09:11.816 Thread 'MainThread': missing ScriptRunContext! This warning can be ignored when running in bare mode.
2026-10-05 23:09:11.816 Thread 'MainThread': missing ScriptRunContext! This warning can be ignored when running in bare mode.
2026-10-05 23:09:11.816 Thread 'MainThread': missing ScriptRunContext! This warning can be ignored when running in bare mode.
2026-10-05 23:09:11.816 Thread 'MainThread': missing ScriptRunContext! This warning can be ignored when running in bare mode.
2026-10-05 23:09:11.816 Thread 'MainThread': missing ScriptRunContext! This warning can be ignored when running in bare mode.
2026-10-05 23:09:13.991 Thread 'MainThread': missing ScriptRunContext! This warning can be ignored when running in bare mode.
2026-10-05 23:09:13.991 Thread 'MainThread': missing ScriptRunContext! This warning can be ignored when running in bare mode.
2026-10-05 23:09:13.991 Thread 'MainThread': missing ScriptRunContext! This warning can be ignored when running in bare mode.
2026-10-05 23:09:13.991 Thread 'MainThread': missing ScriptRunContext! This warning can be ignored when running in bare mode.
2026-10-05 23:09:13.991 Thread 'MainThread': missing ScriptRunContext! This warning can be ignored when running in bare mode.
2026-10-05 23:09:13.992 Thread 'MainThread': missing ScriptRunContext! This warning can be ignored when running in bare mode.
2026-10-05 23:09:13.992 Thread 'MainThread': missing ScriptRunContext! This warning can be ignored when running in bare mode.
2026-10-05 23:09:14.622 Thread 'MainThread': missing ScriptRunContext! This warning can be ignored when running in bare mode.
2026-10-05 23:09:14.622 Thread 'MainThread': missing ScriptRunContext! This warning can be ignored when running in bare mode.
2026-10-05 23:09:14.622 Thread 'MainThread': missing ScriptRunContext! This warning can be ignored when running in bare mode.
2026-10-05 23:09:14.622 Thread 'MainThread': missing ScriptRunContext! This warning can be ignored when running in bare mode.
2026-10-05 23:09:14.622 Thread 'MainThread': missing ScriptRunContext! This warning can be ignored when running in bare mode.
2026-10-05 23:09:14.622 Thread 'MainThread': missing ScriptRunContext! This warning can be ignored when running in bare mode.
2026-10-05 23:09:14.622 Thread 'MainThread': missing ScriptRunContext! This warning can be ignored when running in bare mode.
2026-10-05 23:09:14.657 Thread 'MainThread': missing ScriptRunContext! This warning can be ignored when running in bare mode.
2026-10-05 23:09:14.657 Thread 'MainThread': missing ScriptRunContext! This warning can be ignored when running in bare mode.
2026-10-05 23:09:14.657 Thread 'MainThread': missing ScriptRunContext! This warning can be ignored when running in bare mode.
2026-10-05 23:09:14.657 Thread 'MainThread': missing ScriptRunContext! This warning can be ignored when running in bare mode.
2026-10-05 23:09:16.233 Thread 'MainThread': missing ScriptRunContext! This warning can be ignored when running in bare mode.
2026-10-05 23:09:16.233 Thread 'MainThread': missing ScriptRunContext! This warning can be ignored when running in bare mode.
2026-10-05 23:09:16.233 Thread 'MainThread': missing ScriptRunContext! This warning can be ignored when running in bare mode.
2026-10-05 23:09:16.234 Thread 'MainThread': missing ScriptRunContext! This warning can be ignored when running in bare mode.
2026-10-05 23:09:16.234 Thread 'MainThread': missing ScriptRunContext! This warning can be ignored when running in bare mode.
2026-10-05 23:09:16.234 Thread 'MainThread': missing ScriptRunContext! This warning can be ignored when running in bare mode.
2026-10-05 23:09:16.234 Thread 'MainThread': missing ScriptRunContext! This warning can be ignored when running in bare mode.
2026-10-05 23:09:18.229 Thread 'MainThread': missing ScriptRunContext! This warning can be ignored when running in bare mode.
2026-10-05 23:09:18.230 Thread 'MainThread': missing ScriptRunContext! This warning can be ignored when running in bare mode.
2026-10-05 23:09:18.230 Thread 'MainThread': missing ScriptRunContext! This warning can be ignored when running in bare mode.
2026-10-05 23:09:18.230 Thread 'MainThread': missing ScriptRunContext! This warning can be ignored when running in bare mode.
2026-10-05 23:09:18.230 Thread 'MainThread': missing ScriptRunContext! This warning can be ignored when running in bare mode.
2026-10-05 23:09:18.230 Thread 'MainThread': missing ScriptRunContext! This warning can be ignored when running in bare mode.
2026-10-05 23:09:18.230 Thread 'MainThread': missing ScriptRunContext! This warning can be ignored when running in bare mode.
Learning representation rejected stage=request code=external_failure path=$
Learning representation rejected stage=response code=incomplete path=$
Learning representation rejected stage=response code=response_bound path=$
Learning representation rejected stage=normalize code=fields path=$
Learning representation rejected stage=response code=refusal path=$
Learning representation rejected stage=request code=external_failure path=$
Learning representation rejected stage=normalize code=reference path=$.process.collections[0].semantic_id
2026-10-05 23:09:19.817 Thread 'MainThread': missing ScriptRunContext! This warning can be ignored when running in bare mode.
2026-10-05 23:09:22.309 Thread 'MainThread': missing ScriptRunContext! This warning can be ignored when running in bare mode.
2026-10-05 23:09:22.309 Thread 'MainThread': missing ScriptRunContext! This warning can be ignored when running in bare mode.
2026-10-05 23:09:22.309 Thread 'MainThread': missing ScriptRunContext! This warning can be ignored when running in bare mode.
2026-10-05 23:09:22.309 Thread 'MainThread': missing ScriptRunContext! This warning can be ignored when running in bare mode.
2026-10-05 23:09:22.309 Thread 'MainThread': missing ScriptRunContext! This warning can be ignored when running in bare mode.
2026-10-05 23:09:22.310 Thread 'MainThread': missing ScriptRunContext! This warning can be ignored when running in bare mode.
Learning representation rejected stage=normalize code=reference path=$
----------------------------------------------------------------------
Ran 339 tests in 249.450s

OK
