2026-10-05 22:19:28.038 Thread 'MainThread': missing ScriptRunContext! This warning can be ignored when running in bare mode.
2026-10-05 22:19:28.386 Thread 'MainThread': missing ScriptRunContext! This warning can be ignored when running in bare mode.
2026-10-05 22:19:28.984 Thread 'MainThread': missing ScriptRunContext! This warning can be ignored when running in bare mode.
2026-10-05 22:19:29.008 Thread 'MainThread': missing ScriptRunContext! This warning can be ignored when running in bare mode.
2026-10-05 22:19:29.058 Thread 'MainThread': missing ScriptRunContext! This warning can be ignored when running in bare mode.
2026-10-05 22:19:29.059 Thread 'MainThread': missing ScriptRunContext! This warning can be ignored when running in bare mode.
2026-10-05 22:19:29.059 Thread 'MainThread': missing ScriptRunContext! This warning can be ignored when running in bare mode.
2026-10-05 22:19:29.059 Thread 'MainThread': missing ScriptRunContext! This warning can be ignored when running in bare mode.
2026-10-05 22:19:29.059 Thread 'MainThread': missing ScriptRunContext! This warning can be ignored when running in bare mode.
2026-10-05 22:19:29.059 Thread 'MainThread': missing ScriptRunContext! This warning can be ignored when running in bare mode.
2026-10-05 22:19:29.059 Thread 'MainThread': missing ScriptRunContext! This warning can be ignored when running in bare mode.
2026-10-05 22:19:29.059 Thread 'MainThread': missing ScriptRunContext! This warning can be ignored when running in bare mode.
.2026-10-05 22:19:32.135 Thread 'MainThread': missing ScriptRunContext! This warning can be ignored when running in bare mode.
2026-10-05 22:19:32.136 Thread 'MainThread': missing ScriptRunContext! This warning can be ignored when running in bare mode.
2026-10-05 22:19:32.136 Thread 'MainThread': missing ScriptRunContext! This warning can be ignored when running in bare mode.
2026-10-05 22:19:32.137 Thread 'MainThread': missing ScriptRunContext! This warning can be ignored when running in bare mode.
2026-10-05 22:19:32.137 Thread 'MainThread': missing ScriptRunContext! This warning can be ignored when running in bare mode.
2026-10-05 22:19:32.137 Thread 'MainThread': missing ScriptRunContext! This warning can be ignored when running in bare mode.
2026-10-05 22:19:32.137 Thread 'MainThread': missing ScriptRunContext! This warning can be ignored when running in bare mode.
.2026-10-05 22:19:32.965 Thread 'MainThread': missing ScriptRunContext! This warning can be ignored when running in bare mode.
2026-10-05 22:19:32.966 Thread 'MainThread': missing ScriptRunContext! This warning can be ignored when running in bare mode.
2026-10-05 22:19:32.966 Thread 'MainThread': missing ScriptRunContext! This warning can be ignored when running in bare mode.
2026-10-05 22:19:32.966 Thread 'MainThread': missing ScriptRunContext! This warning can be ignored when running in bare mode.
2026-10-05 22:19:32.966 Thread 'MainThread': missing ScriptRunContext! This warning can be ignored when running in bare mode.
2026-10-05 22:19:32.966 Thread 'MainThread': missing ScriptRunContext! This warning can be ignored when running in bare mode.
2026-10-05 22:19:32.966 Thread 'MainThread': missing ScriptRunContext! This warning can be ignored when running in bare mode.
2026-10-05 22:19:33.052 Thread 'MainThread': missing ScriptRunContext! This warning can be ignored when running in bare mode.
2026-10-05 22:19:33.053 Thread 'MainThread': missing ScriptRunContext! This warning can be ignored when running in bare mode.
2026-10-05 22:19:33.053 Thread 'MainThread': missing ScriptRunContext! This warning can be ignored when running in bare mode.
2026-10-05 22:19:33.053 Thread 'MainThread': missing ScriptRunContext! This warning can be ignored when running in bare mode.
.2026-10-05 22:19:34.947 Thread 'MainThread': missing ScriptRunContext! This warning can be ignored when running in bare mode.
2026-10-05 22:19:34.947 Thread 'MainThread': missing ScriptRunContext! This warning can be ignored when running in bare mode.
2026-10-05 22:19:34.947 Thread 'MainThread': missing ScriptRunContext! This warning can be ignored when running in bare mode.
2026-10-05 22:19:34.947 Thread 'MainThread': missing ScriptRunContext! This warning can be ignored when running in bare mode.
2026-10-05 22:19:34.947 Thread 'MainThread': missing ScriptRunContext! This warning can be ignored when running in bare mode.
2026-10-05 22:19:34.947 Thread 'MainThread': missing ScriptRunContext! This warning can be ignored when running in bare mode.
2026-10-05 22:19:34.947 Thread 'MainThread': missing ScriptRunContext! This warning can be ignored when running in bare mode.
.2026-10-05 22:19:37.096 Thread 'MainThread': missing ScriptRunContext! This warning can be ignored when running in bare mode.
2026-10-05 22:19:37.096 Thread 'MainThread': missing ScriptRunContext! This warning can be ignored when running in bare mode.
2026-10-05 22:19:37.096 Thread 'MainThread': missing ScriptRunContext! This warning can be ignored when running in bare mode.
2026-10-05 22:19:37.096 Thread 'MainThread': missing ScriptRunContext! This warning can be ignored when running in bare mode.
2026-10-05 22:19:37.096 Thread 'MainThread': missing ScriptRunContext! This warning can be ignored when running in bare mode.
2026-10-05 22:19:37.096 Thread 'MainThread': missing ScriptRunContext! This warning can be ignored when running in bare mode.
2026-10-05 22:19:37.096 Thread 'MainThread': missing ScriptRunContext! This warning can be ignored when running in bare mode.
.......................2026-10-05 22:19:38.748 Thread 'MainThread': missing ScriptRunContext! This warning can be ignored when running in bare mode.
2026-10-05 22:19:38.748 Thread 'MainThread': missing ScriptRunContext! This warning can be ignored when running in bare mode.
2026-10-05 22:19:38.748 Thread 'MainThread': missing ScriptRunContext! This warning can be ignored when running in bare mode.
2026-10-05 22:19:38.748 Thread 'MainThread': missing ScriptRunContext! This warning can be ignored when running in bare mode.
2026-10-05 22:19:38.748 Thread 'MainThread': missing ScriptRunContext! This warning can be ignored when running in bare mode.
2026-10-05 22:19:38.748 Thread 'MainThread': missing ScriptRunContext! This warning can be ignored when running in bare mode.
2026-10-05 22:19:38.748 Thread 'MainThread': missing ScriptRunContext! This warning can be ignored when running in bare mode.
2026-10-05 22:19:38.748 Thread 'MainThread': missing ScriptRunContext! This warning can be ignored when running in bare mode.
2026-10-05 22:19:40.517 Please replace `use_container_width` with `width`.

`use_container_width` will be removed after 2025-12-31.

For `use_container_width=True`, use `width='stretch'`. For `use_container_width=False`, use `width='content'`.
2026-10-05 22:19:40.762 Please replace `use_container_width` with `width`.

`use_container_width` will be removed after 2025-12-31.

For `use_container_width=True`, use `width='stretch'`. For `use_container_width=False`, use `width='content'`.
.2026-10-05 22:19:44.086 Thread 'MainThread': missing ScriptRunContext! This warning can be ignored when running in bare mode.
2026-10-05 22:19:44.086 Thread 'MainThread': missing ScriptRunContext! This warning can be ignored when running in bare mode.
2026-10-05 22:19:44.086 Thread 'MainThread': missing ScriptRunContext! This warning can be ignored when running in bare mode.
2026-10-05 22:19:44.086 Thread 'MainThread': missing ScriptRunContext! This warning can be ignored when running in bare mode.
2026-10-05 22:19:44.086 Thread 'MainThread': missing ScriptRunContext! This warning can be ignored when running in bare mode.
2026-10-05 22:19:44.086 Thread 'MainThread': missing ScriptRunContext! This warning can be ignored when running in bare mode.
2026-10-05 22:19:44.086 Thread 'MainThread': missing ScriptRunContext! This warning can be ignored when running in bare mode.
2026-10-05 22:19:44.086 Thread 'MainThread': missing ScriptRunContext! This warning can be ignored when running in bare mode.
2026-10-05 22:19:45.150 Please replace `use_container_width` with `width`.

`use_container_width` will be removed after 2025-12-31.

For `use_container_width=True`, use `width='stretch'`. For `use_container_width=False`, use `width='content'`.
2026-10-05 22:19:45.481 Please replace `use_container_width` with `width`.

`use_container_width` will be removed after 2025-12-31.

For `use_container_width=True`, use `width='stretch'`. For `use_container_width=False`, use `width='content'`.
.2026-10-05 22:19:45.494 Thread 'MainThread': missing ScriptRunContext! This warning can be ignored when running in bare mode.
2026-10-05 22:19:45.495 Thread 'MainThread': missing ScriptRunContext! This warning can be ignored when running in bare mode.
2026-10-05 22:19:45.495 Thread 'MainThread': missing ScriptRunContext! This warning can be ignored when running in bare mode.
2026-10-05 22:19:45.495 Thread 'MainThread': missing ScriptRunContext! This warning can be ignored when running in bare mode.
2026-10-05 22:19:45.495 Thread 'MainThread': missing ScriptRunContext! This warning can be ignored when running in bare mode.
2026-10-05 22:19:45.495 Thread 'MainThread': missing ScriptRunContext! This warning can be ignored when running in bare mode.
2026-10-05 22:19:45.495 Thread 'MainThread': missing ScriptRunContext! This warning can be ignored when running in bare mode.
.2026-10-05 22:19:47.024 Thread 'MainThread': missing ScriptRunContext! This warning can be ignored when running in bare mode.
2026-10-05 22:19:47.024 Thread 'MainThread': missing ScriptRunContext! This warning can be ignored when running in bare mode.
2026-10-05 22:19:47.025 Thread 'MainThread': missing ScriptRunContext! This warning can be ignored when running in bare mode.
2026-10-05 22:19:47.025 Thread 'MainThread': missing ScriptRunContext! This warning can be ignored when running in bare mode.
2026-10-05 22:19:47.025 Thread 'MainThread': missing ScriptRunContext! This warning can be ignored when running in bare mode.
2026-10-05 22:19:47.025 Thread 'MainThread': missing ScriptRunContext! This warning can be ignored when running in bare mode.
2026-10-05 22:19:47.025 Thread 'MainThread': missing ScriptRunContext! This warning can be ignored when running in bare mode.
2026-10-05 22:19:47.025 Thread 'MainThread': missing ScriptRunContext! This warning can be ignored when running in bare mode.
2026-10-05 22:19:47.029 Thread 'MainThread': missing ScriptRunContext! This warning can be ignored when running in bare mode.
2026-10-05 22:19:47.029 Thread 'MainThread': missing ScriptRunContext! This warning can be ignored when running in bare mode.
2026-10-05 22:19:47.030 Thread 'MainThread': missing ScriptRunContext! This warning can be ignored when running in bare mode.
.....Analogy rejected stage=request code=RuntimeError path=$
.....Analogy rejected stage=response code=response_bound path=$
.............Analogy rejected stage=normalize code=mapping path=$
Analogy rejected stage=normalize code=mapping path=$
Analogy rejected stage=normalize code=mapping path=$
Analogy rejected stage=normalize code=mapping path=$
Analogy rejected stage=normalize code=mapping path=$
Analogy rejected stage=normalize code=mapping path=$
Analogy rejected stage=normalize code=mapping path=$
Analogy rejected stage=normalize code=mapping path=$
Analogy rejected stage=normalize code=mapping path=$
Analogy rejected stage=normalize code=mapping path=$
.Analogy rejected stage=response code=incomplete_response path=$
Analogy rejected stage=response code=model_refusal path=$
Analogy rejected stage=response code=invalid_json path=$
..Analogy rejected stage=request code=RuntimeError path=$
.Analogy rejected stage=request code=RuntimeError path=$
.Analogy rejected stage=normalize code=numeric_bounds path=$.parameters[0].step
.2026-10-05 22:19:53.360 Thread 'MainThread': missing ScriptRunContext! This warning can be ignored when running in bare mode.
2026-10-05 22:19:53.360 Thread 'MainThread': missing ScriptRunContext! This warning can be ignored when running in bare mode.
2026-10-05 22:19:53.360 Thread 'MainThread': missing ScriptRunContext! This warning can be ignored when running in bare mode.
2026-10-05 22:19:53.360 Thread 'MainThread': missing ScriptRunContext! This warning can be ignored when running in bare mode.
2026-10-05 22:19:53.360 Thread 'MainThread': missing ScriptRunContext! This warning can be ignored when running in bare mode.
2026-10-05 22:19:53.360 Thread 'MainThread': missing ScriptRunContext! This warning can be ignored when running in bare mode.
2026-10-05 22:19:53.360 Thread 'MainThread': missing ScriptRunContext! This warning can be ignored when running in bare mode.
2026-10-05 22:19:53.360 Thread 'MainThread': missing ScriptRunContext! This warning can be ignored when running in bare mode.
Analogy rejected stage=renderer code=RuntimeError path=$
.2026-10-05 22:19:54.455 Thread 'MainThread': missing ScriptRunContext! This warning can be ignored when running in bare mode.
2026-10-05 22:19:54.455 Thread 'MainThread': missing ScriptRunContext! This warning can be ignored when running in bare mode.
2026-10-05 22:19:54.455 Thread 'MainThread': missing ScriptRunContext! This warning can be ignored when running in bare mode.
2026-10-05 22:19:54.455 Thread 'MainThread': missing ScriptRunContext! This warning can be ignored when running in bare mode.
2026-10-05 22:19:54.455 Thread 'MainThread': missing ScriptRunContext! This warning can be ignored when running in bare mode.
2026-10-05 22:19:54.456 Thread 'MainThread': missing ScriptRunContext! This warning can be ignored when running in bare mode.
2026-10-05 22:19:54.456 Thread 'MainThread': missing ScriptRunContext! This warning can be ignored when running in bare mode.
2026-10-05 22:19:54.456 Thread 'MainThread': missing ScriptRunContext! This warning can be ignored when running in bare mode.
Analogy rejected stage=renderer code=RuntimeError path=$
......Analogy rejected stage=normalize code=geometry_bounds path=$.primitives
..2026-10-05 22:19:55.769 Thread 'MainThread': missing ScriptRunContext! This warning can be ignored when running in bare mode.
2026-10-05 22:19:55.769 Thread 'MainThread': missing ScriptRunContext! This warning can be ignored when running in bare mode.
2026-10-05 22:19:55.769 Thread 'MainThread': missing ScriptRunContext! This warning can be ignored when running in bare mode.
2026-10-05 22:19:55.769 Thread 'MainThread': missing ScriptRunContext! This warning can be ignored when running in bare mode.
2026-10-05 22:19:55.769 Thread 'MainThread': missing ScriptRunContext! This warning can be ignored when running in bare mode.
2026-10-05 22:19:55.769 Thread 'MainThread': missing ScriptRunContext! This warning can be ignored when running in bare mode.
2026-10-05 22:19:55.770 Thread 'MainThread': missing ScriptRunContext! This warning can be ignored when running in bare mode.
.2026-10-05 22:19:57.576 Thread 'MainThread': missing ScriptRunContext! This warning can be ignored when running in bare mode.
2026-10-05 22:19:57.576 Thread 'MainThread': missing ScriptRunContext! This warning can be ignored when running in bare mode.
2026-10-05 22:19:57.576 Thread 'MainThread': missing ScriptRunContext! This warning can be ignored when running in bare mode.
2026-10-05 22:19:57.576 Thread 'MainThread': missing ScriptRunContext! This warning can be ignored when running in bare mode.
2026-10-05 22:19:57.576 Thread 'MainThread': missing ScriptRunContext! This warning can be ignored when running in bare mode.
2026-10-05 22:19:57.577 Thread 'MainThread': missing ScriptRunContext! This warning can be ignored when running in bare mode.
2026-10-05 22:19:57.577 Thread 'MainThread': missing ScriptRunContext! This warning can be ignored when running in bare mode.
Analogy rejected stage=normalize code=mapping path=$.mappings[0]
...........Analogy rejected stage=normalize code=unsafe_expression path=$.primitives[0].radius
.Analogy rejected stage=normalize code=envelope_fields path=$
.Analogy rejected stage=normalize code=unsafe_expression path=$
Analogy rejected stage=normalize code=unsafe_expression path=$
Analogy rejected stage=normalize code=unsafe_expression path=$
Analogy rejected stage=normalize code=unsafe_expression path=$
Analogy rejected stage=normalize code=unsafe_expression path=$
Analogy rejected stage=normalize code=unsafe_expression path=$
.2026-10-05 22:19:59.773 Thread 'MainThread': missing ScriptRunContext! This warning can be ignored when running in bare mode.
2026-10-05 22:19:59.773 Thread 'MainThread': missing ScriptRunContext! This warning can be ignored when running in bare mode.
2026-10-05 22:19:59.773 Thread 'MainThread': missing ScriptRunContext! This warning can be ignored when running in bare mode.
2026-10-05 22:19:59.773 Thread 'MainThread': missing ScriptRunContext! This warning can be ignored when running in bare mode.
2026-10-05 22:19:59.773 Thread 'MainThread': missing ScriptRunContext! This warning can be ignored when running in bare mode.
2026-10-05 22:19:59.773 Thread 'MainThread': missing ScriptRunContext! This warning can be ignored when running in bare mode.
2026-10-05 22:19:59.773 Thread 'MainThread': missing ScriptRunContext! This warning can be ignored when running in bare mode.
2026-10-05 22:19:59.773 Thread 'MainThread': missing ScriptRunContext! This warning can be ignored when running in bare mode.
Analogy rejected stage=normalize code=unsafe_expression path=$.primitives[0].radius
.Analogy rejected stage=normalize code=unsafe_expression path=$.primitives[0].radius
Analogy rejected stage=normalize code=unsafe_expression path=$.primitives[0].radius
Analogy rejected stage=normalize code=unsafe_expression path=$.primitives[0].radius
...........2026-10-05 22:20:04.067 Thread 'MainThread': missing ScriptRunContext! This warning can be ignored when running in bare mode.
2026-10-05 22:20:04.067 Thread 'MainThread': missing ScriptRunContext! This warning can be ignored when running in bare mode.
2026-10-05 22:20:04.067 Thread 'MainThread': missing ScriptRunContext! This warning can be ignored when running in bare mode.
2026-10-05 22:20:04.067 Thread 'MainThread': missing ScriptRunContext! This warning can be ignored when running in bare mode.
2026-10-05 22:20:04.067 Thread 'MainThread': missing ScriptRunContext! This warning can be ignored when running in bare mode.
2026-10-05 22:20:04.067 Thread 'MainThread': missing ScriptRunContext! This warning can be ignored when running in bare mode.
.2026-10-05 22:20:05.756 Thread 'MainThread': missing ScriptRunContext! This warning can be ignored when running in bare mode.
2026-10-05 22:20:05.756 Thread 'MainThread': missing ScriptRunContext! This warning can be ignored when running in bare mode.
2026-10-05 22:20:05.756 Thread 'MainThread': missing ScriptRunContext! This warning can be ignored when running in bare mode.
2026-10-05 22:20:05.756 Thread 'MainThread': missing ScriptRunContext! This warning can be ignored when running in bare mode.
2026-10-05 22:20:05.756 Thread 'MainThread': missing ScriptRunContext! This warning can be ignored when running in bare mode.
2026-10-05 22:20:05.756 Thread 'MainThread': missing ScriptRunContext! This warning can be ignored when running in bare mode.
2026-10-05 22:20:06.766 Thread 'MainThread': missing ScriptRunContext! This warning can be ignored when running in bare mode.
.2026-10-05 22:20:06.968 Thread 'MainThread': missing ScriptRunContext! This warning can be ignored when running in bare mode.
2026-10-05 22:20:06.968 Thread 'MainThread': missing ScriptRunContext! This warning can be ignored when running in bare mode.
2026-10-05 22:20:06.968 Thread 'MainThread': missing ScriptRunContext! This warning can be ignored when running in bare mode.
2026-10-05 22:20:06.968 Thread 'MainThread': missing ScriptRunContext! This warning can be ignored when running in bare mode.
2026-10-05 22:20:06.968 Thread 'MainThread': missing ScriptRunContext! This warning can be ignored when running in bare mode.
2026-10-05 22:20:06.968 Thread 'MainThread': missing ScriptRunContext! This warning can be ignored when running in bare mode.
2026-10-05 22:20:07.116 Thread 'MainThread': missing ScriptRunContext! This warning can be ignored when running in bare mode.
2026-10-05 22:20:07.118 Thread 'MainThread': missing ScriptRunContext! This warning can be ignored when running in bare mode.
2026-10-05 22:20:07.118 Thread 'MainThread': missing ScriptRunContext! This warning can be ignored when running in bare mode.
2026-10-05 22:20:07.119 Thread 'MainThread': missing ScriptRunContext! This warning can be ignored when running in bare mode.
2026-10-05 22:20:07.119 Thread 'MainThread': missing ScriptRunContext! This warning can be ignored when running in bare mode.
2026-10-05 22:20:07.220 Thread 'MainThread': missing ScriptRunContext! This warning can be ignored when running in bare mode.
2026-10-05 22:20:07.220 Thread 'MainThread': missing ScriptRunContext! This warning can be ignored when running in bare mode.
Local document UI structure_available=False parser_available=True requested_pages=[1] reason=document: no native text regions (no OCR)
2026-10-05 22:20:08.641 Please replace `use_container_width` with `width`.

`use_container_width` will be removed after 2025-12-31.

For `use_container_width=True`, use `width='stretch'`. For `use_container_width=False`, use `width='content'`.
.2026-10-05 22:20:08.657 Thread 'MainThread': missing ScriptRunContext! This warning can be ignored when running in bare mode.
2026-10-05 22:20:08.657 Thread 'MainThread': missing ScriptRunContext! This warning can be ignored when running in bare mode.
2026-10-05 22:20:08.657 Thread 'MainThread': missing ScriptRunContext! This warning can be ignored when running in bare mode.
2026-10-05 22:20:08.657 Thread 'MainThread': missing ScriptRunContext! This warning can be ignored when running in bare mode.
2026-10-05 22:20:08.657 Thread 'MainThread': missing ScriptRunContext! This warning can be ignored when running in bare mode.
2026-10-05 22:20:08.658 Thread 'MainThread': missing ScriptRunContext! This warning can be ignored when running in bare mode.
2026-10-05 22:20:08.800 Thread 'MainThread': missing ScriptRunContext! This warning can be ignored when running in bare mode.
2026-10-05 22:20:08.803 Thread 'MainThread': missing ScriptRunContext! This warning can be ignored when running in bare mode.
2026-10-05 22:20:08.803 Thread 'MainThread': missing ScriptRunContext! This warning can be ignored when running in bare mode.
2026-10-05 22:20:08.803 Thread 'MainThread': missing ScriptRunContext! This warning can be ignored when running in bare mode.
2026-10-05 22:20:08.803 Thread 'MainThread': missing ScriptRunContext! This warning can be ignored when running in bare mode.
2026-10-05 22:20:08.803 Thread 'MainThread': missing ScriptRunContext! This warning can be ignored when running in bare mode.
2026-10-05 22:20:09.876 Please replace `use_container_width` with `width`.

`use_container_width` will be removed after 2025-12-31.

For `use_container_width=True`, use `width='stretch'`. For `use_container_width=False`, use `width='content'`.
.2026-10-05 22:20:09.890 Thread 'MainThread': missing ScriptRunContext! This warning can be ignored when running in bare mode.
2026-10-05 22:20:09.890 Thread 'MainThread': missing ScriptRunContext! This warning can be ignored when running in bare mode.
2026-10-05 22:20:09.890 Thread 'MainThread': missing ScriptRunContext! This warning can be ignored when running in bare mode.
2026-10-05 22:20:09.890 Thread 'MainThread': missing ScriptRunContext! This warning can be ignored when running in bare mode.
2026-10-05 22:20:09.890 Thread 'MainThread': missing ScriptRunContext! This warning can be ignored when running in bare mode.
2026-10-05 22:20:09.890 Thread 'MainThread': missing ScriptRunContext! This warning can be ignored when running in bare mode.
.2026-10-05 22:20:10.707 Thread 'MainThread': missing ScriptRunContext! This warning can be ignored when running in bare mode.
2026-10-05 22:20:10.707 Thread 'MainThread': missing ScriptRunContext! This warning can be ignored when running in bare mode.
2026-10-05 22:20:10.707 Thread 'MainThread': missing ScriptRunContext! This warning can be ignored when running in bare mode.
2026-10-05 22:20:10.707 Thread 'MainThread': missing ScriptRunContext! This warning can be ignored when running in bare mode.
2026-10-05 22:20:10.707 Thread 'MainThread': missing ScriptRunContext! This warning can be ignored when running in bare mode.
2026-10-05 22:20:10.707 Thread 'MainThread': missing ScriptRunContext! This warning can be ignored when running in bare mode.
.2026-10-05 22:20:11.927 Thread 'MainThread': missing ScriptRunContext! This warning can be ignored when running in bare mode.
2026-10-05 22:20:11.927 Thread 'MainThread': missing ScriptRunContext! This warning can be ignored when running in bare mode.
2026-10-05 22:20:11.927 Thread 'MainThread': missing ScriptRunContext! This warning can be ignored when running in bare mode.
2026-10-05 22:20:11.927 Thread 'MainThread': missing ScriptRunContext! This warning can be ignored when running in bare mode.
2026-10-05 22:20:11.927 Thread 'MainThread': missing ScriptRunContext! This warning can be ignored when running in bare mode.
2026-10-05 22:20:11.928 Thread 'MainThread': missing ScriptRunContext! This warning can be ignored when running in bare mode.
2026-10-05 22:20:11.928 Thread 'MainThread': missing ScriptRunContext! This warning can be ignored when running in bare mode.
2026-10-05 22:20:11.928 Thread 'MainThread': missing ScriptRunContext! This warning can be ignored when running in bare mode.
.2026-10-05 22:20:12.787 Thread 'MainThread': missing ScriptRunContext! This warning can be ignored when running in bare mode.
2026-10-05 22:20:12.787 Thread 'MainThread': missing ScriptRunContext! This warning can be ignored when running in bare mode.
2026-10-05 22:20:12.787 Thread 'MainThread': missing ScriptRunContext! This warning can be ignored when running in bare mode.
2026-10-05 22:20:12.787 Thread 'MainThread': missing ScriptRunContext! This warning can be ignored when running in bare mode.
2026-10-05 22:20:12.787 Thread 'MainThread': missing ScriptRunContext! This warning can be ignored when running in bare mode.
2026-10-05 22:20:12.787 Thread 'MainThread': missing ScriptRunContext! This warning can be ignored when running in bare mode.
2026-10-05 22:20:12.900 Thread 'MainThread': missing ScriptRunContext! This warning can be ignored when running in bare mode.
2026-10-05 22:20:12.902 Thread 'MainThread': missing ScriptRunContext! This warning can be ignored when running in bare mode.
2026-10-05 22:20:12.903 Thread 'MainThread': missing ScriptRunContext! This warning can be ignored when running in bare mode.
2026-10-05 22:20:12.903 Thread 'MainThread': missing ScriptRunContext! This warning can be ignored when running in bare mode.
2026-10-05 22:20:12.903 Thread 'MainThread': missing ScriptRunContext! This warning can be ignored when running in bare mode.
2026-10-05 22:20:14.399 Please replace `use_container_width` with `width`.

`use_container_width` will be removed after 2025-12-31.

For `use_container_width=True`, use `width='stretch'`. For `use_container_width=False`, use `width='content'`.
2026-10-05 22:20:14.646 Please replace `use_container_width` with `width`.

`use_container_width` will be removed after 2025-12-31.

For `use_container_width=True`, use `width='stretch'`. For `use_container_width=False`, use `width='content'`.
.2026-10-05 22:20:15.041 Thread 'MainThread': missing ScriptRunContext! This warning can be ignored when running in bare mode.
2026-10-05 22:20:15.041 Thread 'MainThread': missing ScriptRunContext! This warning can be ignored when running in bare mode.
2026-10-05 22:20:15.041 Thread 'MainThread': missing ScriptRunContext! This warning can be ignored when running in bare mode.
2026-10-05 22:20:15.041 Thread 'MainThread': missing ScriptRunContext! This warning can be ignored when running in bare mode.
2026-10-05 22:20:15.041 Thread 'MainThread': missing ScriptRunContext! This warning can be ignored when running in bare mode.
2026-10-05 22:20:15.042 Thread 'MainThread': missing ScriptRunContext! This warning can be ignored when running in bare mode.
2026-10-05 22:20:15.182 Thread 'MainThread': missing ScriptRunContext! This warning can be ignored when running in bare mode.
2026-10-05 22:20:15.184 Thread 'MainThread': missing ScriptRunContext! This warning can be ignored when running in bare mode.
2026-10-05 22:20:15.184 Thread 'MainThread': missing ScriptRunContext! This warning can be ignored when running in bare mode.
2026-10-05 22:20:15.184 Thread 'MainThread': missing ScriptRunContext! This warning can be ignored when running in bare mode.
2026-10-05 22:20:15.184 Thread 'MainThread': missing ScriptRunContext! This warning can be ignored when running in bare mode.
2026-10-05 22:20:16.400 Please replace `use_container_width` with `width`.

`use_container_width` will be removed after 2025-12-31.

For `use_container_width=True`, use `width='stretch'`. For `use_container_width=False`, use `width='content'`.
2026-10-05 22:20:16.709 Please replace `use_container_width` with `width`.

`use_container_width` will be removed after 2025-12-31.

For `use_container_width=True`, use `width='stretch'`. For `use_container_width=False`, use `width='content'`.
2026-10-05 22:20:17.407 Please replace `use_container_width` with `width`.

`use_container_width` will be removed after 2025-12-31.

For `use_container_width=True`, use `width='stretch'`. For `use_container_width=False`, use `width='content'`.
.2026-10-05 22:20:17.421 Thread 'MainThread': missing ScriptRunContext! This warning can be ignored when running in bare mode.
2026-10-05 22:20:17.421 Thread 'MainThread': missing ScriptRunContext! This warning can be ignored when running in bare mode.
2026-10-05 22:20:17.421 Thread 'MainThread': missing ScriptRunContext! This warning can be ignored when running in bare mode.
2026-10-05 22:20:17.421 Thread 'MainThread': missing ScriptRunContext! This warning can be ignored when running in bare mode.
2026-10-05 22:20:17.421 Thread 'MainThread': missing ScriptRunContext! This warning can be ignored when running in bare mode.
2026-10-05 22:20:17.421 Thread 'MainThread': missing ScriptRunContext! This warning can be ignored when running in bare mode.
2026-10-05 22:20:17.545 Thread 'MainThread': missing ScriptRunContext! This warning can be ignored when running in bare mode.
2026-10-05 22:20:17.547 Thread 'MainThread': missing ScriptRunContext! This warning can be ignored when running in bare mode.
2026-10-05 22:20:17.547 Thread 'MainThread': missing ScriptRunContext! This warning can be ignored when running in bare mode.
2026-10-05 22:20:17.547 Thread 'MainThread': missing ScriptRunContext! This warning can be ignored when running in bare mode.
2026-10-05 22:20:17.547 Thread 'MainThread': missing ScriptRunContext! This warning can be ignored when running in bare mode.
2026-10-05 22:20:19.417 Please replace `use_container_width` with `width`.

`use_container_width` will be removed after 2025-12-31.

For `use_container_width=True`, use `width='stretch'`. For `use_container_width=False`, use `width='content'`.
.2026-10-05 22:20:19.877 Thread 'MainThread': missing ScriptRunContext! This warning can be ignored when running in bare mode.
2026-10-05 22:20:19.877 Thread 'MainThread': missing ScriptRunContext! This warning can be ignored when running in bare mode.
2026-10-05 22:20:19.877 Thread 'MainThread': missing ScriptRunContext! This warning can be ignored when running in bare mode.
2026-10-05 22:20:19.877 Thread 'MainThread': missing ScriptRunContext! This warning can be ignored when running in bare mode.
2026-10-05 22:20:19.877 Thread 'MainThread': missing ScriptRunContext! This warning can be ignored when running in bare mode.
2026-10-05 22:20:19.877 Thread 'MainThread': missing ScriptRunContext! This warning can be ignored when running in bare mode.
2026-10-05 22:20:19.912 Thread 'MainThread': missing ScriptRunContext! This warning can be ignored when running in bare mode.
2026-10-05 22:20:19.912 Thread 'MainThread': missing ScriptRunContext! This warning can be ignored when running in bare mode.
2026-10-05 22:20:19.912 Thread 'MainThread': missing ScriptRunContext! This warning can be ignored when running in bare mode.
2026-10-05 22:20:19.912 Thread 'MainThread': missing ScriptRunContext! This warning can be ignored when running in bare mode.
................2026-10-05 22:20:23.450 Thread 'MainThread': missing ScriptRunContext! This warning can be ignored when running in bare mode.
2026-10-05 22:20:23.450 Thread 'MainThread': missing ScriptRunContext! This warning can be ignored when running in bare mode.
2026-10-05 22:20:23.450 Thread 'MainThread': missing ScriptRunContext! This warning can be ignored when running in bare mode.
2026-10-05 22:20:23.451 Thread 'MainThread': missing ScriptRunContext! This warning can be ignored when running in bare mode.
2026-10-05 22:20:23.451 Thread 'MainThread': missing ScriptRunContext! This warning can be ignored when running in bare mode.
2026-10-05 22:20:23.451 Thread 'MainThread': missing ScriptRunContext! This warning can be ignored when running in bare mode.
2026-10-05 22:20:23.451 Thread 'MainThread': missing ScriptRunContext! This warning can be ignored when running in bare mode.
2026-10-05 22:20:24.389 Please replace `use_container_width` with `width`.

`use_container_width` will be removed after 2025-12-31.

For `use_container_width=True`, use `width='stretch'`. For `use_container_width=False`, use `width='content'`.
2026-10-05 22:20:24.393 Please replace `use_container_width` with `width`.

`use_container_width` will be removed after 2025-12-31.

For `use_container_width=True`, use `width='stretch'`. For `use_container_width=False`, use `width='content'`.
2026-10-05 22:20:24.413 Please replace `use_container_width` with `width`.

`use_container_width` will be removed after 2025-12-31.

For `use_container_width=True`, use `width='stretch'`. For `use_container_width=False`, use `width='content'`.
2026-10-05 22:20:24.625 Please replace `use_container_width` with `width`.

`use_container_width` will be removed after 2025-12-31.

For `use_container_width=True`, use `width='stretch'`. For `use_container_width=False`, use `width='content'`.
2026-10-05 22:20:24.629 Please replace `use_container_width` with `width`.

`use_container_width` will be removed after 2025-12-31.

For `use_container_width=True`, use `width='stretch'`. For `use_container_width=False`, use `width='content'`.
2026-10-05 22:20:24.647 Please replace `use_container_width` with `width`.

`use_container_width` will be removed after 2025-12-31.

For `use_container_width=True`, use `width='stretch'`. For `use_container_width=False`, use `width='content'`.
2026-10-05 22:20:24.856 Please replace `use_container_width` with `width`.

`use_container_width` will be removed after 2025-12-31.

For `use_container_width=True`, use `width='stretch'`. For `use_container_width=False`, use `width='content'`.
2026-10-05 22:20:24.859 Please replace `use_container_width` with `width`.

`use_container_width` will be removed after 2025-12-31.

For `use_container_width=True`, use `width='stretch'`. For `use_container_width=False`, use `width='content'`.
2026-10-05 22:20:24.875 Please replace `use_container_width` with `width`.

`use_container_width` will be removed after 2025-12-31.

For `use_container_width=True`, use `width='stretch'`. For `use_container_width=False`, use `width='content'`.
2026-10-05 22:20:25.080 Please replace `use_container_width` with `width`.

`use_container_width` will be removed after 2025-12-31.

For `use_container_width=True`, use `width='stretch'`. For `use_container_width=False`, use `width='content'`.
2026-10-05 22:20:25.333 Please replace `use_container_width` with `width`.

`use_container_width` will be removed after 2025-12-31.

For `use_container_width=True`, use `width='stretch'`. For `use_container_width=False`, use `width='content'`.
2026-10-05 22:20:25.577 Please replace `use_container_width` with `width`.

`use_container_width` will be removed after 2025-12-31.

For `use_container_width=True`, use `width='stretch'`. For `use_container_width=False`, use `width='content'`.
2026-10-05 22:20:25.580 Please replace `use_container_width` with `width`.

`use_container_width` will be removed after 2025-12-31.

For `use_container_width=True`, use `width='stretch'`. For `use_container_width=False`, use `width='content'`.
2026-10-05 22:20:25.600 Please replace `use_container_width` with `width`.

`use_container_width` will be removed after 2025-12-31.

For `use_container_width=True`, use `width='stretch'`. For `use_container_width=False`, use `width='content'`.
2026-10-05 22:20:25.863 Please replace `use_container_width` with `width`.

`use_container_width` will be removed after 2025-12-31.

For `use_container_width=True`, use `width='stretch'`. For `use_container_width=False`, use `width='content'`.
2026-10-05 22:20:25.867 Please replace `use_container_width` with `width`.

`use_container_width` will be removed after 2025-12-31.

For `use_container_width=True`, use `width='stretch'`. For `use_container_width=False`, use `width='content'`.
2026-10-05 22:20:25.892 Please replace `use_container_width` with `width`.

`use_container_width` will be removed after 2025-12-31.

For `use_container_width=True`, use `width='stretch'`. For `use_container_width=False`, use `width='content'`.
2026-10-05 22:20:26.135 Please replace `use_container_width` with `width`.

`use_container_width` will be removed after 2025-12-31.

For `use_container_width=True`, use `width='stretch'`. For `use_container_width=False`, use `width='content'`.
2026-10-05 22:20:26.138 Please replace `use_container_width` with `width`.

`use_container_width` will be removed after 2025-12-31.

For `use_container_width=True`, use `width='stretch'`. For `use_container_width=False`, use `width='content'`.
2026-10-05 22:20:26.173 Please replace `use_container_width` with `width`.

`use_container_width` will be removed after 2025-12-31.

For `use_container_width=True`, use `width='stretch'`. For `use_container_width=False`, use `width='content'`.
2026-10-05 22:20:26.430 Please replace `use_container_width` with `width`.

`use_container_width` will be removed after 2025-12-31.

For `use_container_width=True`, use `width='stretch'`. For `use_container_width=False`, use `width='content'`.
2026-10-05 22:20:26.434 Please replace `use_container_width` with `width`.

`use_container_width` will be removed after 2025-12-31.

For `use_container_width=True`, use `width='stretch'`. For `use_container_width=False`, use `width='content'`.
2026-10-05 22:20:26.456 Please replace `use_container_width` with `width`.

`use_container_width` will be removed after 2025-12-31.

For `use_container_width=True`, use `width='stretch'`. For `use_container_width=False`, use `width='content'`.
.2026-10-05 22:20:26.467 Thread 'MainThread': missing ScriptRunContext! This warning can be ignored when running in bare mode.
2026-10-05 22:20:26.467 Thread 'MainThread': missing ScriptRunContext! This warning can be ignored when running in bare mode.
2026-10-05 22:20:26.467 Thread 'MainThread': missing ScriptRunContext! This warning can be ignored when running in bare mode.
2026-10-05 22:20:26.467 Thread 'MainThread': missing ScriptRunContext! This warning can be ignored when running in bare mode.
2026-10-05 22:20:26.467 Thread 'MainThread': missing ScriptRunContext! This warning can be ignored when running in bare mode.
2026-10-05 22:20:26.467 Thread 'MainThread': missing ScriptRunContext! This warning can be ignored when running in bare mode.
2026-10-05 22:20:26.467 Thread 'MainThread': missing ScriptRunContext! This warning can be ignored when running in bare mode.
Learning Scene validator rejected domain=probability_sets reason=Unsupported Learning Scene version or domain.
.2026-10-05 22:20:27.580 Thread 'MainThread': missing ScriptRunContext! This warning can be ignored when running in bare mode.
2026-10-05 22:20:27.580 Thread 'MainThread': missing ScriptRunContext! This warning can be ignored when running in bare mode.
2026-10-05 22:20:27.580 Thread 'MainThread': missing ScriptRunContext! This warning can be ignored when running in bare mode.
2026-10-05 22:20:27.580 Thread 'MainThread': missing ScriptRunContext! This warning can be ignored when running in bare mode.
2026-10-05 22:20:27.580 Thread 'MainThread': missing ScriptRunContext! This warning can be ignored when running in bare mode.
2026-10-05 22:20:27.580 Thread 'MainThread': missing ScriptRunContext! This warning can be ignored when running in bare mode.
2026-10-05 22:20:28.705 Please replace `use_container_width` with `width`.

`use_container_width` will be removed after 2025-12-31.

For `use_container_width=True`, use `width='stretch'`. For `use_container_width=False`, use `width='content'`.
2026-10-05 22:20:28.708 Please replace `use_container_width` with `width`.

`use_container_width` will be removed after 2025-12-31.

For `use_container_width=True`, use `width='stretch'`. For `use_container_width=False`, use `width='content'`.
2026-10-05 22:20:28.724 Please replace `use_container_width` with `width`.

`use_container_width` will be removed after 2025-12-31.

For `use_container_width=True`, use `width='stretch'`. For `use_container_width=False`, use `width='content'`.
2026-10-05 22:20:28.929 Please replace `use_container_width` with `width`.

`use_container_width` will be removed after 2025-12-31.

For `use_container_width=True`, use `width='stretch'`. For `use_container_width=False`, use `width='content'`.
2026-10-05 22:20:28.933 Please replace `use_container_width` with `width`.

`use_container_width` will be removed after 2025-12-31.

For `use_container_width=True`, use `width='stretch'`. For `use_container_width=False`, use `width='content'`.
2026-10-05 22:20:28.949 Please replace `use_container_width` with `width`.

`use_container_width` will be removed after 2025-12-31.

For `use_container_width=True`, use `width='stretch'`. For `use_container_width=False`, use `width='content'`.
.............2026-10-05 22:20:29.072 Thread 'MainThread': missing ScriptRunContext! This warning can be ignored when running in bare mode.
2026-10-05 22:20:29.072 Session state does not function when running a script without `streamlit run`
....2026-10-05 22:20:29.375 Thread 'MainThread': missing ScriptRunContext! This warning can be ignored when running in bare mode.
2026-10-05 22:20:29.377 Thread 'MainThread': missing ScriptRunContext! This warning can be ignored when running in bare mode.
2026-10-05 22:20:29.377 Thread 'MainThread': missing ScriptRunContext! This warning can be ignored when running in bare mode.
2026-10-05 22:20:29.378 Thread 'MainThread': missing ScriptRunContext! This warning can be ignored when running in bare mode.
2026-10-05 22:20:29.378 Thread 'MainThread': missing ScriptRunContext! This warning can be ignored when running in bare mode.
2026-10-05 22:20:29.378 Thread 'MainThread': missing ScriptRunContext! This warning can be ignored when running in bare mode.
2026-10-05 22:20:29.378 Thread 'MainThread': missing ScriptRunContext! This warning can be ignored when running in bare mode.
2026-10-05 22:20:29.378 Thread 'MainThread': missing ScriptRunContext! This warning can be ignored when running in bare mode.
2026-10-05 22:20:29.378 Thread 'MainThread': missing ScriptRunContext! This warning can be ignored when running in bare mode.
2026-10-05 22:20:29.378 Thread 'MainThread': missing ScriptRunContext! This warning can be ignored when running in bare mode.
2026-10-05 22:20:29.378 Thread 'MainThread': missing ScriptRunContext! This warning can be ignored when running in bare mode.
2026-10-05 22:20:29.378 Thread 'MainThread': missing ScriptRunContext! This warning can be ignored when running in bare mode.
2026-10-05 22:20:29.378 Thread 'MainThread': missing ScriptRunContext! This warning can be ignored when running in bare mode.
2026-10-05 22:20:29.378 Thread 'MainThread': missing ScriptRunContext! This warning can be ignored when running in bare mode.
2026-10-05 22:20:29.378 Thread 'MainThread': missing ScriptRunContext! This warning can be ignored when running in bare mode.
2026-10-05 22:20:29.378 Thread 'MainThread': missing ScriptRunContext! This warning can be ignored when running in bare mode.
2026-10-05 22:20:29.378 Thread 'MainThread': missing ScriptRunContext! This warning can be ignored when running in bare mode.
2026-10-05 22:20:29.378 Thread 'MainThread': missing ScriptRunContext! This warning can be ignored when running in bare mode.
2026-10-05 22:20:29.378 Thread 'MainThread': missing ScriptRunContext! This warning can be ignored when running in bare mode.
2026-10-05 22:20:29.378 Thread 'MainThread': missing ScriptRunContext! This warning can be ignored when running in bare mode.
2026-10-05 22:20:29.378 Thread 'MainThread': missing ScriptRunContext! This warning can be ignored when running in bare mode.
2026-10-05 22:20:29.378 Thread 'MainThread': missing ScriptRunContext! This warning can be ignored when running in bare mode.
2026-10-05 22:20:29.379 Thread 'MainThread': missing ScriptRunContext! This warning can be ignored when running in bare mode.
2026-10-05 22:20:29.379 Thread 'MainThread': missing ScriptRunContext! This warning can be ignored when running in bare mode.
2026-10-05 22:20:29.379 Thread 'MainThread': missing ScriptRunContext! This warning can be ignored when running in bare mode.
2026-10-05 22:20:29.379 Thread 'MainThread': missing ScriptRunContext! This warning can be ignored when running in bare mode.
2026-10-05 22:20:29.379 Thread 'MainThread': missing ScriptRunContext! This warning can be ignored when running in bare mode.
2026-10-05 22:20:29.379 Thread 'MainThread': missing ScriptRunContext! This warning can be ignored when running in bare mode.
2026-10-05 22:20:29.379 Thread 'MainThread': missing ScriptRunContext! This warning can be ignored when running in bare mode.
2026-10-05 22:20:29.379 Thread 'MainThread': missing ScriptRunContext! This warning can be ignored when running in bare mode.
2026-10-05 22:20:29.379 Thread 'MainThread': missing ScriptRunContext! This warning can be ignored when running in bare mode.
2026-10-05 22:20:29.379 Thread 'MainThread': missing ScriptRunContext! This warning can be ignored when running in bare mode.
2026-10-05 22:20:29.379 Thread 'MainThread': missing ScriptRunContext! This warning can be ignored when running in bare mode.
2026-10-05 22:20:29.379 Thread 'MainThread': missing ScriptRunContext! This warning can be ignored when running in bare mode.
2026-10-05 22:20:29.379 Thread 'MainThread': missing ScriptRunContext! This warning can be ignored when running in bare mode.
2026-10-05 22:20:29.379 Thread 'MainThread': missing ScriptRunContext! This warning can be ignored when running in bare mode.
2026-10-05 22:20:29.379 Thread 'MainThread': missing ScriptRunContext! This warning can be ignored when running in bare mode.
2026-10-05 22:20:29.379 Thread 'MainThread': missing ScriptRunContext! This warning can be ignored when running in bare mode.
2026-10-05 22:20:29.379 Thread 'MainThread': missing ScriptRunContext! This warning can be ignored when running in bare mode.
2026-10-05 22:20:29.379 Thread 'MainThread': missing ScriptRunContext! This warning can be ignored when running in bare mode.
2026-10-05 22:20:29.379 Thread 'MainThread': missing ScriptRunContext! This warning can be ignored when running in bare mode.
2026-10-05 22:20:29.379 Thread 'MainThread': missing ScriptRunContext! This warning can be ignored when running in bare mode.
2026-10-05 22:20:29.380 Thread 'MainThread': missing ScriptRunContext! This warning can be ignored when running in bare mode.
2026-10-05 22:20:29.380 Thread 'MainThread': missing ScriptRunContext! This warning can be ignored when running in bare mode.
2026-10-05 22:20:29.460 Thread 'MainThread': missing ScriptRunContext! This warning can be ignored when running in bare mode.
2026-10-05 22:20:29.464 Thread 'MainThread': missing ScriptRunContext! This warning can be ignored when running in bare mode.
2026-10-05 22:20:29.464 Thread 'MainThread': missing ScriptRunContext! This warning can be ignored when running in bare mode.
2026-10-05 22:20:29.464 Thread 'MainThread': missing ScriptRunContext! This warning can be ignored when running in bare mode.
2026-10-05 22:20:29.464 Thread 'MainThread': missing ScriptRunContext! This warning can be ignored when running in bare mode.
2026-10-05 22:20:29.464 Thread 'MainThread': missing ScriptRunContext! This warning can be ignored when running in bare mode.
2026-10-05 22:20:29.464 Thread 'MainThread': missing ScriptRunContext! This warning can be ignored when running in bare mode.
2026-10-05 22:20:29.464 Thread 'MainThread': missing ScriptRunContext! This warning can be ignored when running in bare mode.
2026-10-05 22:20:29.464 Thread 'MainThread': missing ScriptRunContext! This warning can be ignored when running in bare mode.
2026-10-05 22:20:29.464 Thread 'MainThread': missing ScriptRunContext! This warning can be ignored when running in bare mode.
2026-10-05 22:20:29.464 Thread 'MainThread': missing ScriptRunContext! This warning can be ignored when running in bare mode.
2026-10-05 22:20:29.464 Thread 'MainThread': missing ScriptRunContext! This warning can be ignored when running in bare mode.
2026-10-05 22:20:29.464 Thread 'MainThread': missing ScriptRunContext! This warning can be ignored when running in bare mode.
2026-10-05 22:20:29.464 Thread 'MainThread': missing ScriptRunContext! This warning can be ignored when running in bare mode.
2026-10-05 22:20:29.464 Thread 'MainThread': missing ScriptRunContext! This warning can be ignored when running in bare mode.
2026-10-05 22:20:29.464 Thread 'MainThread': missing ScriptRunContext! This warning can be ignored when running in bare mode.
2026-10-05 22:20:29.464 Thread 'MainThread': missing ScriptRunContext! This warning can be ignored when running in bare mode.
2026-10-05 22:20:29.464 Thread 'MainThread': missing ScriptRunContext! This warning can be ignored when running in bare mode.
2026-10-05 22:20:29.464 Thread 'MainThread': missing ScriptRunContext! This warning can be ignored when running in bare mode.
2026-10-05 22:20:29.464 Thread 'MainThread': missing ScriptRunContext! This warning can be ignored when running in bare mode.
2026-10-05 22:20:29.465 Thread 'MainThread': missing ScriptRunContext! This warning can be ignored when running in bare mode.
2026-10-05 22:20:29.465 Thread 'MainThread': missing ScriptRunContext! This warning can be ignored when running in bare mode.
2026-10-05 22:20:29.465 Thread 'MainThread': missing ScriptRunContext! This warning can be ignored when running in bare mode.
2026-10-05 22:20:29.465 Thread 'MainThread': missing ScriptRunContext! This warning can be ignored when running in bare mode.
2026-10-05 22:20:29.465 Thread 'MainThread': missing ScriptRunContext! This warning can be ignored when running in bare mode.
2026-10-05 22:20:29.465 Thread 'MainThread': missing ScriptRunContext! This warning can be ignored when running in bare mode.
2026-10-05 22:20:29.465 Thread 'MainThread': missing ScriptRunContext! This warning can be ignored when running in bare mode.
2026-10-05 22:20:29.465 Thread 'MainThread': missing ScriptRunContext! This warning can be ignored when running in bare mode.
2026-10-05 22:20:29.465 Thread 'MainThread': missing ScriptRunContext! This warning can be ignored when running in bare mode.
2026-10-05 22:20:29.465 Thread 'MainThread': missing ScriptRunContext! This warning can be ignored when running in bare mode.
2026-10-05 22:20:29.465 Thread 'MainThread': missing ScriptRunContext! This warning can be ignored when running in bare mode.
2026-10-05 22:20:29.465 Thread 'MainThread': missing ScriptRunContext! This warning can be ignored when running in bare mode.
2026-10-05 22:20:29.465 Thread 'MainThread': missing ScriptRunContext! This warning can be ignored when running in bare mode.
2026-10-05 22:20:29.465 Thread 'MainThread': missing ScriptRunContext! This warning can be ignored when running in bare mode.
2026-10-05 22:20:29.465 Thread 'MainThread': missing ScriptRunContext! This warning can be ignored when running in bare mode.
2026-10-05 22:20:29.465 Thread 'MainThread': missing ScriptRunContext! This warning can be ignored when running in bare mode.
2026-10-05 22:20:29.465 Thread 'MainThread': missing ScriptRunContext! This warning can be ignored when running in bare mode.
2026-10-05 22:20:29.465 Thread 'MainThread': missing ScriptRunContext! This warning can be ignored when running in bare mode.
2026-10-05 22:20:29.466 Thread 'MainThread': missing ScriptRunContext! This warning can be ignored when running in bare mode.
2026-10-05 22:20:29.466 Thread 'MainThread': missing ScriptRunContext! This warning can be ignored when running in bare mode.
2026-10-05 22:20:29.466 Thread 'MainThread': missing ScriptRunContext! This warning can be ignored when running in bare mode.
2026-10-05 22:20:29.466 Thread 'MainThread': missing ScriptRunContext! This warning can be ignored when running in bare mode.
2026-10-05 22:20:29.466 Thread 'MainThread': missing ScriptRunContext! This warning can be ignored when running in bare mode.
2026-10-05 22:20:29.466 Thread 'MainThread': missing ScriptRunContext! This warning can be ignored when running in bare mode.
2026-10-05 22:20:29.472 Thread 'MainThread': missing ScriptRunContext! This warning can be ignored when running in bare mode.
2026-10-05 22:20:29.478 Thread 'MainThread': missing ScriptRunContext! This warning can be ignored when running in bare mode.
2026-10-05 22:20:29.537 Thread 'MainThread': missing ScriptRunContext! This warning can be ignored when running in bare mode.
2026-10-05 22:20:29.538 Thread 'MainThread': missing ScriptRunContext! This warning can be ignored when running in bare mode.
2026-10-05 22:20:29.538 Thread 'MainThread': missing ScriptRunContext! This warning can be ignored when running in bare mode.
2026-10-05 22:20:29.538 Thread 'MainThread': missing ScriptRunContext! This warning can be ignored when running in bare mode.
2026-10-05 22:20:29.538 Thread 'MainThread': missing ScriptRunContext! This warning can be ignored when running in bare mode.
2026-10-05 22:20:29.538 Thread 'MainThread': missing ScriptRunContext! This warning can be ignored when running in bare mode.
2026-10-05 22:20:29.538 Thread 'MainThread': missing ScriptRunContext! This warning can be ignored when running in bare mode.
2026-10-05 22:20:29.538 Thread 'MainThread': missing ScriptRunContext! This warning can be ignored when running in bare mode.
2026-10-05 22:20:29.538 Thread 'MainThread': missing ScriptRunContext! This warning can be ignored when running in bare mode.
2026-10-05 22:20:29.538 Thread 'MainThread': missing ScriptRunContext! This warning can be ignored when running in bare mode.
2026-10-05 22:20:29.538 Thread 'MainThread': missing ScriptRunContext! This warning can be ignored when running in bare mode.
2026-10-05 22:20:29.538 Thread 'MainThread': missing ScriptRunContext! This warning can be ignored when running in bare mode.
2026-10-05 22:20:29.538 Thread 'MainThread': missing ScriptRunContext! This warning can be ignored when running in bare mode.
2026-10-05 22:20:29.538 Thread 'MainThread': missing ScriptRunContext! This warning can be ignored when running in bare mode.
2026-10-05 22:20:29.538 Thread 'MainThread': missing ScriptRunContext! This warning can be ignored when running in bare mode.
2026-10-05 22:20:29.538 Thread 'MainThread': missing ScriptRunContext! This warning can be ignored when running in bare mode.
2026-10-05 22:20:29.538 Thread 'MainThread': missing ScriptRunContext! This warning can be ignored when running in bare mode.
2026-10-05 22:20:29.539 Thread 'MainThread': missing ScriptRunContext! This warning can be ignored when running in bare mode.
2026-10-05 22:20:29.539 Thread 'MainThread': missing ScriptRunContext! This warning can be ignored when running in bare mode.
2026-10-05 22:20:29.539 Thread 'MainThread': missing ScriptRunContext! This warning can be ignored when running in bare mode.
2026-10-05 22:20:29.539 Thread 'MainThread': missing ScriptRunContext! This warning can be ignored when running in bare mode.
2026-10-05 22:20:29.539 Thread 'MainThread': missing ScriptRunContext! This warning can be ignored when running in bare mode.
2026-10-05 22:20:29.539 Thread 'MainThread': missing ScriptRunContext! This warning can be ignored when running in bare mode.
2026-10-05 22:20:29.539 Thread 'MainThread': missing ScriptRunContext! This warning can be ignored when running in bare mode.
2026-10-05 22:20:29.539 Thread 'MainThread': missing ScriptRunContext! This warning can be ignored when running in bare mode.
2026-10-05 22:20:29.539 Thread 'MainThread': missing ScriptRunContext! This warning can be ignored when running in bare mode.
2026-10-05 22:20:29.539 Thread 'MainThread': missing ScriptRunContext! This warning can be ignored when running in bare mode.
2026-10-05 22:20:29.539 Thread 'MainThread': missing ScriptRunContext! This warning can be ignored when running in bare mode.
2026-10-05 22:20:29.539 Thread 'MainThread': missing ScriptRunContext! This warning can be ignored when running in bare mode.
2026-10-05 22:20:29.539 Thread 'MainThread': missing ScriptRunContext! This warning can be ignored when running in bare mode.
2026-10-05 22:20:29.539 Thread 'MainThread': missing ScriptRunContext! This warning can be ignored when running in bare mode.
2026-10-05 22:20:29.539 Thread 'MainThread': missing ScriptRunContext! This warning can be ignored when running in bare mode.
2026-10-05 22:20:29.539 Thread 'MainThread': missing ScriptRunContext! This warning can be ignored when running in bare mode.
2026-10-05 22:20:29.539 Thread 'MainThread': missing ScriptRunContext! This warning can be ignored when running in bare mode.
2026-10-05 22:20:29.539 Thread 'MainThread': missing ScriptRunContext! This warning can be ignored when running in bare mode.
2026-10-05 22:20:29.539 Thread 'MainThread': missing ScriptRunContext! This warning can be ignored when running in bare mode.
2026-10-05 22:20:29.540 Thread 'MainThread': missing ScriptRunContext! This warning can be ignored when running in bare mode.
2026-10-05 22:20:29.540 Thread 'MainThread': missing ScriptRunContext! This warning can be ignored when running in bare mode.
2026-10-05 22:20:29.540 Thread 'MainThread': missing ScriptRunContext! This warning can be ignored when running in bare mode.
2026-10-05 22:20:29.540 Thread 'MainThread': missing ScriptRunContext! This warning can be ignored when running in bare mode.
2026-10-05 22:20:29.540 Thread 'MainThread': missing ScriptRunContext! This warning can be ignored when running in bare mode.
2026-10-05 22:20:29.540 Thread 'MainThread': missing ScriptRunContext! This warning can be ignored when running in bare mode.
2026-10-05 22:20:29.540 Thread 'MainThread': missing ScriptRunContext! This warning can be ignored when running in bare mode.
2026-10-05 22:20:29.540 Thread 'MainThread': missing ScriptRunContext! This warning can be ignored when running in bare mode.
2026-10-05 22:20:29.563 Thread 'MainThread': missing ScriptRunContext! This warning can be ignored when running in bare mode.
2026-10-05 22:20:29.564 Thread 'MainThread': missing ScriptRunContext! This warning can be ignored when running in bare mode.
2026-10-05 22:20:29.564 Thread 'MainThread': missing ScriptRunContext! This warning can be ignored when running in bare mode.
2026-10-05 22:20:29.564 Thread 'MainThread': missing ScriptRunContext! This warning can be ignored when running in bare mode.
2026-10-05 22:20:29.564 Thread 'MainThread': missing ScriptRunContext! This warning can be ignored when running in bare mode.
2026-10-05 22:20:29.564 Thread 'MainThread': missing ScriptRunContext! This warning can be ignored when running in bare mode.
2026-10-05 22:20:29.564 Thread 'MainThread': missing ScriptRunContext! This warning can be ignored when running in bare mode.
2026-10-05 22:20:29.564 Thread 'MainThread': missing ScriptRunContext! This warning can be ignored when running in bare mode.
2026-10-05 22:20:29.564 Thread 'MainThread': missing ScriptRunContext! This warning can be ignored when running in bare mode.
2026-10-05 22:20:29.564 Thread 'MainThread': missing ScriptRunContext! This warning can be ignored when running in bare mode.
2026-10-05 22:20:29.564 Thread 'MainThread': missing ScriptRunContext! This warning can be ignored when running in bare mode.
2026-10-05 22:20:29.564 Thread 'MainThread': missing ScriptRunContext! This warning can be ignored when running in bare mode.
2026-10-05 22:20:29.564 Thread 'MainThread': missing ScriptRunContext! This warning can be ignored when running in bare mode.
2026-10-05 22:20:29.564 Thread 'MainThread': missing ScriptRunContext! This warning can be ignored when running in bare mode.
2026-10-05 22:20:29.565 Thread 'MainThread': missing ScriptRunContext! This warning can be ignored when running in bare mode.
2026-10-05 22:20:29.565 Thread 'MainThread': missing ScriptRunContext! This warning can be ignored when running in bare mode.
2026-10-05 22:20:29.565 Thread 'MainThread': missing ScriptRunContext! This warning can be ignored when running in bare mode.
2026-10-05 22:20:29.565 Thread 'MainThread': missing ScriptRunContext! This warning can be ignored when running in bare mode.
2026-10-05 22:20:29.565 Thread 'MainThread': missing ScriptRunContext! This warning can be ignored when running in bare mode.
2026-10-05 22:20:29.565 Thread 'MainThread': missing ScriptRunContext! This warning can be ignored when running in bare mode.
2026-10-05 22:20:29.565 Thread 'MainThread': missing ScriptRunContext! This warning can be ignored when running in bare mode.
2026-10-05 22:20:29.565 Thread 'MainThread': missing ScriptRunContext! This warning can be ignored when running in bare mode.
2026-10-05 22:20:29.565 Thread 'MainThread': missing ScriptRunContext! This warning can be ignored when running in bare mode.
2026-10-05 22:20:29.565 Thread 'MainThread': missing ScriptRunContext! This warning can be ignored when running in bare mode.
2026-10-05 22:20:29.566 Thread 'MainThread': missing ScriptRunContext! This warning can be ignored when running in bare mode.
2026-10-05 22:20:29.566 Thread 'MainThread': missing ScriptRunContext! This warning can be ignored when running in bare mode.
2026-10-05 22:20:29.566 Thread 'MainThread': missing ScriptRunContext! This warning can be ignored when running in bare mode.
2026-10-05 22:20:29.566 Thread 'MainThread': missing ScriptRunContext! This warning can be ignored when running in bare mode.
2026-10-05 22:20:29.566 Thread 'MainThread': missing ScriptRunContext! This warning can be ignored when running in bare mode.
2026-10-05 22:20:29.566 Thread 'MainThread': missing ScriptRunContext! This warning can be ignored when running in bare mode.
2026-10-05 22:20:29.566 Thread 'MainThread': missing ScriptRunContext! This warning can be ignored when running in bare mode.
2026-10-05 22:20:29.566 Thread 'MainThread': missing ScriptRunContext! This warning can be ignored when running in bare mode.
2026-10-05 22:20:29.566 Thread 'MainThread': missing ScriptRunContext! This warning can be ignored when running in bare mode.
2026-10-05 22:20:29.566 Thread 'MainThread': missing ScriptRunContext! This warning can be ignored when running in bare mode.
2026-10-05 22:20:29.566 Thread 'MainThread': missing ScriptRunContext! This warning can be ignored when running in bare mode.
2026-10-05 22:20:29.566 Thread 'MainThread': missing ScriptRunContext! This warning can be ignored when running in bare mode.
2026-10-05 22:20:29.567 Thread 'MainThread': missing ScriptRunContext! This warning can be ignored when running in bare mode.
2026-10-05 22:20:29.567 Thread 'MainThread': missing ScriptRunContext! This warning can be ignored when running in bare mode.
2026-10-05 22:20:29.567 Thread 'MainThread': missing ScriptRunContext! This warning can be ignored when running in bare mode.
2026-10-05 22:20:29.567 Thread 'MainThread': missing ScriptRunContext! This warning can be ignored when running in bare mode.
2026-10-05 22:20:29.567 Thread 'MainThread': missing ScriptRunContext! This warning can be ignored when running in bare mode.
2026-10-05 22:20:29.567 Thread 'MainThread': missing ScriptRunContext! This warning can be ignored when running in bare mode.
2026-10-05 22:20:29.567 Thread 'MainThread': missing ScriptRunContext! This warning can be ignored when running in bare mode.
2026-10-05 22:20:29.567 Thread 'MainThread': missing ScriptRunContext! This warning can be ignored when running in bare mode.
2026-10-05 22:20:29.570 Thread 'MainThread': missing ScriptRunContext! This warning can be ignored when running in bare mode.
2026-10-05 22:20:29.573 Thread 'MainThread': missing ScriptRunContext! This warning can be ignored when running in bare mode.
2026-10-05 22:20:29.597 Thread 'MainThread': missing ScriptRunContext! This warning can be ignored when running in bare mode.
2026-10-05 22:20:29.598 Thread 'MainThread': missing ScriptRunContext! This warning can be ignored when running in bare mode.
2026-10-05 22:20:29.598 Thread 'MainThread': missing ScriptRunContext! This warning can be ignored when running in bare mode.
2026-10-05 22:20:29.598 Thread 'MainThread': missing ScriptRunContext! This warning can be ignored when running in bare mode.
2026-10-05 22:20:29.598 Thread 'MainThread': missing ScriptRunContext! This warning can be ignored when running in bare mode.
2026-10-05 22:20:29.598 Thread 'MainThread': missing ScriptRunContext! This warning can be ignored when running in bare mode.
2026-10-05 22:20:29.598 Thread 'MainThread': missing ScriptRunContext! This warning can be ignored when running in bare mode.
2026-10-05 22:20:29.598 Thread 'MainThread': missing ScriptRunContext! This warning can be ignored when running in bare mode.
2026-10-05 22:20:29.598 Thread 'MainThread': missing ScriptRunContext! This warning can be ignored when running in bare mode.
2026-10-05 22:20:29.598 Thread 'MainThread': missing ScriptRunContext! This warning can be ignored when running in bare mode.
2026-10-05 22:20:29.598 Thread 'MainThread': missing ScriptRunContext! This warning can be ignored when running in bare mode.
2026-10-05 22:20:29.598 Thread 'MainThread': missing ScriptRunContext! This warning can be ignored when running in bare mode.
2026-10-05 22:20:29.598 Thread 'MainThread': missing ScriptRunContext! This warning can be ignored when running in bare mode.
2026-10-05 22:20:29.598 Thread 'MainThread': missing ScriptRunContext! This warning can be ignored when running in bare mode.
2026-10-05 22:20:29.598 Thread 'MainThread': missing ScriptRunContext! This warning can be ignored when running in bare mode.
2026-10-05 22:20:29.598 Thread 'MainThread': missing ScriptRunContext! This warning can be ignored when running in bare mode.
2026-10-05 22:20:29.599 Thread 'MainThread': missing ScriptRunContext! This warning can be ignored when running in bare mode.
2026-10-05 22:20:29.599 Thread 'MainThread': missing ScriptRunContext! This warning can be ignored when running in bare mode.
2026-10-05 22:20:29.599 Thread 'MainThread': missing ScriptRunContext! This warning can be ignored when running in bare mode.
2026-10-05 22:20:29.599 Thread 'MainThread': missing ScriptRunContext! This warning can be ignored when running in bare mode.
2026-10-05 22:20:29.599 Thread 'MainThread': missing ScriptRunContext! This warning can be ignored when running in bare mode.
2026-10-05 22:20:29.599 Thread 'MainThread': missing ScriptRunContext! This warning can be ignored when running in bare mode.
2026-10-05 22:20:29.599 Thread 'MainThread': missing ScriptRunContext! This warning can be ignored when running in bare mode.
2026-10-05 22:20:29.599 Thread 'MainThread': missing ScriptRunContext! This warning can be ignored when running in bare mode.
2026-10-05 22:20:29.599 Thread 'MainThread': missing ScriptRunContext! This warning can be ignored when running in bare mode.
2026-10-05 22:20:29.599 Thread 'MainThread': missing ScriptRunContext! This warning can be ignored when running in bare mode.
2026-10-05 22:20:29.599 Thread 'MainThread': missing ScriptRunContext! This warning can be ignored when running in bare mode.
2026-10-05 22:20:29.599 Thread 'MainThread': missing ScriptRunContext! This warning can be ignored when running in bare mode.
2026-10-05 22:20:29.599 Thread 'MainThread': missing ScriptRunContext! This warning can be ignored when running in bare mode.
2026-10-05 22:20:29.599 Thread 'MainThread': missing ScriptRunContext! This warning can be ignored when running in bare mode.
2026-10-05 22:20:29.599 Thread 'MainThread': missing ScriptRunContext! This warning can be ignored when running in bare mode.
2026-10-05 22:20:29.599 Thread 'MainThread': missing ScriptRunContext! This warning can be ignored when running in bare mode.
2026-10-05 22:20:29.599 Thread 'MainThread': missing ScriptRunContext! This warning can be ignored when running in bare mode.
2026-10-05 22:20:29.599 Thread 'MainThread': missing ScriptRunContext! This warning can be ignored when running in bare mode.
2026-10-05 22:20:29.599 Thread 'MainThread': missing ScriptRunContext! This warning can be ignored when running in bare mode.
2026-10-05 22:20:29.599 Thread 'MainThread': missing ScriptRunContext! This warning can be ignored when running in bare mode.
2026-10-05 22:20:29.599 Thread 'MainThread': missing ScriptRunContext! This warning can be ignored when running in bare mode.
2026-10-05 22:20:29.600 Thread 'MainThread': missing ScriptRunContext! This warning can be ignored when running in bare mode.
2026-10-05 22:20:29.600 Thread 'MainThread': missing ScriptRunContext! This warning can be ignored when running in bare mode.
2026-10-05 22:20:29.600 Thread 'MainThread': missing ScriptRunContext! This warning can be ignored when running in bare mode.
2026-10-05 22:20:29.600 Thread 'MainThread': missing ScriptRunContext! This warning can be ignored when running in bare mode.
2026-10-05 22:20:29.600 Thread 'MainThread': missing ScriptRunContext! This warning can be ignored when running in bare mode.
2026-10-05 22:20:29.600 Thread 'MainThread': missing ScriptRunContext! This warning can be ignored when running in bare mode.
2026-10-05 22:20:29.600 Thread 'MainThread': missing ScriptRunContext! This warning can be ignored when running in bare mode.
2026-10-05 22:20:29.609 Thread 'MainThread': missing ScriptRunContext! This warning can be ignored when running in bare mode.
2026-10-05 22:20:29.610 Thread 'MainThread': missing ScriptRunContext! This warning can be ignored when running in bare mode.
2026-10-05 22:20:29.610 Thread 'MainThread': missing ScriptRunContext! This warning can be ignored when running in bare mode.
2026-10-05 22:20:29.610 Thread 'MainThread': missing ScriptRunContext! This warning can be ignored when running in bare mode.
2026-10-05 22:20:29.610 Thread 'MainThread': missing ScriptRunContext! This warning can be ignored when running in bare mode.
2026-10-05 22:20:29.610 Thread 'MainThread': missing ScriptRunContext! This warning can be ignored when running in bare mode.
2026-10-05 22:20:29.610 Thread 'MainThread': missing ScriptRunContext! This warning can be ignored when running in bare mode.
2026-10-05 22:20:29.610 Thread 'MainThread': missing ScriptRunContext! This warning can be ignored when running in bare mode.
2026-10-05 22:20:29.610 Thread 'MainThread': missing ScriptRunContext! This warning can be ignored when running in bare mode.
2026-10-05 22:20:29.610 Thread 'MainThread': missing ScriptRunContext! This warning can be ignored when running in bare mode.
2026-10-05 22:20:29.610 Thread 'MainThread': missing ScriptRunContext! This warning can be ignored when running in bare mode.
2026-10-05 22:20:29.610 Thread 'MainThread': missing ScriptRunContext! This warning can be ignored when running in bare mode.
2026-10-05 22:20:29.610 Thread 'MainThread': missing ScriptRunContext! This warning can be ignored when running in bare mode.
2026-10-05 22:20:29.610 Thread 'MainThread': missing ScriptRunContext! This warning can be ignored when running in bare mode.
2026-10-05 22:20:29.610 Thread 'MainThread': missing ScriptRunContext! This warning can be ignored when running in bare mode.
2026-10-05 22:20:29.611 Thread 'MainThread': missing ScriptRunContext! This warning can be ignored when running in bare mode.
2026-10-05 22:20:29.611 Thread 'MainThread': missing ScriptRunContext! This warning can be ignored when running in bare mode.
2026-10-05 22:20:29.611 Thread 'MainThread': missing ScriptRunContext! This warning can be ignored when running in bare mode.
2026-10-05 22:20:29.611 Thread 'MainThread': missing ScriptRunContext! This warning can be ignored when running in bare mode.
2026-10-05 22:20:29.611 Thread 'MainThread': missing ScriptRunContext! This warning can be ignored when running in bare mode.
2026-10-05 22:20:29.611 Thread 'MainThread': missing ScriptRunContext! This warning can be ignored when running in bare mode.
2026-10-05 22:20:29.611 Thread 'MainThread': missing ScriptRunContext! This warning can be ignored when running in bare mode.
2026-10-05 22:20:29.611 Thread 'MainThread': missing ScriptRunContext! This warning can be ignored when running in bare mode.
2026-10-05 22:20:29.611 Thread 'MainThread': missing ScriptRunContext! This warning can be ignored when running in bare mode.
2026-10-05 22:20:29.611 Thread 'MainThread': missing ScriptRunContext! This warning can be ignored when running in bare mode.
2026-10-05 22:20:29.611 Thread 'MainThread': missing ScriptRunContext! This warning can be ignored when running in bare mode.
2026-10-05 22:20:29.611 Thread 'MainThread': missing ScriptRunContext! This warning can be ignored when running in bare mode.
2026-10-05 22:20:29.611 Thread 'MainThread': missing ScriptRunContext! This warning can be ignored when running in bare mode.
2026-10-05 22:20:29.611 Thread 'MainThread': missing ScriptRunContext! This warning can be ignored when running in bare mode.
2026-10-05 22:20:29.611 Thread 'MainThread': missing ScriptRunContext! This warning can be ignored when running in bare mode.
2026-10-05 22:20:29.611 Thread 'MainThread': missing ScriptRunContext! This warning can be ignored when running in bare mode.
2026-10-05 22:20:29.611 Thread 'MainThread': missing ScriptRunContext! This warning can be ignored when running in bare mode.
2026-10-05 22:20:29.611 Thread 'MainThread': missing ScriptRunContext! This warning can be ignored when running in bare mode.
2026-10-05 22:20:29.611 Thread 'MainThread': missing ScriptRunContext! This warning can be ignored when running in bare mode.
2026-10-05 22:20:29.611 Thread 'MainThread': missing ScriptRunContext! This warning can be ignored when running in bare mode.
2026-10-05 22:20:29.611 Thread 'MainThread': missing ScriptRunContext! This warning can be ignored when running in bare mode.
2026-10-05 22:20:29.611 Thread 'MainThread': missing ScriptRunContext! This warning can be ignored when running in bare mode.
2026-10-05 22:20:29.612 Thread 'MainThread': missing ScriptRunContext! This warning can be ignored when running in bare mode.
2026-10-05 22:20:29.612 Thread 'MainThread': missing ScriptRunContext! This warning can be ignored when running in bare mode.
2026-10-05 22:20:29.612 Thread 'MainThread': missing ScriptRunContext! This warning can be ignored when running in bare mode.
2026-10-05 22:20:29.612 Thread 'MainThread': missing ScriptRunContext! This warning can be ignored when running in bare mode.
2026-10-05 22:20:29.612 Thread 'MainThread': missing ScriptRunContext! This warning can be ignored when running in bare mode.
2026-10-05 22:20:29.612 Thread 'MainThread': missing ScriptRunContext! This warning can be ignored when running in bare mode.
2026-10-05 22:20:29.612 Thread 'MainThread': missing ScriptRunContext! This warning can be ignored when running in bare mode.
2026-10-05 22:20:29.614 Thread 'MainThread': missing ScriptRunContext! This warning can be ignored when running in bare mode.
2026-10-05 22:20:29.615 Thread 'MainThread': missing ScriptRunContext! This warning can be ignored when running in bare mode.
2026-10-05 22:20:29.715 Thread 'MainThread': missing ScriptRunContext! This warning can be ignored when running in bare mode.
2026-10-05 22:20:29.716 Thread 'MainThread': missing ScriptRunContext! This warning can be ignored when running in bare mode.
2026-10-05 22:20:29.716 Thread 'MainThread': missing ScriptRunContext! This warning can be ignored when running in bare mode.
2026-10-05 22:20:29.717 Thread 'MainThread': missing ScriptRunContext! This warning can be ignored when running in bare mode.
2026-10-05 22:20:29.717 Thread 'MainThread': missing ScriptRunContext! This warning can be ignored when running in bare mode.
2026-10-05 22:20:29.717 Thread 'MainThread': missing ScriptRunContext! This warning can be ignored when running in bare mode.
2026-10-05 22:20:29.717 Thread 'MainThread': missing ScriptRunContext! This warning can be ignored when running in bare mode.
2026-10-05 22:20:29.717 Thread 'MainThread': missing ScriptRunContext! This warning can be ignored when running in bare mode.
2026-10-05 22:20:29.717 Thread 'MainThread': missing ScriptRunContext! This warning can be ignored when running in bare mode.
2026-10-05 22:20:29.717 Thread 'MainThread': missing ScriptRunContext! This warning can be ignored when running in bare mode.
2026-10-05 22:20:29.717 Thread 'MainThread': missing ScriptRunContext! This warning can be ignored when running in bare mode.
2026-10-05 22:20:29.717 Thread 'MainThread': missing ScriptRunContext! This warning can be ignored when running in bare mode.
2026-10-05 22:20:29.717 Thread 'MainThread': missing ScriptRunContext! This warning can be ignored when running in bare mode.
2026-10-05 22:20:29.717 Thread 'MainThread': missing ScriptRunContext! This warning can be ignored when running in bare mode.
2026-10-05 22:20:29.717 Thread 'MainThread': missing ScriptRunContext! This warning can be ignored when running in bare mode.
2026-10-05 22:20:29.717 Thread 'MainThread': missing ScriptRunContext! This warning can be ignored when running in bare mode.
2026-10-05 22:20:29.717 Thread 'MainThread': missing ScriptRunContext! This warning can be ignored when running in bare mode.
2026-10-05 22:20:29.717 Thread 'MainThread': missing ScriptRunContext! This warning can be ignored when running in bare mode.
2026-10-05 22:20:29.717 Thread 'MainThread': missing ScriptRunContext! This warning can be ignored when running in bare mode.
2026-10-05 22:20:29.717 Thread 'MainThread': missing ScriptRunContext! This warning can be ignored when running in bare mode.
2026-10-05 22:20:29.717 Thread 'MainThread': missing ScriptRunContext! This warning can be ignored when running in bare mode.
2026-10-05 22:20:29.717 Thread 'MainThread': missing ScriptRunContext! This warning can be ignored when running in bare mode.
2026-10-05 22:20:29.718 Thread 'MainThread': missing ScriptRunContext! This warning can be ignored when running in bare mode.
2026-10-05 22:20:29.718 Thread 'MainThread': missing ScriptRunContext! This warning can be ignored when running in bare mode.
2026-10-05 22:20:29.718 Thread 'MainThread': missing ScriptRunContext! This warning can be ignored when running in bare mode.
2026-10-05 22:20:29.718 Thread 'MainThread': missing ScriptRunContext! This warning can be ignored when running in bare mode.
2026-10-05 22:20:29.718 Thread 'MainThread': missing ScriptRunContext! This warning can be ignored when running in bare mode.
2026-10-05 22:20:29.718 Thread 'MainThread': missing ScriptRunContext! This warning can be ignored when running in bare mode.
2026-10-05 22:20:29.718 Thread 'MainThread': missing ScriptRunContext! This warning can be ignored when running in bare mode.
2026-10-05 22:20:29.718 Thread 'MainThread': missing ScriptRunContext! This warning can be ignored when running in bare mode.
2026-10-05 22:20:29.718 Thread 'MainThread': missing ScriptRunContext! This warning can be ignored when running in bare mode.
2026-10-05 22:20:29.718 Thread 'MainThread': missing ScriptRunContext! This warning can be ignored when running in bare mode.
2026-10-05 22:20:29.718 Thread 'MainThread': missing ScriptRunContext! This warning can be ignored when running in bare mode.
2026-10-05 22:20:29.718 Thread 'MainThread': missing ScriptRunContext! This warning can be ignored when running in bare mode.
2026-10-05 22:20:29.718 Thread 'MainThread': missing ScriptRunContext! This warning can be ignored when running in bare mode.
2026-10-05 22:20:29.718 Thread 'MainThread': missing ScriptRunContext! This warning can be ignored when running in bare mode.
2026-10-05 22:20:29.718 Thread 'MainThread': missing ScriptRunContext! This warning can be ignored when running in bare mode.
2026-10-05 22:20:29.718 Thread 'MainThread': missing ScriptRunContext! This warning can be ignored when running in bare mode.
2026-10-05 22:20:29.718 Thread 'MainThread': missing ScriptRunContext! This warning can be ignored when running in bare mode.
2026-10-05 22:20:29.718 Thread 'MainThread': missing ScriptRunContext! This warning can be ignored when running in bare mode.
2026-10-05 22:20:29.718 Thread 'MainThread': missing ScriptRunContext! This warning can be ignored when running in bare mode.
2026-10-05 22:20:29.718 Thread 'MainThread': missing ScriptRunContext! This warning can be ignored when running in bare mode.
2026-10-05 22:20:29.719 Thread 'MainThread': missing ScriptRunContext! This warning can be ignored when running in bare mode.
2026-10-05 22:20:29.719 Thread 'MainThread': missing ScriptRunContext! This warning can be ignored when running in bare mode.
2026-10-05 22:20:29.745 Thread 'MainThread': missing ScriptRunContext! This warning can be ignored when running in bare mode.
2026-10-05 22:20:29.746 Thread 'MainThread': missing ScriptRunContext! This warning can be ignored when running in bare mode.
2026-10-05 22:20:29.746 Thread 'MainThread': missing ScriptRunContext! This warning can be ignored when running in bare mode.
2026-10-05 22:20:29.746 Thread 'MainThread': missing ScriptRunContext! This warning can be ignored when running in bare mode.
2026-10-05 22:20:29.746 Thread 'MainThread': missing ScriptRunContext! This warning can be ignored when running in bare mode.
2026-10-05 22:20:29.746 Thread 'MainThread': missing ScriptRunContext! This warning can be ignored when running in bare mode.
2026-10-05 22:20:29.746 Thread 'MainThread': missing ScriptRunContext! This warning can be ignored when running in bare mode.
2026-10-05 22:20:29.746 Thread 'MainThread': missing ScriptRunContext! This warning can be ignored when running in bare mode.
2026-10-05 22:20:29.746 Thread 'MainThread': missing ScriptRunContext! This warning can be ignored when running in bare mode.
2026-10-05 22:20:29.746 Thread 'MainThread': missing ScriptRunContext! This warning can be ignored when running in bare mode.
2026-10-05 22:20:29.746 Thread 'MainThread': missing ScriptRunContext! This warning can be ignored when running in bare mode.
2026-10-05 22:20:29.746 Thread 'MainThread': missing ScriptRunContext! This warning can be ignored when running in bare mode.
2026-10-05 22:20:29.746 Thread 'MainThread': missing ScriptRunContext! This warning can be ignored when running in bare mode.
2026-10-05 22:20:29.746 Thread 'MainThread': missing ScriptRunContext! This warning can be ignored when running in bare mode.
2026-10-05 22:20:29.746 Thread 'MainThread': missing ScriptRunContext! This warning can be ignored when running in bare mode.
2026-10-05 22:20:29.746 Thread 'MainThread': missing ScriptRunContext! This warning can be ignored when running in bare mode.
2026-10-05 22:20:29.747 Thread 'MainThread': missing ScriptRunContext! This warning can be ignored when running in bare mode.
2026-10-05 22:20:29.747 Thread 'MainThread': missing ScriptRunContext! This warning can be ignored when running in bare mode.
2026-10-05 22:20:29.747 Thread 'MainThread': missing ScriptRunContext! This warning can be ignored when running in bare mode.
2026-10-05 22:20:29.747 Thread 'MainThread': missing ScriptRunContext! This warning can be ignored when running in bare mode.
2026-10-05 22:20:29.747 Thread 'MainThread': missing ScriptRunContext! This warning can be ignored when running in bare mode.
2026-10-05 22:20:29.747 Thread 'MainThread': missing ScriptRunContext! This warning can be ignored when running in bare mode.
2026-10-05 22:20:29.747 Thread 'MainThread': missing ScriptRunContext! This warning can be ignored when running in bare mode.
2026-10-05 22:20:29.747 Thread 'MainThread': missing ScriptRunContext! This warning can be ignored when running in bare mode.
2026-10-05 22:20:29.747 Thread 'MainThread': missing ScriptRunContext! This warning can be ignored when running in bare mode.
2026-10-05 22:20:29.747 Thread 'MainThread': missing ScriptRunContext! This warning can be ignored when running in bare mode.
2026-10-05 22:20:29.747 Thread 'MainThread': missing ScriptRunContext! This warning can be ignored when running in bare mode.
2026-10-05 22:20:29.747 Thread 'MainThread': missing ScriptRunContext! This warning can be ignored when running in bare mode.
2026-10-05 22:20:29.747 Thread 'MainThread': missing ScriptRunContext! This warning can be ignored when running in bare mode.
2026-10-05 22:20:29.747 Thread 'MainThread': missing ScriptRunContext! This warning can be ignored when running in bare mode.
2026-10-05 22:20:29.747 Thread 'MainThread': missing ScriptRunContext! This warning can be ignored when running in bare mode.
2026-10-05 22:20:29.747 Thread 'MainThread': missing ScriptRunContext! This warning can be ignored when running in bare mode.
2026-10-05 22:20:29.747 Thread 'MainThread': missing ScriptRunContext! This warning can be ignored when running in bare mode.
2026-10-05 22:20:29.747 Thread 'MainThread': missing ScriptRunContext! This warning can be ignored when running in bare mode.
2026-10-05 22:20:29.747 Thread 'MainThread': missing ScriptRunContext! This warning can be ignored when running in bare mode.
2026-10-05 22:20:29.747 Thread 'MainThread': missing ScriptRunContext! This warning can be ignored when running in bare mode.
2026-10-05 22:20:29.747 Thread 'MainThread': missing ScriptRunContext! This warning can be ignored when running in bare mode.
2026-10-05 22:20:29.747 Thread 'MainThread': missing ScriptRunContext! This warning can be ignored when running in bare mode.
2026-10-05 22:20:29.748 Thread 'MainThread': missing ScriptRunContext! This warning can be ignored when running in bare mode.
2026-10-05 22:20:29.748 Thread 'MainThread': missing ScriptRunContext! This warning can be ignored when running in bare mode.
2026-10-05 22:20:29.748 Thread 'MainThread': missing ScriptRunContext! This warning can be ignored when running in bare mode.
2026-10-05 22:20:29.748 Thread 'MainThread': missing ScriptRunContext! This warning can be ignored when running in bare mode.
2026-10-05 22:20:29.748 Thread 'MainThread': missing ScriptRunContext! This warning can be ignored when running in bare mode.
2026-10-05 22:20:29.748 Thread 'MainThread': missing ScriptRunContext! This warning can be ignored when running in bare mode.
2026-10-05 22:20:29.751 Thread 'MainThread': missing ScriptRunContext! This warning can be ignored when running in bare mode.
2026-10-05 22:20:29.754 Thread 'MainThread': missing ScriptRunContext! This warning can be ignored when running in bare mode.
.............2026-10-05 22:20:34.432 Thread 'MainThread': missing ScriptRunContext! This warning can be ignored when running in bare mode.
2026-10-05 22:20:34.435 Thread 'MainThread': missing ScriptRunContext! This warning can be ignored when running in bare mode.
2026-10-05 22:20:34.435 Thread 'MainThread': missing ScriptRunContext! This warning can be ignored when running in bare mode.
2026-10-05 22:20:34.435 Thread 'MainThread': missing ScriptRunContext! This warning can be ignored when running in bare mode.
2026-10-05 22:20:34.435 Thread 'MainThread': missing ScriptRunContext! This warning can be ignored when running in bare mode.
2026-10-05 22:20:34.435 Thread 'MainThread': missing ScriptRunContext! This warning can be ignored when running in bare mode.
2026-10-05 22:20:34.435 Thread 'MainThread': missing ScriptRunContext! This warning can be ignored when running in bare mode.
2026-10-05 22:20:34.435 Thread 'MainThread': missing ScriptRunContext! This warning can be ignored when running in bare mode.
2026-10-05 22:20:34.435 Thread 'MainThread': missing ScriptRunContext! This warning can be ignored when running in bare mode.
2026-10-05 22:20:34.435 Thread 'MainThread': missing ScriptRunContext! This warning can be ignored when running in bare mode.
2026-10-05 22:20:34.435 Thread 'MainThread': missing ScriptRunContext! This warning can be ignored when running in bare mode.
2026-10-05 22:20:34.435 Thread 'MainThread': missing ScriptRunContext! This warning can be ignored when running in bare mode.
2026-10-05 22:20:34.435 Thread 'MainThread': missing ScriptRunContext! This warning can be ignored when running in bare mode.
2026-10-05 22:20:34.435 Thread 'MainThread': missing ScriptRunContext! This warning can be ignored when running in bare mode.
2026-10-05 22:20:34.435 Thread 'MainThread': missing ScriptRunContext! This warning can be ignored when running in bare mode.
2026-10-05 22:20:34.436 Thread 'MainThread': missing ScriptRunContext! This warning can be ignored when running in bare mode.
2026-10-05 22:20:34.436 Thread 'MainThread': missing ScriptRunContext! This warning can be ignored when running in bare mode.
2026-10-05 22:20:34.436 Thread 'MainThread': missing ScriptRunContext! This warning can be ignored when running in bare mode.
2026-10-05 22:20:34.436 Thread 'MainThread': missing ScriptRunContext! This warning can be ignored when running in bare mode.
2026-10-05 22:20:34.436 Thread 'MainThread': missing ScriptRunContext! This warning can be ignored when running in bare mode.
2026-10-05 22:20:34.436 Thread 'MainThread': missing ScriptRunContext! This warning can be ignored when running in bare mode.
2026-10-05 22:20:34.436 Thread 'MainThread': missing ScriptRunContext! This warning can be ignored when running in bare mode.
2026-10-05 22:20:34.436 Thread 'MainThread': missing ScriptRunContext! This warning can be ignored when running in bare mode.
2026-10-05 22:20:34.436 Thread 'MainThread': missing ScriptRunContext! This warning can be ignored when running in bare mode.
2026-10-05 22:20:34.436 Thread 'MainThread': missing ScriptRunContext! This warning can be ignored when running in bare mode.
2026-10-05 22:20:34.436 Thread 'MainThread': missing ScriptRunContext! This warning can be ignored when running in bare mode.
2026-10-05 22:20:34.436 Thread 'MainThread': missing ScriptRunContext! This warning can be ignored when running in bare mode.
2026-10-05 22:20:34.436 Thread 'MainThread': missing ScriptRunContext! This warning can be ignored when running in bare mode.
2026-10-05 22:20:34.436 Thread 'MainThread': missing ScriptRunContext! This warning can be ignored when running in bare mode.
2026-10-05 22:20:34.436 Thread 'MainThread': missing ScriptRunContext! This warning can be ignored when running in bare mode.
2026-10-05 22:20:34.436 Thread 'MainThread': missing ScriptRunContext! This warning can be ignored when running in bare mode.
2026-10-05 22:20:34.436 Thread 'MainThread': missing ScriptRunContext! This warning can be ignored when running in bare mode.
2026-10-05 22:20:34.436 Thread 'MainThread': missing ScriptRunContext! This warning can be ignored when running in bare mode.
2026-10-05 22:20:34.436 Thread 'MainThread': missing ScriptRunContext! This warning can be ignored when running in bare mode.
2026-10-05 22:20:34.436 Thread 'MainThread': missing ScriptRunContext! This warning can be ignored when running in bare mode.
2026-10-05 22:20:34.436 Thread 'MainThread': missing ScriptRunContext! This warning can be ignored when running in bare mode.
2026-10-05 22:20:34.437 Thread 'MainThread': missing ScriptRunContext! This warning can be ignored when running in bare mode.
2026-10-05 22:20:34.437 Thread 'MainThread': missing ScriptRunContext! This warning can be ignored when running in bare mode.
2026-10-05 22:20:34.437 Thread 'MainThread': missing ScriptRunContext! This warning can be ignored when running in bare mode.
2026-10-05 22:20:34.437 Thread 'MainThread': missing ScriptRunContext! This warning can be ignored when running in bare mode.
2026-10-05 22:20:34.437 Thread 'MainThread': missing ScriptRunContext! This warning can be ignored when running in bare mode.
2026-10-05 22:20:34.437 Thread 'MainThread': missing ScriptRunContext! This warning can be ignored when running in bare mode.
2026-10-05 22:20:34.437 Thread 'MainThread': missing ScriptRunContext! This warning can be ignored when running in bare mode.
2026-10-05 22:20:34.437 Thread 'MainThread': missing ScriptRunContext! This warning can be ignored when running in bare mode.
....2026-10-05 22:20:39.443 Thread 'MainThread': missing ScriptRunContext! This warning can be ignored when running in bare mode.
2026-10-05 22:20:39.446 Thread 'MainThread': missing ScriptRunContext! This warning can be ignored when running in bare mode.
2026-10-05 22:20:39.447 Thread 'MainThread': missing ScriptRunContext! This warning can be ignored when running in bare mode.
2026-10-05 22:20:39.447 Thread 'MainThread': missing ScriptRunContext! This warning can be ignored when running in bare mode.
2026-10-05 22:20:39.447 Thread 'MainThread': missing ScriptRunContext! This warning can be ignored when running in bare mode.
2026-10-05 22:20:39.447 Thread 'MainThread': missing ScriptRunContext! This warning can be ignored when running in bare mode.
2026-10-05 22:20:39.447 Thread 'MainThread': missing ScriptRunContext! This warning can be ignored when running in bare mode.
2026-10-05 22:20:39.447 Thread 'MainThread': missing ScriptRunContext! This warning can be ignored when running in bare mode.
2026-10-05 22:20:39.447 Thread 'MainThread': missing ScriptRunContext! This warning can be ignored when running in bare mode.
2026-10-05 22:20:39.447 Thread 'MainThread': missing ScriptRunContext! This warning can be ignored when running in bare mode.
2026-10-05 22:20:39.447 Thread 'MainThread': missing ScriptRunContext! This warning can be ignored when running in bare mode.
2026-10-05 22:20:39.447 Thread 'MainThread': missing ScriptRunContext! This warning can be ignored when running in bare mode.
2026-10-05 22:20:39.447 Thread 'MainThread': missing ScriptRunContext! This warning can be ignored when running in bare mode.
2026-10-05 22:20:39.447 Thread 'MainThread': missing ScriptRunContext! This warning can be ignored when running in bare mode.
2026-10-05 22:20:39.448 Thread 'MainThread': missing ScriptRunContext! This warning can be ignored when running in bare mode.
2026-10-05 22:20:39.448 Thread 'MainThread': missing ScriptRunContext! This warning can be ignored when running in bare mode.
2026-10-05 22:20:39.448 Thread 'MainThread': missing ScriptRunContext! This warning can be ignored when running in bare mode.
2026-10-05 22:20:39.448 Thread 'MainThread': missing ScriptRunContext! This warning can be ignored when running in bare mode.
2026-10-05 22:20:39.448 Thread 'MainThread': missing ScriptRunContext! This warning can be ignored when running in bare mode.
2026-10-05 22:20:39.448 Thread 'MainThread': missing ScriptRunContext! This warning can be ignored when running in bare mode.
2026-10-05 22:20:39.448 Thread 'MainThread': missing ScriptRunContext! This warning can be ignored when running in bare mode.
2026-10-05 22:20:39.448 Thread 'MainThread': missing ScriptRunContext! This warning can be ignored when running in bare mode.
2026-10-05 22:20:39.448 Thread 'MainThread': missing ScriptRunContext! This warning can be ignored when running in bare mode.
2026-10-05 22:20:39.449 Thread 'MainThread': missing ScriptRunContext! This warning can be ignored when running in bare mode.
2026-10-05 22:20:39.449 Thread 'MainThread': missing ScriptRunContext! This warning can be ignored when running in bare mode.
2026-10-05 22:20:39.449 Thread 'MainThread': missing ScriptRunContext! This warning can be ignored when running in bare mode.
2026-10-05 22:20:39.449 Thread 'MainThread': missing ScriptRunContext! This warning can be ignored when running in bare mode.
2026-10-05 22:20:39.449 Thread 'MainThread': missing ScriptRunContext! This warning can be ignored when running in bare mode.
2026-10-05 22:20:39.449 Thread 'MainThread': missing ScriptRunContext! This warning can be ignored when running in bare mode.
2026-10-05 22:20:39.449 Thread 'MainThread': missing ScriptRunContext! This warning can be ignored when running in bare mode.
2026-10-05 22:20:39.449 Thread 'MainThread': missing ScriptRunContext! This warning can be ignored when running in bare mode.
2026-10-05 22:20:39.449 Thread 'MainThread': missing ScriptRunContext! This warning can be ignored when running in bare mode.
2026-10-05 22:20:39.449 Thread 'MainThread': missing ScriptRunContext! This warning can be ignored when running in bare mode.
2026-10-05 22:20:39.449 Thread 'MainThread': missing ScriptRunContext! This warning can be ignored when running in bare mode.
2026-10-05 22:20:39.449 Thread 'MainThread': missing ScriptRunContext! This warning can be ignored when running in bare mode.
2026-10-05 22:20:39.449 Thread 'MainThread': missing ScriptRunContext! This warning can be ignored when running in bare mode.
2026-10-05 22:20:39.449 Thread 'MainThread': missing ScriptRunContext! This warning can be ignored when running in bare mode.
2026-10-05 22:20:39.449 Thread 'MainThread': missing ScriptRunContext! This warning can be ignored when running in bare mode.
2026-10-05 22:20:39.450 Thread 'MainThread': missing ScriptRunContext! This warning can be ignored when running in bare mode.
2026-10-05 22:20:39.450 Thread 'MainThread': missing ScriptRunContext! This warning can be ignored when running in bare mode.
2026-10-05 22:20:39.450 Thread 'MainThread': missing ScriptRunContext! This warning can be ignored when running in bare mode.
2026-10-05 22:20:39.450 Thread 'MainThread': missing ScriptRunContext! This warning can be ignored when running in bare mode.
2026-10-05 22:20:39.450 Thread 'MainThread': missing ScriptRunContext! This warning can be ignored when running in bare mode.
2026-10-05 22:20:39.450 Thread 'MainThread': missing ScriptRunContext! This warning can be ignored when running in bare mode.
2026-10-05 22:20:39.461 Thread 'MainThread': missing ScriptRunContext! This warning can be ignored when running in bare mode.
2026-10-05 22:20:39.468 Thread 'MainThread': missing ScriptRunContext! This warning can be ignored when running in bare mode.
2026-10-05 22:20:39.477 Thread 'MainThread': missing ScriptRunContext! This warning can be ignored when running in bare mode.
2026-10-05 22:20:39.486 Thread 'MainThread': missing ScriptRunContext! This warning can be ignored when running in bare mode.
2026-10-05 22:20:39.495 Thread 'MainThread': missing ScriptRunContext! This warning can be ignored when running in bare mode.
2026-10-05 22:20:39.504 Thread 'MainThread': missing ScriptRunContext! This warning can be ignored when running in bare mode.
2026-10-05 22:20:39.516 Thread 'MainThread': missing ScriptRunContext! This warning can be ignored when running in bare mode.
2026-10-05 22:20:39.524 Thread 'MainThread': missing ScriptRunContext! This warning can be ignored when running in bare mode.
2026-10-05 22:20:39.535 Thread 'MainThread': missing ScriptRunContext! This warning can be ignored when running in bare mode.
2026-10-05 22:20:39.544 Thread 'MainThread': missing ScriptRunContext! This warning can be ignored when running in bare mode.
2026-10-05 22:20:39.552 Thread 'MainThread': missing ScriptRunContext! This warning can be ignored when running in bare mode.
2026-10-05 22:20:39.561 Thread 'MainThread': missing ScriptRunContext! This warning can be ignored when running in bare mode.
2026-10-05 22:20:39.569 Thread 'MainThread': missing ScriptRunContext! This warning can be ignored when running in bare mode.
2026-10-05 22:20:39.579 Thread 'MainThread': missing ScriptRunContext! This warning can be ignored when running in bare mode.
2026-10-05 22:20:39.587 Thread 'MainThread': missing ScriptRunContext! This warning can be ignored when running in bare mode.
2026-10-05 22:20:39.595 Thread 'MainThread': missing ScriptRunContext! This warning can be ignored when running in bare mode.
2026-10-05 22:20:39.603 Thread 'MainThread': missing ScriptRunContext! This warning can be ignored when running in bare mode.
2026-10-05 22:20:39.612 Thread 'MainThread': missing ScriptRunContext! This warning can be ignored when running in bare mode.
2026-10-05 22:20:39.620 Thread 'MainThread': missing ScriptRunContext! This warning can be ignored when running in bare mode.
2026-10-05 22:20:39.629 Thread 'MainThread': missing ScriptRunContext! This warning can be ignored when running in bare mode.
2026-10-05 22:20:39.638 Thread 'MainThread': missing ScriptRunContext! This warning can be ignored when running in bare mode.
2026-10-05 22:20:39.647 Thread 'MainThread': missing ScriptRunContext! This warning can be ignored when running in bare mode.
2026-10-05 22:20:39.655 Thread 'MainThread': missing ScriptRunContext! This warning can be ignored when running in bare mode.
2026-10-05 22:20:39.664 Thread 'MainThread': missing ScriptRunContext! This warning can be ignored when running in bare mode.
2026-10-05 22:20:39.672 Thread 'MainThread': missing ScriptRunContext! This warning can be ignored when running in bare mode.
2026-10-05 22:20:39.680 Thread 'MainThread': missing ScriptRunContext! This warning can be ignored when running in bare mode.
2026-10-05 22:20:39.689 Thread 'MainThread': missing ScriptRunContext! This warning can be ignored when running in bare mode.
2026-10-05 22:20:39.698 Thread 'MainThread': missing ScriptRunContext! This warning can be ignored when running in bare mode.
2026-10-05 22:20:39.706 Thread 'MainThread': missing ScriptRunContext! This warning can be ignored when running in bare mode.
2026-10-05 22:20:39.715 Thread 'MainThread': missing ScriptRunContext! This warning can be ignored when running in bare mode.
2026-10-05 22:20:39.724 Thread 'MainThread': missing ScriptRunContext! This warning can be ignored when running in bare mode.
2026-10-05 22:20:39.732 Thread 'MainThread': missing ScriptRunContext! This warning can be ignored when running in bare mode.
2026-10-05 22:20:39.741 Thread 'MainThread': missing ScriptRunContext! This warning can be ignored when running in bare mode.
2026-10-05 22:20:39.749 Thread 'MainThread': missing ScriptRunContext! This warning can be ignored when running in bare mode.
2026-10-05 22:20:39.758 Thread 'MainThread': missing ScriptRunContext! This warning can be ignored when running in bare mode.
2026-10-05 22:20:39.767 Thread 'MainThread': missing ScriptRunContext! This warning can be ignored when running in bare mode.
2026-10-05 22:20:39.775 Thread 'MainThread': missing ScriptRunContext! This warning can be ignored when running in bare mode.
2026-10-05 22:20:39.783 Thread 'MainThread': missing ScriptRunContext! This warning can be ignored when running in bare mode.
2026-10-05 22:20:39.791 Thread 'MainThread': missing ScriptRunContext! This warning can be ignored when running in bare mode.
2026-10-05 22:20:39.800 Thread 'MainThread': missing ScriptRunContext! This warning can be ignored when running in bare mode.
2026-10-05 22:20:39.850 Thread 'MainThread': missing ScriptRunContext! This warning can be ignored when running in bare mode.
2026-10-05 22:20:39.852 Thread 'MainThread': missing ScriptRunContext! This warning can be ignored when running in bare mode.
2026-10-05 22:20:39.852 Thread 'MainThread': missing ScriptRunContext! This warning can be ignored when running in bare mode.
2026-10-05 22:20:39.852 Thread 'MainThread': missing ScriptRunContext! This warning can be ignored when running in bare mode.
2026-10-05 22:20:39.852 Thread 'MainThread': missing ScriptRunContext! This warning can be ignored when running in bare mode.
2026-10-05 22:20:39.852 Thread 'MainThread': missing ScriptRunContext! This warning can be ignored when running in bare mode.
2026-10-05 22:20:39.853 Thread 'MainThread': missing ScriptRunContext! This warning can be ignored when running in bare mode.
2026-10-05 22:20:39.853 Thread 'MainThread': missing ScriptRunContext! This warning can be ignored when running in bare mode.
2026-10-05 22:20:39.853 Thread 'MainThread': missing ScriptRunContext! This warning can be ignored when running in bare mode.
2026-10-05 22:20:39.853 Thread 'MainThread': missing ScriptRunContext! This warning can be ignored when running in bare mode.
2026-10-05 22:20:39.853 Thread 'MainThread': missing ScriptRunContext! This warning can be ignored when running in bare mode.
2026-10-05 22:20:39.853 Thread 'MainThread': missing ScriptRunContext! This warning can be ignored when running in bare mode.
2026-10-05 22:20:39.853 Thread 'MainThread': missing ScriptRunContext! This warning can be ignored when running in bare mode.
2026-10-05 22:20:39.853 Thread 'MainThread': missing ScriptRunContext! This warning can be ignored when running in bare mode.
2026-10-05 22:20:39.853 Thread 'MainThread': missing ScriptRunContext! This warning can be ignored when running in bare mode.
2026-10-05 22:20:39.853 Thread 'MainThread': missing ScriptRunContext! This warning can be ignored when running in bare mode.
2026-10-05 22:20:39.853 Thread 'MainThread': missing ScriptRunContext! This warning can be ignored when running in bare mode.
2026-10-05 22:20:39.853 Thread 'MainThread': missing ScriptRunContext! This warning can be ignored when running in bare mode.
2026-10-05 22:20:39.853 Thread 'MainThread': missing ScriptRunContext! This warning can be ignored when running in bare mode.
2026-10-05 22:20:39.853 Thread 'MainThread': missing ScriptRunContext! This warning can be ignored when running in bare mode.
2026-10-05 22:20:39.853 Thread 'MainThread': missing ScriptRunContext! This warning can be ignored when running in bare mode.
2026-10-05 22:20:39.853 Thread 'MainThread': missing ScriptRunContext! This warning can be ignored when running in bare mode.
2026-10-05 22:20:39.853 Thread 'MainThread': missing ScriptRunContext! This warning can be ignored when running in bare mode.
2026-10-05 22:20:39.853 Thread 'MainThread': missing ScriptRunContext! This warning can be ignored when running in bare mode.
2026-10-05 22:20:39.853 Thread 'MainThread': missing ScriptRunContext! This warning can be ignored when running in bare mode.
2026-10-05 22:20:39.853 Thread 'MainThread': missing ScriptRunContext! This warning can be ignored when running in bare mode.
2026-10-05 22:20:39.853 Thread 'MainThread': missing ScriptRunContext! This warning can be ignored when running in bare mode.
2026-10-05 22:20:39.853 Thread 'MainThread': missing ScriptRunContext! This warning can be ignored when running in bare mode.
2026-10-05 22:20:39.854 Thread 'MainThread': missing ScriptRunContext! This warning can be ignored when running in bare mode.
2026-10-05 22:20:39.854 Thread 'MainThread': missing ScriptRunContext! This warning can be ignored when running in bare mode.
2026-10-05 22:20:39.854 Thread 'MainThread': missing ScriptRunContext! This warning can be ignored when running in bare mode.
2026-10-05 22:20:39.854 Thread 'MainThread': missing ScriptRunContext! This warning can be ignored when running in bare mode.
2026-10-05 22:20:39.854 Thread 'MainThread': missing ScriptRunContext! This warning can be ignored when running in bare mode.
2026-10-05 22:20:39.854 Thread 'MainThread': missing ScriptRunContext! This warning can be ignored when running in bare mode.
2026-10-05 22:20:39.854 Thread 'MainThread': missing ScriptRunContext! This warning can be ignored when running in bare mode.
2026-10-05 22:20:39.854 Thread 'MainThread': missing ScriptRunContext! This warning can be ignored when running in bare mode.
2026-10-05 22:20:39.854 Thread 'MainThread': missing ScriptRunContext! This warning can be ignored when running in bare mode.
2026-10-05 22:20:39.854 Thread 'MainThread': missing ScriptRunContext! This warning can be ignored when running in bare mode.
2026-10-05 22:20:39.854 Thread 'MainThread': missing ScriptRunContext! This warning can be ignored when running in bare mode.
2026-10-05 22:20:39.854 Thread 'MainThread': missing ScriptRunContext! This warning can be ignored when running in bare mode.
2026-10-05 22:20:39.854 Thread 'MainThread': missing ScriptRunContext! This warning can be ignored when running in bare mode.
2026-10-05 22:20:39.854 Thread 'MainThread': missing ScriptRunContext! This warning can be ignored when running in bare mode.
2026-10-05 22:20:39.854 Thread 'MainThread': missing ScriptRunContext! This warning can be ignored when running in bare mode.
2026-10-05 22:20:39.854 Thread 'MainThread': missing ScriptRunContext! This warning can be ignored when running in bare mode.
2026-10-05 22:20:39.908 Thread 'MainThread': missing ScriptRunContext! This warning can be ignored when running in bare mode.
2026-10-05 22:20:39.910 Thread 'MainThread': missing ScriptRunContext! This warning can be ignored when running in bare mode.
2026-10-05 22:20:39.911 Thread 'MainThread': missing ScriptRunContext! This warning can be ignored when running in bare mode.
2026-10-05 22:20:39.911 Thread 'MainThread': missing ScriptRunContext! This warning can be ignored when running in bare mode.
2026-10-05 22:20:39.911 Thread 'MainThread': missing ScriptRunContext! This warning can be ignored when running in bare mode.
2026-10-05 22:20:39.911 Thread 'MainThread': missing ScriptRunContext! This warning can be ignored when running in bare mode.
2026-10-05 22:20:39.911 Thread 'MainThread': missing ScriptRunContext! This warning can be ignored when running in bare mode.
2026-10-05 22:20:39.911 Thread 'MainThread': missing ScriptRunContext! This warning can be ignored when running in bare mode.
2026-10-05 22:20:39.911 Thread 'MainThread': missing ScriptRunContext! This warning can be ignored when running in bare mode.
2026-10-05 22:20:39.911 Thread 'MainThread': missing ScriptRunContext! This warning can be ignored when running in bare mode.
2026-10-05 22:20:39.911 Thread 'MainThread': missing ScriptRunContext! This warning can be ignored when running in bare mode.
2026-10-05 22:20:39.911 Thread 'MainThread': missing ScriptRunContext! This warning can be ignored when running in bare mode.
2026-10-05 22:20:39.911 Thread 'MainThread': missing ScriptRunContext! This warning can be ignored when running in bare mode.
2026-10-05 22:20:39.912 Thread 'MainThread': missing ScriptRunContext! This warning can be ignored when running in bare mode.
2026-10-05 22:20:39.912 Thread 'MainThread': missing ScriptRunContext! This warning can be ignored when running in bare mode.
2026-10-05 22:20:39.912 Thread 'MainThread': missing ScriptRunContext! This warning can be ignored when running in bare mode.
2026-10-05 22:20:39.912 Thread 'MainThread': missing ScriptRunContext! This warning can be ignored when running in bare mode.
2026-10-05 22:20:39.912 Thread 'MainThread': missing ScriptRunContext! This warning can be ignored when running in bare mode.
2026-10-05 22:20:39.912 Thread 'MainThread': missing ScriptRunContext! This warning can be ignored when running in bare mode.
2026-10-05 22:20:39.912 Thread 'MainThread': missing ScriptRunContext! This warning can be ignored when running in bare mode.
2026-10-05 22:20:39.912 Thread 'MainThread': missing ScriptRunContext! This warning can be ignored when running in bare mode.
2026-10-05 22:20:39.912 Thread 'MainThread': missing ScriptRunContext! This warning can be ignored when running in bare mode.
2026-10-05 22:20:39.912 Thread 'MainThread': missing ScriptRunContext! This warning can be ignored when running in bare mode.
2026-10-05 22:20:39.912 Thread 'MainThread': missing ScriptRunContext! This warning can be ignored when running in bare mode.
2026-10-05 22:20:39.912 Thread 'MainThread': missing ScriptRunContext! This warning can be ignored when running in bare mode.
2026-10-05 22:20:39.912 Thread 'MainThread': missing ScriptRunContext! This warning can be ignored when running in bare mode.
2026-10-05 22:20:39.912 Thread 'MainThread': missing ScriptRunContext! This warning can be ignored when running in bare mode.
2026-10-05 22:20:39.912 Thread 'MainThread': missing ScriptRunContext! This warning can be ignored when running in bare mode.
2026-10-05 22:20:39.913 Thread 'MainThread': missing ScriptRunContext! This warning can be ignored when running in bare mode.
2026-10-05 22:20:39.913 Thread 'MainThread': missing ScriptRunContext! This warning can be ignored when running in bare mode.
2026-10-05 22:20:39.913 Thread 'MainThread': missing ScriptRunContext! This warning can be ignored when running in bare mode.
2026-10-05 22:20:39.913 Thread 'MainThread': missing ScriptRunContext! This warning can be ignored when running in bare mode.
2026-10-05 22:20:39.913 Thread 'MainThread': missing ScriptRunContext! This warning can be ignored when running in bare mode.
2026-10-05 22:20:39.913 Thread 'MainThread': missing ScriptRunContext! This warning can be ignored when running in bare mode.
2026-10-05 22:20:39.913 Thread 'MainThread': missing ScriptRunContext! This warning can be ignored when running in bare mode.
2026-10-05 22:20:39.913 Thread 'MainThread': missing ScriptRunContext! This warning can be ignored when running in bare mode.
2026-10-05 22:20:39.913 Thread 'MainThread': missing ScriptRunContext! This warning can be ignored when running in bare mode.
2026-10-05 22:20:39.913 Thread 'MainThread': missing ScriptRunContext! This warning can be ignored when running in bare mode.
2026-10-05 22:20:39.913 Thread 'MainThread': missing ScriptRunContext! This warning can be ignored when running in bare mode.
2026-10-05 22:20:39.913 Thread 'MainThread': missing ScriptRunContext! This warning can be ignored when running in bare mode.
2026-10-05 22:20:39.913 Thread 'MainThread': missing ScriptRunContext! This warning can be ignored when running in bare mode.
2026-10-05 22:20:39.913 Thread 'MainThread': missing ScriptRunContext! This warning can be ignored when running in bare mode.
2026-10-05 22:20:39.913 Thread 'MainThread': missing ScriptRunContext! This warning can be ignored when running in bare mode.
2026-10-05 22:20:39.913 Thread 'MainThread': missing ScriptRunContext! This warning can be ignored when running in bare mode.
2026-10-05 22:20:39.967 Thread 'MainThread': missing ScriptRunContext! This warning can be ignored when running in bare mode.
2026-10-05 22:20:39.970 Thread 'MainThread': missing ScriptRunContext! This warning can be ignored when running in bare mode.
2026-10-05 22:20:39.970 Thread 'MainThread': missing ScriptRunContext! This warning can be ignored when running in bare mode.
2026-10-05 22:20:39.970 Thread 'MainThread': missing ScriptRunContext! This warning can be ignored when running in bare mode.
2026-10-05 22:20:39.970 Thread 'MainThread': missing ScriptRunContext! This warning can be ignored when running in bare mode.
2026-10-05 22:20:39.970 Thread 'MainThread': missing ScriptRunContext! This warning can be ignored when running in bare mode.
2026-10-05 22:20:39.970 Thread 'MainThread': missing ScriptRunContext! This warning can be ignored when running in bare mode.
2026-10-05 22:20:39.970 Thread 'MainThread': missing ScriptRunContext! This warning can be ignored when running in bare mode.
2026-10-05 22:20:39.970 Thread 'MainThread': missing ScriptRunContext! This warning can be ignored when running in bare mode.
2026-10-05 22:20:39.970 Thread 'MainThread': missing ScriptRunContext! This warning can be ignored when running in bare mode.
2026-10-05 22:20:39.970 Thread 'MainThread': missing ScriptRunContext! This warning can be ignored when running in bare mode.
2026-10-05 22:20:39.970 Thread 'MainThread': missing ScriptRunContext! This warning can be ignored when running in bare mode.
2026-10-05 22:20:39.970 Thread 'MainThread': missing ScriptRunContext! This warning can be ignored when running in bare mode.
2026-10-05 22:20:39.970 Thread 'MainThread': missing ScriptRunContext! This warning can be ignored when running in bare mode.
2026-10-05 22:20:39.970 Thread 'MainThread': missing ScriptRunContext! This warning can be ignored when running in bare mode.
2026-10-05 22:20:39.970 Thread 'MainThread': missing ScriptRunContext! This warning can be ignored when running in bare mode.
2026-10-05 22:20:39.970 Thread 'MainThread': missing ScriptRunContext! This warning can be ignored when running in bare mode.
2026-10-05 22:20:39.971 Thread 'MainThread': missing ScriptRunContext! This warning can be ignored when running in bare mode.
2026-10-05 22:20:39.971 Thread 'MainThread': missing ScriptRunContext! This warning can be ignored when running in bare mode.
2026-10-05 22:20:39.971 Thread 'MainThread': missing ScriptRunContext! This warning can be ignored when running in bare mode.
2026-10-05 22:20:39.971 Thread 'MainThread': missing ScriptRunContext! This warning can be ignored when running in bare mode.
2026-10-05 22:20:39.971 Thread 'MainThread': missing ScriptRunContext! This warning can be ignored when running in bare mode.
2026-10-05 22:20:39.971 Thread 'MainThread': missing ScriptRunContext! This warning can be ignored when running in bare mode.
2026-10-05 22:20:39.971 Thread 'MainThread': missing ScriptRunContext! This warning can be ignored when running in bare mode.
2026-10-05 22:20:39.971 Thread 'MainThread': missing ScriptRunContext! This warning can be ignored when running in bare mode.
2026-10-05 22:20:39.971 Thread 'MainThread': missing ScriptRunContext! This warning can be ignored when running in bare mode.
2026-10-05 22:20:39.971 Thread 'MainThread': missing ScriptRunContext! This warning can be ignored when running in bare mode.
2026-10-05 22:20:39.971 Thread 'MainThread': missing ScriptRunContext! This warning can be ignored when running in bare mode.
2026-10-05 22:20:39.971 Thread 'MainThread': missing ScriptRunContext! This warning can be ignored when running in bare mode.
2026-10-05 22:20:39.971 Thread 'MainThread': missing ScriptRunContext! This warning can be ignored when running in bare mode.
2026-10-05 22:20:39.971 Thread 'MainThread': missing ScriptRunContext! This warning can be ignored when running in bare mode.
2026-10-05 22:20:39.971 Thread 'MainThread': missing ScriptRunContext! This warning can be ignored when running in bare mode.
2026-10-05 22:20:39.971 Thread 'MainThread': missing ScriptRunContext! This warning can be ignored when running in bare mode.
2026-10-05 22:20:39.971 Thread 'MainThread': missing ScriptRunContext! This warning can be ignored when running in bare mode.
2026-10-05 22:20:39.971 Thread 'MainThread': missing ScriptRunContext! This warning can be ignored when running in bare mode.
2026-10-05 22:20:39.971 Thread 'MainThread': missing ScriptRunContext! This warning can be ignored when running in bare mode.
2026-10-05 22:20:39.971 Thread 'MainThread': missing ScriptRunContext! This warning can be ignored when running in bare mode.
2026-10-05 22:20:39.971 Thread 'MainThread': missing ScriptRunContext! This warning can be ignored when running in bare mode.
2026-10-05 22:20:39.972 Thread 'MainThread': missing ScriptRunContext! This warning can be ignored when running in bare mode.
2026-10-05 22:20:39.972 Thread 'MainThread': missing ScriptRunContext! This warning can be ignored when running in bare mode.
2026-10-05 22:20:39.972 Thread 'MainThread': missing ScriptRunContext! This warning can be ignored when running in bare mode.
2026-10-05 22:20:39.972 Thread 'MainThread': missing ScriptRunContext! This warning can be ignored when running in bare mode.
2026-10-05 22:20:39.972 Thread 'MainThread': missing ScriptRunContext! This warning can be ignored when running in bare mode.
2026-10-05 22:20:39.972 Thread 'MainThread': missing ScriptRunContext! This warning can be ignored when running in bare mode.
2026-10-05 22:20:40.023 Thread 'MainThread': missing ScriptRunContext! This warning can be ignored when running in bare mode.
2026-10-05 22:20:40.026 Thread 'MainThread': missing ScriptRunContext! This warning can be ignored when running in bare mode.
2026-10-05 22:20:40.026 Thread 'MainThread': missing ScriptRunContext! This warning can be ignored when running in bare mode.
2026-10-05 22:20:40.026 Thread 'MainThread': missing ScriptRunContext! This warning can be ignored when running in bare mode.
2026-10-05 22:20:40.026 Thread 'MainThread': missing ScriptRunContext! This warning can be ignored when running in bare mode.
2026-10-05 22:20:40.026 Thread 'MainThread': missing ScriptRunContext! This warning can be ignored when running in bare mode.
2026-10-05 22:20:40.026 Thread 'MainThread': missing ScriptRunContext! This warning can be ignored when running in bare mode.
2026-10-05 22:20:40.026 Thread 'MainThread': missing ScriptRunContext! This warning can be ignored when running in bare mode.
2026-10-05 22:20:40.026 Thread 'MainThread': missing ScriptRunContext! This warning can be ignored when running in bare mode.
2026-10-05 22:20:40.026 Thread 'MainThread': missing ScriptRunContext! This warning can be ignored when running in bare mode.
2026-10-05 22:20:40.026 Thread 'MainThread': missing ScriptRunContext! This warning can be ignored when running in bare mode.
2026-10-05 22:20:40.026 Thread 'MainThread': missing ScriptRunContext! This warning can be ignored when running in bare mode.
2026-10-05 22:20:40.026 Thread 'MainThread': missing ScriptRunContext! This warning can be ignored when running in bare mode.
2026-10-05 22:20:40.026 Thread 'MainThread': missing ScriptRunContext! This warning can be ignored when running in bare mode.
2026-10-05 22:20:40.026 Thread 'MainThread': missing ScriptRunContext! This warning can be ignored when running in bare mode.
2026-10-05 22:20:40.026 Thread 'MainThread': missing ScriptRunContext! This warning can be ignored when running in bare mode.
2026-10-05 22:20:40.026 Thread 'MainThread': missing ScriptRunContext! This warning can be ignored when running in bare mode.
2026-10-05 22:20:40.026 Thread 'MainThread': missing ScriptRunContext! This warning can be ignored when running in bare mode.
2026-10-05 22:20:40.026 Thread 'MainThread': missing ScriptRunContext! This warning can be ignored when running in bare mode.
2026-10-05 22:20:40.027 Thread 'MainThread': missing ScriptRunContext! This warning can be ignored when running in bare mode.
2026-10-05 22:20:40.027 Thread 'MainThread': missing ScriptRunContext! This warning can be ignored when running in bare mode.
2026-10-05 22:20:40.027 Thread 'MainThread': missing ScriptRunContext! This warning can be ignored when running in bare mode.
2026-10-05 22:20:40.027 Thread 'MainThread': missing ScriptRunContext! This warning can be ignored when running in bare mode.
2026-10-05 22:20:40.027 Thread 'MainThread': missing ScriptRunContext! This warning can be ignored when running in bare mode.
2026-10-05 22:20:40.027 Thread 'MainThread': missing ScriptRunContext! This warning can be ignored when running in bare mode.
2026-10-05 22:20:40.027 Thread 'MainThread': missing ScriptRunContext! This warning can be ignored when running in bare mode.
2026-10-05 22:20:40.027 Thread 'MainThread': missing ScriptRunContext! This warning can be ignored when running in bare mode.
2026-10-05 22:20:40.027 Thread 'MainThread': missing ScriptRunContext! This warning can be ignored when running in bare mode.
2026-10-05 22:20:40.027 Thread 'MainThread': missing ScriptRunContext! This warning can be ignored when running in bare mode.
2026-10-05 22:20:40.027 Thread 'MainThread': missing ScriptRunContext! This warning can be ignored when running in bare mode.
2026-10-05 22:20:40.027 Thread 'MainThread': missing ScriptRunContext! This warning can be ignored when running in bare mode.
2026-10-05 22:20:40.027 Thread 'MainThread': missing ScriptRunContext! This warning can be ignored when running in bare mode.
2026-10-05 22:20:40.027 Thread 'MainThread': missing ScriptRunContext! This warning can be ignored when running in bare mode.
2026-10-05 22:20:40.027 Thread 'MainThread': missing ScriptRunContext! This warning can be ignored when running in bare mode.
2026-10-05 22:20:40.027 Thread 'MainThread': missing ScriptRunContext! This warning can be ignored when running in bare mode.
2026-10-05 22:20:40.027 Thread 'MainThread': missing ScriptRunContext! This warning can be ignored when running in bare mode.
2026-10-05 22:20:40.027 Thread 'MainThread': missing ScriptRunContext! This warning can be ignored when running in bare mode.
2026-10-05 22:20:40.027 Thread 'MainThread': missing ScriptRunContext! This warning can be ignored when running in bare mode.
2026-10-05 22:20:40.027 Thread 'MainThread': missing ScriptRunContext! This warning can be ignored when running in bare mode.
2026-10-05 22:20:40.028 Thread 'MainThread': missing ScriptRunContext! This warning can be ignored when running in bare mode.
2026-10-05 22:20:40.028 Thread 'MainThread': missing ScriptRunContext! This warning can be ignored when running in bare mode.
2026-10-05 22:20:40.028 Thread 'MainThread': missing ScriptRunContext! This warning can be ignored when running in bare mode.
2026-10-05 22:20:40.028 Thread 'MainThread': missing ScriptRunContext! This warning can be ignored when running in bare mode.
2026-10-05 22:20:40.028 Thread 'MainThread': missing ScriptRunContext! This warning can be ignored when running in bare mode.
2026-10-05 22:20:40.082 Thread 'MainThread': missing ScriptRunContext! This warning can be ignored when running in bare mode.
2026-10-05 22:20:40.084 Thread 'MainThread': missing ScriptRunContext! This warning can be ignored when running in bare mode.
2026-10-05 22:20:40.084 Thread 'MainThread': missing ScriptRunContext! This warning can be ignored when running in bare mode.
2026-10-05 22:20:40.084 Thread 'MainThread': missing ScriptRunContext! This warning can be ignored when running in bare mode.
2026-10-05 22:20:40.084 Thread 'MainThread': missing ScriptRunContext! This warning can be ignored when running in bare mode.
2026-10-05 22:20:40.085 Thread 'MainThread': missing ScriptRunContext! This warning can be ignored when running in bare mode.
2026-10-05 22:20:40.085 Thread 'MainThread': missing ScriptRunContext! This warning can be ignored when running in bare mode.
2026-10-05 22:20:40.085 Thread 'MainThread': missing ScriptRunContext! This warning can be ignored when running in bare mode.
2026-10-05 22:20:40.085 Thread 'MainThread': missing ScriptRunContext! This warning can be ignored when running in bare mode.
2026-10-05 22:20:40.085 Thread 'MainThread': missing ScriptRunContext! This warning can be ignored when running in bare mode.
2026-10-05 22:20:40.085 Thread 'MainThread': missing ScriptRunContext! This warning can be ignored when running in bare mode.
2026-10-05 22:20:40.085 Thread 'MainThread': missing ScriptRunContext! This warning can be ignored when running in bare mode.
2026-10-05 22:20:40.085 Thread 'MainThread': missing ScriptRunContext! This warning can be ignored when running in bare mode.
2026-10-05 22:20:40.085 Thread 'MainThread': missing ScriptRunContext! This warning can be ignored when running in bare mode.
2026-10-05 22:20:40.085 Thread 'MainThread': missing ScriptRunContext! This warning can be ignored when running in bare mode.
2026-10-05 22:20:40.085 Thread 'MainThread': missing ScriptRunContext! This warning can be ignored when running in bare mode.
2026-10-05 22:20:40.085 Thread 'MainThread': missing ScriptRunContext! This warning can be ignored when running in bare mode.
2026-10-05 22:20:40.085 Thread 'MainThread': missing ScriptRunContext! This warning can be ignored when running in bare mode.
2026-10-05 22:20:40.085 Thread 'MainThread': missing ScriptRunContext! This warning can be ignored when running in bare mode.
2026-10-05 22:20:40.085 Thread 'MainThread': missing ScriptRunContext! This warning can be ignored when running in bare mode.
2026-10-05 22:20:40.085 Thread 'MainThread': missing ScriptRunContext! This warning can be ignored when running in bare mode.
2026-10-05 22:20:40.085 Thread 'MainThread': missing ScriptRunContext! This warning can be ignored when running in bare mode.
2026-10-05 22:20:40.085 Thread 'MainThread': missing ScriptRunContext! This warning can be ignored when running in bare mode.
2026-10-05 22:20:40.085 Thread 'MainThread': missing ScriptRunContext! This warning can be ignored when running in bare mode.
2026-10-05 22:20:40.085 Thread 'MainThread': missing ScriptRunContext! This warning can be ignored when running in bare mode.
2026-10-05 22:20:40.085 Thread 'MainThread': missing ScriptRunContext! This warning can be ignored when running in bare mode.
2026-10-05 22:20:40.086 Thread 'MainThread': missing ScriptRunContext! This warning can be ignored when running in bare mode.
2026-10-05 22:20:40.086 Thread 'MainThread': missing ScriptRunContext! This warning can be ignored when running in bare mode.
2026-10-05 22:20:40.086 Thread 'MainThread': missing ScriptRunContext! This warning can be ignored when running in bare mode.
2026-10-05 22:20:40.086 Thread 'MainThread': missing ScriptRunContext! This warning can be ignored when running in bare mode.
2026-10-05 22:20:40.086 Thread 'MainThread': missing ScriptRunContext! This warning can be ignored when running in bare mode.
2026-10-05 22:20:40.086 Thread 'MainThread': missing ScriptRunContext! This warning can be ignored when running in bare mode.
2026-10-05 22:20:40.086 Thread 'MainThread': missing ScriptRunContext! This warning can be ignored when running in bare mode.
2026-10-05 22:20:40.086 Thread 'MainThread': missing ScriptRunContext! This warning can be ignored when running in bare mode.
2026-10-05 22:20:40.086 Thread 'MainThread': missing ScriptRunContext! This warning can be ignored when running in bare mode.
2026-10-05 22:20:40.086 Thread 'MainThread': missing ScriptRunContext! This warning can be ignored when running in bare mode.
2026-10-05 22:20:40.086 Thread 'MainThread': missing ScriptRunContext! This warning can be ignored when running in bare mode.
2026-10-05 22:20:40.086 Thread 'MainThread': missing ScriptRunContext! This warning can be ignored when running in bare mode.
2026-10-05 22:20:40.086 Thread 'MainThread': missing ScriptRunContext! This warning can be ignored when running in bare mode.
2026-10-05 22:20:40.086 Thread 'MainThread': missing ScriptRunContext! This warning can be ignored when running in bare mode.
2026-10-05 22:20:40.086 Thread 'MainThread': missing ScriptRunContext! This warning can be ignored when running in bare mode.
2026-10-05 22:20:40.086 Thread 'MainThread': missing ScriptRunContext! This warning can be ignored when running in bare mode.
2026-10-05 22:20:40.086 Thread 'MainThread': missing ScriptRunContext! This warning can be ignored when running in bare mode.
2026-10-05 22:20:40.086 Thread 'MainThread': missing ScriptRunContext! This warning can be ignored when running in bare mode.
2026-10-05 22:20:40.141 Thread 'MainThread': missing ScriptRunContext! This warning can be ignored when running in bare mode.
2026-10-05 22:20:40.144 Thread 'MainThread': missing ScriptRunContext! This warning can be ignored when running in bare mode.
2026-10-05 22:20:40.144 Thread 'MainThread': missing ScriptRunContext! This warning can be ignored when running in bare mode.
2026-10-05 22:20:40.144 Thread 'MainThread': missing ScriptRunContext! This warning can be ignored when running in bare mode.
2026-10-05 22:20:40.144 Thread 'MainThread': missing ScriptRunContext! This warning can be ignored when running in bare mode.
2026-10-05 22:20:40.144 Thread 'MainThread': missing ScriptRunContext! This warning can be ignored when running in bare mode.
2026-10-05 22:20:40.144 Thread 'MainThread': missing ScriptRunContext! This warning can be ignored when running in bare mode.
2026-10-05 22:20:40.144 Thread 'MainThread': missing ScriptRunContext! This warning can be ignored when running in bare mode.
2026-10-05 22:20:40.145 Thread 'MainThread': missing ScriptRunContext! This warning can be ignored when running in bare mode.
2026-10-05 22:20:40.145 Thread 'MainThread': missing ScriptRunContext! This warning can be ignored when running in bare mode.
2026-10-05 22:20:40.145 Thread 'MainThread': missing ScriptRunContext! This warning can be ignored when running in bare mode.
2026-10-05 22:20:40.145 Thread 'MainThread': missing ScriptRunContext! This warning can be ignored when running in bare mode.
2026-10-05 22:20:40.145 Thread 'MainThread': missing ScriptRunContext! This warning can be ignored when running in bare mode.
2026-10-05 22:20:40.145 Thread 'MainThread': missing ScriptRunContext! This warning can be ignored when running in bare mode.
2026-10-05 22:20:40.145 Thread 'MainThread': missing ScriptRunContext! This warning can be ignored when running in bare mode.
2026-10-05 22:20:40.145 Thread 'MainThread': missing ScriptRunContext! This warning can be ignored when running in bare mode.
2026-10-05 22:20:40.145 Thread 'MainThread': missing ScriptRunContext! This warning can be ignored when running in bare mode.
2026-10-05 22:20:40.145 Thread 'MainThread': missing ScriptRunContext! This warning can be ignored when running in bare mode.
2026-10-05 22:20:40.145 Thread 'MainThread': missing ScriptRunContext! This warning can be ignored when running in bare mode.
2026-10-05 22:20:40.145 Thread 'MainThread': missing ScriptRunContext! This warning can be ignored when running in bare mode.
2026-10-05 22:20:40.145 Thread 'MainThread': missing ScriptRunContext! This warning can be ignored when running in bare mode.
2026-10-05 22:20:40.145 Thread 'MainThread': missing ScriptRunContext! This warning can be ignored when running in bare mode.
2026-10-05 22:20:40.145 Thread 'MainThread': missing ScriptRunContext! This warning can be ignored when running in bare mode.
2026-10-05 22:20:40.145 Thread 'MainThread': missing ScriptRunContext! This warning can be ignored when running in bare mode.
2026-10-05 22:20:40.145 Thread 'MainThread': missing ScriptRunContext! This warning can be ignored when running in bare mode.
2026-10-05 22:20:40.146 Thread 'MainThread': missing ScriptRunContext! This warning can be ignored when running in bare mode.
2026-10-05 22:20:40.146 Thread 'MainThread': missing ScriptRunContext! This warning can be ignored when running in bare mode.
2026-10-05 22:20:40.146 Thread 'MainThread': missing ScriptRunContext! This warning can be ignored when running in bare mode.
2026-10-05 22:20:40.146 Thread 'MainThread': missing ScriptRunContext! This warning can be ignored when running in bare mode.
2026-10-05 22:20:40.146 Thread 'MainThread': missing ScriptRunContext! This warning can be ignored when running in bare mode.
2026-10-05 22:20:40.146 Thread 'MainThread': missing ScriptRunContext! This warning can be ignored when running in bare mode.
2026-10-05 22:20:40.146 Thread 'MainThread': missing ScriptRunContext! This warning can be ignored when running in bare mode.
2026-10-05 22:20:40.146 Thread 'MainThread': missing ScriptRunContext! This warning can be ignored when running in bare mode.
2026-10-05 22:20:40.146 Thread 'MainThread': missing ScriptRunContext! This warning can be ignored when running in bare mode.
2026-10-05 22:20:40.146 Thread 'MainThread': missing ScriptRunContext! This warning can be ignored when running in bare mode.
2026-10-05 22:20:40.146 Thread 'MainThread': missing ScriptRunContext! This warning can be ignored when running in bare mode.
2026-10-05 22:20:40.146 Thread 'MainThread': missing ScriptRunContext! This warning can be ignored when running in bare mode.
2026-10-05 22:20:40.146 Thread 'MainThread': missing ScriptRunContext! This warning can be ignored when running in bare mode.
2026-10-05 22:20:40.146 Thread 'MainThread': missing ScriptRunContext! This warning can be ignored when running in bare mode.
2026-10-05 22:20:40.146 Thread 'MainThread': missing ScriptRunContext! This warning can be ignored when running in bare mode.
2026-10-05 22:20:40.146 Thread 'MainThread': missing ScriptRunContext! This warning can be ignored when running in bare mode.
2026-10-05 22:20:40.146 Thread 'MainThread': missing ScriptRunContext! This warning can be ignored when running in bare mode.
2026-10-05 22:20:40.146 Thread 'MainThread': missing ScriptRunContext! This warning can be ignored when running in bare mode.
2026-10-05 22:20:40.146 Thread 'MainThread': missing ScriptRunContext! This warning can be ignored when running in bare mode.
2026-10-05 22:20:40.205 Thread 'MainThread': missing ScriptRunContext! This warning can be ignored when running in bare mode.
2026-10-05 22:20:40.208 Thread 'MainThread': missing ScriptRunContext! This warning can be ignored when running in bare mode.
2026-10-05 22:20:40.208 Thread 'MainThread': missing ScriptRunContext! This warning can be ignored when running in bare mode.
2026-10-05 22:20:40.208 Thread 'MainThread': missing ScriptRunContext! This warning can be ignored when running in bare mode.
2026-10-05 22:20:40.208 Thread 'MainThread': missing ScriptRunContext! This warning can be ignored when running in bare mode.
2026-10-05 22:20:40.208 Thread 'MainThread': missing ScriptRunContext! This warning can be ignored when running in bare mode.
2026-10-05 22:20:40.208 Thread 'MainThread': missing ScriptRunContext! This warning can be ignored when running in bare mode.
2026-10-05 22:20:40.208 Thread 'MainThread': missing ScriptRunContext! This warning can be ignored when running in bare mode.
2026-10-05 22:20:40.209 Thread 'MainThread': missing ScriptRunContext! This warning can be ignored when running in bare mode.
2026-10-05 22:20:40.209 Thread 'MainThread': missing ScriptRunContext! This warning can be ignored when running in bare mode.
2026-10-05 22:20:40.209 Thread 'MainThread': missing ScriptRunContext! This warning can be ignored when running in bare mode.
2026-10-05 22:20:40.209 Thread 'MainThread': missing ScriptRunContext! This warning can be ignored when running in bare mode.
2026-10-05 22:20:40.209 Thread 'MainThread': missing ScriptRunContext! This warning can be ignored when running in bare mode.
2026-10-05 22:20:40.209 Thread 'MainThread': missing ScriptRunContext! This warning can be ignored when running in bare mode.
2026-10-05 22:20:40.209 Thread 'MainThread': missing ScriptRunContext! This warning can be ignored when running in bare mode.
2026-10-05 22:20:40.209 Thread 'MainThread': missing ScriptRunContext! This warning can be ignored when running in bare mode.
2026-10-05 22:20:40.209 Thread 'MainThread': missing ScriptRunContext! This warning can be ignored when running in bare mode.
2026-10-05 22:20:40.209 Thread 'MainThread': missing ScriptRunContext! This warning can be ignored when running in bare mode.
2026-10-05 22:20:40.209 Thread 'MainThread': missing ScriptRunContext! This warning can be ignored when running in bare mode.
2026-10-05 22:20:40.209 Thread 'MainThread': missing ScriptRunContext! This warning can be ignored when running in bare mode.
2026-10-05 22:20:40.209 Thread 'MainThread': missing ScriptRunContext! This warning can be ignored when running in bare mode.
2026-10-05 22:20:40.209 Thread 'MainThread': missing ScriptRunContext! This warning can be ignored when running in bare mode.
2026-10-05 22:20:40.209 Thread 'MainThread': missing ScriptRunContext! This warning can be ignored when running in bare mode.
2026-10-05 22:20:40.210 Thread 'MainThread': missing ScriptRunContext! This warning can be ignored when running in bare mode.
2026-10-05 22:20:40.210 Thread 'MainThread': missing ScriptRunContext! This warning can be ignored when running in bare mode.
2026-10-05 22:20:40.210 Thread 'MainThread': missing ScriptRunContext! This warning can be ignored when running in bare mode.
2026-10-05 22:20:40.210 Thread 'MainThread': missing ScriptRunContext! This warning can be ignored when running in bare mode.
2026-10-05 22:20:40.210 Thread 'MainThread': missing ScriptRunContext! This warning can be ignored when running in bare mode.
2026-10-05 22:20:40.210 Thread 'MainThread': missing ScriptRunContext! This warning can be ignored when running in bare mode.
2026-10-05 22:20:40.210 Thread 'MainThread': missing ScriptRunContext! This warning can be ignored when running in bare mode.
2026-10-05 22:20:40.210 Thread 'MainThread': missing ScriptRunContext! This warning can be ignored when running in bare mode.
2026-10-05 22:20:40.210 Thread 'MainThread': missing ScriptRunContext! This warning can be ignored when running in bare mode.
2026-10-05 22:20:40.210 Thread 'MainThread': missing ScriptRunContext! This warning can be ignored when running in bare mode.
2026-10-05 22:20:40.210 Thread 'MainThread': missing ScriptRunContext! This warning can be ignored when running in bare mode.
2026-10-05 22:20:40.210 Thread 'MainThread': missing ScriptRunContext! This warning can be ignored when running in bare mode.
2026-10-05 22:20:40.210 Thread 'MainThread': missing ScriptRunContext! This warning can be ignored when running in bare mode.
2026-10-05 22:20:40.210 Thread 'MainThread': missing ScriptRunContext! This warning can be ignored when running in bare mode.
2026-10-05 22:20:40.211 Thread 'MainThread': missing ScriptRunContext! This warning can be ignored when running in bare mode.
2026-10-05 22:20:40.211 Thread 'MainThread': missing ScriptRunContext! This warning can be ignored when running in bare mode.
2026-10-05 22:20:40.211 Thread 'MainThread': missing ScriptRunContext! This warning can be ignored when running in bare mode.
2026-10-05 22:20:40.211 Thread 'MainThread': missing ScriptRunContext! This warning can be ignored when running in bare mode.
2026-10-05 22:20:40.211 Thread 'MainThread': missing ScriptRunContext! This warning can be ignored when running in bare mode.
2026-10-05 22:20:40.211 Thread 'MainThread': missing ScriptRunContext! This warning can be ignored when running in bare mode.
2026-10-05 22:20:40.211 Thread 'MainThread': missing ScriptRunContext! This warning can be ignored when running in bare mode.
.......2026-10-05 22:20:44.035 Thread 'MainThread': missing ScriptRunContext! This warning can be ignored when running in bare mode.
2026-10-05 22:20:44.035 Thread 'MainThread': missing ScriptRunContext! This warning can be ignored when running in bare mode.
2026-10-05 22:20:44.035 Thread 'MainThread': missing ScriptRunContext! This warning can be ignored when running in bare mode.
2026-10-05 22:20:44.035 Thread 'MainThread': missing ScriptRunContext! This warning can be ignored when running in bare mode.
2026-10-05 22:20:44.035 Thread 'MainThread': missing ScriptRunContext! This warning can be ignored when running in bare mode.
2026-10-05 22:20:44.035 Thread 'MainThread': missing ScriptRunContext! This warning can be ignored when running in bare mode.
2026-10-05 22:20:44.035 Thread 'MainThread': missing ScriptRunContext! This warning can be ignored when running in bare mode.
2026-10-05 22:20:45.230 Please replace `use_container_width` with `width`.

`use_container_width` will be removed after 2025-12-31.

For `use_container_width=True`, use `width='stretch'`. For `use_container_width=False`, use `width='content'`.
2026-10-05 22:20:45.541 Please replace `use_container_width` with `width`.

`use_container_width` will be removed after 2025-12-31.

For `use_container_width=True`, use `width='stretch'`. For `use_container_width=False`, use `width='content'`.
.2026-10-05 22:20:45.563 Thread 'MainThread': missing ScriptRunContext! This warning can be ignored when running in bare mode.
2026-10-05 22:20:45.563 Thread 'MainThread': missing ScriptRunContext! This warning can be ignored when running in bare mode.
2026-10-05 22:20:45.563 Thread 'MainThread': missing ScriptRunContext! This warning can be ignored when running in bare mode.
2026-10-05 22:20:45.564 Thread 'MainThread': missing ScriptRunContext! This warning can be ignored when running in bare mode.
2026-10-05 22:20:45.564 Thread 'MainThread': missing ScriptRunContext! This warning can be ignored when running in bare mode.
2026-10-05 22:20:45.564 Thread 'MainThread': missing ScriptRunContext! This warning can be ignored when running in bare mode.
2026-10-05 22:20:45.564 Thread 'MainThread': missing ScriptRunContext! This warning can be ignored when running in bare mode.
2026-10-05 22:20:46.655 Please replace `use_container_width` with `width`.

`use_container_width` will be removed after 2025-12-31.

For `use_container_width=True`, use `width='stretch'`. For `use_container_width=False`, use `width='content'`.
2026-10-05 22:20:46.900 Please replace `use_container_width` with `width`.

`use_container_width` will be removed after 2025-12-31.

For `use_container_width=True`, use `width='stretch'`. For `use_container_width=False`, use `width='content'`.
2026-10-05 22:20:47.139 Please replace `use_container_width` with `width`.

`use_container_width` will be removed after 2025-12-31.

For `use_container_width=True`, use `width='stretch'`. For `use_container_width=False`, use `width='content'`.
2026-10-05 22:20:47.496 Please replace `use_container_width` with `width`.

`use_container_width` will be removed after 2025-12-31.

For `use_container_width=True`, use `width='stretch'`. For `use_container_width=False`, use `width='content'`.
2026-10-05 22:20:47.762 Please replace `use_container_width` with `width`.

`use_container_width` will be removed after 2025-12-31.

For `use_container_width=True`, use `width='stretch'`. For `use_container_width=False`, use `width='content'`.
2026-10-05 22:20:48.004 Please replace `use_container_width` with `width`.

`use_container_width` will be removed after 2025-12-31.

For `use_container_width=True`, use `width='stretch'`. For `use_container_width=False`, use `width='content'`.
2026-10-05 22:20:48.328 Please replace `use_container_width` with `width`.

`use_container_width` will be removed after 2025-12-31.

For `use_container_width=True`, use `width='stretch'`. For `use_container_width=False`, use `width='content'`.
2026-10-05 22:20:48.600 Please replace `use_container_width` with `width`.

`use_container_width` will be removed after 2025-12-31.

For `use_container_width=True`, use `width='stretch'`. For `use_container_width=False`, use `width='content'`.
2026-10-05 22:20:49.074 Please replace `use_container_width` with `width`.

`use_container_width` will be removed after 2025-12-31.

For `use_container_width=True`, use `width='stretch'`. For `use_container_width=False`, use `width='content'`.
2026-10-05 22:20:49.337 Please replace `use_container_width` with `width`.

`use_container_width` will be removed after 2025-12-31.

For `use_container_width=True`, use `width='stretch'`. For `use_container_width=False`, use `width='content'`.
2026-10-05 22:20:49.355 Thread 'MainThread': missing ScriptRunContext! This warning can be ignored when running in bare mode.
2026-10-05 22:20:49.358 Thread 'MainThread': missing ScriptRunContext! This warning can be ignored when running in bare mode.
2026-10-05 22:20:49.358 Thread 'MainThread': missing ScriptRunContext! This warning can be ignored when running in bare mode.
2026-10-05 22:20:49.358 Thread 'MainThread': missing ScriptRunContext! This warning can be ignored when running in bare mode.
2026-10-05 22:20:49.358 Thread 'MainThread': missing ScriptRunContext! This warning can be ignored when running in bare mode.
2026-10-05 22:20:49.358 Thread 'MainThread': missing ScriptRunContext! This warning can be ignored when running in bare mode.
2026-10-05 22:20:49.358 Thread 'MainThread': missing ScriptRunContext! This warning can be ignored when running in bare mode.
2026-10-05 22:20:49.358 Thread 'MainThread': missing ScriptRunContext! This warning can be ignored when running in bare mode.
2026-10-05 22:20:49.358 Thread 'MainThread': missing ScriptRunContext! This warning can be ignored when running in bare mode.
2026-10-05 22:20:49.358 Thread 'MainThread': missing ScriptRunContext! This warning can be ignored when running in bare mode.
2026-10-05 22:20:49.358 Thread 'MainThread': missing ScriptRunContext! This warning can be ignored when running in bare mode.
2026-10-05 22:20:49.358 Thread 'MainThread': missing ScriptRunContext! This warning can be ignored when running in bare mode.
2026-10-05 22:20:49.359 Thread 'MainThread': missing ScriptRunContext! This warning can be ignored when running in bare mode.
2026-10-05 22:20:49.359 Thread 'MainThread': missing ScriptRunContext! This warning can be ignored when running in bare mode.
2026-10-05 22:20:49.359 Thread 'MainThread': missing ScriptRunContext! This warning can be ignored when running in bare mode.
2026-10-05 22:20:49.359 Thread 'MainThread': missing ScriptRunContext! This warning can be ignored when running in bare mode.
2026-10-05 22:20:49.359 Thread 'MainThread': missing ScriptRunContext! This warning can be ignored when running in bare mode.
2026-10-05 22:20:49.359 Thread 'MainThread': missing ScriptRunContext! This warning can be ignored when running in bare mode.
2026-10-05 22:20:49.359 Thread 'MainThread': missing ScriptRunContext! This warning can be ignored when running in bare mode.
2026-10-05 22:20:49.359 Thread 'MainThread': missing ScriptRunContext! This warning can be ignored when running in bare mode.
2026-10-05 22:20:49.359 Thread 'MainThread': missing ScriptRunContext! This warning can be ignored when running in bare mode.
2026-10-05 22:20:49.359 Thread 'MainThread': missing ScriptRunContext! This warning can be ignored when running in bare mode.
2026-10-05 22:20:49.359 Thread 'MainThread': missing ScriptRunContext! This warning can be ignored when running in bare mode.
2026-10-05 22:20:49.359 Thread 'MainThread': missing ScriptRunContext! This warning can be ignored when running in bare mode.
2026-10-05 22:20:49.359 Thread 'MainThread': missing ScriptRunContext! This warning can be ignored when running in bare mode.
2026-10-05 22:20:49.359 Thread 'MainThread': missing ScriptRunContext! This warning can be ignored when running in bare mode.
2026-10-05 22:20:49.359 Thread 'MainThread': missing ScriptRunContext! This warning can be ignored when running in bare mode.
2026-10-05 22:20:49.359 Thread 'MainThread': missing ScriptRunContext! This warning can be ignored when running in bare mode.
2026-10-05 22:20:49.359 Thread 'MainThread': missing ScriptRunContext! This warning can be ignored when running in bare mode.
2026-10-05 22:20:49.359 Thread 'MainThread': missing ScriptRunContext! This warning can be ignored when running in bare mode.
2026-10-05 22:20:49.359 Thread 'MainThread': missing ScriptRunContext! This warning can be ignored when running in bare mode.
2026-10-05 22:20:49.359 Thread 'MainThread': missing ScriptRunContext! This warning can be ignored when running in bare mode.
2026-10-05 22:20:49.359 Thread 'MainThread': missing ScriptRunContext! This warning can be ignored when running in bare mode.
2026-10-05 22:20:49.359 Thread 'MainThread': missing ScriptRunContext! This warning can be ignored when running in bare mode.
2026-10-05 22:20:49.360 Thread 'MainThread': missing ScriptRunContext! This warning can be ignored when running in bare mode.
2026-10-05 22:20:49.360 Thread 'MainThread': missing ScriptRunContext! This warning can be ignored when running in bare mode.
2026-10-05 22:20:49.360 Thread 'MainThread': missing ScriptRunContext! This warning can be ignored when running in bare mode.
2026-10-05 22:20:49.360 Thread 'MainThread': missing ScriptRunContext! This warning can be ignored when running in bare mode.
2026-10-05 22:20:49.360 Thread 'MainThread': missing ScriptRunContext! This warning can be ignored when running in bare mode.
2026-10-05 22:20:49.360 Thread 'MainThread': missing ScriptRunContext! This warning can be ignored when running in bare mode.
2026-10-05 22:20:49.360 Thread 'MainThread': missing ScriptRunContext! This warning can be ignored when running in bare mode.
2026-10-05 22:20:49.360 Thread 'MainThread': missing ScriptRunContext! This warning can be ignored when running in bare mode.
2026-10-05 22:20:49.360 Thread 'MainThread': missing ScriptRunContext! This warning can be ignored when running in bare mode.
2026-10-05 22:20:49.360 Thread 'MainThread': missing ScriptRunContext! This warning can be ignored when running in bare mode.
.2026-10-05 22:20:49.375 Thread 'MainThread': missing ScriptRunContext! This warning can be ignored when running in bare mode.
2026-10-05 22:20:49.375 Thread 'MainThread': missing ScriptRunContext! This warning can be ignored when running in bare mode.
2026-10-05 22:20:49.375 Thread 'MainThread': missing ScriptRunContext! This warning can be ignored when running in bare mode.
2026-10-05 22:20:49.375 Thread 'MainThread': missing ScriptRunContext! This warning can be ignored when running in bare mode.
2026-10-05 22:20:49.375 Thread 'MainThread': missing ScriptRunContext! This warning can be ignored when running in bare mode.
2026-10-05 22:20:49.376 Thread 'MainThread': missing ScriptRunContext! This warning can be ignored when running in bare mode.
2026-10-05 22:20:49.376 Thread 'MainThread': missing ScriptRunContext! This warning can be ignored when running in bare mode.
2026-10-05 22:20:50.436 Please replace `use_container_width` with `width`.

`use_container_width` will be removed after 2025-12-31.

For `use_container_width=True`, use `width='stretch'`. For `use_container_width=False`, use `width='content'`.
2026-10-05 22:20:50.686 Please replace `use_container_width` with `width`.

`use_container_width` will be removed after 2025-12-31.

For `use_container_width=True`, use `width='stretch'`. For `use_container_width=False`, use `width='content'`.
2026-10-05 22:20:50.713 Thread 'MainThread': missing ScriptRunContext! This warning can be ignored when running in bare mode.
2026-10-05 22:20:51.073 Please replace `use_container_width` with `width`.

`use_container_width` will be removed after 2025-12-31.

For `use_container_width=True`, use `width='stretch'`. For `use_container_width=False`, use `width='content'`.
2026-10-05 22:20:51.100 Thread 'MainThread': missing ScriptRunContext! This warning can be ignored when running in bare mode.
.2026-10-05 22:20:51.564 Thread 'MainThread': missing ScriptRunContext! This warning can be ignored when running in bare mode.
2026-10-05 22:20:51.565 Thread 'MainThread': missing ScriptRunContext! This warning can be ignored when running in bare mode.
2026-10-05 22:20:51.565 Thread 'MainThread': missing ScriptRunContext! This warning can be ignored when running in bare mode.
2026-10-05 22:20:51.565 Thread 'MainThread': missing ScriptRunContext! This warning can be ignored when running in bare mode.
2026-10-05 22:20:51.565 Thread 'MainThread': missing ScriptRunContext! This warning can be ignored when running in bare mode.
2026-10-05 22:20:51.565 Thread 'MainThread': missing ScriptRunContext! This warning can be ignored when running in bare mode.
2026-10-05 22:20:51.565 Thread 'MainThread': missing ScriptRunContext! This warning can be ignored when running in bare mode.
2026-10-05 22:20:52.639 Please replace `use_container_width` with `width`.

`use_container_width` will be removed after 2025-12-31.

For `use_container_width=True`, use `width='stretch'`. For `use_container_width=False`, use `width='content'`.
2026-10-05 22:20:52.891 Please replace `use_container_width` with `width`.

`use_container_width` will be removed after 2025-12-31.

For `use_container_width=True`, use `width='stretch'`. For `use_container_width=False`, use `width='content'`.
.2026-10-05 22:20:52.905 Thread 'MainThread': missing ScriptRunContext! This warning can be ignored when running in bare mode.
2026-10-05 22:20:52.906 Thread 'MainThread': missing ScriptRunContext! This warning can be ignored when running in bare mode.
2026-10-05 22:20:52.906 Thread 'MainThread': missing ScriptRunContext! This warning can be ignored when running in bare mode.
2026-10-05 22:20:52.906 Thread 'MainThread': missing ScriptRunContext! This warning can be ignored when running in bare mode.
2026-10-05 22:20:52.906 Thread 'MainThread': missing ScriptRunContext! This warning can be ignored when running in bare mode.
2026-10-05 22:20:52.906 Thread 'MainThread': missing ScriptRunContext! This warning can be ignored when running in bare mode.
2026-10-05 22:20:52.906 Thread 'MainThread': missing ScriptRunContext! This warning can be ignored when running in bare mode.
Learning Scene validator rejected domain=spatial_dynamics reason=scene: missing fields=['assumptions', 'axes', 'bindings', 'learning_goal', 'metrics', 'objects', 'parameters', 'quantities', 'scene_id', 'scene_version', 'series', 'source_pages', 'time', 'title']; unknown fields=[]
.2026-10-05 22:20:54.316 Thread 'MainThread': missing ScriptRunContext! This warning can be ignored when running in bare mode.
2026-10-05 22:20:54.316 Thread 'MainThread': missing ScriptRunContext! This warning can be ignored when running in bare mode.
2026-10-05 22:20:54.316 Thread 'MainThread': missing ScriptRunContext! This warning can be ignored when running in bare mode.
2026-10-05 22:20:54.316 Thread 'MainThread': missing ScriptRunContext! This warning can be ignored when running in bare mode.
2026-10-05 22:20:54.316 Thread 'MainThread': missing ScriptRunContext! This warning can be ignored when running in bare mode.
2026-10-05 22:20:54.316 Thread 'MainThread': missing ScriptRunContext! This warning can be ignored when running in bare mode.
2026-10-05 22:20:54.316 Thread 'MainThread': missing ScriptRunContext! This warning can be ignored when running in bare mode.
2026-10-05 22:20:55.635 Please replace `use_container_width` with `width`.

`use_container_width` will be removed after 2025-12-31.

For `use_container_width=True`, use `width='stretch'`. For `use_container_width=False`, use `width='content'`.
.2026-10-05 22:20:55.898 Thread 'MainThread': missing ScriptRunContext! This warning can be ignored when running in bare mode.
2026-10-05 22:20:55.898 Thread 'MainThread': missing ScriptRunContext! This warning can be ignored when running in bare mode.
2026-10-05 22:20:55.898 Thread 'MainThread': missing ScriptRunContext! This warning can be ignored when running in bare mode.
2026-10-05 22:20:55.898 Thread 'MainThread': missing ScriptRunContext! This warning can be ignored when running in bare mode.
2026-10-05 22:20:55.898 Thread 'MainThread': missing ScriptRunContext! This warning can be ignored when running in bare mode.
2026-10-05 22:20:55.898 Thread 'MainThread': missing ScriptRunContext! This warning can be ignored when running in bare mode.
2026-10-05 22:20:55.898 Thread 'MainThread': missing ScriptRunContext! This warning can be ignored when running in bare mode.
2026-10-05 22:20:56.962 Please replace `use_container_width` with `width`.

`use_container_width` will be removed after 2025-12-31.

For `use_container_width=True`, use `width='stretch'`. For `use_container_width=False`, use `width='content'`.
2026-10-05 22:20:57.190 Please replace `use_container_width` with `width`.

`use_container_width` will be removed after 2025-12-31.

For `use_container_width=True`, use `width='stretch'`. For `use_container_width=False`, use `width='content'`.
2026-10-05 22:20:57.424 Please replace `use_container_width` with `width`.

`use_container_width` will be removed after 2025-12-31.

For `use_container_width=True`, use `width='stretch'`. For `use_container_width=False`, use `width='content'`.
2026-10-05 22:20:57.438 Thread 'MainThread': missing ScriptRunContext! This warning can be ignored when running in bare mode.
2026-10-05 22:20:57.439 Thread 'MainThread': missing ScriptRunContext! This warning can be ignored when running in bare mode.
2026-10-05 22:20:57.439 Thread 'MainThread': missing ScriptRunContext! This warning can be ignored when running in bare mode.
2026-10-05 22:20:57.439 Thread 'MainThread': missing ScriptRunContext! This warning can be ignored when running in bare mode.
2026-10-05 22:20:57.439 Thread 'MainThread': missing ScriptRunContext! This warning can be ignored when running in bare mode.
2026-10-05 22:20:57.439 Thread 'MainThread': missing ScriptRunContext! This warning can be ignored when running in bare mode.
2026-10-05 22:20:57.439 Thread 'MainThread': missing ScriptRunContext! This warning can be ignored when running in bare mode.
2026-10-05 22:20:57.439 Thread 'MainThread': missing ScriptRunContext! This warning can be ignored when running in bare mode.
2026-10-05 22:20:57.440 Thread 'MainThread': missing ScriptRunContext! This warning can be ignored when running in bare mode.
2026-10-05 22:20:57.440 Thread 'MainThread': missing ScriptRunContext! This warning can be ignored when running in bare mode.
2026-10-05 22:20:57.440 Thread 'MainThread': missing ScriptRunContext! This warning can be ignored when running in bare mode.
2026-10-05 22:20:57.440 Thread 'MainThread': missing ScriptRunContext! This warning can be ignored when running in bare mode.
2026-10-05 22:20:57.440 Thread 'MainThread': missing ScriptRunContext! This warning can be ignored when running in bare mode.
2026-10-05 22:20:57.440 Thread 'MainThread': missing ScriptRunContext! This warning can be ignored when running in bare mode.
2026-10-05 22:20:57.440 Thread 'MainThread': missing ScriptRunContext! This warning can be ignored when running in bare mode.
2026-10-05 22:20:57.440 Thread 'MainThread': missing ScriptRunContext! This warning can be ignored when running in bare mode.
2026-10-05 22:20:57.440 Thread 'MainThread': missing ScriptRunContext! This warning can be ignored when running in bare mode.
2026-10-05 22:20:57.440 Thread 'MainThread': missing ScriptRunContext! This warning can be ignored when running in bare mode.
2026-10-05 22:20:57.440 Thread 'MainThread': missing ScriptRunContext! This warning can be ignored when running in bare mode.
2026-10-05 22:20:57.440 Thread 'MainThread': missing ScriptRunContext! This warning can be ignored when running in bare mode.
2026-10-05 22:20:57.440 Thread 'MainThread': missing ScriptRunContext! This warning can be ignored when running in bare mode.
2026-10-05 22:20:57.440 Thread 'MainThread': missing ScriptRunContext! This warning can be ignored when running in bare mode.
2026-10-05 22:20:57.440 Thread 'MainThread': missing ScriptRunContext! This warning can be ignored when running in bare mode.
2026-10-05 22:20:57.440 Thread 'MainThread': missing ScriptRunContext! This warning can be ignored when running in bare mode.
2026-10-05 22:20:57.440 Thread 'MainThread': missing ScriptRunContext! This warning can be ignored when running in bare mode.
2026-10-05 22:20:57.440 Thread 'MainThread': missing ScriptRunContext! This warning can be ignored when running in bare mode.
2026-10-05 22:20:57.440 Thread 'MainThread': missing ScriptRunContext! This warning can be ignored when running in bare mode.
2026-10-05 22:20:57.440 Thread 'MainThread': missing ScriptRunContext! This warning can be ignored when running in bare mode.
2026-10-05 22:20:57.441 Thread 'MainThread': missing ScriptRunContext! This warning can be ignored when running in bare mode.
2026-10-05 22:20:57.441 Thread 'MainThread': missing ScriptRunContext! This warning can be ignored when running in bare mode.
2026-10-05 22:20:57.441 Thread 'MainThread': missing ScriptRunContext! This warning can be ignored when running in bare mode.
2026-10-05 22:20:57.441 Thread 'MainThread': missing ScriptRunContext! This warning can be ignored when running in bare mode.
2026-10-05 22:20:57.441 Thread 'MainThread': missing ScriptRunContext! This warning can be ignored when running in bare mode.
2026-10-05 22:20:57.441 Thread 'MainThread': missing ScriptRunContext! This warning can be ignored when running in bare mode.
2026-10-05 22:20:57.441 Thread 'MainThread': missing ScriptRunContext! This warning can be ignored when running in bare mode.
2026-10-05 22:20:57.441 Thread 'MainThread': missing ScriptRunContext! This warning can be ignored when running in bare mode.
2026-10-05 22:20:57.441 Thread 'MainThread': missing ScriptRunContext! This warning can be ignored when running in bare mode.
2026-10-05 22:20:57.441 Thread 'MainThread': missing ScriptRunContext! This warning can be ignored when running in bare mode.
2026-10-05 22:20:57.441 Thread 'MainThread': missing ScriptRunContext! This warning can be ignored when running in bare mode.
2026-10-05 22:20:57.441 Thread 'MainThread': missing ScriptRunContext! This warning can be ignored when running in bare mode.
2026-10-05 22:20:57.441 Thread 'MainThread': missing ScriptRunContext! This warning can be ignored when running in bare mode.
2026-10-05 22:20:57.441 Thread 'MainThread': missing ScriptRunContext! This warning can be ignored when running in bare mode.
2026-10-05 22:20:57.441 Thread 'MainThread': missing ScriptRunContext! This warning can be ignored when running in bare mode.
2026-10-05 22:20:57.441 Thread 'MainThread': missing ScriptRunContext! This warning can be ignored when running in bare mode.
.......2026-10-05 22:20:59.033 Thread 'MainThread': missing ScriptRunContext! This warning can be ignored when running in bare mode.
2026-10-05 22:20:59.036 Thread 'MainThread': missing ScriptRunContext! This warning can be ignored when running in bare mode.
2026-10-05 22:20:59.036 Thread 'MainThread': missing ScriptRunContext! This warning can be ignored when running in bare mode.
2026-10-05 22:20:59.037 Thread 'MainThread': missing ScriptRunContext! This warning can be ignored when running in bare mode.
2026-10-05 22:20:59.037 Thread 'MainThread': missing ScriptRunContext! This warning can be ignored when running in bare mode.
2026-10-05 22:20:59.037 Thread 'MainThread': missing ScriptRunContext! This warning can be ignored when running in bare mode.
2026-10-05 22:20:59.037 Thread 'MainThread': missing ScriptRunContext! This warning can be ignored when running in bare mode.
2026-10-05 22:20:59.037 Thread 'MainThread': missing ScriptRunContext! This warning can be ignored when running in bare mode.
2026-10-05 22:20:59.037 Thread 'MainThread': missing ScriptRunContext! This warning can be ignored when running in bare mode.
2026-10-05 22:20:59.037 Thread 'MainThread': missing ScriptRunContext! This warning can be ignored when running in bare mode.
2026-10-05 22:20:59.037 Thread 'MainThread': missing ScriptRunContext! This warning can be ignored when running in bare mode.
2026-10-05 22:20:59.037 Thread 'MainThread': missing ScriptRunContext! This warning can be ignored when running in bare mode.
2026-10-05 22:20:59.037 Thread 'MainThread': missing ScriptRunContext! This warning can be ignored when running in bare mode.
2026-10-05 22:20:59.037 Thread 'MainThread': missing ScriptRunContext! This warning can be ignored when running in bare mode.
2026-10-05 22:20:59.037 Thread 'MainThread': missing ScriptRunContext! This warning can be ignored when running in bare mode.
2026-10-05 22:20:59.037 Thread 'MainThread': missing ScriptRunContext! This warning can be ignored when running in bare mode.
2026-10-05 22:20:59.037 Thread 'MainThread': missing ScriptRunContext! This warning can be ignored when running in bare mode.
2026-10-05 22:20:59.037 Thread 'MainThread': missing ScriptRunContext! This warning can be ignored when running in bare mode.
2026-10-05 22:20:59.038 Thread 'MainThread': missing ScriptRunContext! This warning can be ignored when running in bare mode.
2026-10-05 22:20:59.038 Thread 'MainThread': missing ScriptRunContext! This warning can be ignored when running in bare mode.
2026-10-05 22:20:59.038 Thread 'MainThread': missing ScriptRunContext! This warning can be ignored when running in bare mode.
2026-10-05 22:20:59.038 Thread 'MainThread': missing ScriptRunContext! This warning can be ignored when running in bare mode.
2026-10-05 22:20:59.038 Thread 'MainThread': missing ScriptRunContext! This warning can be ignored when running in bare mode.
2026-10-05 22:20:59.038 Thread 'MainThread': missing ScriptRunContext! This warning can be ignored when running in bare mode.
2026-10-05 22:20:59.038 Thread 'MainThread': missing ScriptRunContext! This warning can be ignored when running in bare mode.
2026-10-05 22:20:59.038 Thread 'MainThread': missing ScriptRunContext! This warning can be ignored when running in bare mode.
2026-10-05 22:20:59.038 Thread 'MainThread': missing ScriptRunContext! This warning can be ignored when running in bare mode.
2026-10-05 22:20:59.038 Thread 'MainThread': missing ScriptRunContext! This warning can be ignored when running in bare mode.
2026-10-05 22:20:59.038 Thread 'MainThread': missing ScriptRunContext! This warning can be ignored when running in bare mode.
2026-10-05 22:20:59.038 Thread 'MainThread': missing ScriptRunContext! This warning can be ignored when running in bare mode.
2026-10-05 22:20:59.038 Thread 'MainThread': missing ScriptRunContext! This warning can be ignored when running in bare mode.
2026-10-05 22:20:59.038 Thread 'MainThread': missing ScriptRunContext! This warning can be ignored when running in bare mode.
2026-10-05 22:20:59.038 Thread 'MainThread': missing ScriptRunContext! This warning can be ignored when running in bare mode.
2026-10-05 22:20:59.039 Thread 'MainThread': missing ScriptRunContext! This warning can be ignored when running in bare mode.
2026-10-05 22:20:59.039 Thread 'MainThread': missing ScriptRunContext! This warning can be ignored when running in bare mode.
2026-10-05 22:20:59.039 Thread 'MainThread': missing ScriptRunContext! This warning can be ignored when running in bare mode.
2026-10-05 22:20:59.039 Thread 'MainThread': missing ScriptRunContext! This warning can be ignored when running in bare mode.
2026-10-05 22:20:59.039 Thread 'MainThread': missing ScriptRunContext! This warning can be ignored when running in bare mode.
2026-10-05 22:20:59.039 Thread 'MainThread': missing ScriptRunContext! This warning can be ignored when running in bare mode.
2026-10-05 22:20:59.039 Thread 'MainThread': missing ScriptRunContext! This warning can be ignored when running in bare mode.
2026-10-05 22:20:59.039 Thread 'MainThread': missing ScriptRunContext! This warning can be ignored when running in bare mode.
2026-10-05 22:20:59.039 Thread 'MainThread': missing ScriptRunContext! This warning can be ignored when running in bare mode.
2026-10-05 22:20:59.039 Thread 'MainThread': missing ScriptRunContext! This warning can be ignored when running in bare mode.
2026-10-05 22:20:59.039 Thread 'MainThread': missing ScriptRunContext! This warning can be ignored when running in bare mode.
.......2026-10-05 22:20:59.869 Thread 'MainThread': missing ScriptRunContext! This warning can be ignored when running in bare mode.
2026-10-05 22:20:59.870 Thread 'MainThread': missing ScriptRunContext! This warning can be ignored when running in bare mode.
2026-10-05 22:20:59.870 Thread 'MainThread': missing ScriptRunContext! This warning can be ignored when running in bare mode.
2026-10-05 22:20:59.870 Thread 'MainThread': missing ScriptRunContext! This warning can be ignored when running in bare mode.
2026-10-05 22:20:59.870 Thread 'MainThread': missing ScriptRunContext! This warning can be ignored when running in bare mode.
2026-10-05 22:20:59.870 Thread 'MainThread': missing ScriptRunContext! This warning can be ignored when running in bare mode.
2026-10-05 22:20:59.870 Thread 'MainThread': missing ScriptRunContext! This warning can be ignored when running in bare mode.
2026-10-05 22:21:00.957 Please replace `use_container_width` with `width`.

`use_container_width` will be removed after 2025-12-31.

For `use_container_width=True`, use `width='stretch'`. For `use_container_width=False`, use `width='content'`.
2026-10-05 22:21:01.204 Please replace `use_container_width` with `width`.

`use_container_width` will be removed after 2025-12-31.

For `use_container_width=True`, use `width='stretch'`. For `use_container_width=False`, use `width='content'`.
2026-10-05 22:21:01.496 Please replace `use_container_width` with `width`.

`use_container_width` will be removed after 2025-12-31.

For `use_container_width=True`, use `width='stretch'`. For `use_container_width=False`, use `width='content'`.
2026-10-05 22:21:01.518 Thread 'MainThread': missing ScriptRunContext! This warning can be ignored when running in bare mode.
2026-10-05 22:21:01.523 Thread 'MainThread': missing ScriptRunContext! This warning can be ignored when running in bare mode.
2026-10-05 22:21:01.523 Thread 'MainThread': missing ScriptRunContext! This warning can be ignored when running in bare mode.
2026-10-05 22:21:01.523 Thread 'MainThread': missing ScriptRunContext! This warning can be ignored when running in bare mode.
2026-10-05 22:21:01.523 Thread 'MainThread': missing ScriptRunContext! This warning can be ignored when running in bare mode.
2026-10-05 22:21:01.523 Thread 'MainThread': missing ScriptRunContext! This warning can be ignored when running in bare mode.
2026-10-05 22:21:01.523 Thread 'MainThread': missing ScriptRunContext! This warning can be ignored when running in bare mode.
2026-10-05 22:21:01.524 Thread 'MainThread': missing ScriptRunContext! This warning can be ignored when running in bare mode.
2026-10-05 22:21:01.524 Thread 'MainThread': missing ScriptRunContext! This warning can be ignored when running in bare mode.
2026-10-05 22:21:01.524 Thread 'MainThread': missing ScriptRunContext! This warning can be ignored when running in bare mode.
2026-10-05 22:21:01.524 Thread 'MainThread': missing ScriptRunContext! This warning can be ignored when running in bare mode.
2026-10-05 22:21:01.524 Thread 'MainThread': missing ScriptRunContext! This warning can be ignored when running in bare mode.
2026-10-05 22:21:01.524 Thread 'MainThread': missing ScriptRunContext! This warning can be ignored when running in bare mode.
2026-10-05 22:21:01.524 Thread 'MainThread': missing ScriptRunContext! This warning can be ignored when running in bare mode.
2026-10-05 22:21:01.524 Thread 'MainThread': missing ScriptRunContext! This warning can be ignored when running in bare mode.
2026-10-05 22:21:01.524 Thread 'MainThread': missing ScriptRunContext! This warning can be ignored when running in bare mode.
2026-10-05 22:21:01.524 Thread 'MainThread': missing ScriptRunContext! This warning can be ignored when running in bare mode.
2026-10-05 22:21:01.524 Thread 'MainThread': missing ScriptRunContext! This warning can be ignored when running in bare mode.
2026-10-05 22:21:01.524 Thread 'MainThread': missing ScriptRunContext! This warning can be ignored when running in bare mode.
2026-10-05 22:21:01.524 Thread 'MainThread': missing ScriptRunContext! This warning can be ignored when running in bare mode.
2026-10-05 22:21:01.524 Thread 'MainThread': missing ScriptRunContext! This warning can be ignored when running in bare mode.
2026-10-05 22:21:01.524 Thread 'MainThread': missing ScriptRunContext! This warning can be ignored when running in bare mode.
2026-10-05 22:21:01.524 Thread 'MainThread': missing ScriptRunContext! This warning can be ignored when running in bare mode.
2026-10-05 22:21:01.524 Thread 'MainThread': missing ScriptRunContext! This warning can be ignored when running in bare mode.
2026-10-05 22:21:01.524 Thread 'MainThread': missing ScriptRunContext! This warning can be ignored when running in bare mode.
2026-10-05 22:21:01.524 Thread 'MainThread': missing ScriptRunContext! This warning can be ignored when running in bare mode.
2026-10-05 22:21:01.525 Thread 'MainThread': missing ScriptRunContext! This warning can be ignored when running in bare mode.
2026-10-05 22:21:01.525 Thread 'MainThread': missing ScriptRunContext! This warning can be ignored when running in bare mode.
2026-10-05 22:21:01.525 Thread 'MainThread': missing ScriptRunContext! This warning can be ignored when running in bare mode.
2026-10-05 22:21:01.525 Thread 'MainThread': missing ScriptRunContext! This warning can be ignored when running in bare mode.
2026-10-05 22:21:01.525 Thread 'MainThread': missing ScriptRunContext! This warning can be ignored when running in bare mode.
2026-10-05 22:21:01.525 Thread 'MainThread': missing ScriptRunContext! This warning can be ignored when running in bare mode.
2026-10-05 22:21:01.525 Thread 'MainThread': missing ScriptRunContext! This warning can be ignored when running in bare mode.
2026-10-05 22:21:01.525 Thread 'MainThread': missing ScriptRunContext! This warning can be ignored when running in bare mode.
2026-10-05 22:21:01.525 Thread 'MainThread': missing ScriptRunContext! This warning can be ignored when running in bare mode.
2026-10-05 22:21:01.525 Thread 'MainThread': missing ScriptRunContext! This warning can be ignored when running in bare mode.
2026-10-05 22:21:01.525 Thread 'MainThread': missing ScriptRunContext! This warning can be ignored when running in bare mode.
2026-10-05 22:21:01.525 Thread 'MainThread': missing ScriptRunContext! This warning can be ignored when running in bare mode.
2026-10-05 22:21:01.525 Thread 'MainThread': missing ScriptRunContext! This warning can be ignored when running in bare mode.
2026-10-05 22:21:01.525 Thread 'MainThread': missing ScriptRunContext! This warning can be ignored when running in bare mode.
2026-10-05 22:21:01.525 Thread 'MainThread': missing ScriptRunContext! This warning can be ignored when running in bare mode.
2026-10-05 22:21:01.525 Thread 'MainThread': missing ScriptRunContext! This warning can be ignored when running in bare mode.
2026-10-05 22:21:01.525 Thread 'MainThread': missing ScriptRunContext! This warning can be ignored when running in bare mode.
2026-10-05 22:21:01.526 Thread 'MainThread': missing ScriptRunContext! This warning can be ignored when running in bare mode.
.2026-10-05 22:21:01.534 Thread 'MainThread': missing ScriptRunContext! This warning can be ignored when running in bare mode.
2026-10-05 22:21:01.534 Thread 'MainThread': missing ScriptRunContext! This warning can be ignored when running in bare mode.
2026-10-05 22:21:01.534 Thread 'MainThread': missing ScriptRunContext! This warning can be ignored when running in bare mode.
2026-10-05 22:21:01.534 Thread 'MainThread': missing ScriptRunContext! This warning can be ignored when running in bare mode.
2026-10-05 22:21:01.534 Thread 'MainThread': missing ScriptRunContext! This warning can be ignored when running in bare mode.
2026-10-05 22:21:01.535 Thread 'MainThread': missing ScriptRunContext! This warning can be ignored when running in bare mode.
2026-10-05 22:21:01.535 Thread 'MainThread': missing ScriptRunContext! This warning can be ignored when running in bare mode.
.2026-10-05 22:21:02.683 Thread 'MainThread': missing ScriptRunContext! This warning can be ignored when running in bare mode.
2026-10-05 22:21:02.683 Thread 'MainThread': missing ScriptRunContext! This warning can be ignored when running in bare mode.
2026-10-05 22:21:02.683 Thread 'MainThread': missing ScriptRunContext! This warning can be ignored when running in bare mode.
2026-10-05 22:21:02.683 Thread 'MainThread': missing ScriptRunContext! This warning can be ignored when running in bare mode.
2026-10-05 22:21:02.683 Thread 'MainThread': missing ScriptRunContext! This warning can be ignored when running in bare mode.
2026-10-05 22:21:02.683 Thread 'MainThread': missing ScriptRunContext! This warning can be ignored when running in bare mode.
2026-10-05 22:21:02.683 Thread 'MainThread': missing ScriptRunContext! This warning can be ignored when running in bare mode.
2026-10-05 22:21:03.701 Please replace `use_container_width` with `width`.

`use_container_width` will be removed after 2025-12-31.

For `use_container_width=True`, use `width='stretch'`. For `use_container_width=False`, use `width='content'`.
2026-10-05 22:21:03.713 Thread 'MainThread': missing ScriptRunContext! This warning can be ignored when running in bare mode.
2026-10-05 22:21:03.715 Thread 'MainThread': missing ScriptRunContext! This warning can be ignored when running in bare mode.
2026-10-05 22:21:03.716 Thread 'MainThread': missing ScriptRunContext! This warning can be ignored when running in bare mode.
2026-10-05 22:21:03.716 Thread 'MainThread': missing ScriptRunContext! This warning can be ignored when running in bare mode.
2026-10-05 22:21:03.716 Thread 'MainThread': missing ScriptRunContext! This warning can be ignored when running in bare mode.
2026-10-05 22:21:03.716 Thread 'MainThread': missing ScriptRunContext! This warning can be ignored when running in bare mode.
2026-10-05 22:21:03.716 Thread 'MainThread': missing ScriptRunContext! This warning can be ignored when running in bare mode.
2026-10-05 22:21:03.716 Thread 'MainThread': missing ScriptRunContext! This warning can be ignored when running in bare mode.
2026-10-05 22:21:03.716 Thread 'MainThread': missing ScriptRunContext! This warning can be ignored when running in bare mode.
2026-10-05 22:21:03.716 Thread 'MainThread': missing ScriptRunContext! This warning can be ignored when running in bare mode.
2026-10-05 22:21:03.716 Thread 'MainThread': missing ScriptRunContext! This warning can be ignored when running in bare mode.
2026-10-05 22:21:03.716 Thread 'MainThread': missing ScriptRunContext! This warning can be ignored when running in bare mode.
2026-10-05 22:21:03.716 Thread 'MainThread': missing ScriptRunContext! This warning can be ignored when running in bare mode.
2026-10-05 22:21:03.716 Thread 'MainThread': missing ScriptRunContext! This warning can be ignored when running in bare mode.
2026-10-05 22:21:03.716 Thread 'MainThread': missing ScriptRunContext! This warning can be ignored when running in bare mode.
2026-10-05 22:21:03.716 Thread 'MainThread': missing ScriptRunContext! This warning can be ignored when running in bare mode.
2026-10-05 22:21:03.716 Thread 'MainThread': missing ScriptRunContext! This warning can be ignored when running in bare mode.
2026-10-05 22:21:03.716 Thread 'MainThread': missing ScriptRunContext! This warning can be ignored when running in bare mode.
2026-10-05 22:21:03.716 Thread 'MainThread': missing ScriptRunContext! This warning can be ignored when running in bare mode.
2026-10-05 22:21:03.717 Thread 'MainThread': missing ScriptRunContext! This warning can be ignored when running in bare mode.
2026-10-05 22:21:03.717 Thread 'MainThread': missing ScriptRunContext! This warning can be ignored when running in bare mode.
2026-10-05 22:21:03.717 Thread 'MainThread': missing ScriptRunContext! This warning can be ignored when running in bare mode.
2026-10-05 22:21:03.717 Thread 'MainThread': missing ScriptRunContext! This warning can be ignored when running in bare mode.
2026-10-05 22:21:03.717 Thread 'MainThread': missing ScriptRunContext! This warning can be ignored when running in bare mode.
2026-10-05 22:21:03.717 Thread 'MainThread': missing ScriptRunContext! This warning can be ignored when running in bare mode.
2026-10-05 22:21:03.717 Thread 'MainThread': missing ScriptRunContext! This warning can be ignored when running in bare mode.
2026-10-05 22:21:03.717 Thread 'MainThread': missing ScriptRunContext! This warning can be ignored when running in bare mode.
2026-10-05 22:21:03.717 Thread 'MainThread': missing ScriptRunContext! This warning can be ignored when running in bare mode.
2026-10-05 22:21:03.717 Thread 'MainThread': missing ScriptRunContext! This warning can be ignored when running in bare mode.
2026-10-05 22:21:03.717 Thread 'MainThread': missing ScriptRunContext! This warning can be ignored when running in bare mode.
2026-10-05 22:21:03.717 Thread 'MainThread': missing ScriptRunContext! This warning can be ignored when running in bare mode.
2026-10-05 22:21:03.717 Thread 'MainThread': missing ScriptRunContext! This warning can be ignored when running in bare mode.
2026-10-05 22:21:03.717 Thread 'MainThread': missing ScriptRunContext! This warning can be ignored when running in bare mode.
2026-10-05 22:21:03.717 Thread 'MainThread': missing ScriptRunContext! This warning can be ignored when running in bare mode.
2026-10-05 22:21:03.717 Thread 'MainThread': missing ScriptRunContext! This warning can be ignored when running in bare mode.
2026-10-05 22:21:03.717 Thread 'MainThread': missing ScriptRunContext! This warning can be ignored when running in bare mode.
2026-10-05 22:21:03.717 Thread 'MainThread': missing ScriptRunContext! This warning can be ignored when running in bare mode.
2026-10-05 22:21:03.717 Thread 'MainThread': missing ScriptRunContext! This warning can be ignored when running in bare mode.
2026-10-05 22:21:03.717 Thread 'MainThread': missing ScriptRunContext! This warning can be ignored when running in bare mode.
2026-10-05 22:21:03.718 Thread 'MainThread': missing ScriptRunContext! This warning can be ignored when running in bare mode.
2026-10-05 22:21:03.718 Thread 'MainThread': missing ScriptRunContext! This warning can be ignored when running in bare mode.
2026-10-05 22:21:03.718 Thread 'MainThread': missing ScriptRunContext! This warning can be ignored when running in bare mode.
2026-10-05 22:21:03.718 Thread 'MainThread': missing ScriptRunContext! This warning can be ignored when running in bare mode.
2026-10-05 22:21:03.718 Thread 'MainThread': missing ScriptRunContext! This warning can be ignored when running in bare mode.
.2026-10-05 22:21:03.729 Thread 'MainThread': missing ScriptRunContext! This warning can be ignored when running in bare mode.
2026-10-05 22:21:03.729 Thread 'MainThread': missing ScriptRunContext! This warning can be ignored when running in bare mode.
2026-10-05 22:21:03.729 Thread 'MainThread': missing ScriptRunContext! This warning can be ignored when running in bare mode.
2026-10-05 22:21:03.729 Thread 'MainThread': missing ScriptRunContext! This warning can be ignored when running in bare mode.
2026-10-05 22:21:03.729 Thread 'MainThread': missing ScriptRunContext! This warning can be ignored when running in bare mode.
2026-10-05 22:21:03.729 Thread 'MainThread': missing ScriptRunContext! This warning can be ignored when running in bare mode.
2026-10-05 22:21:03.730 Thread 'MainThread': missing ScriptRunContext! This warning can be ignored when running in bare mode.
2026-10-05 22:21:03.730 Thread 'MainThread': missing ScriptRunContext! This warning can be ignored when running in bare mode.
2026-10-05 22:21:03.730 Thread 'MainThread': missing ScriptRunContext! This warning can be ignored when running in bare mode.
2026-10-05 22:21:04.684 Please replace `use_container_width` with `width`.

`use_container_width` will be removed after 2025-12-31.

For `use_container_width=True`, use `width='stretch'`. For `use_container_width=False`, use `width='content'`.
..2026-10-05 22:21:04.812 Thread 'MainThread': missing ScriptRunContext! This warning can be ignored when running in bare mode.
2026-10-05 22:21:04.813 Thread 'MainThread': missing ScriptRunContext! This warning can be ignored when running in bare mode.
2026-10-05 22:21:04.813 Thread 'MainThread': missing ScriptRunContext! This warning can be ignored when running in bare mode.
2026-10-05 22:21:04.813 Thread 'MainThread': missing ScriptRunContext! This warning can be ignored when running in bare mode.
2026-10-05 22:21:04.813 Thread 'MainThread': missing ScriptRunContext! This warning can be ignored when running in bare mode.
2026-10-05 22:21:04.813 Thread 'MainThread': missing ScriptRunContext! This warning can be ignored when running in bare mode.
2026-10-05 22:21:04.813 Thread 'MainThread': missing ScriptRunContext! This warning can be ignored when running in bare mode.
2026-10-05 22:21:04.813 Thread 'MainThread': missing ScriptRunContext! This warning can be ignored when running in bare mode.
2026-10-05 22:21:04.813 Thread 'MainThread': missing ScriptRunContext! This warning can be ignored when running in bare mode.
2026-10-05 22:21:04.813 Thread 'MainThread': missing ScriptRunContext! This warning can be ignored when running in bare mode.
2026-10-05 22:21:04.813 Thread 'MainThread': missing ScriptRunContext! This warning can be ignored when running in bare mode.
2026-10-05 22:21:04.813 Thread 'MainThread': missing ScriptRunContext! This warning can be ignored when running in bare mode.
2026-10-05 22:21:04.813 Thread 'MainThread': missing ScriptRunContext! This warning can be ignored when running in bare mode.
2026-10-05 22:21:04.813 Thread 'MainThread': missing ScriptRunContext! This warning can be ignored when running in bare mode.
2026-10-05 22:21:04.813 Thread 'MainThread': missing ScriptRunContext! This warning can be ignored when running in bare mode.
2026-10-05 22:21:04.813 Thread 'MainThread': missing ScriptRunContext! This warning can be ignored when running in bare mode.
2026-10-05 22:21:04.813 Thread 'MainThread': missing ScriptRunContext! This warning can be ignored when running in bare mode.
2026-10-05 22:21:04.814 Thread 'MainThread': missing ScriptRunContext! This warning can be ignored when running in bare mode.
2026-10-05 22:21:04.814 Thread 'MainThread': missing ScriptRunContext! This warning can be ignored when running in bare mode.
2026-10-05 22:21:04.814 Thread 'MainThread': missing ScriptRunContext! This warning can be ignored when running in bare mode.
2026-10-05 22:21:04.814 Thread 'MainThread': missing ScriptRunContext! This warning can be ignored when running in bare mode.
2026-10-05 22:21:04.814 Thread 'MainThread': missing ScriptRunContext! This warning can be ignored when running in bare mode.
2026-10-05 22:21:04.814 Thread 'MainThread': missing ScriptRunContext! This warning can be ignored when running in bare mode.
2026-10-05 22:21:04.814 Thread 'MainThread': missing ScriptRunContext! This warning can be ignored when running in bare mode.
2026-10-05 22:21:04.814 Thread 'MainThread': missing ScriptRunContext! This warning can be ignored when running in bare mode.
2026-10-05 22:21:04.814 Thread 'MainThread': missing ScriptRunContext! This warning can be ignored when running in bare mode.
2026-10-05 22:21:04.814 Thread 'MainThread': missing ScriptRunContext! This warning can be ignored when running in bare mode.
2026-10-05 22:21:04.814 Thread 'MainThread': missing ScriptRunContext! This warning can be ignored when running in bare mode.
2026-10-05 22:21:04.814 Thread 'MainThread': missing ScriptRunContext! This warning can be ignored when running in bare mode.
2026-10-05 22:21:04.814 Thread 'MainThread': missing ScriptRunContext! This warning can be ignored when running in bare mode.
2026-10-05 22:21:04.814 Thread 'MainThread': missing ScriptRunContext! This warning can be ignored when running in bare mode.
2026-10-05 22:21:04.814 Thread 'MainThread': missing ScriptRunContext! This warning can be ignored when running in bare mode.
2026-10-05 22:21:04.814 Thread 'MainThread': missing ScriptRunContext! This warning can be ignored when running in bare mode.
2026-10-05 22:21:04.814 Thread 'MainThread': missing ScriptRunContext! This warning can be ignored when running in bare mode.
2026-10-05 22:21:04.814 Thread 'MainThread': missing ScriptRunContext! This warning can be ignored when running in bare mode.
2026-10-05 22:21:04.814 Thread 'MainThread': missing ScriptRunContext! This warning can be ignored when running in bare mode.
2026-10-05 22:21:04.814 Thread 'MainThread': missing ScriptRunContext! This warning can be ignored when running in bare mode.
2026-10-05 22:21:04.814 Thread 'MainThread': missing ScriptRunContext! This warning can be ignored when running in bare mode.
2026-10-05 22:21:04.815 Thread 'MainThread': missing ScriptRunContext! This warning can be ignored when running in bare mode.
2026-10-05 22:21:04.815 Thread 'MainThread': missing ScriptRunContext! This warning can be ignored when running in bare mode.
2026-10-05 22:21:04.815 Thread 'MainThread': missing ScriptRunContext! This warning can be ignored when running in bare mode.
2026-10-05 22:21:04.815 Thread 'MainThread': missing ScriptRunContext! This warning can be ignored when running in bare mode.
2026-10-05 22:21:04.815 Thread 'MainThread': missing ScriptRunContext! This warning can be ignored when running in bare mode.
2026-10-05 22:21:04.815 Thread 'MainThread': missing ScriptRunContext! This warning can be ignored when running in bare mode.
...........2026-10-05 22:21:05.656 Thread 'MainThread': missing ScriptRunContext! This warning can be ignored when running in bare mode.
2026-10-05 22:21:05.657 Thread 'MainThread': missing ScriptRunContext! This warning can be ignored when running in bare mode.
2026-10-05 22:21:05.657 Thread 'MainThread': missing ScriptRunContext! This warning can be ignored when running in bare mode.
2026-10-05 22:21:05.657 Thread 'MainThread': missing ScriptRunContext! This warning can be ignored when running in bare mode.
2026-10-05 22:21:05.657 Thread 'MainThread': missing ScriptRunContext! This warning can be ignored when running in bare mode.
2026-10-05 22:21:05.657 Thread 'MainThread': missing ScriptRunContext! This warning can be ignored when running in bare mode.
2026-10-05 22:21:05.657 Thread 'MainThread': missing ScriptRunContext! This warning can be ignored when running in bare mode.
2026-10-05 22:21:05.657 Thread 'MainThread': missing ScriptRunContext! This warning can be ignored when running in bare mode.
2026-10-05 22:21:05.658 Thread 'MainThread': missing ScriptRunContext! This warning can be ignored when running in bare mode.
2026-10-05 22:21:05.658 Thread 'MainThread': missing ScriptRunContext! This warning can be ignored when running in bare mode.
2026-10-05 22:21:05.658 Thread 'MainThread': missing ScriptRunContext! This warning can be ignored when running in bare mode.
2026-10-05 22:21:05.658 Thread 'MainThread': missing ScriptRunContext! This warning can be ignored when running in bare mode.
2026-10-05 22:21:05.658 Thread 'MainThread': missing ScriptRunContext! This warning can be ignored when running in bare mode.
2026-10-05 22:21:05.658 Thread 'MainThread': missing ScriptRunContext! This warning can be ignored when running in bare mode.
2026-10-05 22:21:05.658 Thread 'MainThread': missing ScriptRunContext! This warning can be ignored when running in bare mode.
2026-10-05 22:21:05.658 Thread 'MainThread': missing ScriptRunContext! This warning can be ignored when running in bare mode.
2026-10-05 22:21:05.658 Thread 'MainThread': missing ScriptRunContext! This warning can be ignored when running in bare mode.
2026-10-05 22:21:05.658 Thread 'MainThread': missing ScriptRunContext! This warning can be ignored when running in bare mode.
2026-10-05 22:21:05.658 Thread 'MainThread': missing ScriptRunContext! This warning can be ignored when running in bare mode.
2026-10-05 22:21:05.658 Thread 'MainThread': missing ScriptRunContext! This warning can be ignored when running in bare mode.
2026-10-05 22:21:05.658 Thread 'MainThread': missing ScriptRunContext! This warning can be ignored when running in bare mode.
2026-10-05 22:21:05.658 Thread 'MainThread': missing ScriptRunContext! This warning can be ignored when running in bare mode.
2026-10-05 22:21:05.658 Thread 'MainThread': missing ScriptRunContext! This warning can be ignored when running in bare mode.
2026-10-05 22:21:05.658 Thread 'MainThread': missing ScriptRunContext! This warning can be ignored when running in bare mode.
2026-10-05 22:21:05.658 Thread 'MainThread': missing ScriptRunContext! This warning can be ignored when running in bare mode.
2026-10-05 22:21:05.658 Thread 'MainThread': missing ScriptRunContext! This warning can be ignored when running in bare mode.
2026-10-05 22:21:05.658 Thread 'MainThread': missing ScriptRunContext! This warning can be ignored when running in bare mode.
2026-10-05 22:21:05.658 Thread 'MainThread': missing ScriptRunContext! This warning can be ignored when running in bare mode.
2026-10-05 22:21:05.658 Thread 'MainThread': missing ScriptRunContext! This warning can be ignored when running in bare mode.
2026-10-05 22:21:05.659 Thread 'MainThread': missing ScriptRunContext! This warning can be ignored when running in bare mode.
2026-10-05 22:21:05.659 Thread 'MainThread': missing ScriptRunContext! This warning can be ignored when running in bare mode.
2026-10-05 22:21:05.659 Thread 'MainThread': missing ScriptRunContext! This warning can be ignored when running in bare mode.
2026-10-05 22:21:05.659 Thread 'MainThread': missing ScriptRunContext! This warning can be ignored when running in bare mode.
2026-10-05 22:21:05.659 Thread 'MainThread': missing ScriptRunContext! This warning can be ignored when running in bare mode.
2026-10-05 22:21:05.659 Thread 'MainThread': missing ScriptRunContext! This warning can be ignored when running in bare mode.
2026-10-05 22:21:05.659 Thread 'MainThread': missing ScriptRunContext! This warning can be ignored when running in bare mode.
2026-10-05 22:21:05.659 Thread 'MainThread': missing ScriptRunContext! This warning can be ignored when running in bare mode.
2026-10-05 22:21:05.659 Thread 'MainThread': missing ScriptRunContext! This warning can be ignored when running in bare mode.
2026-10-05 22:21:05.659 Thread 'MainThread': missing ScriptRunContext! This warning can be ignored when running in bare mode.
2026-10-05 22:21:05.659 Thread 'MainThread': missing ScriptRunContext! This warning can be ignored when running in bare mode.
2026-10-05 22:21:05.659 Thread 'MainThread': missing ScriptRunContext! This warning can be ignored when running in bare mode.
2026-10-05 22:21:05.659 Thread 'MainThread': missing ScriptRunContext! This warning can be ignored when running in bare mode.
2026-10-05 22:21:05.659 Thread 'MainThread': missing ScriptRunContext! This warning can be ignored when running in bare mode.
2026-10-05 22:21:05.659 Thread 'MainThread': missing ScriptRunContext! This warning can be ignored when running in bare mode.
2026-10-05 22:21:05.667 Thread 'MainThread': missing ScriptRunContext! This warning can be ignored when running in bare mode.
2026-10-05 22:21:05.675 Thread 'MainThread': missing ScriptRunContext! This warning can be ignored when running in bare mode.
2026-10-05 22:21:05.681 Thread 'MainThread': missing ScriptRunContext! This warning can be ignored when running in bare mode.
2026-10-05 22:21:05.681 Thread 'MainThread': missing ScriptRunContext! This warning can be ignored when running in bare mode.
..........2026-10-05 22:21:07.120 Thread 'MainThread': missing ScriptRunContext! This warning can be ignored when running in bare mode.
2026-10-05 22:21:07.120 Thread 'MainThread': missing ScriptRunContext! This warning can be ignored when running in bare mode.
2026-10-05 22:21:07.120 Thread 'MainThread': missing ScriptRunContext! This warning can be ignored when running in bare mode.
2026-10-05 22:21:07.120 Thread 'MainThread': missing ScriptRunContext! This warning can be ignored when running in bare mode.
2026-10-05 22:21:07.120 Thread 'MainThread': missing ScriptRunContext! This warning can be ignored when running in bare mode.
2026-10-05 22:21:07.120 Thread 'MainThread': missing ScriptRunContext! This warning can be ignored when running in bare mode.
2026-10-05 22:21:07.120 Thread 'MainThread': missing ScriptRunContext! This warning can be ignored when running in bare mode.
2026-10-05 22:21:08.143 Please replace `use_container_width` with `width`.

`use_container_width` will be removed after 2025-12-31.

For `use_container_width=True`, use `width='stretch'`. For `use_container_width=False`, use `width='content'`.
2026-10-05 22:21:08.510 Please replace `use_container_width` with `width`.

`use_container_width` will be removed after 2025-12-31.

For `use_container_width=True`, use `width='stretch'`. For `use_container_width=False`, use `width='content'`.
2026-10-05 22:21:08.808 Please replace `use_container_width` with `width`.

`use_container_width` will be removed after 2025-12-31.

For `use_container_width=True`, use `width='stretch'`. For `use_container_width=False`, use `width='content'`.
.
----------------------------------------------------------------------
Ran 211 tests in 99.767s

OK
