2026-10-03 00:19:37.282 Thread 'MainThread': missing ScriptRunContext! This warning can be ignored when running in bare mode.
2026-10-03 00:19:41.623 Thread 'MainThread': missing ScriptRunContext! This warning can be ignored when running in bare mode.
2026-10-03 00:19:41.663 Thread 'MainThread': missing ScriptRunContext! This warning can be ignored when running in bare mode.
Targeted regression repair: 69 cases
2026-10-03 00:19:42.533 Thread 'MainThread': missing ScriptRunContext! This warning can be ignored when running in bare mode.
2026-10-03 00:19:42.534 Thread 'MainThread': missing ScriptRunContext! This warning can be ignored when running in bare mode.
2026-10-03 00:19:42.535 Thread 'MainThread': missing ScriptRunContext! This warning can be ignored when running in bare mode.
2026-10-03 00:19:42.535 Thread 'MainThread': missing ScriptRunContext! This warning can be ignored when running in bare mode.
2026-10-03 00:19:42.535 Thread 'MainThread': missing ScriptRunContext! This warning can be ignored when running in bare mode.
2026-10-03 00:19:42.537 Thread 'MainThread': missing ScriptRunContext! This warning can be ignored when running in bare mode.
2026-10-03 00:19:42.537 Thread 'MainThread': missing ScriptRunContext! This warning can be ignored when running in bare mode.
.2026-10-03 00:19:45.313 Thread 'MainThread': missing ScriptRunContext! This warning can be ignored when running in bare mode.
2026-10-03 00:19:45.313 Thread 'MainThread': missing ScriptRunContext! This warning can be ignored when running in bare mode.
2026-10-03 00:19:45.313 Thread 'MainThread': missing ScriptRunContext! This warning can be ignored when running in bare mode.
2026-10-03 00:19:45.313 Thread 'MainThread': missing ScriptRunContext! This warning can be ignored when running in bare mode.
2026-10-03 00:19:45.313 Thread 'MainThread': missing ScriptRunContext! This warning can be ignored when running in bare mode.
2026-10-03 00:19:45.313 Thread 'MainThread': missing ScriptRunContext! This warning can be ignored when running in bare mode.
2026-10-03 00:19:45.313 Thread 'MainThread': missing ScriptRunContext! This warning can be ignored when running in bare mode.
.2026-10-03 00:19:50.031 Thread 'MainThread': missing ScriptRunContext! This warning can be ignored when running in bare mode.
2026-10-03 00:19:50.031 Thread 'MainThread': missing ScriptRunContext! This warning can be ignored when running in bare mode.
2026-10-03 00:19:50.031 Thread 'MainThread': missing ScriptRunContext! This warning can be ignored when running in bare mode.
2026-10-03 00:19:50.031 Thread 'MainThread': missing ScriptRunContext! This warning can be ignored when running in bare mode.
2026-10-03 00:19:50.031 Thread 'MainThread': missing ScriptRunContext! This warning can be ignored when running in bare mode.
2026-10-03 00:19:50.031 Thread 'MainThread': missing ScriptRunContext! This warning can be ignored when running in bare mode.
2026-10-03 00:19:50.031 Thread 'MainThread': missing ScriptRunContext! This warning can be ignored when running in bare mode.
2026-10-03 00:19:50.636 Please replace `use_container_width` with `width`.

`use_container_width` will be removed after 2025-12-31.

For `use_container_width=True`, use `width='stretch'`. For `use_container_width=False`, use `width='content'`.
2026-10-03 00:19:50.846 Please replace `use_container_width` with `width`.

`use_container_width` will be removed after 2025-12-31.

For `use_container_width=True`, use `width='stretch'`. For `use_container_width=False`, use `width='content'`.
.2026-10-03 00:19:50.858 Thread 'MainThread': missing ScriptRunContext! This warning can be ignored when running in bare mode.
2026-10-03 00:19:50.858 Thread 'MainThread': missing ScriptRunContext! This warning can be ignored when running in bare mode.
2026-10-03 00:19:50.858 Thread 'MainThread': missing ScriptRunContext! This warning can be ignored when running in bare mode.
2026-10-03 00:19:50.858 Thread 'MainThread': missing ScriptRunContext! This warning can be ignored when running in bare mode.
2026-10-03 00:19:50.858 Thread 'MainThread': missing ScriptRunContext! This warning can be ignored when running in bare mode.
2026-10-03 00:19:50.858 Thread 'MainThread': missing ScriptRunContext! This warning can be ignored when running in bare mode.
2026-10-03 00:19:50.858 Thread 'MainThread': missing ScriptRunContext! This warning can be ignored when running in bare mode.
2026-10-03 00:19:51.579 Thread 'MainThread': missing ScriptRunContext! This warning can be ignored when running in bare mode.
2026-10-03 00:19:51.579 Thread 'MainThread': missing ScriptRunContext! This warning can be ignored when running in bare mode.
2026-10-03 00:19:51.579 Thread 'MainThread': missing ScriptRunContext! This warning can be ignored when running in bare mode.
2026-10-03 00:19:51.579 Thread 'MainThread': missing ScriptRunContext! This warning can be ignored when running in bare mode.
.2026-10-03 00:19:52.340 Thread 'MainThread': missing ScriptRunContext! This warning can be ignored when running in bare mode.
2026-10-03 00:19:52.340 Thread 'MainThread': missing ScriptRunContext! This warning can be ignored when running in bare mode.
2026-10-03 00:19:52.341 Thread 'MainThread': missing ScriptRunContext! This warning can be ignored when running in bare mode.
2026-10-03 00:19:52.341 Thread 'MainThread': missing ScriptRunContext! This warning can be ignored when running in bare mode.
2026-10-03 00:19:52.341 Thread 'MainThread': missing ScriptRunContext! This warning can be ignored when running in bare mode.
2026-10-03 00:19:52.341 Thread 'MainThread': missing ScriptRunContext! This warning can be ignored when running in bare mode.
2026-10-03 00:19:52.341 Thread 'MainThread': missing ScriptRunContext! This warning can be ignored when running in bare mode.
.2026-10-03 00:19:56.454 Thread 'MainThread': missing ScriptRunContext! This warning can be ignored when running in bare mode.
2026-10-03 00:19:56.454 Thread 'MainThread': missing ScriptRunContext! This warning can be ignored when running in bare mode.
2026-10-03 00:19:56.454 Thread 'MainThread': missing ScriptRunContext! This warning can be ignored when running in bare mode.
2026-10-03 00:19:56.455 Thread 'MainThread': missing ScriptRunContext! This warning can be ignored when running in bare mode.
2026-10-03 00:19:56.455 Thread 'MainThread': missing ScriptRunContext! This warning can be ignored when running in bare mode.
2026-10-03 00:19:56.455 Thread 'MainThread': missing ScriptRunContext! This warning can be ignored when running in bare mode.
2026-10-03 00:19:56.455 Thread 'MainThread': missing ScriptRunContext! This warning can be ignored when running in bare mode.
.2026-10-03 00:19:57.970 Thread 'MainThread': missing ScriptRunContext! This warning can be ignored when running in bare mode.
2026-10-03 00:19:57.970 Thread 'MainThread': missing ScriptRunContext! This warning can be ignored when running in bare mode.
2026-10-03 00:19:57.970 Thread 'MainThread': missing ScriptRunContext! This warning can be ignored when running in bare mode.
2026-10-03 00:19:57.970 Thread 'MainThread': missing ScriptRunContext! This warning can be ignored when running in bare mode.
2026-10-03 00:19:57.970 Thread 'MainThread': missing ScriptRunContext! This warning can be ignored when running in bare mode.
2026-10-03 00:19:57.970 Thread 'MainThread': missing ScriptRunContext! This warning can be ignored when running in bare mode.
2026-10-03 00:19:57.971 Thread 'MainThread': missing ScriptRunContext! This warning can be ignored when running in bare mode.
2026-10-03 00:19:59.170 Thread 'MainThread': missing ScriptRunContext! This warning can be ignored when running in bare mode.
.2026-10-03 00:19:59.422 Thread 'MainThread': missing ScriptRunContext! This warning can be ignored when running in bare mode.
2026-10-03 00:19:59.423 Thread 'MainThread': missing ScriptRunContext! This warning can be ignored when running in bare mode.
2026-10-03 00:19:59.423 Thread 'MainThread': missing ScriptRunContext! This warning can be ignored when running in bare mode.
2026-10-03 00:19:59.423 Thread 'MainThread': missing ScriptRunContext! This warning can be ignored when running in bare mode.
2026-10-03 00:19:59.423 Thread 'MainThread': missing ScriptRunContext! This warning can be ignored when running in bare mode.
2026-10-03 00:19:59.423 Thread 'MainThread': missing ScriptRunContext! This warning can be ignored when running in bare mode.
2026-10-03 00:19:59.423 Thread 'MainThread': missing ScriptRunContext! This warning can be ignored when running in bare mode.
.2026-10-03 00:20:01.616 Thread 'MainThread': missing ScriptRunContext! This warning can be ignored when running in bare mode.
2026-10-03 00:20:01.616 Thread 'MainThread': missing ScriptRunContext! This warning can be ignored when running in bare mode.
2026-10-03 00:20:01.616 Thread 'MainThread': missing ScriptRunContext! This warning can be ignored when running in bare mode.
2026-10-03 00:20:01.616 Thread 'MainThread': missing ScriptRunContext! This warning can be ignored when running in bare mode.
2026-10-03 00:20:01.616 Thread 'MainThread': missing ScriptRunContext! This warning can be ignored when running in bare mode.
2026-10-03 00:20:01.616 Thread 'MainThread': missing ScriptRunContext! This warning can be ignored when running in bare mode.
2026-10-03 00:20:01.616 Thread 'MainThread': missing ScriptRunContext! This warning can be ignored when running in bare mode.
.2026-10-03 00:20:02.626 Thread 'MainThread': missing ScriptRunContext! This warning can be ignored when running in bare mode.
2026-10-03 00:20:02.626 Thread 'MainThread': missing ScriptRunContext! This warning can be ignored when running in bare mode.
2026-10-03 00:20:02.627 Thread 'MainThread': missing ScriptRunContext! This warning can be ignored when running in bare mode.
2026-10-03 00:20:02.627 Thread 'MainThread': missing ScriptRunContext! This warning can be ignored when running in bare mode.
2026-10-03 00:20:02.627 Thread 'MainThread': missing ScriptRunContext! This warning can be ignored when running in bare mode.
2026-10-03 00:20:02.627 Thread 'MainThread': missing ScriptRunContext! This warning can be ignored when running in bare mode.
2026-10-03 00:20:02.627 Thread 'MainThread': missing ScriptRunContext! This warning can be ignored when running in bare mode.
2026-10-03 00:20:03.695 Please replace `use_container_width` with `width`.

`use_container_width` will be removed after 2025-12-31.

For `use_container_width=True`, use `width='stretch'`. For `use_container_width=False`, use `width='content'`.
2026-10-03 00:20:03.981 Please replace `use_container_width` with `width`.

`use_container_width` will be removed after 2025-12-31.

For `use_container_width=True`, use `width='stretch'`. For `use_container_width=False`, use `width='content'`.
2026-10-03 00:20:04.192 Please replace `use_container_width` with `width`.

`use_container_width` will be removed after 2025-12-31.

For `use_container_width=True`, use `width='stretch'`. For `use_container_width=False`, use `width='content'`.
2026-10-03 00:20:04.430 Please replace `use_container_width` with `width`.

`use_container_width` will be removed after 2025-12-31.

For `use_container_width=True`, use `width='stretch'`. For `use_container_width=False`, use `width='content'`.
2026-10-03 00:20:04.668 Please replace `use_container_width` with `width`.

`use_container_width` will be removed after 2025-12-31.

For `use_container_width=True`, use `width='stretch'`. For `use_container_width=False`, use `width='content'`.
.2026-10-03 00:20:04.881 Thread 'MainThread': missing ScriptRunContext! This warning can be ignored when running in bare mode.
2026-10-03 00:20:04.881 Thread 'MainThread': missing ScriptRunContext! This warning can be ignored when running in bare mode.
2026-10-03 00:20:04.881 Thread 'MainThread': missing ScriptRunContext! This warning can be ignored when running in bare mode.
2026-10-03 00:20:04.881 Thread 'MainThread': missing ScriptRunContext! This warning can be ignored when running in bare mode.
2026-10-03 00:20:04.881 Thread 'MainThread': missing ScriptRunContext! This warning can be ignored when running in bare mode.
2026-10-03 00:20:04.881 Thread 'MainThread': missing ScriptRunContext! This warning can be ignored when running in bare mode.
2026-10-03 00:20:04.881 Thread 'MainThread': missing ScriptRunContext! This warning can be ignored when running in bare mode.
2026-10-03 00:20:05.629 Please replace `use_container_width` with `width`.

`use_container_width` will be removed after 2025-12-31.

For `use_container_width=True`, use `width='stretch'`. For `use_container_width=False`, use `width='content'`.
2026-10-03 00:20:05.891 Please replace `use_container_width` with `width`.

`use_container_width` will be removed after 2025-12-31.

For `use_container_width=True`, use `width='stretch'`. For `use_container_width=False`, use `width='content'`.
2026-10-03 00:20:05.901 Thread 'MainThread': missing ScriptRunContext! This warning can be ignored when running in bare mode.
2026-10-03 00:20:05.901 Thread 'MainThread': missing ScriptRunContext! This warning can be ignored when running in bare mode.
2026-10-03 00:20:05.901 Thread 'MainThread': missing ScriptRunContext! This warning can be ignored when running in bare mode.
2026-10-03 00:20:05.901 Thread 'MainThread': missing ScriptRunContext! This warning can be ignored when running in bare mode.
2026-10-03 00:20:05.901 Thread 'MainThread': missing ScriptRunContext! This warning can be ignored when running in bare mode.
2026-10-03 00:20:05.901 Thread 'MainThread': missing ScriptRunContext! This warning can be ignored when running in bare mode.
2026-10-03 00:20:06.131 Please replace `use_container_width` with `width`.

`use_container_width` will be removed after 2025-12-31.

For `use_container_width=True`, use `width='stretch'`. For `use_container_width=False`, use `width='content'`.
2026-10-03 00:20:07.600 Please replace `use_container_width` with `width`.

`use_container_width` will be removed after 2025-12-31.

For `use_container_width=True`, use `width='stretch'`. For `use_container_width=False`, use `width='content'`.
2026-10-03 00:20:08.526 Please replace `use_container_width` with `width`.

`use_container_width` will be removed after 2025-12-31.

For `use_container_width=True`, use `width='stretch'`. For `use_container_width=False`, use `width='content'`.
2026-10-03 00:20:09.176 Please replace `use_container_width` with `width`.

`use_container_width` will be removed after 2025-12-31.

For `use_container_width=True`, use `width='stretch'`. For `use_container_width=False`, use `width='content'`.
2026-10-03 00:20:10.195 Please replace `use_container_width` with `width`.

`use_container_width` will be removed after 2025-12-31.

For `use_container_width=True`, use `width='stretch'`. For `use_container_width=False`, use `width='content'`.
2026-10-03 00:20:10.227 Please replace `use_container_width` with `width`.

`use_container_width` will be removed after 2025-12-31.

For `use_container_width=True`, use `width='stretch'`. For `use_container_width=False`, use `width='content'`.
2026-10-03 00:20:10.449 Please replace `use_container_width` with `width`.

`use_container_width` will be removed after 2025-12-31.

For `use_container_width=True`, use `width='stretch'`. For `use_container_width=False`, use `width='content'`.
2026-10-03 00:20:10.485 Please replace `use_container_width` with `width`.

`use_container_width` will be removed after 2025-12-31.

For `use_container_width=True`, use `width='stretch'`. For `use_container_width=False`, use `width='content'`.
2026-10-03 00:20:10.709 Please replace `use_container_width` with `width`.

`use_container_width` will be removed after 2025-12-31.

For `use_container_width=True`, use `width='stretch'`. For `use_container_width=False`, use `width='content'`.
2026-10-03 00:20:10.741 Please replace `use_container_width` with `width`.

`use_container_width` will be removed after 2025-12-31.

For `use_container_width=True`, use `width='stretch'`. For `use_container_width=False`, use `width='content'`.
2026-10-03 00:20:10.967 Please replace `use_container_width` with `width`.

`use_container_width` will be removed after 2025-12-31.

For `use_container_width=True`, use `width='stretch'`. For `use_container_width=False`, use `width='content'`.
2026-10-03 00:20:11.004 Please replace `use_container_width` with `width`.

`use_container_width` will be removed after 2025-12-31.

For `use_container_width=True`, use `width='stretch'`. For `use_container_width=False`, use `width='content'`.
.2026-10-03 00:20:11.015 Thread 'MainThread': missing ScriptRunContext! This warning can be ignored when running in bare mode.
2026-10-03 00:20:11.015 Thread 'MainThread': missing ScriptRunContext! This warning can be ignored when running in bare mode.
2026-10-03 00:20:11.015 Thread 'MainThread': missing ScriptRunContext! This warning can be ignored when running in bare mode.
2026-10-03 00:20:11.015 Thread 'MainThread': missing ScriptRunContext! This warning can be ignored when running in bare mode.
2026-10-03 00:20:11.015 Thread 'MainThread': missing ScriptRunContext! This warning can be ignored when running in bare mode.
2026-10-03 00:20:11.015 Thread 'MainThread': missing ScriptRunContext! This warning can be ignored when running in bare mode.
2026-10-03 00:20:11.015 Thread 'MainThread': missing ScriptRunContext! This warning can be ignored when running in bare mode.
2026-10-03 00:20:11.720 Please replace `use_container_width` with `width`.

`use_container_width` will be removed after 2025-12-31.

For `use_container_width=True`, use `width='stretch'`. For `use_container_width=False`, use `width='content'`.
2026-10-03 00:20:11.937 Please replace `use_container_width` with `width`.

`use_container_width` will be removed after 2025-12-31.

For `use_container_width=True`, use `width='stretch'`. For `use_container_width=False`, use `width='content'`.
2026-10-03 00:20:12.493 Thread 'MainThread': missing ScriptRunContext! This warning can be ignored when running in bare mode.
2026-10-03 00:20:12.493 Thread 'MainThread': missing ScriptRunContext! This warning can be ignored when running in bare mode.
2026-10-03 00:20:12.493 Thread 'MainThread': missing ScriptRunContext! This warning can be ignored when running in bare mode.
2026-10-03 00:20:12.493 Thread 'MainThread': missing ScriptRunContext! This warning can be ignored when running in bare mode.
2026-10-03 00:20:12.493 Thread 'MainThread': missing ScriptRunContext! This warning can be ignored when running in bare mode.
2026-10-03 00:20:12.493 Thread 'MainThread': missing ScriptRunContext! This warning can be ignored when running in bare mode.
2026-10-03 00:20:12.493 Thread 'MainThread': missing ScriptRunContext! This warning can be ignored when running in bare mode.
2026-10-03 00:20:13.160 Please replace `use_container_width` with `width`.

`use_container_width` will be removed after 2025-12-31.

For `use_container_width=True`, use `width='stretch'`. For `use_container_width=False`, use `width='content'`.
2026-10-03 00:20:13.378 Please replace `use_container_width` with `width`.

`use_container_width` will be removed after 2025-12-31.

For `use_container_width=True`, use `width='stretch'`. For `use_container_width=False`, use `width='content'`.
2026-10-03 00:20:14.293 Thread 'MainThread': missing ScriptRunContext! This warning can be ignored when running in bare mode.
2026-10-03 00:20:14.293 Thread 'MainThread': missing ScriptRunContext! This warning can be ignored when running in bare mode.
2026-10-03 00:20:14.293 Thread 'MainThread': missing ScriptRunContext! This warning can be ignored when running in bare mode.
2026-10-03 00:20:14.293 Thread 'MainThread': missing ScriptRunContext! This warning can be ignored when running in bare mode.
2026-10-03 00:20:14.293 Thread 'MainThread': missing ScriptRunContext! This warning can be ignored when running in bare mode.
2026-10-03 00:20:14.293 Thread 'MainThread': missing ScriptRunContext! This warning can be ignored when running in bare mode.
2026-10-03 00:20:14.294 Thread 'MainThread': missing ScriptRunContext! This warning can be ignored when running in bare mode.
2026-10-03 00:20:14.900 Please replace `use_container_width` with `width`.

`use_container_width` will be removed after 2025-12-31.

For `use_container_width=True`, use `width='stretch'`. For `use_container_width=False`, use `width='content'`.
2026-10-03 00:20:15.093 Please replace `use_container_width` with `width`.

`use_container_width` will be removed after 2025-12-31.

For `use_container_width=True`, use `width='stretch'`. For `use_container_width=False`, use `width='content'`.
.2026-10-03 00:20:15.813 Thread 'MainThread': missing ScriptRunContext! This warning can be ignored when running in bare mode.
2026-10-03 00:20:15.813 Thread 'MainThread': missing ScriptRunContext! This warning can be ignored when running in bare mode.
2026-10-03 00:20:15.813 Thread 'MainThread': missing ScriptRunContext! This warning can be ignored when running in bare mode.
2026-10-03 00:20:15.813 Thread 'MainThread': missing ScriptRunContext! This warning can be ignored when running in bare mode.
2026-10-03 00:20:15.813 Thread 'MainThread': missing ScriptRunContext! This warning can be ignored when running in bare mode.
2026-10-03 00:20:15.813 Thread 'MainThread': missing ScriptRunContext! This warning can be ignored when running in bare mode.
2026-10-03 00:20:15.813 Thread 'MainThread': missing ScriptRunContext! This warning can be ignored when running in bare mode.
2026-10-03 00:20:16.520 Please replace `use_container_width` with `width`.

`use_container_width` will be removed after 2025-12-31.

For `use_container_width=True`, use `width='stretch'`. For `use_container_width=False`, use `width='content'`.
2026-10-03 00:20:17.414 Please replace `use_container_width` with `width`.

`use_container_width` will be removed after 2025-12-31.

For `use_container_width=True`, use `width='stretch'`. For `use_container_width=False`, use `width='content'`.
2026-10-03 00:20:18.409 Please replace `use_container_width` with `width`.

`use_container_width` will be removed after 2025-12-31.

For `use_container_width=True`, use `width='stretch'`. For `use_container_width=False`, use `width='content'`.
2026-10-03 00:20:19.463 Please replace `use_container_width` with `width`.

`use_container_width` will be removed after 2025-12-31.

For `use_container_width=True`, use `width='stretch'`. For `use_container_width=False`, use `width='content'`.
2026-10-03 00:20:21.099 Please replace `use_container_width` with `width`.

`use_container_width` will be removed after 2025-12-31.

For `use_container_width=True`, use `width='stretch'`. For `use_container_width=False`, use `width='content'`.
2026-10-03 00:20:23.079 Please replace `use_container_width` with `width`.

`use_container_width` will be removed after 2025-12-31.

For `use_container_width=True`, use `width='stretch'`. For `use_container_width=False`, use `width='content'`.
2026-10-03 00:20:26.308 Please replace `use_container_width` with `width`.

`use_container_width` will be removed after 2025-12-31.

For `use_container_width=True`, use `width='stretch'`. For `use_container_width=False`, use `width='content'`.
2026-10-03 00:20:27.397 Please replace `use_container_width` with `width`.

`use_container_width` will be removed after 2025-12-31.

For `use_container_width=True`, use `width='stretch'`. For `use_container_width=False`, use `width='content'`.
.2026-10-03 00:20:28.221 Thread 'MainThread': missing ScriptRunContext! This warning can be ignored when running in bare mode.
2026-10-03 00:20:28.221 Thread 'MainThread': missing ScriptRunContext! This warning can be ignored when running in bare mode.
2026-10-03 00:20:28.221 Thread 'MainThread': missing ScriptRunContext! This warning can be ignored when running in bare mode.
2026-10-03 00:20:28.221 Thread 'MainThread': missing ScriptRunContext! This warning can be ignored when running in bare mode.
2026-10-03 00:20:28.221 Thread 'MainThread': missing ScriptRunContext! This warning can be ignored when running in bare mode.
2026-10-03 00:20:28.221 Thread 'MainThread': missing ScriptRunContext! This warning can be ignored when running in bare mode.
2026-10-03 00:20:28.221 Thread 'MainThread': missing ScriptRunContext! This warning can be ignored when running in bare mode.
2026-10-03 00:20:28.837 Please replace `use_container_width` with `width`.

`use_container_width` will be removed after 2025-12-31.

For `use_container_width=True`, use `width='stretch'`. For `use_container_width=False`, use `width='content'`.
2026-10-03 00:20:29.042 Please replace `use_container_width` with `width`.

`use_container_width` will be removed after 2025-12-31.

For `use_container_width=True`, use `width='stretch'`. For `use_container_width=False`, use `width='content'`.
2026-10-03 00:20:29.889 Please replace `use_container_width` with `width`.

`use_container_width` will be removed after 2025-12-31.

For `use_container_width=True`, use `width='stretch'`. For `use_container_width=False`, use `width='content'`.
2026-10-03 00:20:29.921 Please replace `use_container_width` with `width`.

`use_container_width` will be removed after 2025-12-31.

For `use_container_width=True`, use `width='stretch'`. For `use_container_width=False`, use `width='content'`.
2026-10-03 00:20:30.144 Please replace `use_container_width` with `width`.

`use_container_width` will be removed after 2025-12-31.

For `use_container_width=True`, use `width='stretch'`. For `use_container_width=False`, use `width='content'`.
2026-10-03 00:20:30.159 Thread 'MainThread': missing ScriptRunContext! This warning can be ignored when running in bare mode.
2026-10-03 00:20:30.654 Please replace `use_container_width` with `width`.

`use_container_width` will be removed after 2025-12-31.

For `use_container_width=True`, use `width='stretch'`. For `use_container_width=False`, use `width='content'`.
.2026-10-03 00:20:30.667 Thread 'MainThread': missing ScriptRunContext! This warning can be ignored when running in bare mode.
2026-10-03 00:20:30.667 Thread 'MainThread': missing ScriptRunContext! This warning can be ignored when running in bare mode.
2026-10-03 00:20:30.667 Thread 'MainThread': missing ScriptRunContext! This warning can be ignored when running in bare mode.
2026-10-03 00:20:30.667 Thread 'MainThread': missing ScriptRunContext! This warning can be ignored when running in bare mode.
2026-10-03 00:20:30.667 Thread 'MainThread': missing ScriptRunContext! This warning can be ignored when running in bare mode.
2026-10-03 00:20:30.667 Thread 'MainThread': missing ScriptRunContext! This warning can be ignored when running in bare mode.
2026-10-03 00:20:30.667 Thread 'MainThread': missing ScriptRunContext! This warning can be ignored when running in bare mode.
2026-10-03 00:20:31.510 Please replace `use_container_width` with `width`.

`use_container_width` will be removed after 2025-12-31.

For `use_container_width=True`, use `width='stretch'`. For `use_container_width=False`, use `width='content'`.
2026-10-03 00:20:31.513 Please replace `use_container_width` with `width`.

`use_container_width` will be removed after 2025-12-31.

For `use_container_width=True`, use `width='stretch'`. For `use_container_width=False`, use `width='content'`.
2026-10-03 00:20:31.529 Please replace `use_container_width` with `width`.

`use_container_width` will be removed after 2025-12-31.

For `use_container_width=True`, use `width='stretch'`. For `use_container_width=False`, use `width='content'`.
2026-10-03 00:20:31.745 Please replace `use_container_width` with `width`.

`use_container_width` will be removed after 2025-12-31.

For `use_container_width=True`, use `width='stretch'`. For `use_container_width=False`, use `width='content'`.
2026-10-03 00:20:31.749 Please replace `use_container_width` with `width`.

`use_container_width` will be removed after 2025-12-31.

For `use_container_width=True`, use `width='stretch'`. For `use_container_width=False`, use `width='content'`.
2026-10-03 00:20:31.769 Please replace `use_container_width` with `width`.

`use_container_width` will be removed after 2025-12-31.

For `use_container_width=True`, use `width='stretch'`. For `use_container_width=False`, use `width='content'`.
2026-10-03 00:20:32.075 Please replace `use_container_width` with `width`.

`use_container_width` will be removed after 2025-12-31.

For `use_container_width=True`, use `width='stretch'`. For `use_container_width=False`, use `width='content'`.
2026-10-03 00:20:32.079 Please replace `use_container_width` with `width`.

`use_container_width` will be removed after 2025-12-31.

For `use_container_width=True`, use `width='stretch'`. For `use_container_width=False`, use `width='content'`.
2026-10-03 00:20:32.096 Please replace `use_container_width` with `width`.

`use_container_width` will be removed after 2025-12-31.

For `use_container_width=True`, use `width='stretch'`. For `use_container_width=False`, use `width='content'`.
2026-10-03 00:20:32.372 Please replace `use_container_width` with `width`.

`use_container_width` will be removed after 2025-12-31.

For `use_container_width=True`, use `width='stretch'`. For `use_container_width=False`, use `width='content'`.
2026-10-03 00:20:32.596 Please replace `use_container_width` with `width`.

`use_container_width` will be removed after 2025-12-31.

For `use_container_width=True`, use `width='stretch'`. For `use_container_width=False`, use `width='content'`.
2026-10-03 00:20:32.799 Please replace `use_container_width` with `width`.

`use_container_width` will be removed after 2025-12-31.

For `use_container_width=True`, use `width='stretch'`. For `use_container_width=False`, use `width='content'`.
2026-10-03 00:20:32.802 Please replace `use_container_width` with `width`.

`use_container_width` will be removed after 2025-12-31.

For `use_container_width=True`, use `width='stretch'`. For `use_container_width=False`, use `width='content'`.
2026-10-03 00:20:32.821 Please replace `use_container_width` with `width`.

`use_container_width` will be removed after 2025-12-31.

For `use_container_width=True`, use `width='stretch'`. For `use_container_width=False`, use `width='content'`.
2026-10-03 00:20:33.110 Please replace `use_container_width` with `width`.

`use_container_width` will be removed after 2025-12-31.

For `use_container_width=True`, use `width='stretch'`. For `use_container_width=False`, use `width='content'`.
2026-10-03 00:20:33.115 Please replace `use_container_width` with `width`.

`use_container_width` will be removed after 2025-12-31.

For `use_container_width=True`, use `width='stretch'`. For `use_container_width=False`, use `width='content'`.
2026-10-03 00:20:33.148 Please replace `use_container_width` with `width`.

`use_container_width` will be removed after 2025-12-31.

For `use_container_width=True`, use `width='stretch'`. For `use_container_width=False`, use `width='content'`.
2026-10-03 00:20:33.418 Please replace `use_container_width` with `width`.

`use_container_width` will be removed after 2025-12-31.

For `use_container_width=True`, use `width='stretch'`. For `use_container_width=False`, use `width='content'`.
2026-10-03 00:20:33.421 Please replace `use_container_width` with `width`.

`use_container_width` will be removed after 2025-12-31.

For `use_container_width=True`, use `width='stretch'`. For `use_container_width=False`, use `width='content'`.
2026-10-03 00:20:33.440 Please replace `use_container_width` with `width`.

`use_container_width` will be removed after 2025-12-31.

For `use_container_width=True`, use `width='stretch'`. For `use_container_width=False`, use `width='content'`.
2026-10-03 00:20:33.640 Please replace `use_container_width` with `width`.

`use_container_width` will be removed after 2025-12-31.

For `use_container_width=True`, use `width='stretch'`. For `use_container_width=False`, use `width='content'`.
2026-10-03 00:20:33.643 Please replace `use_container_width` with `width`.

`use_container_width` will be removed after 2025-12-31.

For `use_container_width=True`, use `width='stretch'`. For `use_container_width=False`, use `width='content'`.
2026-10-03 00:20:33.850 Please replace `use_container_width` with `width`.

`use_container_width` will be removed after 2025-12-31.

For `use_container_width=True`, use `width='stretch'`. For `use_container_width=False`, use `width='content'`.
.2026-10-03 00:20:33.867 Thread 'MainThread': missing ScriptRunContext! This warning can be ignored when running in bare mode.
2026-10-03 00:20:33.867 Thread 'MainThread': missing ScriptRunContext! This warning can be ignored when running in bare mode.
2026-10-03 00:20:33.867 Thread 'MainThread': missing ScriptRunContext! This warning can be ignored when running in bare mode.
2026-10-03 00:20:33.867 Thread 'MainThread': missing ScriptRunContext! This warning can be ignored when running in bare mode.
2026-10-03 00:20:33.867 Thread 'MainThread': missing ScriptRunContext! This warning can be ignored when running in bare mode.
2026-10-03 00:20:33.867 Thread 'MainThread': missing ScriptRunContext! This warning can be ignored when running in bare mode.
2026-10-03 00:20:33.868 Thread 'MainThread': missing ScriptRunContext! This warning can be ignored when running in bare mode.
Learning Scene validator rejected domain=probability_sets reason=Unsupported Learning Scene version or domain.
.2026-10-03 00:20:34.967 Thread 'MainThread': missing ScriptRunContext! This warning can be ignored when running in bare mode.
2026-10-03 00:20:34.967 Thread 'MainThread': missing ScriptRunContext! This warning can be ignored when running in bare mode.
2026-10-03 00:20:34.967 Thread 'MainThread': missing ScriptRunContext! This warning can be ignored when running in bare mode.
2026-10-03 00:20:34.967 Thread 'MainThread': missing ScriptRunContext! This warning can be ignored when running in bare mode.
2026-10-03 00:20:34.967 Thread 'MainThread': missing ScriptRunContext! This warning can be ignored when running in bare mode.
2026-10-03 00:20:34.967 Thread 'MainThread': missing ScriptRunContext! This warning can be ignored when running in bare mode.
2026-10-03 00:20:34.967 Thread 'MainThread': missing ScriptRunContext! This warning can be ignored when running in bare mode.
2026-10-03 00:20:36.062 Please replace `use_container_width` with `width`.

`use_container_width` will be removed after 2025-12-31.

For `use_container_width=True`, use `width='stretch'`. For `use_container_width=False`, use `width='content'`.
2026-10-03 00:20:36.408 Please replace `use_container_width` with `width`.

`use_container_width` will be removed after 2025-12-31.

For `use_container_width=True`, use `width='stretch'`. For `use_container_width=False`, use `width='content'`.
.2026-10-03 00:20:36.439 Thread 'MainThread': missing ScriptRunContext! This warning can be ignored when running in bare mode.
2026-10-03 00:20:36.439 Thread 'MainThread': missing ScriptRunContext! This warning can be ignored when running in bare mode.
2026-10-03 00:20:36.439 Thread 'MainThread': missing ScriptRunContext! This warning can be ignored when running in bare mode.
2026-10-03 00:20:36.439 Thread 'MainThread': missing ScriptRunContext! This warning can be ignored when running in bare mode.
2026-10-03 00:20:36.439 Thread 'MainThread': missing ScriptRunContext! This warning can be ignored when running in bare mode.
2026-10-03 00:20:36.439 Thread 'MainThread': missing ScriptRunContext! This warning can be ignored when running in bare mode.
2026-10-03 00:20:36.440 Thread 'MainThread': missing ScriptRunContext! This warning can be ignored when running in bare mode.
2026-10-03 00:20:37.492 Please replace `use_container_width` with `width`.

`use_container_width` will be removed after 2025-12-31.

For `use_container_width=True`, use `width='stretch'`. For `use_container_width=False`, use `width='content'`.
2026-10-03 00:20:37.744 Please replace `use_container_width` with `width`.

`use_container_width` will be removed after 2025-12-31.

For `use_container_width=True`, use `width='stretch'`. For `use_container_width=False`, use `width='content'`.
2026-10-03 00:20:38.004 Please replace `use_container_width` with `width`.

`use_container_width` will be removed after 2025-12-31.

For `use_container_width=True`, use `width='stretch'`. For `use_container_width=False`, use `width='content'`.
2026-10-03 00:20:38.344 Please replace `use_container_width` with `width`.

`use_container_width` will be removed after 2025-12-31.

For `use_container_width=True`, use `width='stretch'`. For `use_container_width=False`, use `width='content'`.
2026-10-03 00:20:38.605 Please replace `use_container_width` with `width`.

`use_container_width` will be removed after 2025-12-31.

For `use_container_width=True`, use `width='stretch'`. For `use_container_width=False`, use `width='content'`.
2026-10-03 00:20:38.845 Please replace `use_container_width` with `width`.

`use_container_width` will be removed after 2025-12-31.

For `use_container_width=True`, use `width='stretch'`. For `use_container_width=False`, use `width='content'`.
2026-10-03 00:20:39.249 Please replace `use_container_width` with `width`.

`use_container_width` will be removed after 2025-12-31.

For `use_container_width=True`, use `width='stretch'`. For `use_container_width=False`, use `width='content'`.
2026-10-03 00:20:39.521 Please replace `use_container_width` with `width`.

`use_container_width` will be removed after 2025-12-31.

For `use_container_width=True`, use `width='stretch'`. For `use_container_width=False`, use `width='content'`.
2026-10-03 00:20:39.908 Please replace `use_container_width` with `width`.

`use_container_width` will be removed after 2025-12-31.

For `use_container_width=True`, use `width='stretch'`. For `use_container_width=False`, use `width='content'`.
2026-10-03 00:20:40.206 Please replace `use_container_width` with `width`.

`use_container_width` will be removed after 2025-12-31.

For `use_container_width=True`, use `width='stretch'`. For `use_container_width=False`, use `width='content'`.
2026-10-03 00:20:40.224 Thread 'MainThread': missing ScriptRunContext! This warning can be ignored when running in bare mode.
2026-10-03 00:20:40.224 Session state does not function when running a script without `streamlit run`
2026-10-03 00:20:40.226 Thread 'MainThread': missing ScriptRunContext! This warning can be ignored when running in bare mode.
2026-10-03 00:20:40.226 Thread 'MainThread': missing ScriptRunContext! This warning can be ignored when running in bare mode.
2026-10-03 00:20:40.226 Thread 'MainThread': missing ScriptRunContext! This warning can be ignored when running in bare mode.
2026-10-03 00:20:40.226 Thread 'MainThread': missing ScriptRunContext! This warning can be ignored when running in bare mode.
2026-10-03 00:20:40.226 Thread 'MainThread': missing ScriptRunContext! This warning can be ignored when running in bare mode.
2026-10-03 00:20:40.226 Thread 'MainThread': missing ScriptRunContext! This warning can be ignored when running in bare mode.
2026-10-03 00:20:40.226 Thread 'MainThread': missing ScriptRunContext! This warning can be ignored when running in bare mode.
2026-10-03 00:20:40.226 Thread 'MainThread': missing ScriptRunContext! This warning can be ignored when running in bare mode.
2026-10-03 00:20:40.227 Thread 'MainThread': missing ScriptRunContext! This warning can be ignored when running in bare mode.
2026-10-03 00:20:40.227 Thread 'MainThread': missing ScriptRunContext! This warning can be ignored when running in bare mode.
2026-10-03 00:20:40.227 Thread 'MainThread': missing ScriptRunContext! This warning can be ignored when running in bare mode.
2026-10-03 00:20:40.227 Thread 'MainThread': missing ScriptRunContext! This warning can be ignored when running in bare mode.
2026-10-03 00:20:40.227 Thread 'MainThread': missing ScriptRunContext! This warning can be ignored when running in bare mode.
2026-10-03 00:20:40.227 Thread 'MainThread': missing ScriptRunContext! This warning can be ignored when running in bare mode.
2026-10-03 00:20:40.227 Thread 'MainThread': missing ScriptRunContext! This warning can be ignored when running in bare mode.
2026-10-03 00:20:40.227 Thread 'MainThread': missing ScriptRunContext! This warning can be ignored when running in bare mode.
2026-10-03 00:20:40.227 Thread 'MainThread': missing ScriptRunContext! This warning can be ignored when running in bare mode.
2026-10-03 00:20:40.227 Thread 'MainThread': missing ScriptRunContext! This warning can be ignored when running in bare mode.
2026-10-03 00:20:40.227 Thread 'MainThread': missing ScriptRunContext! This warning can be ignored when running in bare mode.
2026-10-03 00:20:40.227 Thread 'MainThread': missing ScriptRunContext! This warning can be ignored when running in bare mode.
2026-10-03 00:20:40.227 Thread 'MainThread': missing ScriptRunContext! This warning can be ignored when running in bare mode.
2026-10-03 00:20:40.227 Thread 'MainThread': missing ScriptRunContext! This warning can be ignored when running in bare mode.
2026-10-03 00:20:40.227 Thread 'MainThread': missing ScriptRunContext! This warning can be ignored when running in bare mode.
2026-10-03 00:20:40.227 Thread 'MainThread': missing ScriptRunContext! This warning can be ignored when running in bare mode.
2026-10-03 00:20:40.227 Thread 'MainThread': missing ScriptRunContext! This warning can be ignored when running in bare mode.
2026-10-03 00:20:40.227 Thread 'MainThread': missing ScriptRunContext! This warning can be ignored when running in bare mode.
2026-10-03 00:20:40.227 Thread 'MainThread': missing ScriptRunContext! This warning can be ignored when running in bare mode.
2026-10-03 00:20:40.227 Thread 'MainThread': missing ScriptRunContext! This warning can be ignored when running in bare mode.
2026-10-03 00:20:40.227 Thread 'MainThread': missing ScriptRunContext! This warning can be ignored when running in bare mode.
2026-10-03 00:20:40.228 Thread 'MainThread': missing ScriptRunContext! This warning can be ignored when running in bare mode.
2026-10-03 00:20:40.228 Thread 'MainThread': missing ScriptRunContext! This warning can be ignored when running in bare mode.
2026-10-03 00:20:40.228 Thread 'MainThread': missing ScriptRunContext! This warning can be ignored when running in bare mode.
2026-10-03 00:20:40.228 Thread 'MainThread': missing ScriptRunContext! This warning can be ignored when running in bare mode.
2026-10-03 00:20:40.228 Thread 'MainThread': missing ScriptRunContext! This warning can be ignored when running in bare mode.
2026-10-03 00:20:40.228 Thread 'MainThread': missing ScriptRunContext! This warning can be ignored when running in bare mode.
2026-10-03 00:20:40.228 Thread 'MainThread': missing ScriptRunContext! This warning can be ignored when running in bare mode.
2026-10-03 00:20:40.228 Thread 'MainThread': missing ScriptRunContext! This warning can be ignored when running in bare mode.
2026-10-03 00:20:40.228 Thread 'MainThread': missing ScriptRunContext! This warning can be ignored when running in bare mode.
2026-10-03 00:20:40.228 Thread 'MainThread': missing ScriptRunContext! This warning can be ignored when running in bare mode.
2026-10-03 00:20:40.228 Thread 'MainThread': missing ScriptRunContext! This warning can be ignored when running in bare mode.
2026-10-03 00:20:40.228 Thread 'MainThread': missing ScriptRunContext! This warning can be ignored when running in bare mode.
2026-10-03 00:20:40.228 Thread 'MainThread': missing ScriptRunContext! This warning can be ignored when running in bare mode.
2026-10-03 00:20:40.228 Thread 'MainThread': missing ScriptRunContext! This warning can be ignored when running in bare mode.
.2026-10-03 00:20:40.243 Thread 'MainThread': missing ScriptRunContext! This warning can be ignored when running in bare mode.
2026-10-03 00:20:40.243 Thread 'MainThread': missing ScriptRunContext! This warning can be ignored when running in bare mode.
2026-10-03 00:20:40.243 Thread 'MainThread': missing ScriptRunContext! This warning can be ignored when running in bare mode.
2026-10-03 00:20:40.243 Thread 'MainThread': missing ScriptRunContext! This warning can be ignored when running in bare mode.
2026-10-03 00:20:40.243 Thread 'MainThread': missing ScriptRunContext! This warning can be ignored when running in bare mode.
2026-10-03 00:20:40.243 Thread 'MainThread': missing ScriptRunContext! This warning can be ignored when running in bare mode.
2026-10-03 00:20:40.243 Thread 'MainThread': missing ScriptRunContext! This warning can be ignored when running in bare mode.
2026-10-03 00:20:41.304 Please replace `use_container_width` with `width`.

`use_container_width` will be removed after 2025-12-31.

For `use_container_width=True`, use `width='stretch'`. For `use_container_width=False`, use `width='content'`.
2026-10-03 00:20:41.545 Please replace `use_container_width` with `width`.

`use_container_width` will be removed after 2025-12-31.

For `use_container_width=True`, use `width='stretch'`. For `use_container_width=False`, use `width='content'`.
2026-10-03 00:20:41.562 Thread 'MainThread': missing ScriptRunContext! This warning can be ignored when running in bare mode.
2026-10-03 00:20:41.785 Please replace `use_container_width` with `width`.

`use_container_width` will be removed after 2025-12-31.

For `use_container_width=True`, use `width='stretch'`. For `use_container_width=False`, use `width='content'`.
2026-10-03 00:20:41.798 Thread 'MainThread': missing ScriptRunContext! This warning can be ignored when running in bare mode.
.2026-10-03 00:20:42.135 Thread 'MainThread': missing ScriptRunContext! This warning can be ignored when running in bare mode.
2026-10-03 00:20:42.135 Thread 'MainThread': missing ScriptRunContext! This warning can be ignored when running in bare mode.
2026-10-03 00:20:42.135 Thread 'MainThread': missing ScriptRunContext! This warning can be ignored when running in bare mode.
2026-10-03 00:20:42.135 Thread 'MainThread': missing ScriptRunContext! This warning can be ignored when running in bare mode.
2026-10-03 00:20:42.135 Thread 'MainThread': missing ScriptRunContext! This warning can be ignored when running in bare mode.
2026-10-03 00:20:42.135 Thread 'MainThread': missing ScriptRunContext! This warning can be ignored when running in bare mode.
2026-10-03 00:20:42.135 Thread 'MainThread': missing ScriptRunContext! This warning can be ignored when running in bare mode.
2026-10-03 00:20:43.167 Please replace `use_container_width` with `width`.

`use_container_width` will be removed after 2025-12-31.

For `use_container_width=True`, use `width='stretch'`. For `use_container_width=False`, use `width='content'`.
2026-10-03 00:20:43.405 Please replace `use_container_width` with `width`.

`use_container_width` will be removed after 2025-12-31.

For `use_container_width=True`, use `width='stretch'`. For `use_container_width=False`, use `width='content'`.
.2026-10-03 00:20:43.421 Thread 'MainThread': missing ScriptRunContext! This warning can be ignored when running in bare mode.
2026-10-03 00:20:43.421 Thread 'MainThread': missing ScriptRunContext! This warning can be ignored when running in bare mode.
2026-10-03 00:20:43.421 Thread 'MainThread': missing ScriptRunContext! This warning can be ignored when running in bare mode.
2026-10-03 00:20:43.421 Thread 'MainThread': missing ScriptRunContext! This warning can be ignored when running in bare mode.
2026-10-03 00:20:43.421 Thread 'MainThread': missing ScriptRunContext! This warning can be ignored when running in bare mode.
2026-10-03 00:20:43.421 Thread 'MainThread': missing ScriptRunContext! This warning can be ignored when running in bare mode.
2026-10-03 00:20:43.421 Thread 'MainThread': missing ScriptRunContext! This warning can be ignored when running in bare mode.
Learning Scene validator rejected domain=spatial_dynamics reason=scene: missing fields=['assumptions', 'axes', 'bindings', 'learning_goal', 'metrics', 'objects', 'parameters', 'quantities', 'scene_id', 'scene_version', 'series', 'source_pages', 'time', 'title']; unknown fields=[]
.2026-10-03 00:20:44.944 Thread 'MainThread': missing ScriptRunContext! This warning can be ignored when running in bare mode.
2026-10-03 00:20:44.944 Thread 'MainThread': missing ScriptRunContext! This warning can be ignored when running in bare mode.
2026-10-03 00:20:44.944 Thread 'MainThread': missing ScriptRunContext! This warning can be ignored when running in bare mode.
2026-10-03 00:20:44.944 Thread 'MainThread': missing ScriptRunContext! This warning can be ignored when running in bare mode.
2026-10-03 00:20:44.944 Thread 'MainThread': missing ScriptRunContext! This warning can be ignored when running in bare mode.
2026-10-03 00:20:44.944 Thread 'MainThread': missing ScriptRunContext! This warning can be ignored when running in bare mode.
2026-10-03 00:20:44.944 Thread 'MainThread': missing ScriptRunContext! This warning can be ignored when running in bare mode.
2026-10-03 00:20:45.817 Please replace `use_container_width` with `width`.

`use_container_width` will be removed after 2025-12-31.

For `use_container_width=True`, use `width='stretch'`. For `use_container_width=False`, use `width='content'`.
2026-10-03 00:20:46.138 Please replace `use_container_width` with `width`.

`use_container_width` will be removed after 2025-12-31.

For `use_container_width=True`, use `width='stretch'`. For `use_container_width=False`, use `width='content'`.
2026-10-03 00:20:46.446 Please replace `use_container_width` with `width`.

`use_container_width` will be removed after 2025-12-31.

For `use_container_width=True`, use `width='stretch'`. For `use_container_width=False`, use `width='content'`.
2026-10-03 00:20:46.475 Thread 'MainThread': missing ScriptRunContext! This warning can be ignored when running in bare mode.
2026-10-03 00:20:46.477 Thread 'MainThread': missing ScriptRunContext! This warning can be ignored when running in bare mode.
2026-10-03 00:20:46.477 Thread 'MainThread': missing ScriptRunContext! This warning can be ignored when running in bare mode.
2026-10-03 00:20:46.477 Thread 'MainThread': missing ScriptRunContext! This warning can be ignored when running in bare mode.
2026-10-03 00:20:46.477 Thread 'MainThread': missing ScriptRunContext! This warning can be ignored when running in bare mode.
2026-10-03 00:20:46.477 Thread 'MainThread': missing ScriptRunContext! This warning can be ignored when running in bare mode.
2026-10-03 00:20:46.477 Thread 'MainThread': missing ScriptRunContext! This warning can be ignored when running in bare mode.
2026-10-03 00:20:46.477 Thread 'MainThread': missing ScriptRunContext! This warning can be ignored when running in bare mode.
2026-10-03 00:20:46.478 Thread 'MainThread': missing ScriptRunContext! This warning can be ignored when running in bare mode.
2026-10-03 00:20:46.478 Thread 'MainThread': missing ScriptRunContext! This warning can be ignored when running in bare mode.
2026-10-03 00:20:46.478 Thread 'MainThread': missing ScriptRunContext! This warning can be ignored when running in bare mode.
2026-10-03 00:20:46.478 Thread 'MainThread': missing ScriptRunContext! This warning can be ignored when running in bare mode.
2026-10-03 00:20:46.478 Thread 'MainThread': missing ScriptRunContext! This warning can be ignored when running in bare mode.
2026-10-03 00:20:46.478 Thread 'MainThread': missing ScriptRunContext! This warning can be ignored when running in bare mode.
2026-10-03 00:20:46.478 Thread 'MainThread': missing ScriptRunContext! This warning can be ignored when running in bare mode.
2026-10-03 00:20:46.478 Thread 'MainThread': missing ScriptRunContext! This warning can be ignored when running in bare mode.
2026-10-03 00:20:46.478 Thread 'MainThread': missing ScriptRunContext! This warning can be ignored when running in bare mode.
2026-10-03 00:20:46.479 Thread 'MainThread': missing ScriptRunContext! This warning can be ignored when running in bare mode.
2026-10-03 00:20:46.479 Thread 'MainThread': missing ScriptRunContext! This warning can be ignored when running in bare mode.
2026-10-03 00:20:46.479 Thread 'MainThread': missing ScriptRunContext! This warning can be ignored when running in bare mode.
2026-10-03 00:20:46.479 Thread 'MainThread': missing ScriptRunContext! This warning can be ignored when running in bare mode.
2026-10-03 00:20:46.479 Thread 'MainThread': missing ScriptRunContext! This warning can be ignored when running in bare mode.
2026-10-03 00:20:46.479 Thread 'MainThread': missing ScriptRunContext! This warning can be ignored when running in bare mode.
2026-10-03 00:20:46.479 Thread 'MainThread': missing ScriptRunContext! This warning can be ignored when running in bare mode.
2026-10-03 00:20:46.479 Thread 'MainThread': missing ScriptRunContext! This warning can be ignored when running in bare mode.
2026-10-03 00:20:46.479 Thread 'MainThread': missing ScriptRunContext! This warning can be ignored when running in bare mode.
2026-10-03 00:20:46.480 Thread 'MainThread': missing ScriptRunContext! This warning can be ignored when running in bare mode.
2026-10-03 00:20:46.480 Thread 'MainThread': missing ScriptRunContext! This warning can be ignored when running in bare mode.
2026-10-03 00:20:46.480 Thread 'MainThread': missing ScriptRunContext! This warning can be ignored when running in bare mode.
2026-10-03 00:20:46.480 Thread 'MainThread': missing ScriptRunContext! This warning can be ignored when running in bare mode.
2026-10-03 00:20:46.480 Thread 'MainThread': missing ScriptRunContext! This warning can be ignored when running in bare mode.
2026-10-03 00:20:46.480 Thread 'MainThread': missing ScriptRunContext! This warning can be ignored when running in bare mode.
2026-10-03 00:20:46.480 Thread 'MainThread': missing ScriptRunContext! This warning can be ignored when running in bare mode.
2026-10-03 00:20:46.480 Thread 'MainThread': missing ScriptRunContext! This warning can be ignored when running in bare mode.
2026-10-03 00:20:46.480 Thread 'MainThread': missing ScriptRunContext! This warning can be ignored when running in bare mode.
2026-10-03 00:20:46.480 Thread 'MainThread': missing ScriptRunContext! This warning can be ignored when running in bare mode.
2026-10-03 00:20:46.481 Thread 'MainThread': missing ScriptRunContext! This warning can be ignored when running in bare mode.
2026-10-03 00:20:46.481 Thread 'MainThread': missing ScriptRunContext! This warning can be ignored when running in bare mode.
2026-10-03 00:20:46.481 Thread 'MainThread': missing ScriptRunContext! This warning can be ignored when running in bare mode.
2026-10-03 00:20:46.481 Thread 'MainThread': missing ScriptRunContext! This warning can be ignored when running in bare mode.
2026-10-03 00:20:46.481 Thread 'MainThread': missing ScriptRunContext! This warning can be ignored when running in bare mode.
2026-10-03 00:20:46.481 Thread 'MainThread': missing ScriptRunContext! This warning can be ignored when running in bare mode.
2026-10-03 00:20:46.481 Thread 'MainThread': missing ScriptRunContext! This warning can be ignored when running in bare mode.
2026-10-03 00:20:46.481 Thread 'MainThread': missing ScriptRunContext! This warning can be ignored when running in bare mode.
.2026-10-03 00:20:46.492 Thread 'MainThread': missing ScriptRunContext! This warning can be ignored when running in bare mode.
2026-10-03 00:20:46.539 Thread 'MainThread': missing ScriptRunContext! This warning can be ignored when running in bare mode.
2026-10-03 00:20:46.539 Thread 'MainThread': missing ScriptRunContext! This warning can be ignored when running in bare mode.
2026-10-03 00:20:46.540 Thread 'MainThread': missing ScriptRunContext! This warning can be ignored when running in bare mode.
2026-10-03 00:20:46.543 Thread 'MainThread': missing ScriptRunContext! This warning can be ignored when running in bare mode.
2026-10-03 00:20:46.543 Thread 'MainThread': missing ScriptRunContext! This warning can be ignored when running in bare mode.
2026-10-03 00:20:46.543 Thread 'MainThread': missing ScriptRunContext! This warning can be ignored when running in bare mode.
2026-10-03 00:20:46.789 Thread 'MainThread': missing ScriptRunContext! This warning can be ignored when running in bare mode.
2026-10-03 00:20:47.493 Thread 'MainThread': missing ScriptRunContext! This warning can be ignored when running in bare mode.
2026-10-03 00:20:47.493 Thread 'MainThread': missing ScriptRunContext! This warning can be ignored when running in bare mode.
Source Atlas rejected reason=atlas_version: unsupported
2026-10-03 00:20:47.714 Thread 'MainThread': missing ScriptRunContext! This warning can be ignored when running in bare mode.
2026-10-03 00:20:47.715 Thread 'MainThread': missing ScriptRunContext! This warning can be ignored when running in bare mode.
.2026-10-03 00:20:48.118 Thread 'MainThread': missing ScriptRunContext! This warning can be ignored when running in bare mode.
2026-10-03 00:20:48.146 Thread 'MainThread': missing ScriptRunContext! This warning can be ignored when running in bare mode.
2026-10-03 00:20:48.146 Thread 'MainThread': missing ScriptRunContext! This warning can be ignored when running in bare mode.
2026-10-03 00:20:48.146 Thread 'MainThread': missing ScriptRunContext! This warning can be ignored when running in bare mode.
2026-10-03 00:20:48.149 Thread 'MainThread': missing ScriptRunContext! This warning can be ignored when running in bare mode.
2026-10-03 00:20:48.149 Thread 'MainThread': missing ScriptRunContext! This warning can be ignored when running in bare mode.
2026-10-03 00:20:48.149 Thread 'MainThread': missing ScriptRunContext! This warning can be ignored when running in bare mode.
2026-10-03 00:20:48.380 Thread 'MainThread': missing ScriptRunContext! This warning can be ignored when running in bare mode.
2026-10-03 00:20:49.009 Thread 'MainThread': missing ScriptRunContext! This warning can be ignored when running in bare mode.
2026-10-03 00:20:49.009 Thread 'MainThread': missing ScriptRunContext! This warning can be ignored when running in bare mode.
2026-10-03 00:20:49.273 Thread 'MainThread': missing ScriptRunContext! This warning can be ignored when running in bare mode.
2026-10-03 00:20:49.273 Thread 'MainThread': missing ScriptRunContext! This warning can be ignored when running in bare mode.
2026-10-03 00:20:49.273 Thread 'MainThread': missing ScriptRunContext! This warning can be ignored when running in bare mode.
2026-10-03 00:20:49.273 Thread 'MainThread': missing ScriptRunContext! This warning can be ignored when running in bare mode.
2026-10-03 00:20:49.517 Thread 'MainThread': missing ScriptRunContext! This warning can be ignored when running in bare mode.
2026-10-03 00:20:49.517 Thread 'MainThread': missing ScriptRunContext! This warning can be ignored when running in bare mode.
2026-10-03 00:20:49.517 Thread 'MainThread': missing ScriptRunContext! This warning can be ignored when running in bare mode.
2026-10-03 00:20:49.517 Thread 'MainThread': missing ScriptRunContext! This warning can be ignored when running in bare mode.
2026-10-03 00:20:49.751 Please replace `use_container_width` with `width`.

`use_container_width` will be removed after 2025-12-31.

For `use_container_width=True`, use `width='stretch'`. For `use_container_width=False`, use `width='content'`.
2026-10-03 00:20:50.029 Please replace `use_container_width` with `width`.

`use_container_width` will be removed after 2025-12-31.

For `use_container_width=True`, use `width='stretch'`. For `use_container_width=False`, use `width='content'`.
2026-10-03 00:20:50.249 Thread 'MainThread': missing ScriptRunContext! This warning can be ignored when running in bare mode.
2026-10-03 00:20:50.249 Thread 'MainThread': missing ScriptRunContext! This warning can be ignored when running in bare mode.
2026-10-03 00:20:50.249 Thread 'MainThread': missing ScriptRunContext! This warning can be ignored when running in bare mode.
2026-10-03 00:20:50.249 Thread 'MainThread': missing ScriptRunContext! This warning can be ignored when running in bare mode.
2026-10-03 00:20:50.420 Thread 'MainThread': missing ScriptRunContext! This warning can be ignored when running in bare mode.
2026-10-03 00:20:50.421 Thread 'MainThread': missing ScriptRunContext! This warning can be ignored when running in bare mode.
2026-10-03 00:20:50.421 Thread 'MainThread': missing ScriptRunContext! This warning can be ignored when running in bare mode.
2026-10-03 00:20:50.421 Thread 'MainThread': missing ScriptRunContext! This warning can be ignored when running in bare mode.
.2026-10-03 00:20:50.597 Thread 'MainThread': missing ScriptRunContext! This warning can be ignored when running in bare mode.
2026-10-03 00:20:50.620 Thread 'MainThread': missing ScriptRunContext! This warning can be ignored when running in bare mode.
2026-10-03 00:20:50.620 Thread 'MainThread': missing ScriptRunContext! This warning can be ignored when running in bare mode.
2026-10-03 00:20:50.620 Thread 'MainThread': missing ScriptRunContext! This warning can be ignored when running in bare mode.
2026-10-03 00:20:50.622 Thread 'MainThread': missing ScriptRunContext! This warning can be ignored when running in bare mode.
2026-10-03 00:20:50.622 Thread 'MainThread': missing ScriptRunContext! This warning can be ignored when running in bare mode.
2026-10-03 00:20:50.622 Thread 'MainThread': missing ScriptRunContext! This warning can be ignored when running in bare mode.
2026-10-03 00:20:50.809 Thread 'MainThread': missing ScriptRunContext! This warning can be ignored when running in bare mode.
2026-10-03 00:20:50.809 Thread 'MainThread': missing ScriptRunContext! This warning can be ignored when running in bare mode.
2026-10-03 00:20:51.497 Thread 'MainThread': missing ScriptRunContext! This warning can be ignored when running in bare mode.
2026-10-03 00:20:51.498 Thread 'MainThread': missing ScriptRunContext! This warning can be ignored when running in bare mode.
2026-10-03 00:20:52.014 Thread 'MainThread': missing ScriptRunContext! This warning can be ignored when running in bare mode.
2026-10-03 00:20:52.015 Thread 'MainThread': missing ScriptRunContext! This warning can be ignored when running in bare mode.
2026-10-03 00:20:52.015 Thread 'MainThread': missing ScriptRunContext! This warning can be ignored when running in bare mode.
2026-10-03 00:20:52.015 Thread 'MainThread': missing ScriptRunContext! This warning can be ignored when running in bare mode.
2026-10-03 00:20:52.324 Thread 'MainThread': missing ScriptRunContext! This warning can be ignored when running in bare mode.
2026-10-03 00:20:52.324 Thread 'MainThread': missing ScriptRunContext! This warning can be ignored when running in bare mode.
2026-10-03 00:20:52.324 Thread 'MainThread': missing ScriptRunContext! This warning can be ignored when running in bare mode.
2026-10-03 00:20:52.325 Thread 'MainThread': missing ScriptRunContext! This warning can be ignored when running in bare mode.
2026-10-03 00:20:52.506 Thread 'MainThread': missing ScriptRunContext! This warning can be ignored when running in bare mode.
2026-10-03 00:20:52.506 Thread 'MainThread': missing ScriptRunContext! This warning can be ignored when running in bare mode.
2026-10-03 00:20:52.506 Thread 'MainThread': missing ScriptRunContext! This warning can be ignored when running in bare mode.
2026-10-03 00:20:52.506 Thread 'MainThread': missing ScriptRunContext! This warning can be ignored when running in bare mode.
2026-10-03 00:20:53.092 Thread 'MainThread': missing ScriptRunContext! This warning can be ignored when running in bare mode.
2026-10-03 00:20:53.093 Thread 'MainThread': missing ScriptRunContext! This warning can be ignored when running in bare mode.
2026-10-03 00:20:53.093 Thread 'MainThread': missing ScriptRunContext! This warning can be ignored when running in bare mode.
2026-10-03 00:20:53.093 Thread 'MainThread': missing ScriptRunContext! This warning can be ignored when running in bare mode.
2026-10-03 00:20:53.093 Thread 'MainThread': missing ScriptRunContext! This warning can be ignored when running in bare mode.
2026-10-03 00:20:53.303 Thread 'MainThread': missing ScriptRunContext! This warning can be ignored when running in bare mode.
2026-10-03 00:20:53.303 Thread 'MainThread': missing ScriptRunContext! This warning can be ignored when running in bare mode.
2026-10-03 00:20:53.505 Thread 'MainThread': missing ScriptRunContext! This warning can be ignored when running in bare mode.
2026-10-03 00:20:53.505 Thread 'MainThread': missing ScriptRunContext! This warning can be ignored when running in bare mode.
2026-10-03 00:20:53.505 Thread 'MainThread': missing ScriptRunContext! This warning can be ignored when running in bare mode.
2026-10-03 00:20:53.505 Thread 'MainThread': missing ScriptRunContext! This warning can be ignored when running in bare mode.
2026-10-03 00:20:53.721 Thread 'MainThread': missing ScriptRunContext! This warning can be ignored when running in bare mode.
2026-10-03 00:20:53.721 Thread 'MainThread': missing ScriptRunContext! This warning can be ignored when running in bare mode.
2026-10-03 00:20:53.721 Thread 'MainThread': missing ScriptRunContext! This warning can be ignored when running in bare mode.
2026-10-03 00:20:53.722 Thread 'MainThread': missing ScriptRunContext! This warning can be ignored when running in bare mode.
2026-10-03 00:20:53.936 Please replace `use_container_width` with `width`.

`use_container_width` will be removed after 2025-12-31.

For `use_container_width=True`, use `width='stretch'`. For `use_container_width=False`, use `width='content'`.
2026-10-03 00:20:54.175 Please replace `use_container_width` with `width`.

`use_container_width` will be removed after 2025-12-31.

For `use_container_width=True`, use `width='stretch'`. For `use_container_width=False`, use `width='content'`.
.2026-10-03 00:20:54.367 Thread 'MainThread': missing ScriptRunContext! This warning can be ignored when running in bare mode.
2026-10-03 00:20:54.396 Thread 'MainThread': missing ScriptRunContext! This warning can be ignored when running in bare mode.
2026-10-03 00:20:54.396 Thread 'MainThread': missing ScriptRunContext! This warning can be ignored when running in bare mode.
2026-10-03 00:20:54.396 Thread 'MainThread': missing ScriptRunContext! This warning can be ignored when running in bare mode.
2026-10-03 00:20:54.398 Thread 'MainThread': missing ScriptRunContext! This warning can be ignored when running in bare mode.
2026-10-03 00:20:54.398 Thread 'MainThread': missing ScriptRunContext! This warning can be ignored when running in bare mode.
2026-10-03 00:20:54.398 Thread 'MainThread': missing ScriptRunContext! This warning can be ignored when running in bare mode.
2026-10-03 00:20:54.589 Thread 'MainThread': missing ScriptRunContext! This warning can be ignored when running in bare mode.
2026-10-03 00:20:54.589 Thread 'MainThread': missing ScriptRunContext! This warning can be ignored when running in bare mode.
2026-10-03 00:20:55.233 Thread 'MainThread': missing ScriptRunContext! This warning can be ignored when running in bare mode.
2026-10-03 00:20:55.234 Thread 'MainThread': missing ScriptRunContext! This warning can be ignored when running in bare mode.
.2026-10-03 00:20:55.453 Thread 'MainThread': missing ScriptRunContext! This warning can be ignored when running in bare mode.
2026-10-03 00:20:55.477 Thread 'MainThread': missing ScriptRunContext! This warning can be ignored when running in bare mode.
2026-10-03 00:20:55.477 Thread 'MainThread': missing ScriptRunContext! This warning can be ignored when running in bare mode.
2026-10-03 00:20:55.477 Thread 'MainThread': missing ScriptRunContext! This warning can be ignored when running in bare mode.
2026-10-03 00:20:55.480 Thread 'MainThread': missing ScriptRunContext! This warning can be ignored when running in bare mode.
2026-10-03 00:20:55.480 Thread 'MainThread': missing ScriptRunContext! This warning can be ignored when running in bare mode.
2026-10-03 00:20:55.480 Thread 'MainThread': missing ScriptRunContext! This warning can be ignored when running in bare mode.
2026-10-03 00:20:55.677 Thread 'MainThread': missing ScriptRunContext! This warning can be ignored when running in bare mode.
.2026-10-03 00:20:56.496 Thread 'MainThread': missing ScriptRunContext! This warning can be ignored when running in bare mode.
2026-10-03 00:20:56.523 Thread 'MainThread': missing ScriptRunContext! This warning can be ignored when running in bare mode.
2026-10-03 00:20:56.523 Thread 'MainThread': missing ScriptRunContext! This warning can be ignored when running in bare mode.
2026-10-03 00:20:56.523 Thread 'MainThread': missing ScriptRunContext! This warning can be ignored when running in bare mode.
2026-10-03 00:20:56.525 Thread 'MainThread': missing ScriptRunContext! This warning can be ignored when running in bare mode.
2026-10-03 00:20:56.525 Thread 'MainThread': missing ScriptRunContext! This warning can be ignored when running in bare mode.
2026-10-03 00:20:56.525 Thread 'MainThread': missing ScriptRunContext! This warning can be ignored when running in bare mode.
2026-10-03 00:20:56.775 Thread 'MainThread': missing ScriptRunContext! This warning can be ignored when running in bare mode.
2026-10-03 00:20:57.436 Thread 'MainThread': missing ScriptRunContext! This warning can be ignored when running in bare mode.
2026-10-03 00:20:57.436 Thread 'MainThread': missing ScriptRunContext! This warning can be ignored when running in bare mode.
2026-10-03 00:20:57.665 Thread 'MainThread': missing ScriptRunContext! This warning can be ignored when running in bare mode.
2026-10-03 00:20:57.665 Thread 'MainThread': missing ScriptRunContext! This warning can be ignored when running in bare mode.
2026-10-03 00:20:57.665 Thread 'MainThread': missing ScriptRunContext! This warning can be ignored when running in bare mode.
2026-10-03 00:20:57.665 Thread 'MainThread': missing ScriptRunContext! This warning can be ignored when running in bare mode.
2026-10-03 00:20:57.878 Thread 'MainThread': missing ScriptRunContext! This warning can be ignored when running in bare mode.
2026-10-03 00:20:57.878 Thread 'MainThread': missing ScriptRunContext! This warning can be ignored when running in bare mode.
2026-10-03 00:20:57.878 Thread 'MainThread': missing ScriptRunContext! This warning can be ignored when running in bare mode.
2026-10-03 00:20:57.878 Thread 'MainThread': missing ScriptRunContext! This warning can be ignored when running in bare mode.
2026-10-03 00:20:58.129 Thread 'MainThread': missing ScriptRunContext! This warning can be ignored when running in bare mode.
2026-10-03 00:20:58.129 Thread 'MainThread': missing ScriptRunContext! This warning can be ignored when running in bare mode.
2026-10-03 00:20:58.129 Thread 'MainThread': missing ScriptRunContext! This warning can be ignored when running in bare mode.
2026-10-03 00:20:58.129 Thread 'MainThread': missing ScriptRunContext! This warning can be ignored when running in bare mode.
2026-10-03 00:20:58.424 Please replace `use_container_width` with `width`.

`use_container_width` will be removed after 2025-12-31.

For `use_container_width=True`, use `width='stretch'`. For `use_container_width=False`, use `width='content'`.
2026-10-03 00:20:58.731 Please replace `use_container_width` with `width`.

`use_container_width` will be removed after 2025-12-31.

For `use_container_width=True`, use `width='stretch'`. For `use_container_width=False`, use `width='content'`.
.2026-10-03 00:20:58.968 Thread 'MainThread': missing ScriptRunContext! This warning can be ignored when running in bare mode.
2026-10-03 00:20:58.996 Thread 'MainThread': missing ScriptRunContext! This warning can be ignored when running in bare mode.
2026-10-03 00:20:58.996 Thread 'MainThread': missing ScriptRunContext! This warning can be ignored when running in bare mode.
2026-10-03 00:20:58.996 Thread 'MainThread': missing ScriptRunContext! This warning can be ignored when running in bare mode.
2026-10-03 00:20:58.998 Thread 'MainThread': missing ScriptRunContext! This warning can be ignored when running in bare mode.
2026-10-03 00:20:58.998 Thread 'MainThread': missing ScriptRunContext! This warning can be ignored when running in bare mode.
2026-10-03 00:20:58.998 Thread 'MainThread': missing ScriptRunContext! This warning can be ignored when running in bare mode.
2026-10-03 00:20:59.276 Thread 'MainThread': missing ScriptRunContext! This warning can be ignored when running in bare mode.
2026-10-03 00:21:00.124 Thread 'MainThread': missing ScriptRunContext! This warning can be ignored when running in bare mode.
2026-10-03 00:21:00.124 Thread 'MainThread': missing ScriptRunContext! This warning can be ignored when running in bare mode.
Local document UI structure_available=False parser_available=True requested_pages=[1, 2] reason=ValueError
.2026-10-03 00:21:00.346 Thread 'MainThread': missing ScriptRunContext! This warning can be ignored when running in bare mode.
2026-10-03 00:21:00.380 Thread 'MainThread': missing ScriptRunContext! This warning can be ignored when running in bare mode.
2026-10-03 00:21:00.380 Thread 'MainThread': missing ScriptRunContext! This warning can be ignored when running in bare mode.
2026-10-03 00:21:00.380 Thread 'MainThread': missing ScriptRunContext! This warning can be ignored when running in bare mode.
2026-10-03 00:21:00.383 Thread 'MainThread': missing ScriptRunContext! This warning can be ignored when running in bare mode.
2026-10-03 00:21:00.383 Thread 'MainThread': missing ScriptRunContext! This warning can be ignored when running in bare mode.
2026-10-03 00:21:00.383 Thread 'MainThread': missing ScriptRunContext! This warning can be ignored when running in bare mode.
2026-10-03 00:21:00.735 Thread 'MainThread': missing ScriptRunContext! This warning can be ignored when running in bare mode.
2026-10-03 00:21:00.735 Thread 'MainThread': missing ScriptRunContext! This warning can be ignored when running in bare mode.
2026-10-03 00:21:00.741 Thread 'MainThread': missing ScriptRunContext! This warning can be ignored when running in bare mode.
2026-10-03 00:21:00.890 Thread 'MainThread': missing ScriptRunContext! This warning can be ignored when running in bare mode.
2026-10-03 00:21:00.891 Thread 'MainThread': missing ScriptRunContext! This warning can be ignored when running in bare mode.
2026-10-03 00:21:01.769 Thread 'MainThread': missing ScriptRunContext! This warning can be ignored when running in bare mode.
Local document UI structure_available=False parser_available=True requested_pages=[1] reason=document: no native text regions (no OCR)
.2026-10-03 00:21:02.097 Thread 'MainThread': missing ScriptRunContext! This warning can be ignored when running in bare mode.
2026-10-03 00:21:02.128 Thread 'MainThread': missing ScriptRunContext! This warning can be ignored when running in bare mode.
2026-10-03 00:21:02.128 Thread 'MainThread': missing ScriptRunContext! This warning can be ignored when running in bare mode.
2026-10-03 00:21:02.128 Thread 'MainThread': missing ScriptRunContext! This warning can be ignored when running in bare mode.
2026-10-03 00:21:02.132 Thread 'MainThread': missing ScriptRunContext! This warning can be ignored when running in bare mode.
2026-10-03 00:21:02.132 Thread 'MainThread': missing ScriptRunContext! This warning can be ignored when running in bare mode.
2026-10-03 00:21:02.132 Thread 'MainThread': missing ScriptRunContext! This warning can be ignored when running in bare mode.
2026-10-03 00:21:02.393 Thread 'MainThread': missing ScriptRunContext! This warning can be ignored when running in bare mode.
2026-10-03 00:21:02.393 Thread 'MainThread': missing ScriptRunContext! This warning can be ignored when running in bare mode.
2026-10-03 00:21:02.399 Thread 'MainThread': missing ScriptRunContext! This warning can be ignored when running in bare mode.
2026-10-03 00:21:03.285 Thread 'MainThread': missing ScriptRunContext! This warning can be ignored when running in bare mode.
2026-10-03 00:21:03.285 Thread 'MainThread': missing ScriptRunContext! This warning can be ignored when running in bare mode.
2026-10-03 00:21:03.538 Thread 'MainThread': missing ScriptRunContext! This warning can be ignored when running in bare mode.
2026-10-03 00:21:03.538 Thread 'MainThread': missing ScriptRunContext! This warning can be ignored when running in bare mode.
.2026-10-03 00:21:03.887 Thread 'MainThread': missing ScriptRunContext! This warning can be ignored when running in bare mode.
2026-10-03 00:21:03.920 Thread 'MainThread': missing ScriptRunContext! This warning can be ignored when running in bare mode.
2026-10-03 00:21:03.920 Thread 'MainThread': missing ScriptRunContext! This warning can be ignored when running in bare mode.
2026-10-03 00:21:03.920 Thread 'MainThread': missing ScriptRunContext! This warning can be ignored when running in bare mode.
2026-10-03 00:21:03.922 Thread 'MainThread': missing ScriptRunContext! This warning can be ignored when running in bare mode.
2026-10-03 00:21:03.922 Thread 'MainThread': missing ScriptRunContext! This warning can be ignored when running in bare mode.
2026-10-03 00:21:03.922 Thread 'MainThread': missing ScriptRunContext! This warning can be ignored when running in bare mode.
2026-10-03 00:21:04.206 Thread 'MainThread': missing ScriptRunContext! This warning can be ignored when running in bare mode.
2026-10-03 00:21:04.206 Thread 'MainThread': missing ScriptRunContext! This warning can be ignored when running in bare mode.
2026-10-03 00:21:04.212 Thread 'MainThread': missing ScriptRunContext! This warning can be ignored when running in bare mode.
2026-10-03 00:21:04.996 Thread 'MainThread': missing ScriptRunContext! This warning can be ignored when running in bare mode.
2026-10-03 00:21:04.996 Thread 'MainThread': missing ScriptRunContext! This warning can be ignored when running in bare mode.
2026-10-03 00:21:05.201 Thread 'MainThread': missing ScriptRunContext! This warning can be ignored when running in bare mode.
2026-10-03 00:21:05.201 Thread 'MainThread': missing ScriptRunContext! This warning can be ignored when running in bare mode.
.2026-10-03 00:21:05.457 Thread 'MainThread': missing ScriptRunContext! This warning can be ignored when running in bare mode.
2026-10-03 00:21:05.484 Thread 'MainThread': missing ScriptRunContext! This warning can be ignored when running in bare mode.
2026-10-03 00:21:05.484 Thread 'MainThread': missing ScriptRunContext! This warning can be ignored when running in bare mode.
2026-10-03 00:21:05.484 Thread 'MainThread': missing ScriptRunContext! This warning can be ignored when running in bare mode.
2026-10-03 00:21:05.486 Thread 'MainThread': missing ScriptRunContext! This warning can be ignored when running in bare mode.
2026-10-03 00:21:05.486 Thread 'MainThread': missing ScriptRunContext! This warning can be ignored when running in bare mode.
2026-10-03 00:21:05.486 Thread 'MainThread': missing ScriptRunContext! This warning can be ignored when running in bare mode.
2026-10-03 00:21:05.770 Thread 'MainThread': missing ScriptRunContext! This warning can be ignored when running in bare mode.
2026-10-03 00:21:05.770 Thread 'MainThread': missing ScriptRunContext! This warning can be ignored when running in bare mode.
2026-10-03 00:21:05.774 Thread 'MainThread': missing ScriptRunContext! This warning can be ignored when running in bare mode.
2026-10-03 00:21:07.748 Thread 'MainThread': missing ScriptRunContext! This warning can be ignored when running in bare mode.
2026-10-03 00:21:07.748 Thread 'MainThread': missing ScriptRunContext! This warning can be ignored when running in bare mode.
2026-10-03 00:21:08.619 Thread 'MainThread': missing ScriptRunContext! This warning can be ignored when running in bare mode.
2026-10-03 00:21:08.620 Thread 'MainThread': missing ScriptRunContext! This warning can be ignored when running in bare mode.
2026-10-03 00:21:08.620 Thread 'MainThread': missing ScriptRunContext! This warning can be ignored when running in bare mode.
2026-10-03 00:21:09.008 Thread 'MainThread': missing ScriptRunContext! This warning can be ignored when running in bare mode.
2026-10-03 00:21:09.382 Thread 'MainThread': missing ScriptRunContext! This warning can be ignored when running in bare mode.
2026-10-03 00:21:09.383 Thread 'MainThread': missing ScriptRunContext! This warning can be ignored when running in bare mode.
2026-10-03 00:21:09.383 Thread 'MainThread': missing ScriptRunContext! This warning can be ignored when running in bare mode.
.2026-10-03 00:21:09.839 Thread 'MainThread': missing ScriptRunContext! This warning can be ignored when running in bare mode.
.2026-10-03 00:21:11.666 Thread 'MainThread': missing ScriptRunContext! This warning can be ignored when running in bare mode.
2026-10-03 00:21:11.666 Thread 'MainThread': missing ScriptRunContext! This warning can be ignored when running in bare mode.
2026-10-03 00:21:11.666 Thread 'MainThread': missing ScriptRunContext! This warning can be ignored when running in bare mode.
2026-10-03 00:21:11.666 Thread 'MainThread': missing ScriptRunContext! This warning can be ignored when running in bare mode.
2026-10-03 00:21:11.666 Thread 'MainThread': missing ScriptRunContext! This warning can be ignored when running in bare mode.
2026-10-03 00:21:11.666 Thread 'MainThread': missing ScriptRunContext! This warning can be ignored when running in bare mode.
2026-10-03 00:21:11.666 Thread 'MainThread': missing ScriptRunContext! This warning can be ignored when running in bare mode.
2026-10-03 00:21:12.488 Please replace `use_container_width` with `width`.

`use_container_width` will be removed after 2025-12-31.

For `use_container_width=True`, use `width='stretch'`. For `use_container_width=False`, use `width='content'`.
F2026-10-03 00:21:12.723 Thread 'MainThread': missing ScriptRunContext! This warning can be ignored when running in bare mode.
2026-10-03 00:21:12.724 Thread 'MainThread': missing ScriptRunContext! This warning can be ignored when running in bare mode.
2026-10-03 00:21:12.724 Thread 'MainThread': missing ScriptRunContext! This warning can be ignored when running in bare mode.
2026-10-03 00:21:12.724 Thread 'MainThread': missing ScriptRunContext! This warning can be ignored when running in bare mode.
2026-10-03 00:21:12.724 Thread 'MainThread': missing ScriptRunContext! This warning can be ignored when running in bare mode.
2026-10-03 00:21:12.724 Thread 'MainThread': missing ScriptRunContext! This warning can be ignored when running in bare mode.
2026-10-03 00:21:12.724 Thread 'MainThread': missing ScriptRunContext! This warning can be ignored when running in bare mode.
2026-10-03 00:21:14.412 Please replace `use_container_width` with `width`.

`use_container_width` will be removed after 2025-12-31.

For `use_container_width=True`, use `width='stretch'`. For `use_container_width=False`, use `width='content'`.
2026-10-03 00:21:16.187 Please replace `use_container_width` with `width`.

`use_container_width` will be removed after 2025-12-31.

For `use_container_width=True`, use `width='stretch'`. For `use_container_width=False`, use `width='content'`.
2026-10-03 00:21:16.641 Please replace `use_container_width` with `width`.

`use_container_width` will be removed after 2025-12-31.

For `use_container_width=True`, use `width='stretch'`. For `use_container_width=False`, use `width='content'`.
2026-10-03 00:21:16.941 Please replace `use_container_width` with `width`.

`use_container_width` will be removed after 2025-12-31.

For `use_container_width=True`, use `width='stretch'`. For `use_container_width=False`, use `width='content'`.
2026-10-03 00:21:17.259 Please replace `use_container_width` with `width`.

`use_container_width` will be removed after 2025-12-31.

For `use_container_width=True`, use `width='stretch'`. For `use_container_width=False`, use `width='content'`.
2026-10-03 00:21:17.580 Please replace `use_container_width` with `width`.

`use_container_width` will be removed after 2025-12-31.

For `use_container_width=True`, use `width='stretch'`. For `use_container_width=False`, use `width='content'`.
2026-10-03 00:21:20.844 Please replace `use_container_width` with `width`.

`use_container_width` will be removed after 2025-12-31.

For `use_container_width=True`, use `width='stretch'`. For `use_container_width=False`, use `width='content'`.
2026-10-03 00:21:21.706 Please replace `use_container_width` with `width`.

`use_container_width` will be removed after 2025-12-31.

For `use_container_width=True`, use `width='stretch'`. For `use_container_width=False`, use `width='content'`.
.2026-10-03 00:21:21.718 Thread 'MainThread': missing ScriptRunContext! This warning can be ignored when running in bare mode.
2026-10-03 00:21:21.718 Thread 'MainThread': missing ScriptRunContext! This warning can be ignored when running in bare mode.
2026-10-03 00:21:21.718 Thread 'MainThread': missing ScriptRunContext! This warning can be ignored when running in bare mode.
2026-10-03 00:21:21.718 Thread 'MainThread': missing ScriptRunContext! This warning can be ignored when running in bare mode.
2026-10-03 00:21:21.718 Thread 'MainThread': missing ScriptRunContext! This warning can be ignored when running in bare mode.
2026-10-03 00:21:21.718 Thread 'MainThread': missing ScriptRunContext! This warning can be ignored when running in bare mode.
2026-10-03 00:21:21.719 Thread 'MainThread': missing ScriptRunContext! This warning can be ignored when running in bare mode.
2026-10-03 00:21:22.429 Please replace `use_container_width` with `width`.

`use_container_width` will be removed after 2025-12-31.

For `use_container_width=True`, use `width='stretch'`. For `use_container_width=False`, use `width='content'`.
2026-10-03 00:21:22.662 Please replace `use_container_width` with `width`.

`use_container_width` will be removed after 2025-12-31.

For `use_container_width=True`, use `width='stretch'`. For `use_container_width=False`, use `width='content'`.
2026-10-03 00:21:22.673 Thread 'MainThread': missing ScriptRunContext! This warning can be ignored when running in bare mode.
2026-10-03 00:21:22.673 Thread 'MainThread': missing ScriptRunContext! This warning can be ignored when running in bare mode.
2026-10-03 00:21:22.673 Thread 'MainThread': missing ScriptRunContext! This warning can be ignored when running in bare mode.
2026-10-03 00:21:22.673 Thread 'MainThread': missing ScriptRunContext! This warning can be ignored when running in bare mode.
2026-10-03 00:21:22.673 Thread 'MainThread': missing ScriptRunContext! This warning can be ignored when running in bare mode.
2026-10-03 00:21:22.673 Thread 'MainThread': missing ScriptRunContext! This warning can be ignored when running in bare mode.
2026-10-03 00:21:22.673 Thread 'MainThread': missing ScriptRunContext! This warning can be ignored when running in bare mode.
2026-10-03 00:21:22.892 Please replace `use_container_width` with `width`.

`use_container_width` will be removed after 2025-12-31.

For `use_container_width=True`, use `width='stretch'`. For `use_container_width=False`, use `width='content'`.
2026-10-03 00:21:23.121 Please replace `use_container_width` with `width`.

`use_container_width` will be removed after 2025-12-31.

For `use_container_width=True`, use `width='stretch'`. For `use_container_width=False`, use `width='content'`.
2026-10-03 00:21:23.350 Please replace `use_container_width` with `width`.

`use_container_width` will be removed after 2025-12-31.

For `use_container_width=True`, use `width='stretch'`. For `use_container_width=False`, use `width='content'`.
2026-10-03 00:21:23.590 Please replace `use_container_width` with `width`.

`use_container_width` will be removed after 2025-12-31.

For `use_container_width=True`, use `width='stretch'`. For `use_container_width=False`, use `width='content'`.
2026-10-03 00:21:23.813 Please replace `use_container_width` with `width`.

`use_container_width` will be removed after 2025-12-31.

For `use_container_width=True`, use `width='stretch'`. For `use_container_width=False`, use `width='content'`.
2026-10-03 00:21:24.056 Please replace `use_container_width` with `width`.

`use_container_width` will be removed after 2025-12-31.

For `use_container_width=True`, use `width='stretch'`. For `use_container_width=False`, use `width='content'`.
.2026-10-03 00:21:24.069 Thread 'MainThread': missing ScriptRunContext! This warning can be ignored when running in bare mode.
2026-10-03 00:21:24.069 Thread 'MainThread': missing ScriptRunContext! This warning can be ignored when running in bare mode.
2026-10-03 00:21:24.069 Thread 'MainThread': missing ScriptRunContext! This warning can be ignored when running in bare mode.
2026-10-03 00:21:24.069 Thread 'MainThread': missing ScriptRunContext! This warning can be ignored when running in bare mode.
2026-10-03 00:21:24.070 Thread 'MainThread': missing ScriptRunContext! This warning can be ignored when running in bare mode.
2026-10-03 00:21:24.070 Thread 'MainThread': missing ScriptRunContext! This warning can be ignored when running in bare mode.
2026-10-03 00:21:24.070 Thread 'MainThread': missing ScriptRunContext! This warning can be ignored when running in bare mode.
2026-10-03 00:21:24.761 Please replace `use_container_width` with `width`.

`use_container_width` will be removed after 2025-12-31.

For `use_container_width=True`, use `width='stretch'`. For `use_container_width=False`, use `width='content'`.
2026-10-03 00:21:25.009 Please replace `use_container_width` with `width`.

`use_container_width` will be removed after 2025-12-31.

For `use_container_width=True`, use `width='stretch'`. For `use_container_width=False`, use `width='content'`.
2026-10-03 00:21:25.239 Please replace `use_container_width` with `width`.

`use_container_width` will be removed after 2025-12-31.

For `use_container_width=True`, use `width='stretch'`. For `use_container_width=False`, use `width='content'`.
2026-10-03 00:21:25.468 Please replace `use_container_width` with `width`.

`use_container_width` will be removed after 2025-12-31.

For `use_container_width=True`, use `width='stretch'`. For `use_container_width=False`, use `width='content'`.
2026-10-03 00:21:25.705 Please replace `use_container_width` with `width`.

`use_container_width` will be removed after 2025-12-31.

For `use_container_width=True`, use `width='stretch'`. For `use_container_width=False`, use `width='content'`.
2026-10-03 00:21:25.717 Thread 'MainThread': missing ScriptRunContext! This warning can be ignored when running in bare mode.
2026-10-03 00:21:25.717 Thread 'MainThread': missing ScriptRunContext! This warning can be ignored when running in bare mode.
2026-10-03 00:21:25.717 Thread 'MainThread': missing ScriptRunContext! This warning can be ignored when running in bare mode.
2026-10-03 00:21:25.717 Thread 'MainThread': missing ScriptRunContext! This warning can be ignored when running in bare mode.
E.........2026-10-03 00:21:26.310 Thread 'MainThread': missing ScriptRunContext! This warning can be ignored when running in bare mode.
2026-10-03 00:21:26.310 Thread 'MainThread': missing ScriptRunContext! This warning can be ignored when running in bare mode.
2026-10-03 00:21:26.310 Thread 'MainThread': missing ScriptRunContext! This warning can be ignored when running in bare mode.
2026-10-03 00:21:26.310 Thread 'MainThread': missing ScriptRunContext! This warning can be ignored when running in bare mode.
2026-10-03 00:21:26.311 Thread 'MainThread': missing ScriptRunContext! This warning can be ignored when running in bare mode.
2026-10-03 00:21:26.311 Thread 'MainThread': missing ScriptRunContext! This warning can be ignored when running in bare mode.
.2026-10-03 00:21:27.898 Thread 'MainThread': missing ScriptRunContext! This warning can be ignored when running in bare mode.
2026-10-03 00:21:27.898 Thread 'MainThread': missing ScriptRunContext! This warning can be ignored when running in bare mode.
2026-10-03 00:21:27.898 Thread 'MainThread': missing ScriptRunContext! This warning can be ignored when running in bare mode.
2026-10-03 00:21:27.898 Thread 'MainThread': missing ScriptRunContext! This warning can be ignored when running in bare mode.
2026-10-03 00:21:27.898 Thread 'MainThread': missing ScriptRunContext! This warning can be ignored when running in bare mode.
2026-10-03 00:21:27.898 Thread 'MainThread': missing ScriptRunContext! This warning can be ignored when running in bare mode.
2026-10-03 00:21:28.026 Thread 'MainThread': missing ScriptRunContext! This warning can be ignored when running in bare mode.
2026-10-03 00:21:28.028 Thread 'MainThread': missing ScriptRunContext! This warning can be ignored when running in bare mode.
2026-10-03 00:21:28.028 Thread 'MainThread': missing ScriptRunContext! This warning can be ignored when running in bare mode.
2026-10-03 00:21:28.028 Thread 'MainThread': missing ScriptRunContext! This warning can be ignored when running in bare mode.
2026-10-03 00:21:28.028 Thread 'MainThread': missing ScriptRunContext! This warning can be ignored when running in bare mode.
2026-10-03 00:21:28.133 Thread 'MainThread': missing ScriptRunContext! This warning can be ignored when running in bare mode.
2026-10-03 00:21:28.133 Thread 'MainThread': missing ScriptRunContext! This warning can be ignored when running in bare mode.
2026-10-03 00:21:28.999 Thread 'MainThread': missing ScriptRunContext! This warning can be ignored when running in bare mode.
Local document UI structure_available=False parser_available=True requested_pages=[1] reason=document: no native text regions (no OCR)
2026-10-03 00:21:29.217 Thread 'MainThread': missing ScriptRunContext! This warning can be ignored when running in bare mode.
2026-10-03 00:21:29.461 Please replace `use_container_width` with `width`.

`use_container_width` will be removed after 2025-12-31.

For `use_container_width=True`, use `width='stretch'`. For `use_container_width=False`, use `width='content'`.
.2026-10-03 00:21:29.476 Thread 'MainThread': missing ScriptRunContext! This warning can be ignored when running in bare mode.
2026-10-03 00:21:29.476 Thread 'MainThread': missing ScriptRunContext! This warning can be ignored when running in bare mode.
2026-10-03 00:21:29.476 Thread 'MainThread': missing ScriptRunContext! This warning can be ignored when running in bare mode.
2026-10-03 00:21:29.476 Thread 'MainThread': missing ScriptRunContext! This warning can be ignored when running in bare mode.
2026-10-03 00:21:29.477 Thread 'MainThread': missing ScriptRunContext! This warning can be ignored when running in bare mode.
2026-10-03 00:21:29.477 Thread 'MainThread': missing ScriptRunContext! This warning can be ignored when running in bare mode.
2026-10-03 00:21:29.621 Thread 'MainThread': missing ScriptRunContext! This warning can be ignored when running in bare mode.
2026-10-03 00:21:29.622 Thread 'MainThread': missing ScriptRunContext! This warning can be ignored when running in bare mode.
2026-10-03 00:21:29.623 Thread 'MainThread': missing ScriptRunContext! This warning can be ignored when running in bare mode.
2026-10-03 00:21:29.623 Thread 'MainThread': missing ScriptRunContext! This warning can be ignored when running in bare mode.
2026-10-03 00:21:29.623 Thread 'MainThread': missing ScriptRunContext! This warning can be ignored when running in bare mode.
2026-10-03 00:21:29.623 Thread 'MainThread': missing ScriptRunContext! This warning can be ignored when running in bare mode.
2026-10-03 00:21:30.470 Thread 'MainThread': missing ScriptRunContext! This warning can be ignored when running in bare mode.
2026-10-03 00:21:30.470 Thread 'MainThread': missing ScriptRunContext! This warning can be ignored when running in bare mode.
2026-10-03 00:21:30.682 Please replace `use_container_width` with `width`.

`use_container_width` will be removed after 2025-12-31.

For `use_container_width=True`, use `width='stretch'`. For `use_container_width=False`, use `width='content'`.
.2026-10-03 00:21:30.697 Thread 'MainThread': missing ScriptRunContext! This warning can be ignored when running in bare mode.
2026-10-03 00:21:30.697 Thread 'MainThread': missing ScriptRunContext! This warning can be ignored when running in bare mode.
2026-10-03 00:21:30.697 Thread 'MainThread': missing ScriptRunContext! This warning can be ignored when running in bare mode.
2026-10-03 00:21:30.697 Thread 'MainThread': missing ScriptRunContext! This warning can be ignored when running in bare mode.
2026-10-03 00:21:30.697 Thread 'MainThread': missing ScriptRunContext! This warning can be ignored when running in bare mode.
2026-10-03 00:21:30.697 Thread 'MainThread': missing ScriptRunContext! This warning can be ignored when running in bare mode.
.2026-10-03 00:21:31.670 Thread 'MainThread': missing ScriptRunContext! This warning can be ignored when running in bare mode.
2026-10-03 00:21:31.670 Thread 'MainThread': missing ScriptRunContext! This warning can be ignored when running in bare mode.
2026-10-03 00:21:31.670 Thread 'MainThread': missing ScriptRunContext! This warning can be ignored when running in bare mode.
2026-10-03 00:21:31.670 Thread 'MainThread': missing ScriptRunContext! This warning can be ignored when running in bare mode.
2026-10-03 00:21:31.670 Thread 'MainThread': missing ScriptRunContext! This warning can be ignored when running in bare mode.
2026-10-03 00:21:31.670 Thread 'MainThread': missing ScriptRunContext! This warning can be ignored when running in bare mode.
.2026-10-03 00:21:32.964 Thread 'MainThread': missing ScriptRunContext! This warning can be ignored when running in bare mode.
2026-10-03 00:21:32.964 Thread 'MainThread': missing ScriptRunContext! This warning can be ignored when running in bare mode.
2026-10-03 00:21:32.964 Thread 'MainThread': missing ScriptRunContext! This warning can be ignored when running in bare mode.
2026-10-03 00:21:32.964 Thread 'MainThread': missing ScriptRunContext! This warning can be ignored when running in bare mode.
2026-10-03 00:21:32.964 Thread 'MainThread': missing ScriptRunContext! This warning can be ignored when running in bare mode.
2026-10-03 00:21:32.964 Thread 'MainThread': missing ScriptRunContext! This warning can be ignored when running in bare mode.
2026-10-03 00:21:33.083 Thread 'MainThread': missing ScriptRunContext! This warning can be ignored when running in bare mode.
2026-10-03 00:21:33.085 Thread 'MainThread': missing ScriptRunContext! This warning can be ignored when running in bare mode.
2026-10-03 00:21:33.085 Thread 'MainThread': missing ScriptRunContext! This warning can be ignored when running in bare mode.
2026-10-03 00:21:33.085 Thread 'MainThread': missing ScriptRunContext! This warning can be ignored when running in bare mode.
2026-10-03 00:21:33.085 Thread 'MainThread': missing ScriptRunContext! This warning can be ignored when running in bare mode.
2026-10-03 00:21:33.991 Thread 'MainThread': missing ScriptRunContext! This warning can be ignored when running in bare mode.
2026-10-03 00:21:33.991 Thread 'MainThread': missing ScriptRunContext! This warning can be ignored when running in bare mode.
2026-10-03 00:21:33.991 Thread 'MainThread': missing ScriptRunContext! This warning can be ignored when running in bare mode.
2026-10-03 00:21:33.991 Thread 'MainThread': missing ScriptRunContext! This warning can be ignored when running in bare mode.
2026-10-03 00:21:34.235 Thread 'MainThread': missing ScriptRunContext! This warning can be ignored when running in bare mode.
2026-10-03 00:21:34.235 Thread 'MainThread': missing ScriptRunContext! This warning can be ignored when running in bare mode.
2026-10-03 00:21:34.235 Thread 'MainThread': missing ScriptRunContext! This warning can be ignored when running in bare mode.
2026-10-03 00:21:34.235 Thread 'MainThread': missing ScriptRunContext! This warning can be ignored when running in bare mode.
2026-10-03 00:21:34.430 Thread 'MainThread': missing ScriptRunContext! This warning can be ignored when running in bare mode.
2026-10-03 00:21:34.430 Thread 'MainThread': missing ScriptRunContext! This warning can be ignored when running in bare mode.
2026-10-03 00:21:34.430 Thread 'MainThread': missing ScriptRunContext! This warning can be ignored when running in bare mode.
2026-10-03 00:21:34.430 Thread 'MainThread': missing ScriptRunContext! This warning can be ignored when running in bare mode.
2026-10-03 00:21:34.651 Please replace `use_container_width` with `width`.

`use_container_width` will be removed after 2025-12-31.

For `use_container_width=True`, use `width='stretch'`. For `use_container_width=False`, use `width='content'`.
2026-10-03 00:21:34.894 Please replace `use_container_width` with `width`.

`use_container_width` will be removed after 2025-12-31.

For `use_container_width=True`, use `width='stretch'`. For `use_container_width=False`, use `width='content'`.
2026-10-03 00:21:35.117 Thread 'MainThread': missing ScriptRunContext! This warning can be ignored when running in bare mode.
2026-10-03 00:21:35.117 Thread 'MainThread': missing ScriptRunContext! This warning can be ignored when running in bare mode.
2026-10-03 00:21:35.117 Thread 'MainThread': missing ScriptRunContext! This warning can be ignored when running in bare mode.
2026-10-03 00:21:35.117 Thread 'MainThread': missing ScriptRunContext! This warning can be ignored when running in bare mode.
.2026-10-03 00:21:35.306 Thread 'MainThread': missing ScriptRunContext! This warning can be ignored when running in bare mode.
2026-10-03 00:21:35.306 Thread 'MainThread': missing ScriptRunContext! This warning can be ignored when running in bare mode.
2026-10-03 00:21:35.306 Thread 'MainThread': missing ScriptRunContext! This warning can be ignored when running in bare mode.
2026-10-03 00:21:35.306 Thread 'MainThread': missing ScriptRunContext! This warning can be ignored when running in bare mode.
2026-10-03 00:21:35.306 Thread 'MainThread': missing ScriptRunContext! This warning can be ignored when running in bare mode.
2026-10-03 00:21:35.306 Thread 'MainThread': missing ScriptRunContext! This warning can be ignored when running in bare mode.
2026-10-03 00:21:35.424 Thread 'MainThread': missing ScriptRunContext! This warning can be ignored when running in bare mode.
2026-10-03 00:21:35.426 Thread 'MainThread': missing ScriptRunContext! This warning can be ignored when running in bare mode.
2026-10-03 00:21:35.426 Thread 'MainThread': missing ScriptRunContext! This warning can be ignored when running in bare mode.
2026-10-03 00:21:35.426 Thread 'MainThread': missing ScriptRunContext! This warning can be ignored when running in bare mode.
2026-10-03 00:21:35.427 Thread 'MainThread': missing ScriptRunContext! This warning can be ignored when running in bare mode.
2026-10-03 00:21:36.284 Please replace `use_container_width` with `width`.

`use_container_width` will be removed after 2025-12-31.

For `use_container_width=True`, use `width='stretch'`. For `use_container_width=False`, use `width='content'`.
2026-10-03 00:21:36.520 Please replace `use_container_width` with `width`.

`use_container_width` will be removed after 2025-12-31.

For `use_container_width=True`, use `width='stretch'`. For `use_container_width=False`, use `width='content'`.
2026-10-03 00:21:36.753 Thread 'MainThread': missing ScriptRunContext! This warning can be ignored when running in bare mode.
2026-10-03 00:21:36.753 Thread 'MainThread': missing ScriptRunContext! This warning can be ignored when running in bare mode.
2026-10-03 00:21:36.753 Thread 'MainThread': missing ScriptRunContext! This warning can be ignored when running in bare mode.
2026-10-03 00:21:36.753 Thread 'MainThread': missing ScriptRunContext! This warning can be ignored when running in bare mode.
2026-10-03 00:21:36.941 Thread 'MainThread': missing ScriptRunContext! This warning can be ignored when running in bare mode.
2026-10-03 00:21:36.941 Thread 'MainThread': missing ScriptRunContext! This warning can be ignored when running in bare mode.
2026-10-03 00:21:36.941 Thread 'MainThread': missing ScriptRunContext! This warning can be ignored when running in bare mode.
2026-10-03 00:21:36.941 Thread 'MainThread': missing ScriptRunContext! This warning can be ignored when running in bare mode.
2026-10-03 00:21:37.132 Please replace `use_container_width` with `width`.

`use_container_width` will be removed after 2025-12-31.

For `use_container_width=True`, use `width='stretch'`. For `use_container_width=False`, use `width='content'`.
................
======================================================================
ERROR: test_source_original_and_explanation_review_language_stays_active (test_day15.Day15InteractionTests.test_source_original_and_explanation_review_language_stays_active)
----------------------------------------------------------------------
Traceback (most recent call last):
  File "C:\Users\88690\OneDrive\桌面\visual-learning-lab\tests\test_day15.py", line 312, in test_source_original_and_explanation_review_language_stays_active
    at.slider[0].set_value(2.0).run()
    ~~~~~~~~~^^^
  File "C:\Users\88690\AppData\Local\Python\pythoncore-3.14-64\Lib\site-packages\streamlit\testing\v1\element_tree.py", line 313, in __getitem__
    return self._list[idx]
           ~~~~~~~~~~^^^^^
IndexError: list index out of range

======================================================================
FAIL: test_failures_stay_local_and_new_material_resets (test_day15.Day15InteractionTests.test_failures_stay_local_and_new_material_resets)
----------------------------------------------------------------------
Traceback (most recent call last):
  File "C:\Users\88690\OneDrive\桌面\visual-learning-lab\tests\test_day15.py", line 322, in test_failures_stay_local_and_new_material_resets
    self.assertTrue(any("引導學習" in item.value for item in at.markdown))
    ~~~~~~~~~~~~~~~^^^^^^^^^^^^^^^^^^^^^^^^^^^^^^^^^^^^^^^^^^^^^^^^^^^^^^^
AssertionError: False is not true

----------------------------------------------------------------------
Ran 69 tests in 116.803s

FAILED (failures=1, errors=1)
