2026-10-06 21:58:10.599 Thread 'MainThread': missing ScriptRunContext! This warning can be ignored when running in bare mode.
2026-10-06 21:58:11.211 Thread 'MainThread': missing ScriptRunContext! This warning can be ignored when running in bare mode.
2026-10-06 21:58:11.804 Thread 'MainThread': missing ScriptRunContext! This warning can be ignored when running in bare mode.
2026-10-06 21:58:11.862 Thread 'MainThread': missing ScriptRunContext! This warning can be ignored when running in bare mode.
2026-10-06 21:58:12.404 Thread 'MainThread': missing ScriptRunContext! This warning can be ignored when running in bare mode.
2026-10-06 21:58:12.419 Thread 'MainThread': missing ScriptRunContext! This warning can be ignored when running in bare mode.
2026-10-06 21:58:12.419 Thread 'MainThread': missing ScriptRunContext! This warning can be ignored when running in bare mode.
2026-10-06 21:58:12.419 Thread 'MainThread': missing ScriptRunContext! This warning can be ignored when running in bare mode.
2026-10-06 21:58:12.419 Thread 'MainThread': missing ScriptRunContext! This warning can be ignored when running in bare mode.
2026-10-06 21:58:12.419 Thread 'MainThread': missing ScriptRunContext! This warning can be ignored when running in bare mode.
2026-10-06 21:58:12.419 Thread 'MainThread': missing ScriptRunContext! This warning can be ignored when running in bare mode.
2026-10-06 21:58:12.419 Thread 'MainThread': missing ScriptRunContext! This warning can be ignored when running in bare mode.
2026-10-06 21:58:12.419 Thread 'MainThread': missing ScriptRunContext! This warning can be ignored when running in bare mode.
2026-10-06 21:58:14.451 Please replace `use_container_width` with `width`.

`use_container_width` will be removed after 2025-12-31.

For `use_container_width=True`, use `width='stretch'`. For `use_container_width=False`, use `width='content'`.
2026-10-06 21:58:14.662 Please replace `use_container_width` with `width`.

`use_container_width` will be removed after 2025-12-31.

For `use_container_width=True`, use `width='stretch'`. For `use_container_width=False`, use `width='content'`.
2026-10-06 21:58:16.019 Thread 'MainThread': missing ScriptRunContext! This warning can be ignored when running in bare mode.
2026-10-06 21:58:16.019 Thread 'MainThread': missing ScriptRunContext! This warning can be ignored when running in bare mode.
2026-10-06 21:58:16.019 Thread 'MainThread': missing ScriptRunContext! This warning can be ignored when running in bare mode.
2026-10-06 21:58:16.020 Thread 'MainThread': missing ScriptRunContext! This warning can be ignored when running in bare mode.
2026-10-06 21:58:16.020 Thread 'MainThread': missing ScriptRunContext! This warning can be ignored when running in bare mode.
2026-10-06 21:58:16.020 Thread 'MainThread': missing ScriptRunContext! This warning can be ignored when running in bare mode.
2026-10-06 21:58:16.020 Thread 'MainThread': missing ScriptRunContext! This warning can be ignored when running in bare mode.
2026-10-06 21:58:16.020 Thread 'MainThread': missing ScriptRunContext! This warning can be ignored when running in bare mode.
2026-10-06 21:58:16.994 Please replace `use_container_width` with `width`.

`use_container_width` will be removed after 2025-12-31.

For `use_container_width=True`, use `width='stretch'`. For `use_container_width=False`, use `width='content'`.
2026-10-06 21:58:17.206 Please replace `use_container_width` with `width`.

`use_container_width` will be removed after 2025-12-31.

For `use_container_width=True`, use `width='stretch'`. For `use_container_width=False`, use `width='content'`.
2026-10-06 21:58:17.213 Thread 'MainThread': missing ScriptRunContext! This warning can be ignored when running in bare mode.
2026-10-06 21:58:17.213 Thread 'MainThread': missing ScriptRunContext! This warning can be ignored when running in bare mode.
2026-10-06 21:58:17.213 Thread 'MainThread': missing ScriptRunContext! This warning can be ignored when running in bare mode.
2026-10-06 21:58:17.213 Thread 'MainThread': missing ScriptRunContext! This warning can be ignored when running in bare mode.
2026-10-06 21:58:17.214 Thread 'MainThread': missing ScriptRunContext! This warning can be ignored when running in bare mode.
2026-10-06 21:58:17.214 Thread 'MainThread': missing ScriptRunContext! This warning can be ignored when running in bare mode.
2026-10-06 21:58:17.214 Thread 'MainThread': missing ScriptRunContext! This warning can be ignored when running in bare mode.
2026-10-06 21:58:18.556 Thread 'MainThread': missing ScriptRunContext! This warning can be ignored when running in bare mode.
2026-10-06 21:58:18.556 Thread 'MainThread': missing ScriptRunContext! This warning can be ignored when running in bare mode.
2026-10-06 21:58:18.556 Thread 'MainThread': missing ScriptRunContext! This warning can be ignored when running in bare mode.
2026-10-06 21:58:18.556 Thread 'MainThread': missing ScriptRunContext! This warning can be ignored when running in bare mode.
2026-10-06 21:58:18.556 Thread 'MainThread': missing ScriptRunContext! This warning can be ignored when running in bare mode.
2026-10-06 21:58:18.556 Thread 'MainThread': missing ScriptRunContext! This warning can be ignored when running in bare mode.
2026-10-06 21:58:18.556 Thread 'MainThread': missing ScriptRunContext! This warning can be ignored when running in bare mode.
2026-10-06 21:58:18.556 Thread 'MainThread': missing ScriptRunContext! This warning can be ignored when running in bare mode.
2026-10-06 21:58:18.564 Thread 'MainThread': missing ScriptRunContext! This warning can be ignored when running in bare mode.
2026-10-06 21:58:18.564 Thread 'MainThread': missing ScriptRunContext! This warning can be ignored when running in bare mode.
2026-10-06 21:58:18.564 Thread 'MainThread': missing ScriptRunContext! This warning can be ignored when running in bare mode.
Analogy rejected stage=request code=RuntimeError path=$
Analogy rejected stage=response code=response_bound path=$
Analogy rejected stage=normalize code=mapping path=$
Analogy rejected stage=normalize code=mapping path=$
Analogy rejected stage=normalize code=mapping path=$
Analogy rejected stage=normalize code=mapping path=$
Analogy rejected stage=normalize code=mapping path=$
Analogy rejected stage=normalize code=mapping path=$
Analogy rejected stage=normalize code=mapping path=$
Analogy rejected stage=normalize code=mapping path=$
Analogy rejected stage=normalize code=mapping path=$
Analogy rejected stage=normalize code=mapping path=$
Analogy rejected stage=response code=incomplete_response path=$
Analogy rejected stage=response code=model_refusal path=$
Analogy rejected stage=response code=invalid_json path=$
Analogy rejected stage=request code=RuntimeError path=$
Analogy rejected stage=request code=RuntimeError path=$
Analogy rejected stage=normalize code=numeric_bounds path=$.parameters[0].step
2026-10-06 21:58:26.217 Thread 'MainThread': missing ScriptRunContext! This warning can be ignored when running in bare mode.
2026-10-06 21:58:26.217 Thread 'MainThread': missing ScriptRunContext! This warning can be ignored when running in bare mode.
2026-10-06 21:58:26.217 Thread 'MainThread': missing ScriptRunContext! This warning can be ignored when running in bare mode.
2026-10-06 21:58:26.217 Thread 'MainThread': missing ScriptRunContext! This warning can be ignored when running in bare mode.
2026-10-06 21:58:26.217 Thread 'MainThread': missing ScriptRunContext! This warning can be ignored when running in bare mode.
2026-10-06 21:58:26.217 Thread 'MainThread': missing ScriptRunContext! This warning can be ignored when running in bare mode.
2026-10-06 21:58:26.217 Thread 'MainThread': missing ScriptRunContext! This warning can be ignored when running in bare mode.
2026-10-06 21:58:26.217 Thread 'MainThread': missing ScriptRunContext! This warning can be ignored when running in bare mode.
Analogy rejected stage=renderer code=RuntimeError path=$
2026-10-06 21:58:27.977 Thread 'MainThread': missing ScriptRunContext! This warning can be ignored when running in bare mode.
2026-10-06 21:58:27.977 Thread 'MainThread': missing ScriptRunContext! This warning can be ignored when running in bare mode.
2026-10-06 21:58:27.977 Thread 'MainThread': missing ScriptRunContext! This warning can be ignored when running in bare mode.
2026-10-06 21:58:27.977 Thread 'MainThread': missing ScriptRunContext! This warning can be ignored when running in bare mode.
2026-10-06 21:58:27.977 Thread 'MainThread': missing ScriptRunContext! This warning can be ignored when running in bare mode.
2026-10-06 21:58:27.978 Thread 'MainThread': missing ScriptRunContext! This warning can be ignored when running in bare mode.
2026-10-06 21:58:27.978 Thread 'MainThread': missing ScriptRunContext! This warning can be ignored when running in bare mode.
2026-10-06 21:58:27.978 Thread 'MainThread': missing ScriptRunContext! This warning can be ignored when running in bare mode.
Analogy rejected stage=renderer code=RuntimeError path=$
Analogy rejected stage=normalize code=geometry_bounds path=$.primitives
2026-10-06 21:58:29.805 Thread 'MainThread': missing ScriptRunContext! This warning can be ignored when running in bare mode.
2026-10-06 21:58:29.806 Thread 'MainThread': missing ScriptRunContext! This warning can be ignored when running in bare mode.
2026-10-06 21:58:29.806 Thread 'MainThread': missing ScriptRunContext! This warning can be ignored when running in bare mode.
2026-10-06 21:58:29.806 Thread 'MainThread': missing ScriptRunContext! This warning can be ignored when running in bare mode.
2026-10-06 21:58:29.806 Thread 'MainThread': missing ScriptRunContext! This warning can be ignored when running in bare mode.
2026-10-06 21:58:29.806 Thread 'MainThread': missing ScriptRunContext! This warning can be ignored when running in bare mode.
2026-10-06 21:58:29.806 Thread 'MainThread': missing ScriptRunContext! This warning can be ignored when running in bare mode.
2026-10-06 21:58:32.271 Thread 'MainThread': missing ScriptRunContext! This warning can be ignored when running in bare mode.
2026-10-06 21:58:32.271 Thread 'MainThread': missing ScriptRunContext! This warning can be ignored when running in bare mode.
2026-10-06 21:58:32.271 Thread 'MainThread': missing ScriptRunContext! This warning can be ignored when running in bare mode.
2026-10-06 21:58:32.271 Thread 'MainThread': missing ScriptRunContext! This warning can be ignored when running in bare mode.
2026-10-06 21:58:32.271 Thread 'MainThread': missing ScriptRunContext! This warning can be ignored when running in bare mode.
2026-10-06 21:58:32.271 Thread 'MainThread': missing ScriptRunContext! This warning can be ignored when running in bare mode.
2026-10-06 21:58:32.271 Thread 'MainThread': missing ScriptRunContext! This warning can be ignored when running in bare mode.
Analogy rejected stage=normalize code=mapping path=$.mappings[0]
Analogy rejected stage=normalize code=unsafe_expression path=$.primitives[0].radius
Analogy rejected stage=normalize code=envelope_fields path=$
Analogy rejected stage=normalize code=unsafe_expression path=$
Analogy rejected stage=normalize code=unsafe_expression path=$
Analogy rejected stage=normalize code=unsafe_expression path=$
Analogy rejected stage=normalize code=unsafe_expression path=$
Analogy rejected stage=normalize code=unsafe_expression path=$
Analogy rejected stage=normalize code=unsafe_expression path=$
2026-10-06 21:58:34.530 Thread 'MainThread': missing ScriptRunContext! This warning can be ignored when running in bare mode.
2026-10-06 21:58:34.531 Thread 'MainThread': missing ScriptRunContext! This warning can be ignored when running in bare mode.
2026-10-06 21:58:34.531 Thread 'MainThread': missing ScriptRunContext! This warning can be ignored when running in bare mode.
2026-10-06 21:58:34.531 Thread 'MainThread': missing ScriptRunContext! This warning can be ignored when running in bare mode.
2026-10-06 21:58:34.531 Thread 'MainThread': missing ScriptRunContext! This warning can be ignored when running in bare mode.
2026-10-06 21:58:34.531 Thread 'MainThread': missing ScriptRunContext! This warning can be ignored when running in bare mode.
2026-10-06 21:58:34.531 Thread 'MainThread': missing ScriptRunContext! This warning can be ignored when running in bare mode.
2026-10-06 21:58:34.531 Thread 'MainThread': missing ScriptRunContext! This warning can be ignored when running in bare mode.
Analogy rejected stage=normalize code=unsafe_expression path=$.primitives[0].radius
Analogy rejected stage=normalize code=unsafe_expression path=$.primitives[0].radius
Analogy rejected stage=normalize code=unsafe_expression path=$.primitives[0].radius
Analogy rejected stage=normalize code=unsafe_expression path=$.primitives[0].radius
2026-10-06 21:58:39.143 Thread 'MainThread': missing ScriptRunContext! This warning can be ignored when running in bare mode.
2026-10-06 21:58:39.143 Thread 'MainThread': missing ScriptRunContext! This warning can be ignored when running in bare mode.
2026-10-06 21:58:39.143 Thread 'MainThread': missing ScriptRunContext! This warning can be ignored when running in bare mode.
2026-10-06 21:58:39.143 Thread 'MainThread': missing ScriptRunContext! This warning can be ignored when running in bare mode.
2026-10-06 21:58:39.144 Thread 'MainThread': missing ScriptRunContext! This warning can be ignored when running in bare mode.
2026-10-06 21:58:39.144 Thread 'MainThread': missing ScriptRunContext! This warning can be ignored when running in bare mode.
2026-10-06 21:58:39.144 Thread 'MainThread': missing ScriptRunContext! This warning can be ignored when running in bare mode.
2026-10-06 21:58:40.813 Thread 'MainThread': missing ScriptRunContext! This warning can be ignored when running in bare mode.
2026-10-06 21:58:40.814 Thread 'MainThread': missing ScriptRunContext! This warning can be ignored when running in bare mode.
2026-10-06 21:58:40.814 Thread 'MainThread': missing ScriptRunContext! This warning can be ignored when running in bare mode.
2026-10-06 21:58:40.814 Thread 'MainThread': missing ScriptRunContext! This warning can be ignored when running in bare mode.
2026-10-06 21:58:40.814 Thread 'MainThread': missing ScriptRunContext! This warning can be ignored when running in bare mode.
2026-10-06 21:58:40.814 Thread 'MainThread': missing ScriptRunContext! This warning can be ignored when running in bare mode.
2026-10-06 21:58:40.814 Thread 'MainThread': missing ScriptRunContext! This warning can be ignored when running in bare mode.
2026-10-06 21:58:42.533 Thread 'MainThread': missing ScriptRunContext! This warning can be ignored when running in bare mode.
2026-10-06 21:58:42.533 Thread 'MainThread': missing ScriptRunContext! This warning can be ignored when running in bare mode.
2026-10-06 21:58:42.533 Thread 'MainThread': missing ScriptRunContext! This warning can be ignored when running in bare mode.
2026-10-06 21:58:42.533 Thread 'MainThread': missing ScriptRunContext! This warning can be ignored when running in bare mode.
2026-10-06 21:58:42.534 Thread 'MainThread': missing ScriptRunContext! This warning can be ignored when running in bare mode.
2026-10-06 21:58:42.534 Thread 'MainThread': missing ScriptRunContext! This warning can be ignored when running in bare mode.
2026-10-06 21:58:42.534 Thread 'MainThread': missing ScriptRunContext! This warning can be ignored when running in bare mode.
2026-10-06 21:58:43.176 Please replace `use_container_width` with `width`.

`use_container_width` will be removed after 2025-12-31.

For `use_container_width=True`, use `width='stretch'`. For `use_container_width=False`, use `width='content'`.
2026-10-06 21:58:43.376 Please replace `use_container_width` with `width`.

`use_container_width` will be removed after 2025-12-31.

For `use_container_width=True`, use `width='stretch'`. For `use_container_width=False`, use `width='content'`.
2026-10-06 21:58:43.386 Thread 'MainThread': missing ScriptRunContext! This warning can be ignored when running in bare mode.
2026-10-06 21:58:43.386 Thread 'MainThread': missing ScriptRunContext! This warning can be ignored when running in bare mode.
2026-10-06 21:58:43.386 Thread 'MainThread': missing ScriptRunContext! This warning can be ignored when running in bare mode.
2026-10-06 21:58:43.386 Thread 'MainThread': missing ScriptRunContext! This warning can be ignored when running in bare mode.
2026-10-06 21:58:43.386 Thread 'MainThread': missing ScriptRunContext! This warning can be ignored when running in bare mode.
2026-10-06 21:58:43.386 Thread 'MainThread': missing ScriptRunContext! This warning can be ignored when running in bare mode.
2026-10-06 21:58:43.386 Thread 'MainThread': missing ScriptRunContext! This warning can be ignored when running in bare mode.
2026-10-06 21:58:43.987 Thread 'MainThread': missing ScriptRunContext! This warning can be ignored when running in bare mode.
2026-10-06 21:58:43.987 Thread 'MainThread': missing ScriptRunContext! This warning can be ignored when running in bare mode.
2026-10-06 21:58:43.987 Thread 'MainThread': missing ScriptRunContext! This warning can be ignored when running in bare mode.
2026-10-06 21:58:43.987 Thread 'MainThread': missing ScriptRunContext! This warning can be ignored when running in bare mode.
2026-10-06 21:58:44.901 Thread 'MainThread': missing ScriptRunContext! This warning can be ignored when running in bare mode.
2026-10-06 21:58:44.901 Thread 'MainThread': missing ScriptRunContext! This warning can be ignored when running in bare mode.
2026-10-06 21:58:44.901 Thread 'MainThread': missing ScriptRunContext! This warning can be ignored when running in bare mode.
2026-10-06 21:58:44.901 Thread 'MainThread': missing ScriptRunContext! This warning can be ignored when running in bare mode.
2026-10-06 21:58:44.901 Thread 'MainThread': missing ScriptRunContext! This warning can be ignored when running in bare mode.
2026-10-06 21:58:44.901 Thread 'MainThread': missing ScriptRunContext! This warning can be ignored when running in bare mode.
2026-10-06 21:58:44.902 Thread 'MainThread': missing ScriptRunContext! This warning can be ignored when running in bare mode.
2026-10-06 21:58:49.234 Thread 'MainThread': missing ScriptRunContext! This warning can be ignored when running in bare mode.
2026-10-06 21:58:49.234 Thread 'MainThread': missing ScriptRunContext! This warning can be ignored when running in bare mode.
2026-10-06 21:58:49.234 Thread 'MainThread': missing ScriptRunContext! This warning can be ignored when running in bare mode.
2026-10-06 21:58:49.234 Thread 'MainThread': missing ScriptRunContext! This warning can be ignored when running in bare mode.
2026-10-06 21:58:49.234 Thread 'MainThread': missing ScriptRunContext! This warning can be ignored when running in bare mode.
2026-10-06 21:58:49.234 Thread 'MainThread': missing ScriptRunContext! This warning can be ignored when running in bare mode.
2026-10-06 21:58:49.234 Thread 'MainThread': missing ScriptRunContext! This warning can be ignored when running in bare mode.
2026-10-06 21:58:50.518 Thread 'MainThread': missing ScriptRunContext! This warning can be ignored when running in bare mode.
2026-10-06 21:58:50.518 Thread 'MainThread': missing ScriptRunContext! This warning can be ignored when running in bare mode.
2026-10-06 21:58:50.518 Thread 'MainThread': missing ScriptRunContext! This warning can be ignored when running in bare mode.
2026-10-06 21:58:50.518 Thread 'MainThread': missing ScriptRunContext! This warning can be ignored when running in bare mode.
2026-10-06 21:58:50.519 Thread 'MainThread': missing ScriptRunContext! This warning can be ignored when running in bare mode.
2026-10-06 21:58:50.519 Thread 'MainThread': missing ScriptRunContext! This warning can be ignored when running in bare mode.
2026-10-06 21:58:50.519 Thread 'MainThread': missing ScriptRunContext! This warning can be ignored when running in bare mode.
2026-10-06 21:58:51.674 Thread 'MainThread': missing ScriptRunContext! This warning can be ignored when running in bare mode.
2026-10-06 21:58:51.870 Thread 'MainThread': missing ScriptRunContext! This warning can be ignored when running in bare mode.
2026-10-06 21:58:51.870 Thread 'MainThread': missing ScriptRunContext! This warning can be ignored when running in bare mode.
2026-10-06 21:58:51.870 Thread 'MainThread': missing ScriptRunContext! This warning can be ignored when running in bare mode.
2026-10-06 21:58:51.870 Thread 'MainThread': missing ScriptRunContext! This warning can be ignored when running in bare mode.
2026-10-06 21:58:51.870 Thread 'MainThread': missing ScriptRunContext! This warning can be ignored when running in bare mode.
2026-10-06 21:58:51.870 Thread 'MainThread': missing ScriptRunContext! This warning can be ignored when running in bare mode.
2026-10-06 21:58:51.870 Thread 'MainThread': missing ScriptRunContext! This warning can be ignored when running in bare mode.
2026-10-06 21:58:54.733 Thread 'MainThread': missing ScriptRunContext! This warning can be ignored when running in bare mode.
2026-10-06 21:58:54.733 Thread 'MainThread': missing ScriptRunContext! This warning can be ignored when running in bare mode.
2026-10-06 21:58:54.733 Thread 'MainThread': missing ScriptRunContext! This warning can be ignored when running in bare mode.
2026-10-06 21:58:54.733 Thread 'MainThread': missing ScriptRunContext! This warning can be ignored when running in bare mode.
2026-10-06 21:58:54.733 Thread 'MainThread': missing ScriptRunContext! This warning can be ignored when running in bare mode.
2026-10-06 21:58:54.733 Thread 'MainThread': missing ScriptRunContext! This warning can be ignored when running in bare mode.
2026-10-06 21:58:54.733 Thread 'MainThread': missing ScriptRunContext! This warning can be ignored when running in bare mode.
2026-10-06 21:58:56.221 Thread 'MainThread': missing ScriptRunContext! This warning can be ignored when running in bare mode.
2026-10-06 21:58:57.815 Thread 'MainThread': missing ScriptRunContext! This warning can be ignored when running in bare mode.
2026-10-06 21:58:57.815 Thread 'MainThread': missing ScriptRunContext! This warning can be ignored when running in bare mode.
2026-10-06 21:58:57.815 Thread 'MainThread': missing ScriptRunContext! This warning can be ignored when running in bare mode.
2026-10-06 21:58:57.815 Thread 'MainThread': missing ScriptRunContext! This warning can be ignored when running in bare mode.
2026-10-06 21:58:57.815 Thread 'MainThread': missing ScriptRunContext! This warning can be ignored when running in bare mode.
2026-10-06 21:58:57.815 Thread 'MainThread': missing ScriptRunContext! This warning can be ignored when running in bare mode.
2026-10-06 21:58:57.815 Thread 'MainThread': missing ScriptRunContext! This warning can be ignored when running in bare mode.
2026-10-06 21:58:58.876 Please replace `use_container_width` with `width`.

`use_container_width` will be removed after 2025-12-31.

For `use_container_width=True`, use `width='stretch'`. For `use_container_width=False`, use `width='content'`.
2026-10-06 21:58:59.727 Thread 'MainThread': missing ScriptRunContext! This warning can be ignored when running in bare mode.
2026-10-06 21:58:59.727 Thread 'MainThread': missing ScriptRunContext! This warning can be ignored when running in bare mode.
2026-10-06 21:59:00.183 Please replace `use_container_width` with `width`.

`use_container_width` will be removed after 2025-12-31.

For `use_container_width=True`, use `width='stretch'`. For `use_container_width=False`, use `width='content'`.
2026-10-06 21:59:00.751 Thread 'MainThread': missing ScriptRunContext! This warning can be ignored when running in bare mode.
2026-10-06 21:59:00.752 Thread 'MainThread': missing ScriptRunContext! This warning can be ignored when running in bare mode.
2026-10-06 21:59:00.752 Thread 'MainThread': missing ScriptRunContext! This warning can be ignored when running in bare mode.
2026-10-06 21:59:00.752 Thread 'MainThread': missing ScriptRunContext! This warning can be ignored when running in bare mode.
2026-10-06 21:59:00.752 Thread 'MainThread': missing ScriptRunContext! This warning can be ignored when running in bare mode.
2026-10-06 21:59:00.752 Thread 'MainThread': missing ScriptRunContext! This warning can be ignored when running in bare mode.
2026-10-06 21:59:00.752 Thread 'MainThread': missing ScriptRunContext! This warning can be ignored when running in bare mode.
2026-10-06 21:59:01.372 Please replace `use_container_width` with `width`.

`use_container_width` will be removed after 2025-12-31.

For `use_container_width=True`, use `width='stretch'`. For `use_container_width=False`, use `width='content'`.
2026-10-06 21:59:02.170 Please replace `use_container_width` with `width`.

`use_container_width` will be removed after 2025-12-31.

For `use_container_width=True`, use `width='stretch'`. For `use_container_width=False`, use `width='content'`.
2026-10-06 21:59:02.381 Please replace `use_container_width` with `width`.

`use_container_width` will be removed after 2025-12-31.

For `use_container_width=True`, use `width='stretch'`. For `use_container_width=False`, use `width='content'`.
2026-10-06 21:59:02.606 Please replace `use_container_width` with `width`.

`use_container_width` will be removed after 2025-12-31.

For `use_container_width=True`, use `width='stretch'`. For `use_container_width=False`, use `width='content'`.
2026-10-06 21:59:02.974 Please replace `use_container_width` with `width`.

`use_container_width` will be removed after 2025-12-31.

For `use_container_width=True`, use `width='stretch'`. For `use_container_width=False`, use `width='content'`.
2026-10-06 21:59:03.258 Please replace `use_container_width` with `width`.

`use_container_width` will be removed after 2025-12-31.

For `use_container_width=True`, use `width='stretch'`. For `use_container_width=False`, use `width='content'`.
2026-10-06 21:59:05.208 Please replace `use_container_width` with `width`.

`use_container_width` will be removed after 2025-12-31.

For `use_container_width=True`, use `width='stretch'`. For `use_container_width=False`, use `width='content'`.
2026-10-06 21:59:05.689 Please replace `use_container_width` with `width`.

`use_container_width` will be removed after 2025-12-31.

For `use_container_width=True`, use `width='stretch'`. For `use_container_width=False`, use `width='content'`.
2026-10-06 21:59:05.700 Thread 'MainThread': missing ScriptRunContext! This warning can be ignored when running in bare mode.
2026-10-06 21:59:05.700 Thread 'MainThread': missing ScriptRunContext! This warning can be ignored when running in bare mode.
2026-10-06 21:59:05.700 Thread 'MainThread': missing ScriptRunContext! This warning can be ignored when running in bare mode.
2026-10-06 21:59:05.700 Thread 'MainThread': missing ScriptRunContext! This warning can be ignored when running in bare mode.
2026-10-06 21:59:05.700 Thread 'MainThread': missing ScriptRunContext! This warning can be ignored when running in bare mode.
2026-10-06 21:59:05.700 Thread 'MainThread': missing ScriptRunContext! This warning can be ignored when running in bare mode.
2026-10-06 21:59:05.700 Thread 'MainThread': missing ScriptRunContext! This warning can be ignored when running in bare mode.
2026-10-06 21:59:06.335 Please replace `use_container_width` with `width`.

`use_container_width` will be removed after 2025-12-31.

For `use_container_width=True`, use `width='stretch'`. For `use_container_width=False`, use `width='content'`.
2026-10-06 21:59:06.598 Please replace `use_container_width` with `width`.

`use_container_width` will be removed after 2025-12-31.

For `use_container_width=True`, use `width='stretch'`. For `use_container_width=False`, use `width='content'`.
2026-10-06 21:59:06.608 Thread 'MainThread': missing ScriptRunContext! This warning can be ignored when running in bare mode.
2026-10-06 21:59:06.608 Thread 'MainThread': missing ScriptRunContext! This warning can be ignored when running in bare mode.
2026-10-06 21:59:06.608 Thread 'MainThread': missing ScriptRunContext! This warning can be ignored when running in bare mode.
2026-10-06 21:59:06.608 Thread 'MainThread': missing ScriptRunContext! This warning can be ignored when running in bare mode.
2026-10-06 21:59:06.608 Thread 'MainThread': missing ScriptRunContext! This warning can be ignored when running in bare mode.
2026-10-06 21:59:06.608 Thread 'MainThread': missing ScriptRunContext! This warning can be ignored when running in bare mode.
2026-10-06 21:59:06.609 Thread 'MainThread': missing ScriptRunContext! This warning can be ignored when running in bare mode.
2026-10-06 21:59:06.820 Please replace `use_container_width` with `width`.

`use_container_width` will be removed after 2025-12-31.

For `use_container_width=True`, use `width='stretch'`. For `use_container_width=False`, use `width='content'`.
2026-10-06 21:59:07.048 Please replace `use_container_width` with `width`.

`use_container_width` will be removed after 2025-12-31.

For `use_container_width=True`, use `width='stretch'`. For `use_container_width=False`, use `width='content'`.
2026-10-06 21:59:07.279 Please replace `use_container_width` with `width`.

`use_container_width` will be removed after 2025-12-31.

For `use_container_width=True`, use `width='stretch'`. For `use_container_width=False`, use `width='content'`.
2026-10-06 21:59:07.548 Please replace `use_container_width` with `width`.

`use_container_width` will be removed after 2025-12-31.

For `use_container_width=True`, use `width='stretch'`. For `use_container_width=False`, use `width='content'`.
2026-10-06 21:59:07.868 Please replace `use_container_width` with `width`.

`use_container_width` will be removed after 2025-12-31.

For `use_container_width=True`, use `width='stretch'`. For `use_container_width=False`, use `width='content'`.
2026-10-06 21:59:08.115 Please replace `use_container_width` with `width`.

`use_container_width` will be removed after 2025-12-31.

For `use_container_width=True`, use `width='stretch'`. For `use_container_width=False`, use `width='content'`.
2026-10-06 21:59:08.126 Thread 'MainThread': missing ScriptRunContext! This warning can be ignored when running in bare mode.
2026-10-06 21:59:08.126 Thread 'MainThread': missing ScriptRunContext! This warning can be ignored when running in bare mode.
2026-10-06 21:59:08.126 Thread 'MainThread': missing ScriptRunContext! This warning can be ignored when running in bare mode.
2026-10-06 21:59:08.126 Thread 'MainThread': missing ScriptRunContext! This warning can be ignored when running in bare mode.
2026-10-06 21:59:08.126 Thread 'MainThread': missing ScriptRunContext! This warning can be ignored when running in bare mode.
2026-10-06 21:59:08.126 Thread 'MainThread': missing ScriptRunContext! This warning can be ignored when running in bare mode.
2026-10-06 21:59:08.126 Thread 'MainThread': missing ScriptRunContext! This warning can be ignored when running in bare mode.
2026-10-06 21:59:08.758 Please replace `use_container_width` with `width`.

`use_container_width` will be removed after 2025-12-31.

For `use_container_width=True`, use `width='stretch'`. For `use_container_width=False`, use `width='content'`.
2026-10-06 21:59:09.030 Please replace `use_container_width` with `width`.

`use_container_width` will be removed after 2025-12-31.

For `use_container_width=True`, use `width='stretch'`. For `use_container_width=False`, use `width='content'`.
2026-10-06 21:59:09.284 Please replace `use_container_width` with `width`.

`use_container_width` will be removed after 2025-12-31.

For `use_container_width=True`, use `width='stretch'`. For `use_container_width=False`, use `width='content'`.
2026-10-06 21:59:09.558 Please replace `use_container_width` with `width`.

`use_container_width` will be removed after 2025-12-31.

For `use_container_width=True`, use `width='stretch'`. For `use_container_width=False`, use `width='content'`.
2026-10-06 21:59:09.828 Please replace `use_container_width` with `width`.

`use_container_width` will be removed after 2025-12-31.

For `use_container_width=True`, use `width='stretch'`. For `use_container_width=False`, use `width='content'`.
2026-10-06 21:59:09.839 Thread 'MainThread': missing ScriptRunContext! This warning can be ignored when running in bare mode.
2026-10-06 21:59:09.839 Thread 'MainThread': missing ScriptRunContext! This warning can be ignored when running in bare mode.
2026-10-06 21:59:09.839 Thread 'MainThread': missing ScriptRunContext! This warning can be ignored when running in bare mode.
2026-10-06 21:59:09.839 Thread 'MainThread': missing ScriptRunContext! This warning can be ignored when running in bare mode.
2026-10-06 21:59:10.584 Please replace `use_container_width` with `width`.

`use_container_width` will be removed after 2025-12-31.

For `use_container_width=True`, use `width='stretch'`. For `use_container_width=False`, use `width='content'`.
2026-10-06 21:59:10.825 Please replace `use_container_width` with `width`.

`use_container_width` will be removed after 2025-12-31.

For `use_container_width=True`, use `width='stretch'`. For `use_container_width=False`, use `width='content'`.
2026-10-06 21:59:11.044 Thread 'MainThread': missing ScriptRunContext! This warning can be ignored when running in bare mode.
2026-10-06 21:59:11.045 Session state does not function when running a script without `streamlit run`
2026-10-06 21:59:11.073 Thread 'MainThread': missing ScriptRunContext! This warning can be ignored when running in bare mode.
2026-10-06 21:59:11.077 Thread 'MainThread': missing ScriptRunContext! This warning can be ignored when running in bare mode.
2026-10-06 21:59:11.080 Thread 'MainThread': missing ScriptRunContext! This warning can be ignored when running in bare mode.
2026-10-06 21:59:11.082 Thread 'MainThread': missing ScriptRunContext! This warning can be ignored when running in bare mode.
2026-10-06 21:59:11.085 Thread 'MainThread': missing ScriptRunContext! This warning can be ignored when running in bare mode.
2026-10-06 21:59:11.088 Thread 'MainThread': missing ScriptRunContext! This warning can be ignored when running in bare mode.
2026-10-06 21:59:11.091 Thread 'MainThread': missing ScriptRunContext! This warning can be ignored when running in bare mode.
2026-10-06 21:59:11.093 Thread 'MainThread': missing ScriptRunContext! This warning can be ignored when running in bare mode.
2026-10-06 21:59:11.096 Thread 'MainThread': missing ScriptRunContext! This warning can be ignored when running in bare mode.
2026-10-06 21:59:11.099 Thread 'MainThread': missing ScriptRunContext! This warning can be ignored when running in bare mode.
2026-10-06 21:59:11.102 Thread 'MainThread': missing ScriptRunContext! This warning can be ignored when running in bare mode.
2026-10-06 21:59:11.105 Thread 'MainThread': missing ScriptRunContext! This warning can be ignored when running in bare mode.
2026-10-06 21:59:11.108 Thread 'MainThread': missing ScriptRunContext! This warning can be ignored when running in bare mode.
2026-10-06 21:59:11.111 Thread 'MainThread': missing ScriptRunContext! This warning can be ignored when running in bare mode.
2026-10-06 21:59:11.113 Thread 'MainThread': missing ScriptRunContext! This warning can be ignored when running in bare mode.
2026-10-06 21:59:11.116 Thread 'MainThread': missing ScriptRunContext! This warning can be ignored when running in bare mode.
2026-10-06 21:59:11.119 Thread 'MainThread': missing ScriptRunContext! This warning can be ignored when running in bare mode.
2026-10-06 21:59:11.122 Thread 'MainThread': missing ScriptRunContext! This warning can be ignored when running in bare mode.
2026-10-06 21:59:11.124 Thread 'MainThread': missing ScriptRunContext! This warning can be ignored when running in bare mode.
2026-10-06 21:59:11.127 Thread 'MainThread': missing ScriptRunContext! This warning can be ignored when running in bare mode.
2026-10-06 21:59:11.130 Thread 'MainThread': missing ScriptRunContext! This warning can be ignored when running in bare mode.
2026-10-06 21:59:11.133 Thread 'MainThread': missing ScriptRunContext! This warning can be ignored when running in bare mode.
2026-10-06 21:59:11.136 Thread 'MainThread': missing ScriptRunContext! This warning can be ignored when running in bare mode.
2026-10-06 21:59:11.139 Thread 'MainThread': missing ScriptRunContext! This warning can be ignored when running in bare mode.
2026-10-06 21:59:11.141 Thread 'MainThread': missing ScriptRunContext! This warning can be ignored when running in bare mode.
2026-10-06 21:59:11.144 Thread 'MainThread': missing ScriptRunContext! This warning can be ignored when running in bare mode.
2026-10-06 21:59:11.147 Thread 'MainThread': missing ScriptRunContext! This warning can be ignored when running in bare mode.
2026-10-06 21:59:11.150 Thread 'MainThread': missing ScriptRunContext! This warning can be ignored when running in bare mode.
2026-10-06 21:59:11.153 Thread 'MainThread': missing ScriptRunContext! This warning can be ignored when running in bare mode.
2026-10-06 21:59:11.155 Thread 'MainThread': missing ScriptRunContext! This warning can be ignored when running in bare mode.
2026-10-06 21:59:11.158 Thread 'MainThread': missing ScriptRunContext! This warning can be ignored when running in bare mode.
2026-10-06 21:59:11.161 Thread 'MainThread': missing ScriptRunContext! This warning can be ignored when running in bare mode.
2026-10-06 21:59:11.164 Thread 'MainThread': missing ScriptRunContext! This warning can be ignored when running in bare mode.
2026-10-06 21:59:11.167 Thread 'MainThread': missing ScriptRunContext! This warning can be ignored when running in bare mode.
2026-10-06 21:59:11.171 Thread 'MainThread': missing ScriptRunContext! This warning can be ignored when running in bare mode.
2026-10-06 21:59:11.174 Thread 'MainThread': missing ScriptRunContext! This warning can be ignored when running in bare mode.
2026-10-06 21:59:11.177 Thread 'MainThread': missing ScriptRunContext! This warning can be ignored when running in bare mode.
2026-10-06 21:59:11.180 Thread 'MainThread': missing ScriptRunContext! This warning can be ignored when running in bare mode.
2026-10-06 21:59:11.182 Thread 'MainThread': missing ScriptRunContext! This warning can be ignored when running in bare mode.
2026-10-06 21:59:11.185 Thread 'MainThread': missing ScriptRunContext! This warning can be ignored when running in bare mode.
2026-10-06 21:59:11.187 Thread 'MainThread': missing ScriptRunContext! This warning can be ignored when running in bare mode.
2026-10-06 21:59:11.189 Thread 'MainThread': missing ScriptRunContext! This warning can be ignored when running in bare mode.
2026-10-06 21:59:11.192 Thread 'MainThread': missing ScriptRunContext! This warning can be ignored when running in bare mode.
2026-10-06 21:59:11.194 Thread 'MainThread': missing ScriptRunContext! This warning can be ignored when running in bare mode.
2026-10-06 21:59:11.196 Thread 'MainThread': missing ScriptRunContext! This warning can be ignored when running in bare mode.
2026-10-06 21:59:11.198 Thread 'MainThread': missing ScriptRunContext! This warning can be ignored when running in bare mode.
2026-10-06 21:59:11.201 Thread 'MainThread': missing ScriptRunContext! This warning can be ignored when running in bare mode.
2026-10-06 21:59:11.203 Thread 'MainThread': missing ScriptRunContext! This warning can be ignored when running in bare mode.
2026-10-06 21:59:11.205 Thread 'MainThread': missing ScriptRunContext! This warning can be ignored when running in bare mode.
2026-10-06 21:59:11.207 Thread 'MainThread': missing ScriptRunContext! This warning can be ignored when running in bare mode.
2026-10-06 21:59:11.210 Thread 'MainThread': missing ScriptRunContext! This warning can be ignored when running in bare mode.
2026-10-06 21:59:11.212 Thread 'MainThread': missing ScriptRunContext! This warning can be ignored when running in bare mode.
2026-10-06 21:59:11.214 Thread 'MainThread': missing ScriptRunContext! This warning can be ignored when running in bare mode.
2026-10-06 21:59:11.216 Thread 'MainThread': missing ScriptRunContext! This warning can be ignored when running in bare mode.
2026-10-06 21:59:11.218 Thread 'MainThread': missing ScriptRunContext! This warning can be ignored when running in bare mode.
2026-10-06 21:59:11.220 Thread 'MainThread': missing ScriptRunContext! This warning can be ignored when running in bare mode.
2026-10-06 21:59:11.222 Thread 'MainThread': missing ScriptRunContext! This warning can be ignored when running in bare mode.
2026-10-06 21:59:11.225 Thread 'MainThread': missing ScriptRunContext! This warning can be ignored when running in bare mode.
2026-10-06 21:59:11.227 Thread 'MainThread': missing ScriptRunContext! This warning can be ignored when running in bare mode.
2026-10-06 21:59:11.229 Thread 'MainThread': missing ScriptRunContext! This warning can be ignored when running in bare mode.
2026-10-06 21:59:11.232 Thread 'MainThread': missing ScriptRunContext! This warning can be ignored when running in bare mode.
2026-10-06 21:59:11.234 Thread 'MainThread': missing ScriptRunContext! This warning can be ignored when running in bare mode.
2026-10-06 21:59:11.236 Thread 'MainThread': missing ScriptRunContext! This warning can be ignored when running in bare mode.
2026-10-06 21:59:11.238 Thread 'MainThread': missing ScriptRunContext! This warning can be ignored when running in bare mode.
2026-10-06 21:59:11.240 Thread 'MainThread': missing ScriptRunContext! This warning can be ignored when running in bare mode.
2026-10-06 21:59:11.243 Thread 'MainThread': missing ScriptRunContext! This warning can be ignored when running in bare mode.
2026-10-06 21:59:11.245 Thread 'MainThread': missing ScriptRunContext! This warning can be ignored when running in bare mode.
2026-10-06 21:59:11.247 Thread 'MainThread': missing ScriptRunContext! This warning can be ignored when running in bare mode.
2026-10-06 21:59:11.249 Thread 'MainThread': missing ScriptRunContext! This warning can be ignored when running in bare mode.
2026-10-06 21:59:11.252 Thread 'MainThread': missing ScriptRunContext! This warning can be ignored when running in bare mode.
2026-10-06 21:59:11.254 Thread 'MainThread': missing ScriptRunContext! This warning can be ignored when running in bare mode.
2026-10-06 21:59:11.257 Thread 'MainThread': missing ScriptRunContext! This warning can be ignored when running in bare mode.
2026-10-06 21:59:11.259 Thread 'MainThread': missing ScriptRunContext! This warning can be ignored when running in bare mode.
2026-10-06 21:59:11.261 Thread 'MainThread': missing ScriptRunContext! This warning can be ignored when running in bare mode.
2026-10-06 21:59:11.263 Thread 'MainThread': missing ScriptRunContext! This warning can be ignored when running in bare mode.
2026-10-06 21:59:11.265 Thread 'MainThread': missing ScriptRunContext! This warning can be ignored when running in bare mode.
2026-10-06 21:59:11.268 Thread 'MainThread': missing ScriptRunContext! This warning can be ignored when running in bare mode.
2026-10-06 21:59:11.270 Thread 'MainThread': missing ScriptRunContext! This warning can be ignored when running in bare mode.
2026-10-06 21:59:11.272 Thread 'MainThread': missing ScriptRunContext! This warning can be ignored when running in bare mode.
2026-10-06 21:59:11.276 Thread 'MainThread': missing ScriptRunContext! This warning can be ignored when running in bare mode.
2026-10-06 21:59:11.279 Thread 'MainThread': missing ScriptRunContext! This warning can be ignored when running in bare mode.
2026-10-06 21:59:11.282 Thread 'MainThread': missing ScriptRunContext! This warning can be ignored when running in bare mode.
2026-10-06 21:59:11.284 Thread 'MainThread': missing ScriptRunContext! This warning can be ignored when running in bare mode.
2026-10-06 21:59:11.286 Thread 'MainThread': missing ScriptRunContext! This warning can be ignored when running in bare mode.
2026-10-06 21:59:11.289 Thread 'MainThread': missing ScriptRunContext! This warning can be ignored when running in bare mode.
2026-10-06 21:59:11.291 Thread 'MainThread': missing ScriptRunContext! This warning can be ignored when running in bare mode.
2026-10-06 21:59:11.293 Thread 'MainThread': missing ScriptRunContext! This warning can be ignored when running in bare mode.
2026-10-06 21:59:11.295 Thread 'MainThread': missing ScriptRunContext! This warning can be ignored when running in bare mode.
2026-10-06 21:59:11.298 Thread 'MainThread': missing ScriptRunContext! This warning can be ignored when running in bare mode.
2026-10-06 21:59:11.300 Thread 'MainThread': missing ScriptRunContext! This warning can be ignored when running in bare mode.
2026-10-06 21:59:11.302 Thread 'MainThread': missing ScriptRunContext! This warning can be ignored when running in bare mode.
2026-10-06 21:59:11.304 Thread 'MainThread': missing ScriptRunContext! This warning can be ignored when running in bare mode.
2026-10-06 21:59:11.306 Thread 'MainThread': missing ScriptRunContext! This warning can be ignored when running in bare mode.
2026-10-06 21:59:11.308 Thread 'MainThread': missing ScriptRunContext! This warning can be ignored when running in bare mode.
2026-10-06 21:59:11.311 Thread 'MainThread': missing ScriptRunContext! This warning can be ignored when running in bare mode.
2026-10-06 21:59:11.313 Thread 'MainThread': missing ScriptRunContext! This warning can be ignored when running in bare mode.
2026-10-06 21:59:11.315 Thread 'MainThread': missing ScriptRunContext! This warning can be ignored when running in bare mode.
2026-10-06 21:59:11.317 Thread 'MainThread': missing ScriptRunContext! This warning can be ignored when running in bare mode.
2026-10-06 21:59:11.320 Thread 'MainThread': missing ScriptRunContext! This warning can be ignored when running in bare mode.
2026-10-06 21:59:11.322 Thread 'MainThread': missing ScriptRunContext! This warning can be ignored when running in bare mode.
2026-10-06 21:59:11.324 Thread 'MainThread': missing ScriptRunContext! This warning can be ignored when running in bare mode.
2026-10-06 21:59:11.326 Thread 'MainThread': missing ScriptRunContext! This warning can be ignored when running in bare mode.
2026-10-06 21:59:11.328 Thread 'MainThread': missing ScriptRunContext! This warning can be ignored when running in bare mode.
2026-10-06 21:59:11.330 Thread 'MainThread': missing ScriptRunContext! This warning can be ignored when running in bare mode.
2026-10-06 21:59:11.332 Thread 'MainThread': missing ScriptRunContext! This warning can be ignored when running in bare mode.
2026-10-06 21:59:11.334 Thread 'MainThread': missing ScriptRunContext! This warning can be ignored when running in bare mode.
2026-10-06 21:59:11.337 Thread 'MainThread': missing ScriptRunContext! This warning can be ignored when running in bare mode.
2026-10-06 21:59:11.339 Thread 'MainThread': missing ScriptRunContext! This warning can be ignored when running in bare mode.
2026-10-06 21:59:11.341 Thread 'MainThread': missing ScriptRunContext! This warning can be ignored when running in bare mode.
2026-10-06 21:59:11.344 Thread 'MainThread': missing ScriptRunContext! This warning can be ignored when running in bare mode.
2026-10-06 21:59:11.346 Thread 'MainThread': missing ScriptRunContext! This warning can be ignored when running in bare mode.
2026-10-06 21:59:11.348 Thread 'MainThread': missing ScriptRunContext! This warning can be ignored when running in bare mode.
2026-10-06 21:59:11.350 Thread 'MainThread': missing ScriptRunContext! This warning can be ignored when running in bare mode.
2026-10-06 21:59:11.352 Thread 'MainThread': missing ScriptRunContext! This warning can be ignored when running in bare mode.
2026-10-06 21:59:11.354 Thread 'MainThread': missing ScriptRunContext! This warning can be ignored when running in bare mode.
2026-10-06 21:59:11.356 Thread 'MainThread': missing ScriptRunContext! This warning can be ignored when running in bare mode.
2026-10-06 21:59:11.359 Thread 'MainThread': missing ScriptRunContext! This warning can be ignored when running in bare mode.
2026-10-06 21:59:11.361 Thread 'MainThread': missing ScriptRunContext! This warning can be ignored when running in bare mode.
2026-10-06 21:59:11.363 Thread 'MainThread': missing ScriptRunContext! This warning can be ignored when running in bare mode.
2026-10-06 21:59:11.365 Thread 'MainThread': missing ScriptRunContext! This warning can be ignored when running in bare mode.
2026-10-06 21:59:11.367 Thread 'MainThread': missing ScriptRunContext! This warning can be ignored when running in bare mode.
2026-10-06 21:59:11.531 Thread 'MainThread': missing ScriptRunContext! This warning can be ignored when running in bare mode.
2026-10-06 21:59:11.531 Thread 'MainThread': missing ScriptRunContext! This warning can be ignored when running in bare mode.
2026-10-06 21:59:11.531 Thread 'MainThread': missing ScriptRunContext! This warning can be ignored when running in bare mode.
2026-10-06 21:59:11.531 Thread 'MainThread': missing ScriptRunContext! This warning can be ignored when running in bare mode.
2026-10-06 21:59:11.743 Thread 'MainThread': missing ScriptRunContext! This warning can be ignored when running in bare mode.
2026-10-06 21:59:11.757 Thread 'MainThread': missing ScriptRunContext! This warning can be ignored when running in bare mode.
2026-10-06 21:59:11.759 Thread 'MainThread': missing ScriptRunContext! This warning can be ignored when running in bare mode.
2026-10-06 21:59:11.761 Thread 'MainThread': missing ScriptRunContext! This warning can be ignored when running in bare mode.
2026-10-06 21:59:11.763 Thread 'MainThread': missing ScriptRunContext! This warning can be ignored when running in bare mode.
2026-10-06 21:59:11.764 Thread 'MainThread': missing ScriptRunContext! This warning can be ignored when running in bare mode.
2026-10-06 21:59:11.766 Thread 'MainThread': missing ScriptRunContext! This warning can be ignored when running in bare mode.
2026-10-06 21:59:11.767 Thread 'MainThread': missing ScriptRunContext! This warning can be ignored when running in bare mode.
2026-10-06 21:59:11.769 Thread 'MainThread': missing ScriptRunContext! This warning can be ignored when running in bare mode.
2026-10-06 21:59:11.771 Thread 'MainThread': missing ScriptRunContext! This warning can be ignored when running in bare mode.
2026-10-06 21:59:11.772 Thread 'MainThread': missing ScriptRunContext! This warning can be ignored when running in bare mode.
2026-10-06 21:59:11.775 Thread 'MainThread': missing ScriptRunContext! This warning can be ignored when running in bare mode.
2026-10-06 21:59:11.776 Thread 'MainThread': missing ScriptRunContext! This warning can be ignored when running in bare mode.
2026-10-06 21:59:11.778 Thread 'MainThread': missing ScriptRunContext! This warning can be ignored when running in bare mode.
2026-10-06 21:59:11.780 Thread 'MainThread': missing ScriptRunContext! This warning can be ignored when running in bare mode.
2026-10-06 21:59:11.781 Thread 'MainThread': missing ScriptRunContext! This warning can be ignored when running in bare mode.
2026-10-06 21:59:11.783 Thread 'MainThread': missing ScriptRunContext! This warning can be ignored when running in bare mode.
2026-10-06 21:59:11.785 Thread 'MainThread': missing ScriptRunContext! This warning can be ignored when running in bare mode.
2026-10-06 21:59:11.786 Thread 'MainThread': missing ScriptRunContext! This warning can be ignored when running in bare mode.
2026-10-06 21:59:11.788 Thread 'MainThread': missing ScriptRunContext! This warning can be ignored when running in bare mode.
2026-10-06 21:59:11.790 Thread 'MainThread': missing ScriptRunContext! This warning can be ignored when running in bare mode.
2026-10-06 21:59:11.792 Thread 'MainThread': missing ScriptRunContext! This warning can be ignored when running in bare mode.
2026-10-06 21:59:11.794 Thread 'MainThread': missing ScriptRunContext! This warning can be ignored when running in bare mode.
2026-10-06 21:59:11.795 Thread 'MainThread': missing ScriptRunContext! This warning can be ignored when running in bare mode.
2026-10-06 21:59:11.797 Thread 'MainThread': missing ScriptRunContext! This warning can be ignored when running in bare mode.
2026-10-06 21:59:11.799 Thread 'MainThread': missing ScriptRunContext! This warning can be ignored when running in bare mode.
2026-10-06 21:59:11.801 Thread 'MainThread': missing ScriptRunContext! This warning can be ignored when running in bare mode.
2026-10-06 21:59:11.802 Thread 'MainThread': missing ScriptRunContext! This warning can be ignored when running in bare mode.
2026-10-06 21:59:11.804 Thread 'MainThread': missing ScriptRunContext! This warning can be ignored when running in bare mode.
2026-10-06 21:59:11.806 Thread 'MainThread': missing ScriptRunContext! This warning can be ignored when running in bare mode.
2026-10-06 21:59:11.808 Thread 'MainThread': missing ScriptRunContext! This warning can be ignored when running in bare mode.
2026-10-06 21:59:11.810 Thread 'MainThread': missing ScriptRunContext! This warning can be ignored when running in bare mode.
2026-10-06 21:59:11.812 Thread 'MainThread': missing ScriptRunContext! This warning can be ignored when running in bare mode.
2026-10-06 21:59:11.814 Thread 'MainThread': missing ScriptRunContext! This warning can be ignored when running in bare mode.
2026-10-06 21:59:11.815 Thread 'MainThread': missing ScriptRunContext! This warning can be ignored when running in bare mode.
2026-10-06 21:59:11.817 Thread 'MainThread': missing ScriptRunContext! This warning can be ignored when running in bare mode.
2026-10-06 21:59:11.819 Thread 'MainThread': missing ScriptRunContext! This warning can be ignored when running in bare mode.
2026-10-06 21:59:11.821 Thread 'MainThread': missing ScriptRunContext! This warning can be ignored when running in bare mode.
2026-10-06 21:59:11.822 Thread 'MainThread': missing ScriptRunContext! This warning can be ignored when running in bare mode.
2026-10-06 21:59:11.824 Thread 'MainThread': missing ScriptRunContext! This warning can be ignored when running in bare mode.
2026-10-06 21:59:11.826 Thread 'MainThread': missing ScriptRunContext! This warning can be ignored when running in bare mode.
2026-10-06 21:59:11.828 Thread 'MainThread': missing ScriptRunContext! This warning can be ignored when running in bare mode.
2026-10-06 21:59:11.830 Thread 'MainThread': missing ScriptRunContext! This warning can be ignored when running in bare mode.
2026-10-06 21:59:11.831 Thread 'MainThread': missing ScriptRunContext! This warning can be ignored when running in bare mode.
2026-10-06 21:59:11.833 Thread 'MainThread': missing ScriptRunContext! This warning can be ignored when running in bare mode.
2026-10-06 21:59:11.835 Thread 'MainThread': missing ScriptRunContext! This warning can be ignored when running in bare mode.
2026-10-06 21:59:11.837 Thread 'MainThread': missing ScriptRunContext! This warning can be ignored when running in bare mode.
2026-10-06 21:59:11.839 Thread 'MainThread': missing ScriptRunContext! This warning can be ignored when running in bare mode.
2026-10-06 21:59:11.840 Thread 'MainThread': missing ScriptRunContext! This warning can be ignored when running in bare mode.
2026-10-06 21:59:11.842 Thread 'MainThread': missing ScriptRunContext! This warning can be ignored when running in bare mode.
2026-10-06 21:59:11.844 Thread 'MainThread': missing ScriptRunContext! This warning can be ignored when running in bare mode.
2026-10-06 21:59:11.846 Thread 'MainThread': missing ScriptRunContext! This warning can be ignored when running in bare mode.
2026-10-06 21:59:11.848 Thread 'MainThread': missing ScriptRunContext! This warning can be ignored when running in bare mode.
2026-10-06 21:59:11.849 Thread 'MainThread': missing ScriptRunContext! This warning can be ignored when running in bare mode.
2026-10-06 21:59:11.851 Thread 'MainThread': missing ScriptRunContext! This warning can be ignored when running in bare mode.
2026-10-06 21:59:11.853 Thread 'MainThread': missing ScriptRunContext! This warning can be ignored when running in bare mode.
2026-10-06 21:59:11.855 Thread 'MainThread': missing ScriptRunContext! This warning can be ignored when running in bare mode.
2026-10-06 21:59:11.857 Thread 'MainThread': missing ScriptRunContext! This warning can be ignored when running in bare mode.
2026-10-06 21:59:11.859 Thread 'MainThread': missing ScriptRunContext! This warning can be ignored when running in bare mode.
2026-10-06 21:59:11.861 Thread 'MainThread': missing ScriptRunContext! This warning can be ignored when running in bare mode.
2026-10-06 21:59:11.862 Thread 'MainThread': missing ScriptRunContext! This warning can be ignored when running in bare mode.
2026-10-06 21:59:11.864 Thread 'MainThread': missing ScriptRunContext! This warning can be ignored when running in bare mode.
2026-10-06 21:59:11.866 Thread 'MainThread': missing ScriptRunContext! This warning can be ignored when running in bare mode.
2026-10-06 21:59:11.868 Thread 'MainThread': missing ScriptRunContext! This warning can be ignored when running in bare mode.
2026-10-06 21:59:11.870 Thread 'MainThread': missing ScriptRunContext! This warning can be ignored when running in bare mode.
2026-10-06 21:59:11.872 Thread 'MainThread': missing ScriptRunContext! This warning can be ignored when running in bare mode.
2026-10-06 21:59:11.873 Thread 'MainThread': missing ScriptRunContext! This warning can be ignored when running in bare mode.
2026-10-06 21:59:11.875 Thread 'MainThread': missing ScriptRunContext! This warning can be ignored when running in bare mode.
2026-10-06 21:59:11.878 Thread 'MainThread': missing ScriptRunContext! This warning can be ignored when running in bare mode.
2026-10-06 21:59:11.880 Thread 'MainThread': missing ScriptRunContext! This warning can be ignored when running in bare mode.
2026-10-06 21:59:11.882 Thread 'MainThread': missing ScriptRunContext! This warning can be ignored when running in bare mode.
2026-10-06 21:59:11.884 Thread 'MainThread': missing ScriptRunContext! This warning can be ignored when running in bare mode.
2026-10-06 21:59:11.886 Thread 'MainThread': missing ScriptRunContext! This warning can be ignored when running in bare mode.
2026-10-06 21:59:11.888 Thread 'MainThread': missing ScriptRunContext! This warning can be ignored when running in bare mode.
2026-10-06 21:59:11.890 Thread 'MainThread': missing ScriptRunContext! This warning can be ignored when running in bare mode.
2026-10-06 21:59:11.892 Thread 'MainThread': missing ScriptRunContext! This warning can be ignored when running in bare mode.
2026-10-06 21:59:11.894 Thread 'MainThread': missing ScriptRunContext! This warning can be ignored when running in bare mode.
2026-10-06 21:59:11.896 Thread 'MainThread': missing ScriptRunContext! This warning can be ignored when running in bare mode.
2026-10-06 21:59:11.898 Thread 'MainThread': missing ScriptRunContext! This warning can be ignored when running in bare mode.
2026-10-06 21:59:11.900 Thread 'MainThread': missing ScriptRunContext! This warning can be ignored when running in bare mode.
2026-10-06 21:59:11.902 Thread 'MainThread': missing ScriptRunContext! This warning can be ignored when running in bare mode.
2026-10-06 21:59:11.904 Thread 'MainThread': missing ScriptRunContext! This warning can be ignored when running in bare mode.
2026-10-06 21:59:11.906 Thread 'MainThread': missing ScriptRunContext! This warning can be ignored when running in bare mode.
2026-10-06 21:59:11.908 Thread 'MainThread': missing ScriptRunContext! This warning can be ignored when running in bare mode.
2026-10-06 21:59:11.910 Thread 'MainThread': missing ScriptRunContext! This warning can be ignored when running in bare mode.
2026-10-06 21:59:11.912 Thread 'MainThread': missing ScriptRunContext! This warning can be ignored when running in bare mode.
2026-10-06 21:59:11.914 Thread 'MainThread': missing ScriptRunContext! This warning can be ignored when running in bare mode.
2026-10-06 21:59:11.916 Thread 'MainThread': missing ScriptRunContext! This warning can be ignored when running in bare mode.
2026-10-06 21:59:11.918 Thread 'MainThread': missing ScriptRunContext! This warning can be ignored when running in bare mode.
2026-10-06 21:59:11.920 Thread 'MainThread': missing ScriptRunContext! This warning can be ignored when running in bare mode.
2026-10-06 21:59:11.922 Thread 'MainThread': missing ScriptRunContext! This warning can be ignored when running in bare mode.
2026-10-06 21:59:11.924 Thread 'MainThread': missing ScriptRunContext! This warning can be ignored when running in bare mode.
2026-10-06 21:59:11.926 Thread 'MainThread': missing ScriptRunContext! This warning can be ignored when running in bare mode.
2026-10-06 21:59:11.928 Thread 'MainThread': missing ScriptRunContext! This warning can be ignored when running in bare mode.
2026-10-06 21:59:11.930 Thread 'MainThread': missing ScriptRunContext! This warning can be ignored when running in bare mode.
2026-10-06 21:59:11.932 Thread 'MainThread': missing ScriptRunContext! This warning can be ignored when running in bare mode.
2026-10-06 21:59:11.934 Thread 'MainThread': missing ScriptRunContext! This warning can be ignored when running in bare mode.
2026-10-06 21:59:11.936 Thread 'MainThread': missing ScriptRunContext! This warning can be ignored when running in bare mode.
2026-10-06 21:59:11.938 Thread 'MainThread': missing ScriptRunContext! This warning can be ignored when running in bare mode.
2026-10-06 21:59:11.940 Thread 'MainThread': missing ScriptRunContext! This warning can be ignored when running in bare mode.
2026-10-06 21:59:11.942 Thread 'MainThread': missing ScriptRunContext! This warning can be ignored when running in bare mode.
2026-10-06 21:59:11.945 Thread 'MainThread': missing ScriptRunContext! This warning can be ignored when running in bare mode.
2026-10-06 21:59:11.946 Thread 'MainThread': missing ScriptRunContext! This warning can be ignored when running in bare mode.
2026-10-06 21:59:11.948 Thread 'MainThread': missing ScriptRunContext! This warning can be ignored when running in bare mode.
2026-10-06 21:59:11.950 Thread 'MainThread': missing ScriptRunContext! This warning can be ignored when running in bare mode.
2026-10-06 21:59:11.952 Thread 'MainThread': missing ScriptRunContext! This warning can be ignored when running in bare mode.
2026-10-06 21:59:11.954 Thread 'MainThread': missing ScriptRunContext! This warning can be ignored when running in bare mode.
2026-10-06 21:59:11.956 Thread 'MainThread': missing ScriptRunContext! This warning can be ignored when running in bare mode.
2026-10-06 21:59:11.959 Thread 'MainThread': missing ScriptRunContext! This warning can be ignored when running in bare mode.
2026-10-06 21:59:11.961 Thread 'MainThread': missing ScriptRunContext! This warning can be ignored when running in bare mode.
2026-10-06 21:59:11.963 Thread 'MainThread': missing ScriptRunContext! This warning can be ignored when running in bare mode.
2026-10-06 21:59:11.965 Thread 'MainThread': missing ScriptRunContext! This warning can be ignored when running in bare mode.
2026-10-06 21:59:11.966 Thread 'MainThread': missing ScriptRunContext! This warning can be ignored when running in bare mode.
2026-10-06 21:59:11.968 Thread 'MainThread': missing ScriptRunContext! This warning can be ignored when running in bare mode.
2026-10-06 21:59:11.970 Thread 'MainThread': missing ScriptRunContext! This warning can be ignored when running in bare mode.
2026-10-06 21:59:11.973 Thread 'MainThread': missing ScriptRunContext! This warning can be ignored when running in bare mode.
2026-10-06 21:59:11.976 Thread 'MainThread': missing ScriptRunContext! This warning can be ignored when running in bare mode.
2026-10-06 21:59:11.978 Thread 'MainThread': missing ScriptRunContext! This warning can be ignored when running in bare mode.
2026-10-06 21:59:11.980 Thread 'MainThread': missing ScriptRunContext! This warning can be ignored when running in bare mode.
2026-10-06 21:59:11.982 Thread 'MainThread': missing ScriptRunContext! This warning can be ignored when running in bare mode.
2026-10-06 21:59:11.985 Thread 'MainThread': missing ScriptRunContext! This warning can be ignored when running in bare mode.
2026-10-06 21:59:11.987 Thread 'MainThread': missing ScriptRunContext! This warning can be ignored when running in bare mode.
2026-10-06 21:59:12.152 Thread 'MainThread': missing ScriptRunContext! This warning can be ignored when running in bare mode.
2026-10-06 21:59:12.152 Thread 'MainThread': missing ScriptRunContext! This warning can be ignored when running in bare mode.
2026-10-06 21:59:12.152 Thread 'MainThread': missing ScriptRunContext! This warning can be ignored when running in bare mode.
2026-10-06 21:59:12.152 Thread 'MainThread': missing ScriptRunContext! This warning can be ignored when running in bare mode.
2026-10-06 21:59:12.256 Thread 'MainThread': missing ScriptRunContext! This warning can be ignored when running in bare mode.
2026-10-06 21:59:12.271 Thread 'MainThread': missing ScriptRunContext! This warning can be ignored when running in bare mode.
2026-10-06 21:59:12.273 Thread 'MainThread': missing ScriptRunContext! This warning can be ignored when running in bare mode.
2026-10-06 21:59:12.275 Thread 'MainThread': missing ScriptRunContext! This warning can be ignored when running in bare mode.
2026-10-06 21:59:12.277 Thread 'MainThread': missing ScriptRunContext! This warning can be ignored when running in bare mode.
2026-10-06 21:59:12.279 Thread 'MainThread': missing ScriptRunContext! This warning can be ignored when running in bare mode.
2026-10-06 21:59:12.281 Thread 'MainThread': missing ScriptRunContext! This warning can be ignored when running in bare mode.
2026-10-06 21:59:12.283 Thread 'MainThread': missing ScriptRunContext! This warning can be ignored when running in bare mode.
2026-10-06 21:59:12.286 Thread 'MainThread': missing ScriptRunContext! This warning can be ignored when running in bare mode.
2026-10-06 21:59:12.288 Thread 'MainThread': missing ScriptRunContext! This warning can be ignored when running in bare mode.
2026-10-06 21:59:12.290 Thread 'MainThread': missing ScriptRunContext! This warning can be ignored when running in bare mode.
2026-10-06 21:59:12.292 Thread 'MainThread': missing ScriptRunContext! This warning can be ignored when running in bare mode.
2026-10-06 21:59:12.294 Thread 'MainThread': missing ScriptRunContext! This warning can be ignored when running in bare mode.
2026-10-06 21:59:12.296 Thread 'MainThread': missing ScriptRunContext! This warning can be ignored when running in bare mode.
2026-10-06 21:59:12.298 Thread 'MainThread': missing ScriptRunContext! This warning can be ignored when running in bare mode.
2026-10-06 21:59:12.300 Thread 'MainThread': missing ScriptRunContext! This warning can be ignored when running in bare mode.
2026-10-06 21:59:12.302 Thread 'MainThread': missing ScriptRunContext! This warning can be ignored when running in bare mode.
2026-10-06 21:59:12.304 Thread 'MainThread': missing ScriptRunContext! This warning can be ignored when running in bare mode.
2026-10-06 21:59:12.306 Thread 'MainThread': missing ScriptRunContext! This warning can be ignored when running in bare mode.
2026-10-06 21:59:12.308 Thread 'MainThread': missing ScriptRunContext! This warning can be ignored when running in bare mode.
2026-10-06 21:59:12.310 Thread 'MainThread': missing ScriptRunContext! This warning can be ignored when running in bare mode.
2026-10-06 21:59:12.312 Thread 'MainThread': missing ScriptRunContext! This warning can be ignored when running in bare mode.
2026-10-06 21:59:12.314 Thread 'MainThread': missing ScriptRunContext! This warning can be ignored when running in bare mode.
2026-10-06 21:59:12.316 Thread 'MainThread': missing ScriptRunContext! This warning can be ignored when running in bare mode.
2026-10-06 21:59:12.318 Thread 'MainThread': missing ScriptRunContext! This warning can be ignored when running in bare mode.
2026-10-06 21:59:12.320 Thread 'MainThread': missing ScriptRunContext! This warning can be ignored when running in bare mode.
2026-10-06 21:59:12.321 Thread 'MainThread': missing ScriptRunContext! This warning can be ignored when running in bare mode.
2026-10-06 21:59:12.323 Thread 'MainThread': missing ScriptRunContext! This warning can be ignored when running in bare mode.
2026-10-06 21:59:12.325 Thread 'MainThread': missing ScriptRunContext! This warning can be ignored when running in bare mode.
2026-10-06 21:59:12.327 Thread 'MainThread': missing ScriptRunContext! This warning can be ignored when running in bare mode.
2026-10-06 21:59:12.329 Thread 'MainThread': missing ScriptRunContext! This warning can be ignored when running in bare mode.
2026-10-06 21:59:12.331 Thread 'MainThread': missing ScriptRunContext! This warning can be ignored when running in bare mode.
2026-10-06 21:59:12.333 Thread 'MainThread': missing ScriptRunContext! This warning can be ignored when running in bare mode.
2026-10-06 21:59:12.335 Thread 'MainThread': missing ScriptRunContext! This warning can be ignored when running in bare mode.
2026-10-06 21:59:12.337 Thread 'MainThread': missing ScriptRunContext! This warning can be ignored when running in bare mode.
2026-10-06 21:59:12.339 Thread 'MainThread': missing ScriptRunContext! This warning can be ignored when running in bare mode.
2026-10-06 21:59:12.341 Thread 'MainThread': missing ScriptRunContext! This warning can be ignored when running in bare mode.
2026-10-06 21:59:12.343 Thread 'MainThread': missing ScriptRunContext! This warning can be ignored when running in bare mode.
2026-10-06 21:59:12.345 Thread 'MainThread': missing ScriptRunContext! This warning can be ignored when running in bare mode.
2026-10-06 21:59:12.347 Thread 'MainThread': missing ScriptRunContext! This warning can be ignored when running in bare mode.
2026-10-06 21:59:12.348 Thread 'MainThread': missing ScriptRunContext! This warning can be ignored when running in bare mode.
2026-10-06 21:59:12.351 Thread 'MainThread': missing ScriptRunContext! This warning can be ignored when running in bare mode.
2026-10-06 21:59:12.353 Thread 'MainThread': missing ScriptRunContext! This warning can be ignored when running in bare mode.
2026-10-06 21:59:12.355 Thread 'MainThread': missing ScriptRunContext! This warning can be ignored when running in bare mode.
2026-10-06 21:59:12.357 Thread 'MainThread': missing ScriptRunContext! This warning can be ignored when running in bare mode.
2026-10-06 21:59:12.362 Thread 'MainThread': missing ScriptRunContext! This warning can be ignored when running in bare mode.
2026-10-06 21:59:12.365 Thread 'MainThread': missing ScriptRunContext! This warning can be ignored when running in bare mode.
2026-10-06 21:59:12.367 Thread 'MainThread': missing ScriptRunContext! This warning can be ignored when running in bare mode.
2026-10-06 21:59:12.370 Thread 'MainThread': missing ScriptRunContext! This warning can be ignored when running in bare mode.
2026-10-06 21:59:12.372 Thread 'MainThread': missing ScriptRunContext! This warning can be ignored when running in bare mode.
2026-10-06 21:59:12.375 Thread 'MainThread': missing ScriptRunContext! This warning can be ignored when running in bare mode.
2026-10-06 21:59:12.378 Thread 'MainThread': missing ScriptRunContext! This warning can be ignored when running in bare mode.
2026-10-06 21:59:12.380 Thread 'MainThread': missing ScriptRunContext! This warning can be ignored when running in bare mode.
2026-10-06 21:59:12.383 Thread 'MainThread': missing ScriptRunContext! This warning can be ignored when running in bare mode.
2026-10-06 21:59:12.386 Thread 'MainThread': missing ScriptRunContext! This warning can be ignored when running in bare mode.
2026-10-06 21:59:12.388 Thread 'MainThread': missing ScriptRunContext! This warning can be ignored when running in bare mode.
2026-10-06 21:59:12.391 Thread 'MainThread': missing ScriptRunContext! This warning can be ignored when running in bare mode.
2026-10-06 21:59:12.394 Thread 'MainThread': missing ScriptRunContext! This warning can be ignored when running in bare mode.
2026-10-06 21:59:12.396 Thread 'MainThread': missing ScriptRunContext! This warning can be ignored when running in bare mode.
2026-10-06 21:59:12.399 Thread 'MainThread': missing ScriptRunContext! This warning can be ignored when running in bare mode.
2026-10-06 21:59:12.403 Thread 'MainThread': missing ScriptRunContext! This warning can be ignored when running in bare mode.
2026-10-06 21:59:12.407 Thread 'MainThread': missing ScriptRunContext! This warning can be ignored when running in bare mode.
2026-10-06 21:59:12.410 Thread 'MainThread': missing ScriptRunContext! This warning can be ignored when running in bare mode.
2026-10-06 21:59:12.413 Thread 'MainThread': missing ScriptRunContext! This warning can be ignored when running in bare mode.
2026-10-06 21:59:12.416 Thread 'MainThread': missing ScriptRunContext! This warning can be ignored when running in bare mode.
2026-10-06 21:59:12.419 Thread 'MainThread': missing ScriptRunContext! This warning can be ignored when running in bare mode.
2026-10-06 21:59:12.422 Thread 'MainThread': missing ScriptRunContext! This warning can be ignored when running in bare mode.
2026-10-06 21:59:12.424 Thread 'MainThread': missing ScriptRunContext! This warning can be ignored when running in bare mode.
2026-10-06 21:59:12.427 Thread 'MainThread': missing ScriptRunContext! This warning can be ignored when running in bare mode.
2026-10-06 21:59:12.431 Thread 'MainThread': missing ScriptRunContext! This warning can be ignored when running in bare mode.
2026-10-06 21:59:12.435 Thread 'MainThread': missing ScriptRunContext! This warning can be ignored when running in bare mode.
2026-10-06 21:59:12.440 Thread 'MainThread': missing ScriptRunContext! This warning can be ignored when running in bare mode.
2026-10-06 21:59:12.444 Thread 'MainThread': missing ScriptRunContext! This warning can be ignored when running in bare mode.
2026-10-06 21:59:12.449 Thread 'MainThread': missing ScriptRunContext! This warning can be ignored when running in bare mode.
2026-10-06 21:59:12.453 Thread 'MainThread': missing ScriptRunContext! This warning can be ignored when running in bare mode.
2026-10-06 21:59:12.458 Thread 'MainThread': missing ScriptRunContext! This warning can be ignored when running in bare mode.
2026-10-06 21:59:12.463 Thread 'MainThread': missing ScriptRunContext! This warning can be ignored when running in bare mode.
2026-10-06 21:59:12.466 Thread 'MainThread': missing ScriptRunContext! This warning can be ignored when running in bare mode.
2026-10-06 21:59:12.469 Thread 'MainThread': missing ScriptRunContext! This warning can be ignored when running in bare mode.
2026-10-06 21:59:12.472 Thread 'MainThread': missing ScriptRunContext! This warning can be ignored when running in bare mode.
2026-10-06 21:59:12.476 Thread 'MainThread': missing ScriptRunContext! This warning can be ignored when running in bare mode.
2026-10-06 21:59:12.480 Thread 'MainThread': missing ScriptRunContext! This warning can be ignored when running in bare mode.
2026-10-06 21:59:12.484 Thread 'MainThread': missing ScriptRunContext! This warning can be ignored when running in bare mode.
2026-10-06 21:59:12.487 Thread 'MainThread': missing ScriptRunContext! This warning can be ignored when running in bare mode.
2026-10-06 21:59:12.490 Thread 'MainThread': missing ScriptRunContext! This warning can be ignored when running in bare mode.
2026-10-06 21:59:12.494 Thread 'MainThread': missing ScriptRunContext! This warning can be ignored when running in bare mode.
2026-10-06 21:59:12.497 Thread 'MainThread': missing ScriptRunContext! This warning can be ignored when running in bare mode.
2026-10-06 21:59:12.500 Thread 'MainThread': missing ScriptRunContext! This warning can be ignored when running in bare mode.
2026-10-06 21:59:12.503 Thread 'MainThread': missing ScriptRunContext! This warning can be ignored when running in bare mode.
2026-10-06 21:59:12.506 Thread 'MainThread': missing ScriptRunContext! This warning can be ignored when running in bare mode.
2026-10-06 21:59:12.509 Thread 'MainThread': missing ScriptRunContext! This warning can be ignored when running in bare mode.
2026-10-06 21:59:12.512 Thread 'MainThread': missing ScriptRunContext! This warning can be ignored when running in bare mode.
2026-10-06 21:59:12.516 Thread 'MainThread': missing ScriptRunContext! This warning can be ignored when running in bare mode.
2026-10-06 21:59:12.519 Thread 'MainThread': missing ScriptRunContext! This warning can be ignored when running in bare mode.
2026-10-06 21:59:12.523 Thread 'MainThread': missing ScriptRunContext! This warning can be ignored when running in bare mode.
2026-10-06 21:59:12.527 Thread 'MainThread': missing ScriptRunContext! This warning can be ignored when running in bare mode.
2026-10-06 21:59:12.531 Thread 'MainThread': missing ScriptRunContext! This warning can be ignored when running in bare mode.
2026-10-06 21:59:12.534 Thread 'MainThread': missing ScriptRunContext! This warning can be ignored when running in bare mode.
2026-10-06 21:59:12.537 Thread 'MainThread': missing ScriptRunContext! This warning can be ignored when running in bare mode.
2026-10-06 21:59:12.540 Thread 'MainThread': missing ScriptRunContext! This warning can be ignored when running in bare mode.
2026-10-06 21:59:12.543 Thread 'MainThread': missing ScriptRunContext! This warning can be ignored when running in bare mode.
2026-10-06 21:59:12.546 Thread 'MainThread': missing ScriptRunContext! This warning can be ignored when running in bare mode.
2026-10-06 21:59:12.548 Thread 'MainThread': missing ScriptRunContext! This warning can be ignored when running in bare mode.
2026-10-06 21:59:12.551 Thread 'MainThread': missing ScriptRunContext! This warning can be ignored when running in bare mode.
2026-10-06 21:59:12.554 Thread 'MainThread': missing ScriptRunContext! This warning can be ignored when running in bare mode.
2026-10-06 21:59:12.557 Thread 'MainThread': missing ScriptRunContext! This warning can be ignored when running in bare mode.
2026-10-06 21:59:12.560 Thread 'MainThread': missing ScriptRunContext! This warning can be ignored when running in bare mode.
2026-10-06 21:59:12.566 Thread 'MainThread': missing ScriptRunContext! This warning can be ignored when running in bare mode.
2026-10-06 21:59:12.569 Thread 'MainThread': missing ScriptRunContext! This warning can be ignored when running in bare mode.
2026-10-06 21:59:12.573 Thread 'MainThread': missing ScriptRunContext! This warning can be ignored when running in bare mode.
2026-10-06 21:59:12.576 Thread 'MainThread': missing ScriptRunContext! This warning can be ignored when running in bare mode.
2026-10-06 21:59:12.579 Thread 'MainThread': missing ScriptRunContext! This warning can be ignored when running in bare mode.
2026-10-06 21:59:12.582 Thread 'MainThread': missing ScriptRunContext! This warning can be ignored when running in bare mode.
2026-10-06 21:59:12.586 Thread 'MainThread': missing ScriptRunContext! This warning can be ignored when running in bare mode.
2026-10-06 21:59:12.590 Thread 'MainThread': missing ScriptRunContext! This warning can be ignored when running in bare mode.
2026-10-06 21:59:12.593 Thread 'MainThread': missing ScriptRunContext! This warning can be ignored when running in bare mode.
2026-10-06 21:59:12.596 Thread 'MainThread': missing ScriptRunContext! This warning can be ignored when running in bare mode.
2026-10-06 21:59:12.599 Thread 'MainThread': missing ScriptRunContext! This warning can be ignored when running in bare mode.
2026-10-06 21:59:12.605 Thread 'MainThread': missing ScriptRunContext! This warning can be ignored when running in bare mode.
2026-10-06 21:59:12.607 Thread 'MainThread': missing ScriptRunContext! This warning can be ignored when running in bare mode.
2026-10-06 21:59:12.611 Thread 'MainThread': missing ScriptRunContext! This warning can be ignored when running in bare mode.
2026-10-06 21:59:12.615 Thread 'MainThread': missing ScriptRunContext! This warning can be ignored when running in bare mode.
2026-10-06 21:59:12.823 Thread 'MainThread': missing ScriptRunContext! This warning can be ignored when running in bare mode.
2026-10-06 21:59:12.823 Thread 'MainThread': missing ScriptRunContext! This warning can be ignored when running in bare mode.
2026-10-06 21:59:12.823 Thread 'MainThread': missing ScriptRunContext! This warning can be ignored when running in bare mode.
2026-10-06 21:59:12.823 Thread 'MainThread': missing ScriptRunContext! This warning can be ignored when running in bare mode.
2026-10-06 21:59:12.924 Thread 'MainThread': missing ScriptRunContext! This warning can be ignored when running in bare mode.
2026-10-06 21:59:12.938 Thread 'MainThread': missing ScriptRunContext! This warning can be ignored when running in bare mode.
2026-10-06 21:59:12.939 Thread 'MainThread': missing ScriptRunContext! This warning can be ignored when running in bare mode.
2026-10-06 21:59:12.940 Thread 'MainThread': missing ScriptRunContext! This warning can be ignored when running in bare mode.
2026-10-06 21:59:12.942 Thread 'MainThread': missing ScriptRunContext! This warning can be ignored when running in bare mode.
2026-10-06 21:59:12.943 Thread 'MainThread': missing ScriptRunContext! This warning can be ignored when running in bare mode.
2026-10-06 21:59:12.944 Thread 'MainThread': missing ScriptRunContext! This warning can be ignored when running in bare mode.
2026-10-06 21:59:12.945 Thread 'MainThread': missing ScriptRunContext! This warning can be ignored when running in bare mode.
2026-10-06 21:59:12.947 Thread 'MainThread': missing ScriptRunContext! This warning can be ignored when running in bare mode.
2026-10-06 21:59:12.948 Thread 'MainThread': missing ScriptRunContext! This warning can be ignored when running in bare mode.
2026-10-06 21:59:12.949 Thread 'MainThread': missing ScriptRunContext! This warning can be ignored when running in bare mode.
2026-10-06 21:59:12.951 Thread 'MainThread': missing ScriptRunContext! This warning can be ignored when running in bare mode.
2026-10-06 21:59:12.952 Thread 'MainThread': missing ScriptRunContext! This warning can be ignored when running in bare mode.
2026-10-06 21:59:12.953 Thread 'MainThread': missing ScriptRunContext! This warning can be ignored when running in bare mode.
2026-10-06 21:59:12.954 Thread 'MainThread': missing ScriptRunContext! This warning can be ignored when running in bare mode.
2026-10-06 21:59:12.956 Thread 'MainThread': missing ScriptRunContext! This warning can be ignored when running in bare mode.
2026-10-06 21:59:12.957 Thread 'MainThread': missing ScriptRunContext! This warning can be ignored when running in bare mode.
2026-10-06 21:59:12.958 Thread 'MainThread': missing ScriptRunContext! This warning can be ignored when running in bare mode.
2026-10-06 21:59:12.960 Thread 'MainThread': missing ScriptRunContext! This warning can be ignored when running in bare mode.
2026-10-06 21:59:12.961 Thread 'MainThread': missing ScriptRunContext! This warning can be ignored when running in bare mode.
2026-10-06 21:59:12.963 Thread 'MainThread': missing ScriptRunContext! This warning can be ignored when running in bare mode.
2026-10-06 21:59:12.964 Thread 'MainThread': missing ScriptRunContext! This warning can be ignored when running in bare mode.
2026-10-06 21:59:12.965 Thread 'MainThread': missing ScriptRunContext! This warning can be ignored when running in bare mode.
2026-10-06 21:59:12.967 Thread 'MainThread': missing ScriptRunContext! This warning can be ignored when running in bare mode.
2026-10-06 21:59:12.968 Thread 'MainThread': missing ScriptRunContext! This warning can be ignored when running in bare mode.
2026-10-06 21:59:12.969 Thread 'MainThread': missing ScriptRunContext! This warning can be ignored when running in bare mode.
2026-10-06 21:59:12.970 Thread 'MainThread': missing ScriptRunContext! This warning can be ignored when running in bare mode.
2026-10-06 21:59:12.972 Thread 'MainThread': missing ScriptRunContext! This warning can be ignored when running in bare mode.
2026-10-06 21:59:12.973 Thread 'MainThread': missing ScriptRunContext! This warning can be ignored when running in bare mode.
2026-10-06 21:59:12.974 Thread 'MainThread': missing ScriptRunContext! This warning can be ignored when running in bare mode.
2026-10-06 21:59:12.976 Thread 'MainThread': missing ScriptRunContext! This warning can be ignored when running in bare mode.
2026-10-06 21:59:12.977 Thread 'MainThread': missing ScriptRunContext! This warning can be ignored when running in bare mode.
2026-10-06 21:59:12.979 Thread 'MainThread': missing ScriptRunContext! This warning can be ignored when running in bare mode.
2026-10-06 21:59:12.980 Thread 'MainThread': missing ScriptRunContext! This warning can be ignored when running in bare mode.
2026-10-06 21:59:12.981 Thread 'MainThread': missing ScriptRunContext! This warning can be ignored when running in bare mode.
2026-10-06 21:59:12.982 Thread 'MainThread': missing ScriptRunContext! This warning can be ignored when running in bare mode.
2026-10-06 21:59:12.984 Thread 'MainThread': missing ScriptRunContext! This warning can be ignored when running in bare mode.
2026-10-06 21:59:12.985 Thread 'MainThread': missing ScriptRunContext! This warning can be ignored when running in bare mode.
2026-10-06 21:59:12.986 Thread 'MainThread': missing ScriptRunContext! This warning can be ignored when running in bare mode.
2026-10-06 21:59:12.987 Thread 'MainThread': missing ScriptRunContext! This warning can be ignored when running in bare mode.
2026-10-06 21:59:12.989 Thread 'MainThread': missing ScriptRunContext! This warning can be ignored when running in bare mode.
2026-10-06 21:59:12.990 Thread 'MainThread': missing ScriptRunContext! This warning can be ignored when running in bare mode.
2026-10-06 21:59:12.991 Thread 'MainThread': missing ScriptRunContext! This warning can be ignored when running in bare mode.
2026-10-06 21:59:12.993 Thread 'MainThread': missing ScriptRunContext! This warning can be ignored when running in bare mode.
2026-10-06 21:59:12.994 Thread 'MainThread': missing ScriptRunContext! This warning can be ignored when running in bare mode.
2026-10-06 21:59:12.995 Thread 'MainThread': missing ScriptRunContext! This warning can be ignored when running in bare mode.
2026-10-06 21:59:12.996 Thread 'MainThread': missing ScriptRunContext! This warning can be ignored when running in bare mode.
2026-10-06 21:59:12.998 Thread 'MainThread': missing ScriptRunContext! This warning can be ignored when running in bare mode.
2026-10-06 21:59:12.999 Thread 'MainThread': missing ScriptRunContext! This warning can be ignored when running in bare mode.
2026-10-06 21:59:13.000 Thread 'MainThread': missing ScriptRunContext! This warning can be ignored when running in bare mode.
2026-10-06 21:59:13.001 Thread 'MainThread': missing ScriptRunContext! This warning can be ignored when running in bare mode.
2026-10-06 21:59:13.003 Thread 'MainThread': missing ScriptRunContext! This warning can be ignored when running in bare mode.
2026-10-06 21:59:13.004 Thread 'MainThread': missing ScriptRunContext! This warning can be ignored when running in bare mode.
2026-10-06 21:59:13.005 Thread 'MainThread': missing ScriptRunContext! This warning can be ignored when running in bare mode.
2026-10-06 21:59:13.006 Thread 'MainThread': missing ScriptRunContext! This warning can be ignored when running in bare mode.
2026-10-06 21:59:13.008 Thread 'MainThread': missing ScriptRunContext! This warning can be ignored when running in bare mode.
2026-10-06 21:59:13.009 Thread 'MainThread': missing ScriptRunContext! This warning can be ignored when running in bare mode.
2026-10-06 21:59:13.011 Thread 'MainThread': missing ScriptRunContext! This warning can be ignored when running in bare mode.
2026-10-06 21:59:13.012 Thread 'MainThread': missing ScriptRunContext! This warning can be ignored when running in bare mode.
2026-10-06 21:59:13.013 Thread 'MainThread': missing ScriptRunContext! This warning can be ignored when running in bare mode.
2026-10-06 21:59:13.014 Thread 'MainThread': missing ScriptRunContext! This warning can be ignored when running in bare mode.
2026-10-06 21:59:13.016 Thread 'MainThread': missing ScriptRunContext! This warning can be ignored when running in bare mode.
2026-10-06 21:59:13.017 Thread 'MainThread': missing ScriptRunContext! This warning can be ignored when running in bare mode.
2026-10-06 21:59:13.018 Thread 'MainThread': missing ScriptRunContext! This warning can be ignored when running in bare mode.
2026-10-06 21:59:13.019 Thread 'MainThread': missing ScriptRunContext! This warning can be ignored when running in bare mode.
2026-10-06 21:59:13.021 Thread 'MainThread': missing ScriptRunContext! This warning can be ignored when running in bare mode.
2026-10-06 21:59:13.022 Thread 'MainThread': missing ScriptRunContext! This warning can be ignored when running in bare mode.
2026-10-06 21:59:13.023 Thread 'MainThread': missing ScriptRunContext! This warning can be ignored when running in bare mode.
2026-10-06 21:59:13.025 Thread 'MainThread': missing ScriptRunContext! This warning can be ignored when running in bare mode.
2026-10-06 21:59:13.026 Thread 'MainThread': missing ScriptRunContext! This warning can be ignored when running in bare mode.
2026-10-06 21:59:13.028 Thread 'MainThread': missing ScriptRunContext! This warning can be ignored when running in bare mode.
2026-10-06 21:59:13.029 Thread 'MainThread': missing ScriptRunContext! This warning can be ignored when running in bare mode.
2026-10-06 21:59:13.030 Thread 'MainThread': missing ScriptRunContext! This warning can be ignored when running in bare mode.
2026-10-06 21:59:13.032 Thread 'MainThread': missing ScriptRunContext! This warning can be ignored when running in bare mode.
2026-10-06 21:59:13.033 Thread 'MainThread': missing ScriptRunContext! This warning can be ignored when running in bare mode.
2026-10-06 21:59:13.034 Thread 'MainThread': missing ScriptRunContext! This warning can be ignored when running in bare mode.
2026-10-06 21:59:13.035 Thread 'MainThread': missing ScriptRunContext! This warning can be ignored when running in bare mode.
2026-10-06 21:59:13.037 Thread 'MainThread': missing ScriptRunContext! This warning can be ignored when running in bare mode.
2026-10-06 21:59:13.038 Thread 'MainThread': missing ScriptRunContext! This warning can be ignored when running in bare mode.
2026-10-06 21:59:13.039 Thread 'MainThread': missing ScriptRunContext! This warning can be ignored when running in bare mode.
2026-10-06 21:59:13.041 Thread 'MainThread': missing ScriptRunContext! This warning can be ignored when running in bare mode.
2026-10-06 21:59:13.042 Thread 'MainThread': missing ScriptRunContext! This warning can be ignored when running in bare mode.
2026-10-06 21:59:13.043 Thread 'MainThread': missing ScriptRunContext! This warning can be ignored when running in bare mode.
2026-10-06 21:59:13.045 Thread 'MainThread': missing ScriptRunContext! This warning can be ignored when running in bare mode.
2026-10-06 21:59:13.046 Thread 'MainThread': missing ScriptRunContext! This warning can be ignored when running in bare mode.
2026-10-06 21:59:13.047 Thread 'MainThread': missing ScriptRunContext! This warning can be ignored when running in bare mode.
2026-10-06 21:59:13.049 Thread 'MainThread': missing ScriptRunContext! This warning can be ignored when running in bare mode.
2026-10-06 21:59:13.050 Thread 'MainThread': missing ScriptRunContext! This warning can be ignored when running in bare mode.
2026-10-06 21:59:13.051 Thread 'MainThread': missing ScriptRunContext! This warning can be ignored when running in bare mode.
2026-10-06 21:59:13.053 Thread 'MainThread': missing ScriptRunContext! This warning can be ignored when running in bare mode.
2026-10-06 21:59:13.054 Thread 'MainThread': missing ScriptRunContext! This warning can be ignored when running in bare mode.
2026-10-06 21:59:13.055 Thread 'MainThread': missing ScriptRunContext! This warning can be ignored when running in bare mode.
2026-10-06 21:59:13.057 Thread 'MainThread': missing ScriptRunContext! This warning can be ignored when running in bare mode.
2026-10-06 21:59:13.058 Thread 'MainThread': missing ScriptRunContext! This warning can be ignored when running in bare mode.
2026-10-06 21:59:13.059 Thread 'MainThread': missing ScriptRunContext! This warning can be ignored when running in bare mode.
2026-10-06 21:59:13.060 Thread 'MainThread': missing ScriptRunContext! This warning can be ignored when running in bare mode.
2026-10-06 21:59:13.062 Thread 'MainThread': missing ScriptRunContext! This warning can be ignored when running in bare mode.
2026-10-06 21:59:13.063 Thread 'MainThread': missing ScriptRunContext! This warning can be ignored when running in bare mode.
2026-10-06 21:59:13.064 Thread 'MainThread': missing ScriptRunContext! This warning can be ignored when running in bare mode.
2026-10-06 21:59:13.065 Thread 'MainThread': missing ScriptRunContext! This warning can be ignored when running in bare mode.
2026-10-06 21:59:13.068 Thread 'MainThread': missing ScriptRunContext! This warning can be ignored when running in bare mode.
2026-10-06 21:59:13.070 Thread 'MainThread': missing ScriptRunContext! This warning can be ignored when running in bare mode.
2026-10-06 21:59:13.071 Thread 'MainThread': missing ScriptRunContext! This warning can be ignored when running in bare mode.
2026-10-06 21:59:13.072 Thread 'MainThread': missing ScriptRunContext! This warning can be ignored when running in bare mode.
2026-10-06 21:59:13.074 Thread 'MainThread': missing ScriptRunContext! This warning can be ignored when running in bare mode.
2026-10-06 21:59:13.075 Thread 'MainThread': missing ScriptRunContext! This warning can be ignored when running in bare mode.
2026-10-06 21:59:13.076 Thread 'MainThread': missing ScriptRunContext! This warning can be ignored when running in bare mode.
2026-10-06 21:59:13.078 Thread 'MainThread': missing ScriptRunContext! This warning can be ignored when running in bare mode.
2026-10-06 21:59:13.079 Thread 'MainThread': missing ScriptRunContext! This warning can be ignored when running in bare mode.
2026-10-06 21:59:13.080 Thread 'MainThread': missing ScriptRunContext! This warning can be ignored when running in bare mode.
2026-10-06 21:59:13.081 Thread 'MainThread': missing ScriptRunContext! This warning can be ignored when running in bare mode.
2026-10-06 21:59:13.083 Thread 'MainThread': missing ScriptRunContext! This warning can be ignored when running in bare mode.
2026-10-06 21:59:13.084 Thread 'MainThread': missing ScriptRunContext! This warning can be ignored when running in bare mode.
2026-10-06 21:59:13.085 Thread 'MainThread': missing ScriptRunContext! This warning can be ignored when running in bare mode.
2026-10-06 21:59:13.086 Thread 'MainThread': missing ScriptRunContext! This warning can be ignored when running in bare mode.
2026-10-06 21:59:13.088 Thread 'MainThread': missing ScriptRunContext! This warning can be ignored when running in bare mode.
2026-10-06 21:59:13.090 Thread 'MainThread': missing ScriptRunContext! This warning can be ignored when running in bare mode.
2026-10-06 21:59:13.259 Thread 'MainThread': missing ScriptRunContext! This warning can be ignored when running in bare mode.
2026-10-06 21:59:13.262 Thread 'MainThread': missing ScriptRunContext! This warning can be ignored when running in bare mode.
2026-10-06 21:59:13.264 Thread 'MainThread': missing ScriptRunContext! This warning can be ignored when running in bare mode.
2026-10-06 21:59:13.266 Thread 'MainThread': missing ScriptRunContext! This warning can be ignored when running in bare mode.
2026-10-06 21:59:13.269 Thread 'MainThread': missing ScriptRunContext! This warning can be ignored when running in bare mode.
2026-10-06 21:59:13.425 Thread 'MainThread': missing ScriptRunContext! This warning can be ignored when running in bare mode.
2026-10-06 21:59:13.425 Thread 'MainThread': missing ScriptRunContext! This warning can be ignored when running in bare mode.
2026-10-06 21:59:13.425 Thread 'MainThread': missing ScriptRunContext! This warning can be ignored when running in bare mode.
2026-10-06 21:59:13.425 Thread 'MainThread': missing ScriptRunContext! This warning can be ignored when running in bare mode.
2026-10-06 21:59:13.500 Thread 'MainThread': missing ScriptRunContext! This warning can be ignored when running in bare mode.
2026-10-06 21:59:13.516 Thread 'MainThread': missing ScriptRunContext! This warning can be ignored when running in bare mode.
2026-10-06 21:59:13.518 Thread 'MainThread': missing ScriptRunContext! This warning can be ignored when running in bare mode.
2026-10-06 21:59:13.520 Thread 'MainThread': missing ScriptRunContext! This warning can be ignored when running in bare mode.
2026-10-06 21:59:13.521 Thread 'MainThread': missing ScriptRunContext! This warning can be ignored when running in bare mode.
2026-10-06 21:59:13.523 Thread 'MainThread': missing ScriptRunContext! This warning can be ignored when running in bare mode.
2026-10-06 21:59:13.525 Thread 'MainThread': missing ScriptRunContext! This warning can be ignored when running in bare mode.
2026-10-06 21:59:13.526 Thread 'MainThread': missing ScriptRunContext! This warning can be ignored when running in bare mode.
2026-10-06 21:59:13.528 Thread 'MainThread': missing ScriptRunContext! This warning can be ignored when running in bare mode.
2026-10-06 21:59:13.530 Thread 'MainThread': missing ScriptRunContext! This warning can be ignored when running in bare mode.
2026-10-06 21:59:13.531 Thread 'MainThread': missing ScriptRunContext! This warning can be ignored when running in bare mode.
2026-10-06 21:59:13.533 Thread 'MainThread': missing ScriptRunContext! This warning can be ignored when running in bare mode.
2026-10-06 21:59:13.534 Thread 'MainThread': missing ScriptRunContext! This warning can be ignored when running in bare mode.
2026-10-06 21:59:13.536 Thread 'MainThread': missing ScriptRunContext! This warning can be ignored when running in bare mode.
2026-10-06 21:59:13.538 Thread 'MainThread': missing ScriptRunContext! This warning can be ignored when running in bare mode.
2026-10-06 21:59:13.540 Thread 'MainThread': missing ScriptRunContext! This warning can be ignored when running in bare mode.
2026-10-06 21:59:13.542 Thread 'MainThread': missing ScriptRunContext! This warning can be ignored when running in bare mode.
2026-10-06 21:59:13.544 Thread 'MainThread': missing ScriptRunContext! This warning can be ignored when running in bare mode.
2026-10-06 21:59:13.545 Thread 'MainThread': missing ScriptRunContext! This warning can be ignored when running in bare mode.
2026-10-06 21:59:13.547 Thread 'MainThread': missing ScriptRunContext! This warning can be ignored when running in bare mode.
2026-10-06 21:59:13.549 Thread 'MainThread': missing ScriptRunContext! This warning can be ignored when running in bare mode.
2026-10-06 21:59:13.550 Thread 'MainThread': missing ScriptRunContext! This warning can be ignored when running in bare mode.
2026-10-06 21:59:13.552 Thread 'MainThread': missing ScriptRunContext! This warning can be ignored when running in bare mode.
2026-10-06 21:59:13.553 Thread 'MainThread': missing ScriptRunContext! This warning can be ignored when running in bare mode.
2026-10-06 21:59:13.555 Thread 'MainThread': missing ScriptRunContext! This warning can be ignored when running in bare mode.
2026-10-06 21:59:13.557 Thread 'MainThread': missing ScriptRunContext! This warning can be ignored when running in bare mode.
2026-10-06 21:59:13.559 Thread 'MainThread': missing ScriptRunContext! This warning can be ignored when running in bare mode.
2026-10-06 21:59:13.561 Thread 'MainThread': missing ScriptRunContext! This warning can be ignored when running in bare mode.
2026-10-06 21:59:13.562 Thread 'MainThread': missing ScriptRunContext! This warning can be ignored when running in bare mode.
2026-10-06 21:59:13.564 Thread 'MainThread': missing ScriptRunContext! This warning can be ignored when running in bare mode.
2026-10-06 21:59:13.565 Thread 'MainThread': missing ScriptRunContext! This warning can be ignored when running in bare mode.
2026-10-06 21:59:13.567 Thread 'MainThread': missing ScriptRunContext! This warning can be ignored when running in bare mode.
2026-10-06 21:59:13.569 Thread 'MainThread': missing ScriptRunContext! This warning can be ignored when running in bare mode.
2026-10-06 21:59:13.570 Thread 'MainThread': missing ScriptRunContext! This warning can be ignored when running in bare mode.
2026-10-06 21:59:13.572 Thread 'MainThread': missing ScriptRunContext! This warning can be ignored when running in bare mode.
2026-10-06 21:59:13.574 Thread 'MainThread': missing ScriptRunContext! This warning can be ignored when running in bare mode.
2026-10-06 21:59:13.576 Thread 'MainThread': missing ScriptRunContext! This warning can be ignored when running in bare mode.
2026-10-06 21:59:13.578 Thread 'MainThread': missing ScriptRunContext! This warning can be ignored when running in bare mode.
2026-10-06 21:59:13.580 Thread 'MainThread': missing ScriptRunContext! This warning can be ignored when running in bare mode.
2026-10-06 21:59:13.582 Thread 'MainThread': missing ScriptRunContext! This warning can be ignored when running in bare mode.
2026-10-06 21:59:13.583 Thread 'MainThread': missing ScriptRunContext! This warning can be ignored when running in bare mode.
2026-10-06 21:59:13.585 Thread 'MainThread': missing ScriptRunContext! This warning can be ignored when running in bare mode.
2026-10-06 21:59:13.587 Thread 'MainThread': missing ScriptRunContext! This warning can be ignored when running in bare mode.
2026-10-06 21:59:13.589 Thread 'MainThread': missing ScriptRunContext! This warning can be ignored when running in bare mode.
2026-10-06 21:59:13.590 Thread 'MainThread': missing ScriptRunContext! This warning can be ignored when running in bare mode.
2026-10-06 21:59:13.592 Thread 'MainThread': missing ScriptRunContext! This warning can be ignored when running in bare mode.
2026-10-06 21:59:13.594 Thread 'MainThread': missing ScriptRunContext! This warning can be ignored when running in bare mode.
2026-10-06 21:59:13.595 Thread 'MainThread': missing ScriptRunContext! This warning can be ignored when running in bare mode.
2026-10-06 21:59:13.597 Thread 'MainThread': missing ScriptRunContext! This warning can be ignored when running in bare mode.
2026-10-06 21:59:13.599 Thread 'MainThread': missing ScriptRunContext! This warning can be ignored when running in bare mode.
2026-10-06 21:59:13.600 Thread 'MainThread': missing ScriptRunContext! This warning can be ignored when running in bare mode.
2026-10-06 21:59:13.602 Thread 'MainThread': missing ScriptRunContext! This warning can be ignored when running in bare mode.
2026-10-06 21:59:13.605 Thread 'MainThread': missing ScriptRunContext! This warning can be ignored when running in bare mode.
2026-10-06 21:59:13.607 Thread 'MainThread': missing ScriptRunContext! This warning can be ignored when running in bare mode.
2026-10-06 21:59:13.610 Thread 'MainThread': missing ScriptRunContext! This warning can be ignored when running in bare mode.
2026-10-06 21:59:13.612 Thread 'MainThread': missing ScriptRunContext! This warning can be ignored when running in bare mode.
2026-10-06 21:59:13.614 Thread 'MainThread': missing ScriptRunContext! This warning can be ignored when running in bare mode.
2026-10-06 21:59:13.617 Thread 'MainThread': missing ScriptRunContext! This warning can be ignored when running in bare mode.
2026-10-06 21:59:13.619 Thread 'MainThread': missing ScriptRunContext! This warning can be ignored when running in bare mode.
2026-10-06 21:59:13.621 Thread 'MainThread': missing ScriptRunContext! This warning can be ignored when running in bare mode.
2026-10-06 21:59:13.624 Thread 'MainThread': missing ScriptRunContext! This warning can be ignored when running in bare mode.
2026-10-06 21:59:13.626 Thread 'MainThread': missing ScriptRunContext! This warning can be ignored when running in bare mode.
2026-10-06 21:59:13.628 Thread 'MainThread': missing ScriptRunContext! This warning can be ignored when running in bare mode.
2026-10-06 21:59:13.631 Thread 'MainThread': missing ScriptRunContext! This warning can be ignored when running in bare mode.
2026-10-06 21:59:13.633 Thread 'MainThread': missing ScriptRunContext! This warning can be ignored when running in bare mode.
2026-10-06 21:59:13.635 Thread 'MainThread': missing ScriptRunContext! This warning can be ignored when running in bare mode.
2026-10-06 21:59:13.636 Thread 'MainThread': missing ScriptRunContext! This warning can be ignored when running in bare mode.
2026-10-06 21:59:13.638 Thread 'MainThread': missing ScriptRunContext! This warning can be ignored when running in bare mode.
2026-10-06 21:59:13.640 Thread 'MainThread': missing ScriptRunContext! This warning can be ignored when running in bare mode.
2026-10-06 21:59:13.642 Thread 'MainThread': missing ScriptRunContext! This warning can be ignored when running in bare mode.
2026-10-06 21:59:13.643 Thread 'MainThread': missing ScriptRunContext! This warning can be ignored when running in bare mode.
2026-10-06 21:59:13.645 Thread 'MainThread': missing ScriptRunContext! This warning can be ignored when running in bare mode.
2026-10-06 21:59:13.647 Thread 'MainThread': missing ScriptRunContext! This warning can be ignored when running in bare mode.
2026-10-06 21:59:13.649 Thread 'MainThread': missing ScriptRunContext! This warning can be ignored when running in bare mode.
2026-10-06 21:59:13.650 Thread 'MainThread': missing ScriptRunContext! This warning can be ignored when running in bare mode.
2026-10-06 21:59:13.652 Thread 'MainThread': missing ScriptRunContext! This warning can be ignored when running in bare mode.
2026-10-06 21:59:13.654 Thread 'MainThread': missing ScriptRunContext! This warning can be ignored when running in bare mode.
2026-10-06 21:59:13.655 Thread 'MainThread': missing ScriptRunContext! This warning can be ignored when running in bare mode.
2026-10-06 21:59:13.657 Thread 'MainThread': missing ScriptRunContext! This warning can be ignored when running in bare mode.
2026-10-06 21:59:13.659 Thread 'MainThread': missing ScriptRunContext! This warning can be ignored when running in bare mode.
2026-10-06 21:59:13.660 Thread 'MainThread': missing ScriptRunContext! This warning can be ignored when running in bare mode.
2026-10-06 21:59:13.662 Thread 'MainThread': missing ScriptRunContext! This warning can be ignored when running in bare mode.
2026-10-06 21:59:13.664 Thread 'MainThread': missing ScriptRunContext! This warning can be ignored when running in bare mode.
2026-10-06 21:59:13.666 Thread 'MainThread': missing ScriptRunContext! This warning can be ignored when running in bare mode.
2026-10-06 21:59:13.668 Thread 'MainThread': missing ScriptRunContext! This warning can be ignored when running in bare mode.
2026-10-06 21:59:13.670 Thread 'MainThread': missing ScriptRunContext! This warning can be ignored when running in bare mode.
2026-10-06 21:59:13.672 Thread 'MainThread': missing ScriptRunContext! This warning can be ignored when running in bare mode.
2026-10-06 21:59:13.674 Thread 'MainThread': missing ScriptRunContext! This warning can be ignored when running in bare mode.
2026-10-06 21:59:13.675 Thread 'MainThread': missing ScriptRunContext! This warning can be ignored when running in bare mode.
2026-10-06 21:59:13.677 Thread 'MainThread': missing ScriptRunContext! This warning can be ignored when running in bare mode.
2026-10-06 21:59:13.679 Thread 'MainThread': missing ScriptRunContext! This warning can be ignored when running in bare mode.
2026-10-06 21:59:13.682 Thread 'MainThread': missing ScriptRunContext! This warning can be ignored when running in bare mode.
2026-10-06 21:59:13.683 Thread 'MainThread': missing ScriptRunContext! This warning can be ignored when running in bare mode.
2026-10-06 21:59:13.685 Thread 'MainThread': missing ScriptRunContext! This warning can be ignored when running in bare mode.
2026-10-06 21:59:13.687 Thread 'MainThread': missing ScriptRunContext! This warning can be ignored when running in bare mode.
2026-10-06 21:59:13.689 Thread 'MainThread': missing ScriptRunContext! This warning can be ignored when running in bare mode.
2026-10-06 21:59:13.691 Thread 'MainThread': missing ScriptRunContext! This warning can be ignored when running in bare mode.
2026-10-06 21:59:13.693 Thread 'MainThread': missing ScriptRunContext! This warning can be ignored when running in bare mode.
2026-10-06 21:59:13.694 Thread 'MainThread': missing ScriptRunContext! This warning can be ignored when running in bare mode.
2026-10-06 21:59:13.696 Thread 'MainThread': missing ScriptRunContext! This warning can be ignored when running in bare mode.
2026-10-06 21:59:13.698 Thread 'MainThread': missing ScriptRunContext! This warning can be ignored when running in bare mode.
2026-10-06 21:59:13.700 Thread 'MainThread': missing ScriptRunContext! This warning can be ignored when running in bare mode.
2026-10-06 21:59:13.702 Thread 'MainThread': missing ScriptRunContext! This warning can be ignored when running in bare mode.
2026-10-06 21:59:13.704 Thread 'MainThread': missing ScriptRunContext! This warning can be ignored when running in bare mode.
2026-10-06 21:59:13.706 Thread 'MainThread': missing ScriptRunContext! This warning can be ignored when running in bare mode.
2026-10-06 21:59:13.708 Thread 'MainThread': missing ScriptRunContext! This warning can be ignored when running in bare mode.
2026-10-06 21:59:13.709 Thread 'MainThread': missing ScriptRunContext! This warning can be ignored when running in bare mode.
2026-10-06 21:59:13.711 Thread 'MainThread': missing ScriptRunContext! This warning can be ignored when running in bare mode.
2026-10-06 21:59:13.714 Thread 'MainThread': missing ScriptRunContext! This warning can be ignored when running in bare mode.
2026-10-06 21:59:13.716 Thread 'MainThread': missing ScriptRunContext! This warning can be ignored when running in bare mode.
2026-10-06 21:59:13.718 Thread 'MainThread': missing ScriptRunContext! This warning can be ignored when running in bare mode.
2026-10-06 21:59:13.720 Thread 'MainThread': missing ScriptRunContext! This warning can be ignored when running in bare mode.
2026-10-06 21:59:13.722 Thread 'MainThread': missing ScriptRunContext! This warning can be ignored when running in bare mode.
2026-10-06 21:59:13.725 Thread 'MainThread': missing ScriptRunContext! This warning can be ignored when running in bare mode.
2026-10-06 21:59:13.727 Thread 'MainThread': missing ScriptRunContext! This warning can be ignored when running in bare mode.
2026-10-06 21:59:13.729 Thread 'MainThread': missing ScriptRunContext! This warning can be ignored when running in bare mode.
2026-10-06 21:59:13.732 Thread 'MainThread': missing ScriptRunContext! This warning can be ignored when running in bare mode.
2026-10-06 21:59:13.734 Thread 'MainThread': missing ScriptRunContext! This warning can be ignored when running in bare mode.
2026-10-06 21:59:13.737 Thread 'MainThread': missing ScriptRunContext! This warning can be ignored when running in bare mode.
2026-10-06 21:59:13.739 Thread 'MainThread': missing ScriptRunContext! This warning can be ignored when running in bare mode.
2026-10-06 21:59:13.741 Thread 'MainThread': missing ScriptRunContext! This warning can be ignored when running in bare mode.
2026-10-06 21:59:13.743 Thread 'MainThread': missing ScriptRunContext! This warning can be ignored when running in bare mode.
2026-10-06 21:59:13.915 Thread 'MainThread': missing ScriptRunContext! This warning can be ignored when running in bare mode.
2026-10-06 21:59:13.916 Thread 'MainThread': missing ScriptRunContext! This warning can be ignored when running in bare mode.
2026-10-06 21:59:13.916 Thread 'MainThread': missing ScriptRunContext! This warning can be ignored when running in bare mode.
2026-10-06 21:59:13.916 Thread 'MainThread': missing ScriptRunContext! This warning can be ignored when running in bare mode.
2026-10-06 21:59:14.417 Thread 'MainThread': missing ScriptRunContext! This warning can be ignored when running in bare mode.
2026-10-06 21:59:14.417 Thread 'MainThread': missing ScriptRunContext! This warning can be ignored when running in bare mode.
2026-10-06 21:59:14.417 Thread 'MainThread': missing ScriptRunContext! This warning can be ignored when running in bare mode.
2026-10-06 21:59:14.417 Thread 'MainThread': missing ScriptRunContext! This warning can be ignored when running in bare mode.
2026-10-06 21:59:14.417 Thread 'MainThread': missing ScriptRunContext! This warning can be ignored when running in bare mode.
2026-10-06 21:59:14.417 Thread 'MainThread': missing ScriptRunContext! This warning can be ignored when running in bare mode.
2026-10-06 21:59:14.417 Thread 'MainThread': missing ScriptRunContext! This warning can be ignored when running in bare mode.
2026-10-06 21:59:15.103 Please replace `use_container_width` with `width`.

`use_container_width` will be removed after 2025-12-31.

For `use_container_width=True`, use `width='stretch'`. For `use_container_width=False`, use `width='content'`.
2026-10-06 21:59:15.352 Please replace `use_container_width` with `width`.

`use_container_width` will be removed after 2025-12-31.

For `use_container_width=True`, use `width='stretch'`. For `use_container_width=False`, use `width='content'`.
2026-10-06 21:59:15.655 Please replace `use_container_width` with `width`.

`use_container_width` will be removed after 2025-12-31.

For `use_container_width=True`, use `width='stretch'`. For `use_container_width=False`, use `width='content'`.
2026-10-06 21:59:15.939 Please replace `use_container_width` with `width`.

`use_container_width` will be removed after 2025-12-31.

For `use_container_width=True`, use `width='stretch'`. For `use_container_width=False`, use `width='content'`.
2026-10-06 21:59:16.248 Please replace `use_container_width` with `width`.

`use_container_width` will be removed after 2025-12-31.

For `use_container_width=True`, use `width='stretch'`. For `use_container_width=False`, use `width='content'`.
2026-10-06 21:59:16.505 Thread 'MainThread': missing ScriptRunContext! This warning can be ignored when running in bare mode.
2026-10-06 21:59:16.505 Thread 'MainThread': missing ScriptRunContext! This warning can be ignored when running in bare mode.
2026-10-06 21:59:16.505 Thread 'MainThread': missing ScriptRunContext! This warning can be ignored when running in bare mode.
2026-10-06 21:59:16.505 Thread 'MainThread': missing ScriptRunContext! This warning can be ignored when running in bare mode.
2026-10-06 21:59:16.505 Thread 'MainThread': missing ScriptRunContext! This warning can be ignored when running in bare mode.
2026-10-06 21:59:16.505 Thread 'MainThread': missing ScriptRunContext! This warning can be ignored when running in bare mode.
2026-10-06 21:59:16.506 Thread 'MainThread': missing ScriptRunContext! This warning can be ignored when running in bare mode.
2026-10-06 21:59:17.232 Please replace `use_container_width` with `width`.

`use_container_width` will be removed after 2025-12-31.

For `use_container_width=True`, use `width='stretch'`. For `use_container_width=False`, use `width='content'`.
2026-10-06 21:59:17.472 Please replace `use_container_width` with `width`.

`use_container_width` will be removed after 2025-12-31.

For `use_container_width=True`, use `width='stretch'`. For `use_container_width=False`, use `width='content'`.
2026-10-06 21:59:17.482 Thread 'MainThread': missing ScriptRunContext! This warning can be ignored when running in bare mode.
2026-10-06 21:59:17.482 Thread 'MainThread': missing ScriptRunContext! This warning can be ignored when running in bare mode.
2026-10-06 21:59:17.482 Thread 'MainThread': missing ScriptRunContext! This warning can be ignored when running in bare mode.
2026-10-06 21:59:17.482 Thread 'MainThread': missing ScriptRunContext! This warning can be ignored when running in bare mode.
2026-10-06 21:59:17.482 Thread 'MainThread': missing ScriptRunContext! This warning can be ignored when running in bare mode.
2026-10-06 21:59:17.482 Thread 'MainThread': missing ScriptRunContext! This warning can be ignored when running in bare mode.
2026-10-06 21:59:17.694 Please replace `use_container_width` with `width`.

`use_container_width` will be removed after 2025-12-31.

For `use_container_width=True`, use `width='stretch'`. For `use_container_width=False`, use `width='content'`.
2026-10-06 21:59:19.148 Please replace `use_container_width` with `width`.

`use_container_width` will be removed after 2025-12-31.

For `use_container_width=True`, use `width='stretch'`. For `use_container_width=False`, use `width='content'`.
2026-10-06 21:59:20.123 Please replace `use_container_width` with `width`.

`use_container_width` will be removed after 2025-12-31.

For `use_container_width=True`, use `width='stretch'`. For `use_container_width=False`, use `width='content'`.
2026-10-06 21:59:21.044 Please replace `use_container_width` with `width`.

`use_container_width` will be removed after 2025-12-31.

For `use_container_width=True`, use `width='stretch'`. For `use_container_width=False`, use `width='content'`.
2026-10-06 21:59:21.818 Please replace `use_container_width` with `width`.

`use_container_width` will be removed after 2025-12-31.

For `use_container_width=True`, use `width='stretch'`. For `use_container_width=False`, use `width='content'`.
2026-10-06 21:59:21.857 Please replace `use_container_width` with `width`.

`use_container_width` will be removed after 2025-12-31.

For `use_container_width=True`, use `width='stretch'`. For `use_container_width=False`, use `width='content'`.
2026-10-06 21:59:22.095 Please replace `use_container_width` with `width`.

`use_container_width` will be removed after 2025-12-31.

For `use_container_width=True`, use `width='stretch'`. For `use_container_width=False`, use `width='content'`.
2026-10-06 21:59:22.127 Please replace `use_container_width` with `width`.

`use_container_width` will be removed after 2025-12-31.

For `use_container_width=True`, use `width='stretch'`. For `use_container_width=False`, use `width='content'`.
2026-10-06 21:59:22.356 Please replace `use_container_width` with `width`.

`use_container_width` will be removed after 2025-12-31.

For `use_container_width=True`, use `width='stretch'`. For `use_container_width=False`, use `width='content'`.
2026-10-06 21:59:22.389 Please replace `use_container_width` with `width`.

`use_container_width` will be removed after 2025-12-31.

For `use_container_width=True`, use `width='stretch'`. For `use_container_width=False`, use `width='content'`.
2026-10-06 21:59:22.606 Please replace `use_container_width` with `width`.

`use_container_width` will be removed after 2025-12-31.

For `use_container_width=True`, use `width='stretch'`. For `use_container_width=False`, use `width='content'`.
2026-10-06 21:59:22.639 Please replace `use_container_width` with `width`.

`use_container_width` will be removed after 2025-12-31.

For `use_container_width=True`, use `width='stretch'`. For `use_container_width=False`, use `width='content'`.
2026-10-06 21:59:22.649 Thread 'MainThread': missing ScriptRunContext! This warning can be ignored when running in bare mode.
2026-10-06 21:59:22.649 Thread 'MainThread': missing ScriptRunContext! This warning can be ignored when running in bare mode.
2026-10-06 21:59:22.649 Thread 'MainThread': missing ScriptRunContext! This warning can be ignored when running in bare mode.
2026-10-06 21:59:22.650 Thread 'MainThread': missing ScriptRunContext! This warning can be ignored when running in bare mode.
2026-10-06 21:59:22.650 Thread 'MainThread': missing ScriptRunContext! This warning can be ignored when running in bare mode.
2026-10-06 21:59:22.650 Thread 'MainThread': missing ScriptRunContext! This warning can be ignored when running in bare mode.
2026-10-06 21:59:22.650 Thread 'MainThread': missing ScriptRunContext! This warning can be ignored when running in bare mode.
2026-10-06 21:59:23.402 Please replace `use_container_width` with `width`.

`use_container_width` will be removed after 2025-12-31.

For `use_container_width=True`, use `width='stretch'`. For `use_container_width=False`, use `width='content'`.
2026-10-06 21:59:23.618 Please replace `use_container_width` with `width`.

`use_container_width` will be removed after 2025-12-31.

For `use_container_width=True`, use `width='stretch'`. For `use_container_width=False`, use `width='content'`.
2026-10-06 21:59:24.266 Thread 'MainThread': missing ScriptRunContext! This warning can be ignored when running in bare mode.
2026-10-06 21:59:24.266 Thread 'MainThread': missing ScriptRunContext! This warning can be ignored when running in bare mode.
2026-10-06 21:59:24.266 Thread 'MainThread': missing ScriptRunContext! This warning can be ignored when running in bare mode.
2026-10-06 21:59:24.266 Thread 'MainThread': missing ScriptRunContext! This warning can be ignored when running in bare mode.
2026-10-06 21:59:24.266 Thread 'MainThread': missing ScriptRunContext! This warning can be ignored when running in bare mode.
2026-10-06 21:59:24.266 Thread 'MainThread': missing ScriptRunContext! This warning can be ignored when running in bare mode.
2026-10-06 21:59:24.266 Thread 'MainThread': missing ScriptRunContext! This warning can be ignored when running in bare mode.
2026-10-06 21:59:24.975 Please replace `use_container_width` with `width`.

`use_container_width` will be removed after 2025-12-31.

For `use_container_width=True`, use `width='stretch'`. For `use_container_width=False`, use `width='content'`.
2026-10-06 21:59:25.261 Please replace `use_container_width` with `width`.

`use_container_width` will be removed after 2025-12-31.

For `use_container_width=True`, use `width='stretch'`. For `use_container_width=False`, use `width='content'`.
2026-10-06 21:59:26.497 Thread 'MainThread': missing ScriptRunContext! This warning can be ignored when running in bare mode.
2026-10-06 21:59:26.497 Thread 'MainThread': missing ScriptRunContext! This warning can be ignored when running in bare mode.
2026-10-06 21:59:26.497 Thread 'MainThread': missing ScriptRunContext! This warning can be ignored when running in bare mode.
2026-10-06 21:59:26.497 Thread 'MainThread': missing ScriptRunContext! This warning can be ignored when running in bare mode.
2026-10-06 21:59:26.497 Thread 'MainThread': missing ScriptRunContext! This warning can be ignored when running in bare mode.
2026-10-06 21:59:26.497 Thread 'MainThread': missing ScriptRunContext! This warning can be ignored when running in bare mode.
2026-10-06 21:59:26.498 Thread 'MainThread': missing ScriptRunContext! This warning can be ignored when running in bare mode.
2026-10-06 21:59:27.304 Please replace `use_container_width` with `width`.

`use_container_width` will be removed after 2025-12-31.

For `use_container_width=True`, use `width='stretch'`. For `use_container_width=False`, use `width='content'`.
2026-10-06 21:59:27.512 Please replace `use_container_width` with `width`.

`use_container_width` will be removed after 2025-12-31.

For `use_container_width=True`, use `width='stretch'`. For `use_container_width=False`, use `width='content'`.
2026-10-06 21:59:28.204 Thread 'MainThread': missing ScriptRunContext! This warning can be ignored when running in bare mode.
2026-10-06 21:59:28.204 Thread 'MainThread': missing ScriptRunContext! This warning can be ignored when running in bare mode.
2026-10-06 21:59:28.205 Thread 'MainThread': missing ScriptRunContext! This warning can be ignored when running in bare mode.
2026-10-06 21:59:28.205 Thread 'MainThread': missing ScriptRunContext! This warning can be ignored when running in bare mode.
2026-10-06 21:59:28.205 Thread 'MainThread': missing ScriptRunContext! This warning can be ignored when running in bare mode.
2026-10-06 21:59:28.205 Thread 'MainThread': missing ScriptRunContext! This warning can be ignored when running in bare mode.
2026-10-06 21:59:28.205 Thread 'MainThread': missing ScriptRunContext! This warning can be ignored when running in bare mode.
2026-10-06 21:59:29.076 Please replace `use_container_width` with `width`.

`use_container_width` will be removed after 2025-12-31.

For `use_container_width=True`, use `width='stretch'`. For `use_container_width=False`, use `width='content'`.
2026-10-06 21:59:29.805 Please replace `use_container_width` with `width`.

`use_container_width` will be removed after 2025-12-31.

For `use_container_width=True`, use `width='stretch'`. For `use_container_width=False`, use `width='content'`.
2026-10-06 21:59:30.693 Please replace `use_container_width` with `width`.

`use_container_width` will be removed after 2025-12-31.

For `use_container_width=True`, use `width='stretch'`. For `use_container_width=False`, use `width='content'`.
2026-10-06 21:59:31.552 Please replace `use_container_width` with `width`.

`use_container_width` will be removed after 2025-12-31.

For `use_container_width=True`, use `width='stretch'`. For `use_container_width=False`, use `width='content'`.
2026-10-06 21:59:32.395 Please replace `use_container_width` with `width`.

`use_container_width` will be removed after 2025-12-31.

For `use_container_width=True`, use `width='stretch'`. For `use_container_width=False`, use `width='content'`.
2026-10-06 21:59:33.298 Please replace `use_container_width` with `width`.

`use_container_width` will be removed after 2025-12-31.

For `use_container_width=True`, use `width='stretch'`. For `use_container_width=False`, use `width='content'`.
2026-10-06 21:59:36.220 Please replace `use_container_width` with `width`.

`use_container_width` will be removed after 2025-12-31.

For `use_container_width=True`, use `width='stretch'`. For `use_container_width=False`, use `width='content'`.
2026-10-06 21:59:37.287 Please replace `use_container_width` with `width`.

`use_container_width` will be removed after 2025-12-31.

For `use_container_width=True`, use `width='stretch'`. For `use_container_width=False`, use `width='content'`.
2026-10-06 21:59:37.948 Thread 'MainThread': missing ScriptRunContext! This warning can be ignored when running in bare mode.
2026-10-06 21:59:37.948 Thread 'MainThread': missing ScriptRunContext! This warning can be ignored when running in bare mode.
2026-10-06 21:59:37.948 Thread 'MainThread': missing ScriptRunContext! This warning can be ignored when running in bare mode.
2026-10-06 21:59:37.948 Thread 'MainThread': missing ScriptRunContext! This warning can be ignored when running in bare mode.
2026-10-06 21:59:37.948 Thread 'MainThread': missing ScriptRunContext! This warning can be ignored when running in bare mode.
2026-10-06 21:59:37.948 Thread 'MainThread': missing ScriptRunContext! This warning can be ignored when running in bare mode.
2026-10-06 21:59:37.948 Thread 'MainThread': missing ScriptRunContext! This warning can be ignored when running in bare mode.
2026-10-06 21:59:38.546 Please replace `use_container_width` with `width`.

`use_container_width` will be removed after 2025-12-31.

For `use_container_width=True`, use `width='stretch'`. For `use_container_width=False`, use `width='content'`.
2026-10-06 21:59:38.771 Please replace `use_container_width` with `width`.

`use_container_width` will be removed after 2025-12-31.

For `use_container_width=True`, use `width='stretch'`. For `use_container_width=False`, use `width='content'`.
2026-10-06 21:59:39.640 Please replace `use_container_width` with `width`.

`use_container_width` will be removed after 2025-12-31.

For `use_container_width=True`, use `width='stretch'`. For `use_container_width=False`, use `width='content'`.
2026-10-06 21:59:39.672 Please replace `use_container_width` with `width`.

`use_container_width` will be removed after 2025-12-31.

For `use_container_width=True`, use `width='stretch'`. For `use_container_width=False`, use `width='content'`.
2026-10-06 21:59:39.892 Please replace `use_container_width` with `width`.

`use_container_width` will be removed after 2025-12-31.

For `use_container_width=True`, use `width='stretch'`. For `use_container_width=False`, use `width='content'`.
2026-10-06 21:59:39.905 Thread 'MainThread': missing ScriptRunContext! This warning can be ignored when running in bare mode.
2026-10-06 21:59:40.312 Please replace `use_container_width` with `width`.

`use_container_width` will be removed after 2025-12-31.

For `use_container_width=True`, use `width='stretch'`. For `use_container_width=False`, use `width='content'`.
2026-10-06 21:59:40.324 Thread 'MainThread': missing ScriptRunContext! This warning can be ignored when running in bare mode.
2026-10-06 21:59:40.324 Thread 'MainThread': missing ScriptRunContext! This warning can be ignored when running in bare mode.
2026-10-06 21:59:40.324 Thread 'MainThread': missing ScriptRunContext! This warning can be ignored when running in bare mode.
2026-10-06 21:59:40.324 Thread 'MainThread': missing ScriptRunContext! This warning can be ignored when running in bare mode.
2026-10-06 21:59:40.324 Thread 'MainThread': missing ScriptRunContext! This warning can be ignored when running in bare mode.
2026-10-06 21:59:40.324 Thread 'MainThread': missing ScriptRunContext! This warning can be ignored when running in bare mode.
2026-10-06 21:59:40.324 Thread 'MainThread': missing ScriptRunContext! This warning can be ignored when running in bare mode.
2026-10-06 21:59:41.099 Please replace `use_container_width` with `width`.

`use_container_width` will be removed after 2025-12-31.

For `use_container_width=True`, use `width='stretch'`. For `use_container_width=False`, use `width='content'`.
2026-10-06 21:59:41.102 Please replace `use_container_width` with `width`.

`use_container_width` will be removed after 2025-12-31.

For `use_container_width=True`, use `width='stretch'`. For `use_container_width=False`, use `width='content'`.
2026-10-06 21:59:41.116 Please replace `use_container_width` with `width`.

`use_container_width` will be removed after 2025-12-31.

For `use_container_width=True`, use `width='stretch'`. For `use_container_width=False`, use `width='content'`.
2026-10-06 21:59:41.321 Please replace `use_container_width` with `width`.

`use_container_width` will be removed after 2025-12-31.

For `use_container_width=True`, use `width='stretch'`. For `use_container_width=False`, use `width='content'`.
2026-10-06 21:59:41.325 Please replace `use_container_width` with `width`.

`use_container_width` will be removed after 2025-12-31.

For `use_container_width=True`, use `width='stretch'`. For `use_container_width=False`, use `width='content'`.
2026-10-06 21:59:41.341 Please replace `use_container_width` with `width`.

`use_container_width` will be removed after 2025-12-31.

For `use_container_width=True`, use `width='stretch'`. For `use_container_width=False`, use `width='content'`.
2026-10-06 21:59:41.544 Please replace `use_container_width` with `width`.

`use_container_width` will be removed after 2025-12-31.

For `use_container_width=True`, use `width='stretch'`. For `use_container_width=False`, use `width='content'`.
2026-10-06 21:59:41.547 Please replace `use_container_width` with `width`.

`use_container_width` will be removed after 2025-12-31.

For `use_container_width=True`, use `width='stretch'`. For `use_container_width=False`, use `width='content'`.
2026-10-06 21:59:41.565 Please replace `use_container_width` with `width`.

`use_container_width` will be removed after 2025-12-31.

For `use_container_width=True`, use `width='stretch'`. For `use_container_width=False`, use `width='content'`.
2026-10-06 21:59:41.819 Please replace `use_container_width` with `width`.

`use_container_width` will be removed after 2025-12-31.

For `use_container_width=True`, use `width='stretch'`. For `use_container_width=False`, use `width='content'`.
2026-10-06 21:59:42.051 Please replace `use_container_width` with `width`.

`use_container_width` will be removed after 2025-12-31.

For `use_container_width=True`, use `width='stretch'`. For `use_container_width=False`, use `width='content'`.
2026-10-06 21:59:42.256 Please replace `use_container_width` with `width`.

`use_container_width` will be removed after 2025-12-31.

For `use_container_width=True`, use `width='stretch'`. For `use_container_width=False`, use `width='content'`.
2026-10-06 21:59:42.260 Please replace `use_container_width` with `width`.

`use_container_width` will be removed after 2025-12-31.

For `use_container_width=True`, use `width='stretch'`. For `use_container_width=False`, use `width='content'`.
2026-10-06 21:59:42.275 Please replace `use_container_width` with `width`.

`use_container_width` will be removed after 2025-12-31.

For `use_container_width=True`, use `width='stretch'`. For `use_container_width=False`, use `width='content'`.
2026-10-06 21:59:42.482 Please replace `use_container_width` with `width`.

`use_container_width` will be removed after 2025-12-31.

For `use_container_width=True`, use `width='stretch'`. For `use_container_width=False`, use `width='content'`.
2026-10-06 21:59:42.486 Please replace `use_container_width` with `width`.

`use_container_width` will be removed after 2025-12-31.

For `use_container_width=True`, use `width='stretch'`. For `use_container_width=False`, use `width='content'`.
2026-10-06 21:59:42.506 Please replace `use_container_width` with `width`.

`use_container_width` will be removed after 2025-12-31.

For `use_container_width=True`, use `width='stretch'`. For `use_container_width=False`, use `width='content'`.
2026-10-06 21:59:42.704 Please replace `use_container_width` with `width`.

`use_container_width` will be removed after 2025-12-31.

For `use_container_width=True`, use `width='stretch'`. For `use_container_width=False`, use `width='content'`.
2026-10-06 21:59:42.707 Please replace `use_container_width` with `width`.

`use_container_width` will be removed after 2025-12-31.

For `use_container_width=True`, use `width='stretch'`. For `use_container_width=False`, use `width='content'`.
2026-10-06 21:59:42.921 Please replace `use_container_width` with `width`.

`use_container_width` will be removed after 2025-12-31.

For `use_container_width=True`, use `width='stretch'`. For `use_container_width=False`, use `width='content'`.
2026-10-06 21:59:43.158 Please replace `use_container_width` with `width`.

`use_container_width` will be removed after 2025-12-31.

For `use_container_width=True`, use `width='stretch'`. For `use_container_width=False`, use `width='content'`.
2026-10-06 21:59:43.161 Please replace `use_container_width` with `width`.

`use_container_width` will be removed after 2025-12-31.

For `use_container_width=True`, use `width='stretch'`. For `use_container_width=False`, use `width='content'`.
2026-10-06 21:59:43.178 Please replace `use_container_width` with `width`.

`use_container_width` will be removed after 2025-12-31.

For `use_container_width=True`, use `width='stretch'`. For `use_container_width=False`, use `width='content'`.
2026-10-06 21:59:43.187 Thread 'MainThread': missing ScriptRunContext! This warning can be ignored when running in bare mode.
2026-10-06 21:59:43.188 Thread 'MainThread': missing ScriptRunContext! This warning can be ignored when running in bare mode.
2026-10-06 21:59:43.188 Thread 'MainThread': missing ScriptRunContext! This warning can be ignored when running in bare mode.
2026-10-06 21:59:43.188 Thread 'MainThread': missing ScriptRunContext! This warning can be ignored when running in bare mode.
2026-10-06 21:59:43.188 Thread 'MainThread': missing ScriptRunContext! This warning can be ignored when running in bare mode.
2026-10-06 21:59:43.188 Thread 'MainThread': missing ScriptRunContext! This warning can be ignored when running in bare mode.
2026-10-06 21:59:43.188 Thread 'MainThread': missing ScriptRunContext! This warning can be ignored when running in bare mode.
Learning Scene validator rejected domain=probability_sets reason=Unsupported Learning Scene version or domain.
2026-10-06 21:59:44.164 Thread 'MainThread': missing ScriptRunContext! This warning can be ignored when running in bare mode.
2026-10-06 21:59:44.164 Thread 'MainThread': missing ScriptRunContext! This warning can be ignored when running in bare mode.
2026-10-06 21:59:44.164 Thread 'MainThread': missing ScriptRunContext! This warning can be ignored when running in bare mode.
2026-10-06 21:59:44.164 Thread 'MainThread': missing ScriptRunContext! This warning can be ignored when running in bare mode.
2026-10-06 21:59:44.164 Thread 'MainThread': missing ScriptRunContext! This warning can be ignored when running in bare mode.
2026-10-06 21:59:44.164 Thread 'MainThread': missing ScriptRunContext! This warning can be ignored when running in bare mode.
2026-10-06 21:59:45.151 Please replace `use_container_width` with `width`.

`use_container_width` will be removed after 2025-12-31.

For `use_container_width=True`, use `width='stretch'`. For `use_container_width=False`, use `width='content'`.
2026-10-06 21:59:45.155 Please replace `use_container_width` with `width`.

`use_container_width` will be removed after 2025-12-31.

For `use_container_width=True`, use `width='stretch'`. For `use_container_width=False`, use `width='content'`.
2026-10-06 21:59:45.169 Please replace `use_container_width` with `width`.

`use_container_width` will be removed after 2025-12-31.

For `use_container_width=True`, use `width='stretch'`. For `use_container_width=False`, use `width='content'`.
2026-10-06 21:59:45.390 Please replace `use_container_width` with `width`.

`use_container_width` will be removed after 2025-12-31.

For `use_container_width=True`, use `width='stretch'`. For `use_container_width=False`, use `width='content'`.
2026-10-06 21:59:45.394 Please replace `use_container_width` with `width`.

`use_container_width` will be removed after 2025-12-31.

For `use_container_width=True`, use `width='stretch'`. For `use_container_width=False`, use `width='content'`.
2026-10-06 21:59:45.409 Please replace `use_container_width` with `width`.

`use_container_width` will be removed after 2025-12-31.

For `use_container_width=True`, use `width='stretch'`. For `use_container_width=False`, use `width='content'`.
2026-10-06 21:59:45.500 Thread 'MainThread': missing ScriptRunContext! This warning can be ignored when running in bare mode.
2026-10-06 21:59:45.761 Thread 'MainThread': missing ScriptRunContext! This warning can be ignored when running in bare mode.
2026-10-06 21:59:45.763 Thread 'MainThread': missing ScriptRunContext! This warning can be ignored when running in bare mode.
2026-10-06 21:59:45.763 Thread 'MainThread': missing ScriptRunContext! This warning can be ignored when running in bare mode.
2026-10-06 21:59:45.763 Thread 'MainThread': missing ScriptRunContext! This warning can be ignored when running in bare mode.
2026-10-06 21:59:45.763 Thread 'MainThread': missing ScriptRunContext! This warning can be ignored when running in bare mode.
2026-10-06 21:59:45.763 Thread 'MainThread': missing ScriptRunContext! This warning can be ignored when running in bare mode.
2026-10-06 21:59:45.763 Thread 'MainThread': missing ScriptRunContext! This warning can be ignored when running in bare mode.
2026-10-06 21:59:45.763 Thread 'MainThread': missing ScriptRunContext! This warning can be ignored when running in bare mode.
2026-10-06 21:59:45.764 Thread 'MainThread': missing ScriptRunContext! This warning can be ignored when running in bare mode.
2026-10-06 21:59:45.764 Thread 'MainThread': missing ScriptRunContext! This warning can be ignored when running in bare mode.
2026-10-06 21:59:45.764 Thread 'MainThread': missing ScriptRunContext! This warning can be ignored when running in bare mode.
2026-10-06 21:59:45.764 Thread 'MainThread': missing ScriptRunContext! This warning can be ignored when running in bare mode.
2026-10-06 21:59:45.764 Thread 'MainThread': missing ScriptRunContext! This warning can be ignored when running in bare mode.
2026-10-06 21:59:45.764 Thread 'MainThread': missing ScriptRunContext! This warning can be ignored when running in bare mode.
2026-10-06 21:59:45.764 Thread 'MainThread': missing ScriptRunContext! This warning can be ignored when running in bare mode.
2026-10-06 21:59:45.764 Thread 'MainThread': missing ScriptRunContext! This warning can be ignored when running in bare mode.
2026-10-06 21:59:45.764 Thread 'MainThread': missing ScriptRunContext! This warning can be ignored when running in bare mode.
2026-10-06 21:59:45.764 Thread 'MainThread': missing ScriptRunContext! This warning can be ignored when running in bare mode.
2026-10-06 21:59:45.764 Thread 'MainThread': missing ScriptRunContext! This warning can be ignored when running in bare mode.
2026-10-06 21:59:45.764 Thread 'MainThread': missing ScriptRunContext! This warning can be ignored when running in bare mode.
2026-10-06 21:59:45.764 Thread 'MainThread': missing ScriptRunContext! This warning can be ignored when running in bare mode.
2026-10-06 21:59:45.764 Thread 'MainThread': missing ScriptRunContext! This warning can be ignored when running in bare mode.
2026-10-06 21:59:45.764 Thread 'MainThread': missing ScriptRunContext! This warning can be ignored when running in bare mode.
2026-10-06 21:59:45.764 Thread 'MainThread': missing ScriptRunContext! This warning can be ignored when running in bare mode.
2026-10-06 21:59:45.764 Thread 'MainThread': missing ScriptRunContext! This warning can be ignored when running in bare mode.
2026-10-06 21:59:45.764 Thread 'MainThread': missing ScriptRunContext! This warning can be ignored when running in bare mode.
2026-10-06 21:59:45.764 Thread 'MainThread': missing ScriptRunContext! This warning can be ignored when running in bare mode.
2026-10-06 21:59:45.764 Thread 'MainThread': missing ScriptRunContext! This warning can be ignored when running in bare mode.
2026-10-06 21:59:45.764 Thread 'MainThread': missing ScriptRunContext! This warning can be ignored when running in bare mode.
2026-10-06 21:59:45.764 Thread 'MainThread': missing ScriptRunContext! This warning can be ignored when running in bare mode.
2026-10-06 21:59:45.765 Thread 'MainThread': missing ScriptRunContext! This warning can be ignored when running in bare mode.
2026-10-06 21:59:45.765 Thread 'MainThread': missing ScriptRunContext! This warning can be ignored when running in bare mode.
2026-10-06 21:59:45.765 Thread 'MainThread': missing ScriptRunContext! This warning can be ignored when running in bare mode.
2026-10-06 21:59:45.765 Thread 'MainThread': missing ScriptRunContext! This warning can be ignored when running in bare mode.
2026-10-06 21:59:45.765 Thread 'MainThread': missing ScriptRunContext! This warning can be ignored when running in bare mode.
2026-10-06 21:59:45.765 Thread 'MainThread': missing ScriptRunContext! This warning can be ignored when running in bare mode.
2026-10-06 21:59:45.765 Thread 'MainThread': missing ScriptRunContext! This warning can be ignored when running in bare mode.
2026-10-06 21:59:45.765 Thread 'MainThread': missing ScriptRunContext! This warning can be ignored when running in bare mode.
2026-10-06 21:59:45.765 Thread 'MainThread': missing ScriptRunContext! This warning can be ignored when running in bare mode.
2026-10-06 21:59:45.765 Thread 'MainThread': missing ScriptRunContext! This warning can be ignored when running in bare mode.
2026-10-06 21:59:45.765 Thread 'MainThread': missing ScriptRunContext! This warning can be ignored when running in bare mode.
2026-10-06 21:59:45.765 Thread 'MainThread': missing ScriptRunContext! This warning can be ignored when running in bare mode.
2026-10-06 21:59:45.765 Thread 'MainThread': missing ScriptRunContext! This warning can be ignored when running in bare mode.
2026-10-06 21:59:45.765 Thread 'MainThread': missing ScriptRunContext! This warning can be ignored when running in bare mode.
2026-10-06 21:59:45.765 Thread 'MainThread': missing ScriptRunContext! This warning can be ignored when running in bare mode.
2026-10-06 21:59:45.765 Thread 'MainThread': missing ScriptRunContext! This warning can be ignored when running in bare mode.
2026-10-06 21:59:45.842 Thread 'MainThread': missing ScriptRunContext! This warning can be ignored when running in bare mode.
2026-10-06 21:59:45.844 Thread 'MainThread': missing ScriptRunContext! This warning can be ignored when running in bare mode.
2026-10-06 21:59:45.845 Thread 'MainThread': missing ScriptRunContext! This warning can be ignored when running in bare mode.
2026-10-06 21:59:45.845 Thread 'MainThread': missing ScriptRunContext! This warning can be ignored when running in bare mode.
2026-10-06 21:59:45.845 Thread 'MainThread': missing ScriptRunContext! This warning can be ignored when running in bare mode.
2026-10-06 21:59:45.845 Thread 'MainThread': missing ScriptRunContext! This warning can be ignored when running in bare mode.
2026-10-06 21:59:45.845 Thread 'MainThread': missing ScriptRunContext! This warning can be ignored when running in bare mode.
2026-10-06 21:59:45.845 Thread 'MainThread': missing ScriptRunContext! This warning can be ignored when running in bare mode.
2026-10-06 21:59:45.845 Thread 'MainThread': missing ScriptRunContext! This warning can be ignored when running in bare mode.
2026-10-06 21:59:45.845 Thread 'MainThread': missing ScriptRunContext! This warning can be ignored when running in bare mode.
2026-10-06 21:59:45.845 Thread 'MainThread': missing ScriptRunContext! This warning can be ignored when running in bare mode.
2026-10-06 21:59:45.845 Thread 'MainThread': missing ScriptRunContext! This warning can be ignored when running in bare mode.
2026-10-06 21:59:45.845 Thread 'MainThread': missing ScriptRunContext! This warning can be ignored when running in bare mode.
2026-10-06 21:59:45.845 Thread 'MainThread': missing ScriptRunContext! This warning can be ignored when running in bare mode.
2026-10-06 21:59:45.845 Thread 'MainThread': missing ScriptRunContext! This warning can be ignored when running in bare mode.
2026-10-06 21:59:45.845 Thread 'MainThread': missing ScriptRunContext! This warning can be ignored when running in bare mode.
2026-10-06 21:59:45.845 Thread 'MainThread': missing ScriptRunContext! This warning can be ignored when running in bare mode.
2026-10-06 21:59:45.845 Thread 'MainThread': missing ScriptRunContext! This warning can be ignored when running in bare mode.
2026-10-06 21:59:45.845 Thread 'MainThread': missing ScriptRunContext! This warning can be ignored when running in bare mode.
2026-10-06 21:59:45.845 Thread 'MainThread': missing ScriptRunContext! This warning can be ignored when running in bare mode.
2026-10-06 21:59:45.846 Thread 'MainThread': missing ScriptRunContext! This warning can be ignored when running in bare mode.
2026-10-06 21:59:45.846 Thread 'MainThread': missing ScriptRunContext! This warning can be ignored when running in bare mode.
2026-10-06 21:59:45.846 Thread 'MainThread': missing ScriptRunContext! This warning can be ignored when running in bare mode.
2026-10-06 21:59:45.846 Thread 'MainThread': missing ScriptRunContext! This warning can be ignored when running in bare mode.
2026-10-06 21:59:45.846 Thread 'MainThread': missing ScriptRunContext! This warning can be ignored when running in bare mode.
2026-10-06 21:59:45.846 Thread 'MainThread': missing ScriptRunContext! This warning can be ignored when running in bare mode.
2026-10-06 21:59:45.846 Thread 'MainThread': missing ScriptRunContext! This warning can be ignored when running in bare mode.
2026-10-06 21:59:45.846 Thread 'MainThread': missing ScriptRunContext! This warning can be ignored when running in bare mode.
2026-10-06 21:59:45.846 Thread 'MainThread': missing ScriptRunContext! This warning can be ignored when running in bare mode.
2026-10-06 21:59:45.846 Thread 'MainThread': missing ScriptRunContext! This warning can be ignored when running in bare mode.
2026-10-06 21:59:45.846 Thread 'MainThread': missing ScriptRunContext! This warning can be ignored when running in bare mode.
2026-10-06 21:59:45.846 Thread 'MainThread': missing ScriptRunContext! This warning can be ignored when running in bare mode.
2026-10-06 21:59:45.846 Thread 'MainThread': missing ScriptRunContext! This warning can be ignored when running in bare mode.
2026-10-06 21:59:45.846 Thread 'MainThread': missing ScriptRunContext! This warning can be ignored when running in bare mode.
2026-10-06 21:59:45.846 Thread 'MainThread': missing ScriptRunContext! This warning can be ignored when running in bare mode.
2026-10-06 21:59:45.846 Thread 'MainThread': missing ScriptRunContext! This warning can be ignored when running in bare mode.
2026-10-06 21:59:45.846 Thread 'MainThread': missing ScriptRunContext! This warning can be ignored when running in bare mode.
2026-10-06 21:59:45.846 Thread 'MainThread': missing ScriptRunContext! This warning can be ignored when running in bare mode.
2026-10-06 21:59:45.846 Thread 'MainThread': missing ScriptRunContext! This warning can be ignored when running in bare mode.
2026-10-06 21:59:45.847 Thread 'MainThread': missing ScriptRunContext! This warning can be ignored when running in bare mode.
2026-10-06 21:59:45.847 Thread 'MainThread': missing ScriptRunContext! This warning can be ignored when running in bare mode.
2026-10-06 21:59:45.847 Thread 'MainThread': missing ScriptRunContext! This warning can be ignored when running in bare mode.
2026-10-06 21:59:45.847 Thread 'MainThread': missing ScriptRunContext! This warning can be ignored when running in bare mode.
2026-10-06 21:59:45.847 Thread 'MainThread': missing ScriptRunContext! This warning can be ignored when running in bare mode.
2026-10-06 21:59:45.847 Thread 'MainThread': missing ScriptRunContext! This warning can be ignored when running in bare mode.
2026-10-06 21:59:45.847 Thread 'MainThread': missing ScriptRunContext! This warning can be ignored when running in bare mode.
2026-10-06 21:59:45.854 Thread 'MainThread': missing ScriptRunContext! This warning can be ignored when running in bare mode.
2026-10-06 21:59:45.861 Thread 'MainThread': missing ScriptRunContext! This warning can be ignored when running in bare mode.
2026-10-06 21:59:45.924 Thread 'MainThread': missing ScriptRunContext! This warning can be ignored when running in bare mode.
2026-10-06 21:59:45.925 Thread 'MainThread': missing ScriptRunContext! This warning can be ignored when running in bare mode.
2026-10-06 21:59:45.925 Thread 'MainThread': missing ScriptRunContext! This warning can be ignored when running in bare mode.
2026-10-06 21:59:45.925 Thread 'MainThread': missing ScriptRunContext! This warning can be ignored when running in bare mode.
2026-10-06 21:59:45.925 Thread 'MainThread': missing ScriptRunContext! This warning can be ignored when running in bare mode.
2026-10-06 21:59:45.925 Thread 'MainThread': missing ScriptRunContext! This warning can be ignored when running in bare mode.
2026-10-06 21:59:45.925 Thread 'MainThread': missing ScriptRunContext! This warning can be ignored when running in bare mode.
2026-10-06 21:59:45.925 Thread 'MainThread': missing ScriptRunContext! This warning can be ignored when running in bare mode.
2026-10-06 21:59:45.925 Thread 'MainThread': missing ScriptRunContext! This warning can be ignored when running in bare mode.
2026-10-06 21:59:45.925 Thread 'MainThread': missing ScriptRunContext! This warning can be ignored when running in bare mode.
2026-10-06 21:59:45.925 Thread 'MainThread': missing ScriptRunContext! This warning can be ignored when running in bare mode.
2026-10-06 21:59:45.925 Thread 'MainThread': missing ScriptRunContext! This warning can be ignored when running in bare mode.
2026-10-06 21:59:45.925 Thread 'MainThread': missing ScriptRunContext! This warning can be ignored when running in bare mode.
2026-10-06 21:59:45.925 Thread 'MainThread': missing ScriptRunContext! This warning can be ignored when running in bare mode.
2026-10-06 21:59:45.925 Thread 'MainThread': missing ScriptRunContext! This warning can be ignored when running in bare mode.
2026-10-06 21:59:45.925 Thread 'MainThread': missing ScriptRunContext! This warning can be ignored when running in bare mode.
2026-10-06 21:59:45.925 Thread 'MainThread': missing ScriptRunContext! This warning can be ignored when running in bare mode.
2026-10-06 21:59:45.925 Thread 'MainThread': missing ScriptRunContext! This warning can be ignored when running in bare mode.
2026-10-06 21:59:45.925 Thread 'MainThread': missing ScriptRunContext! This warning can be ignored when running in bare mode.
2026-10-06 21:59:45.926 Thread 'MainThread': missing ScriptRunContext! This warning can be ignored when running in bare mode.
2026-10-06 21:59:45.926 Thread 'MainThread': missing ScriptRunContext! This warning can be ignored when running in bare mode.
2026-10-06 21:59:45.926 Thread 'MainThread': missing ScriptRunContext! This warning can be ignored when running in bare mode.
2026-10-06 21:59:45.926 Thread 'MainThread': missing ScriptRunContext! This warning can be ignored when running in bare mode.
2026-10-06 21:59:45.926 Thread 'MainThread': missing ScriptRunContext! This warning can be ignored when running in bare mode.
2026-10-06 21:59:45.926 Thread 'MainThread': missing ScriptRunContext! This warning can be ignored when running in bare mode.
2026-10-06 21:59:45.926 Thread 'MainThread': missing ScriptRunContext! This warning can be ignored when running in bare mode.
2026-10-06 21:59:45.926 Thread 'MainThread': missing ScriptRunContext! This warning can be ignored when running in bare mode.
2026-10-06 21:59:45.926 Thread 'MainThread': missing ScriptRunContext! This warning can be ignored when running in bare mode.
2026-10-06 21:59:45.926 Thread 'MainThread': missing ScriptRunContext! This warning can be ignored when running in bare mode.
2026-10-06 21:59:45.926 Thread 'MainThread': missing ScriptRunContext! This warning can be ignored when running in bare mode.
2026-10-06 21:59:45.926 Thread 'MainThread': missing ScriptRunContext! This warning can be ignored when running in bare mode.
2026-10-06 21:59:45.926 Thread 'MainThread': missing ScriptRunContext! This warning can be ignored when running in bare mode.
2026-10-06 21:59:45.926 Thread 'MainThread': missing ScriptRunContext! This warning can be ignored when running in bare mode.
2026-10-06 21:59:45.926 Thread 'MainThread': missing ScriptRunContext! This warning can be ignored when running in bare mode.
2026-10-06 21:59:45.926 Thread 'MainThread': missing ScriptRunContext! This warning can be ignored when running in bare mode.
2026-10-06 21:59:45.926 Thread 'MainThread': missing ScriptRunContext! This warning can be ignored when running in bare mode.
2026-10-06 21:59:45.926 Thread 'MainThread': missing ScriptRunContext! This warning can be ignored when running in bare mode.
2026-10-06 21:59:45.926 Thread 'MainThread': missing ScriptRunContext! This warning can be ignored when running in bare mode.
2026-10-06 21:59:45.926 Thread 'MainThread': missing ScriptRunContext! This warning can be ignored when running in bare mode.
2026-10-06 21:59:45.926 Thread 'MainThread': missing ScriptRunContext! This warning can be ignored when running in bare mode.
2026-10-06 21:59:45.927 Thread 'MainThread': missing ScriptRunContext! This warning can be ignored when running in bare mode.
2026-10-06 21:59:45.927 Thread 'MainThread': missing ScriptRunContext! This warning can be ignored when running in bare mode.
2026-10-06 21:59:45.927 Thread 'MainThread': missing ScriptRunContext! This warning can be ignored when running in bare mode.
2026-10-06 21:59:45.927 Thread 'MainThread': missing ScriptRunContext! This warning can be ignored when running in bare mode.
2026-10-06 21:59:45.927 Thread 'MainThread': missing ScriptRunContext! This warning can be ignored when running in bare mode.
2026-10-06 21:59:45.927 Thread 'MainThread': missing ScriptRunContext! This warning can be ignored when running in bare mode.
2026-10-06 21:59:45.946 Thread 'MainThread': missing ScriptRunContext! This warning can be ignored when running in bare mode.
2026-10-06 21:59:45.946 Thread 'MainThread': missing ScriptRunContext! This warning can be ignored when running in bare mode.
2026-10-06 21:59:45.946 Thread 'MainThread': missing ScriptRunContext! This warning can be ignored when running in bare mode.
2026-10-06 21:59:45.946 Thread 'MainThread': missing ScriptRunContext! This warning can be ignored when running in bare mode.
2026-10-06 21:59:45.947 Thread 'MainThread': missing ScriptRunContext! This warning can be ignored when running in bare mode.
2026-10-06 21:59:45.947 Thread 'MainThread': missing ScriptRunContext! This warning can be ignored when running in bare mode.
2026-10-06 21:59:45.947 Thread 'MainThread': missing ScriptRunContext! This warning can be ignored when running in bare mode.
2026-10-06 21:59:45.947 Thread 'MainThread': missing ScriptRunContext! This warning can be ignored when running in bare mode.
2026-10-06 21:59:45.947 Thread 'MainThread': missing ScriptRunContext! This warning can be ignored when running in bare mode.
2026-10-06 21:59:45.947 Thread 'MainThread': missing ScriptRunContext! This warning can be ignored when running in bare mode.
2026-10-06 21:59:45.947 Thread 'MainThread': missing ScriptRunContext! This warning can be ignored when running in bare mode.
2026-10-06 21:59:45.947 Thread 'MainThread': missing ScriptRunContext! This warning can be ignored when running in bare mode.
2026-10-06 21:59:45.947 Thread 'MainThread': missing ScriptRunContext! This warning can be ignored when running in bare mode.
2026-10-06 21:59:45.947 Thread 'MainThread': missing ScriptRunContext! This warning can be ignored when running in bare mode.
2026-10-06 21:59:45.947 Thread 'MainThread': missing ScriptRunContext! This warning can be ignored when running in bare mode.
2026-10-06 21:59:45.947 Thread 'MainThread': missing ScriptRunContext! This warning can be ignored when running in bare mode.
2026-10-06 21:59:45.947 Thread 'MainThread': missing ScriptRunContext! This warning can be ignored when running in bare mode.
2026-10-06 21:59:45.947 Thread 'MainThread': missing ScriptRunContext! This warning can be ignored when running in bare mode.
2026-10-06 21:59:45.947 Thread 'MainThread': missing ScriptRunContext! This warning can be ignored when running in bare mode.
2026-10-06 21:59:45.947 Thread 'MainThread': missing ScriptRunContext! This warning can be ignored when running in bare mode.
2026-10-06 21:59:45.948 Thread 'MainThread': missing ScriptRunContext! This warning can be ignored when running in bare mode.
2026-10-06 21:59:45.948 Thread 'MainThread': missing ScriptRunContext! This warning can be ignored when running in bare mode.
2026-10-06 21:59:45.948 Thread 'MainThread': missing ScriptRunContext! This warning can be ignored when running in bare mode.
2026-10-06 21:59:45.948 Thread 'MainThread': missing ScriptRunContext! This warning can be ignored when running in bare mode.
2026-10-06 21:59:45.948 Thread 'MainThread': missing ScriptRunContext! This warning can be ignored when running in bare mode.
2026-10-06 21:59:45.948 Thread 'MainThread': missing ScriptRunContext! This warning can be ignored when running in bare mode.
2026-10-06 21:59:45.948 Thread 'MainThread': missing ScriptRunContext! This warning can be ignored when running in bare mode.
2026-10-06 21:59:45.948 Thread 'MainThread': missing ScriptRunContext! This warning can be ignored when running in bare mode.
2026-10-06 21:59:45.948 Thread 'MainThread': missing ScriptRunContext! This warning can be ignored when running in bare mode.
2026-10-06 21:59:45.948 Thread 'MainThread': missing ScriptRunContext! This warning can be ignored when running in bare mode.
2026-10-06 21:59:45.948 Thread 'MainThread': missing ScriptRunContext! This warning can be ignored when running in bare mode.
2026-10-06 21:59:45.948 Thread 'MainThread': missing ScriptRunContext! This warning can be ignored when running in bare mode.
2026-10-06 21:59:45.948 Thread 'MainThread': missing ScriptRunContext! This warning can be ignored when running in bare mode.
2026-10-06 21:59:45.949 Thread 'MainThread': missing ScriptRunContext! This warning can be ignored when running in bare mode.
2026-10-06 21:59:45.949 Thread 'MainThread': missing ScriptRunContext! This warning can be ignored when running in bare mode.
2026-10-06 21:59:45.949 Thread 'MainThread': missing ScriptRunContext! This warning can be ignored when running in bare mode.
2026-10-06 21:59:45.949 Thread 'MainThread': missing ScriptRunContext! This warning can be ignored when running in bare mode.
2026-10-06 21:59:45.949 Thread 'MainThread': missing ScriptRunContext! This warning can be ignored when running in bare mode.
2026-10-06 21:59:45.949 Thread 'MainThread': missing ScriptRunContext! This warning can be ignored when running in bare mode.
2026-10-06 21:59:45.949 Thread 'MainThread': missing ScriptRunContext! This warning can be ignored when running in bare mode.
2026-10-06 21:59:45.949 Thread 'MainThread': missing ScriptRunContext! This warning can be ignored when running in bare mode.
2026-10-06 21:59:45.949 Thread 'MainThread': missing ScriptRunContext! This warning can be ignored when running in bare mode.
2026-10-06 21:59:45.949 Thread 'MainThread': missing ScriptRunContext! This warning can be ignored when running in bare mode.
2026-10-06 21:59:45.949 Thread 'MainThread': missing ScriptRunContext! This warning can be ignored when running in bare mode.
2026-10-06 21:59:45.949 Thread 'MainThread': missing ScriptRunContext! This warning can be ignored when running in bare mode.
2026-10-06 21:59:45.949 Thread 'MainThread': missing ScriptRunContext! This warning can be ignored when running in bare mode.
2026-10-06 21:59:45.952 Thread 'MainThread': missing ScriptRunContext! This warning can be ignored when running in bare mode.
2026-10-06 21:59:45.954 Thread 'MainThread': missing ScriptRunContext! This warning can be ignored when running in bare mode.
2026-10-06 21:59:45.973 Thread 'MainThread': missing ScriptRunContext! This warning can be ignored when running in bare mode.
2026-10-06 21:59:45.974 Thread 'MainThread': missing ScriptRunContext! This warning can be ignored when running in bare mode.
2026-10-06 21:59:45.974 Thread 'MainThread': missing ScriptRunContext! This warning can be ignored when running in bare mode.
2026-10-06 21:59:45.974 Thread 'MainThread': missing ScriptRunContext! This warning can be ignored when running in bare mode.
2026-10-06 21:59:45.974 Thread 'MainThread': missing ScriptRunContext! This warning can be ignored when running in bare mode.
2026-10-06 21:59:45.974 Thread 'MainThread': missing ScriptRunContext! This warning can be ignored when running in bare mode.
2026-10-06 21:59:45.974 Thread 'MainThread': missing ScriptRunContext! This warning can be ignored when running in bare mode.
2026-10-06 21:59:45.974 Thread 'MainThread': missing ScriptRunContext! This warning can be ignored when running in bare mode.
2026-10-06 21:59:45.974 Thread 'MainThread': missing ScriptRunContext! This warning can be ignored when running in bare mode.
2026-10-06 21:59:45.974 Thread 'MainThread': missing ScriptRunContext! This warning can be ignored when running in bare mode.
2026-10-06 21:59:45.974 Thread 'MainThread': missing ScriptRunContext! This warning can be ignored when running in bare mode.
2026-10-06 21:59:45.974 Thread 'MainThread': missing ScriptRunContext! This warning can be ignored when running in bare mode.
2026-10-06 21:59:45.974 Thread 'MainThread': missing ScriptRunContext! This warning can be ignored when running in bare mode.
2026-10-06 21:59:45.974 Thread 'MainThread': missing ScriptRunContext! This warning can be ignored when running in bare mode.
2026-10-06 21:59:45.974 Thread 'MainThread': missing ScriptRunContext! This warning can be ignored when running in bare mode.
2026-10-06 21:59:45.974 Thread 'MainThread': missing ScriptRunContext! This warning can be ignored when running in bare mode.
2026-10-06 21:59:45.974 Thread 'MainThread': missing ScriptRunContext! This warning can be ignored when running in bare mode.
2026-10-06 21:59:45.975 Thread 'MainThread': missing ScriptRunContext! This warning can be ignored when running in bare mode.
2026-10-06 21:59:45.975 Thread 'MainThread': missing ScriptRunContext! This warning can be ignored when running in bare mode.
2026-10-06 21:59:45.975 Thread 'MainThread': missing ScriptRunContext! This warning can be ignored when running in bare mode.
2026-10-06 21:59:45.975 Thread 'MainThread': missing ScriptRunContext! This warning can be ignored when running in bare mode.
2026-10-06 21:59:45.975 Thread 'MainThread': missing ScriptRunContext! This warning can be ignored when running in bare mode.
2026-10-06 21:59:45.975 Thread 'MainThread': missing ScriptRunContext! This warning can be ignored when running in bare mode.
2026-10-06 21:59:45.975 Thread 'MainThread': missing ScriptRunContext! This warning can be ignored when running in bare mode.
2026-10-06 21:59:45.975 Thread 'MainThread': missing ScriptRunContext! This warning can be ignored when running in bare mode.
2026-10-06 21:59:45.975 Thread 'MainThread': missing ScriptRunContext! This warning can be ignored when running in bare mode.
2026-10-06 21:59:45.975 Thread 'MainThread': missing ScriptRunContext! This warning can be ignored when running in bare mode.
2026-10-06 21:59:45.975 Thread 'MainThread': missing ScriptRunContext! This warning can be ignored when running in bare mode.
2026-10-06 21:59:45.975 Thread 'MainThread': missing ScriptRunContext! This warning can be ignored when running in bare mode.
2026-10-06 21:59:45.975 Thread 'MainThread': missing ScriptRunContext! This warning can be ignored when running in bare mode.
2026-10-06 21:59:45.975 Thread 'MainThread': missing ScriptRunContext! This warning can be ignored when running in bare mode.
2026-10-06 21:59:45.975 Thread 'MainThread': missing ScriptRunContext! This warning can be ignored when running in bare mode.
2026-10-06 21:59:45.975 Thread 'MainThread': missing ScriptRunContext! This warning can be ignored when running in bare mode.
2026-10-06 21:59:45.975 Thread 'MainThread': missing ScriptRunContext! This warning can be ignored when running in bare mode.
2026-10-06 21:59:45.975 Thread 'MainThread': missing ScriptRunContext! This warning can be ignored when running in bare mode.
2026-10-06 21:59:45.975 Thread 'MainThread': missing ScriptRunContext! This warning can be ignored when running in bare mode.
2026-10-06 21:59:45.975 Thread 'MainThread': missing ScriptRunContext! This warning can be ignored when running in bare mode.
2026-10-06 21:59:45.975 Thread 'MainThread': missing ScriptRunContext! This warning can be ignored when running in bare mode.
2026-10-06 21:59:45.975 Thread 'MainThread': missing ScriptRunContext! This warning can be ignored when running in bare mode.
2026-10-06 21:59:45.975 Thread 'MainThread': missing ScriptRunContext! This warning can be ignored when running in bare mode.
2026-10-06 21:59:45.975 Thread 'MainThread': missing ScriptRunContext! This warning can be ignored when running in bare mode.
2026-10-06 21:59:45.976 Thread 'MainThread': missing ScriptRunContext! This warning can be ignored when running in bare mode.
2026-10-06 21:59:45.976 Thread 'MainThread': missing ScriptRunContext! This warning can be ignored when running in bare mode.
2026-10-06 21:59:45.976 Thread 'MainThread': missing ScriptRunContext! This warning can be ignored when running in bare mode.
2026-10-06 21:59:45.976 Thread 'MainThread': missing ScriptRunContext! This warning can be ignored when running in bare mode.
2026-10-06 21:59:45.976 Thread 'MainThread': missing ScriptRunContext! This warning can be ignored when running in bare mode.
2026-10-06 21:59:45.985 Thread 'MainThread': missing ScriptRunContext! This warning can be ignored when running in bare mode.
2026-10-06 21:59:45.985 Thread 'MainThread': missing ScriptRunContext! This warning can be ignored when running in bare mode.
2026-10-06 21:59:45.985 Thread 'MainThread': missing ScriptRunContext! This warning can be ignored when running in bare mode.
2026-10-06 21:59:45.985 Thread 'MainThread': missing ScriptRunContext! This warning can be ignored when running in bare mode.
2026-10-06 21:59:45.985 Thread 'MainThread': missing ScriptRunContext! This warning can be ignored when running in bare mode.
2026-10-06 21:59:45.985 Thread 'MainThread': missing ScriptRunContext! This warning can be ignored when running in bare mode.
2026-10-06 21:59:45.985 Thread 'MainThread': missing ScriptRunContext! This warning can be ignored when running in bare mode.
2026-10-06 21:59:45.985 Thread 'MainThread': missing ScriptRunContext! This warning can be ignored when running in bare mode.
2026-10-06 21:59:45.985 Thread 'MainThread': missing ScriptRunContext! This warning can be ignored when running in bare mode.
2026-10-06 21:59:45.986 Thread 'MainThread': missing ScriptRunContext! This warning can be ignored when running in bare mode.
2026-10-06 21:59:45.986 Thread 'MainThread': missing ScriptRunContext! This warning can be ignored when running in bare mode.
2026-10-06 21:59:45.986 Thread 'MainThread': missing ScriptRunContext! This warning can be ignored when running in bare mode.
2026-10-06 21:59:45.986 Thread 'MainThread': missing ScriptRunContext! This warning can be ignored when running in bare mode.
2026-10-06 21:59:45.986 Thread 'MainThread': missing ScriptRunContext! This warning can be ignored when running in bare mode.
2026-10-06 21:59:45.986 Thread 'MainThread': missing ScriptRunContext! This warning can be ignored when running in bare mode.
2026-10-06 21:59:45.986 Thread 'MainThread': missing ScriptRunContext! This warning can be ignored when running in bare mode.
2026-10-06 21:59:45.986 Thread 'MainThread': missing ScriptRunContext! This warning can be ignored when running in bare mode.
2026-10-06 21:59:45.986 Thread 'MainThread': missing ScriptRunContext! This warning can be ignored when running in bare mode.
2026-10-06 21:59:45.986 Thread 'MainThread': missing ScriptRunContext! This warning can be ignored when running in bare mode.
2026-10-06 21:59:45.986 Thread 'MainThread': missing ScriptRunContext! This warning can be ignored when running in bare mode.
2026-10-06 21:59:45.986 Thread 'MainThread': missing ScriptRunContext! This warning can be ignored when running in bare mode.
2026-10-06 21:59:45.986 Thread 'MainThread': missing ScriptRunContext! This warning can be ignored when running in bare mode.
2026-10-06 21:59:45.986 Thread 'MainThread': missing ScriptRunContext! This warning can be ignored when running in bare mode.
2026-10-06 21:59:45.986 Thread 'MainThread': missing ScriptRunContext! This warning can be ignored when running in bare mode.
2026-10-06 21:59:45.986 Thread 'MainThread': missing ScriptRunContext! This warning can be ignored when running in bare mode.
2026-10-06 21:59:45.986 Thread 'MainThread': missing ScriptRunContext! This warning can be ignored when running in bare mode.
2026-10-06 21:59:45.986 Thread 'MainThread': missing ScriptRunContext! This warning can be ignored when running in bare mode.
2026-10-06 21:59:45.986 Thread 'MainThread': missing ScriptRunContext! This warning can be ignored when running in bare mode.
2026-10-06 21:59:45.986 Thread 'MainThread': missing ScriptRunContext! This warning can be ignored when running in bare mode.
2026-10-06 21:59:45.986 Thread 'MainThread': missing ScriptRunContext! This warning can be ignored when running in bare mode.
2026-10-06 21:59:45.986 Thread 'MainThread': missing ScriptRunContext! This warning can be ignored when running in bare mode.
2026-10-06 21:59:45.986 Thread 'MainThread': missing ScriptRunContext! This warning can be ignored when running in bare mode.
2026-10-06 21:59:45.986 Thread 'MainThread': missing ScriptRunContext! This warning can be ignored when running in bare mode.
2026-10-06 21:59:45.987 Thread 'MainThread': missing ScriptRunContext! This warning can be ignored when running in bare mode.
2026-10-06 21:59:45.987 Thread 'MainThread': missing ScriptRunContext! This warning can be ignored when running in bare mode.
2026-10-06 21:59:45.987 Thread 'MainThread': missing ScriptRunContext! This warning can be ignored when running in bare mode.
2026-10-06 21:59:45.987 Thread 'MainThread': missing ScriptRunContext! This warning can be ignored when running in bare mode.
2026-10-06 21:59:45.987 Thread 'MainThread': missing ScriptRunContext! This warning can be ignored when running in bare mode.
2026-10-06 21:59:45.987 Thread 'MainThread': missing ScriptRunContext! This warning can be ignored when running in bare mode.
2026-10-06 21:59:45.987 Thread 'MainThread': missing ScriptRunContext! This warning can be ignored when running in bare mode.
2026-10-06 21:59:45.987 Thread 'MainThread': missing ScriptRunContext! This warning can be ignored when running in bare mode.
2026-10-06 21:59:45.987 Thread 'MainThread': missing ScriptRunContext! This warning can be ignored when running in bare mode.
2026-10-06 21:59:45.987 Thread 'MainThread': missing ScriptRunContext! This warning can be ignored when running in bare mode.
2026-10-06 21:59:45.987 Thread 'MainThread': missing ScriptRunContext! This warning can be ignored when running in bare mode.
2026-10-06 21:59:45.987 Thread 'MainThread': missing ScriptRunContext! This warning can be ignored when running in bare mode.
2026-10-06 21:59:45.987 Thread 'MainThread': missing ScriptRunContext! This warning can be ignored when running in bare mode.
2026-10-06 21:59:45.989 Thread 'MainThread': missing ScriptRunContext! This warning can be ignored when running in bare mode.
2026-10-06 21:59:45.990 Thread 'MainThread': missing ScriptRunContext! This warning can be ignored when running in bare mode.
2026-10-06 21:59:46.077 Thread 'MainThread': missing ScriptRunContext! This warning can be ignored when running in bare mode.
2026-10-06 21:59:46.078 Thread 'MainThread': missing ScriptRunContext! This warning can be ignored when running in bare mode.
2026-10-06 21:59:46.078 Thread 'MainThread': missing ScriptRunContext! This warning can be ignored when running in bare mode.
2026-10-06 21:59:46.078 Thread 'MainThread': missing ScriptRunContext! This warning can be ignored when running in bare mode.
2026-10-06 21:59:46.078 Thread 'MainThread': missing ScriptRunContext! This warning can be ignored when running in bare mode.
2026-10-06 21:59:46.078 Thread 'MainThread': missing ScriptRunContext! This warning can be ignored when running in bare mode.
2026-10-06 21:59:46.078 Thread 'MainThread': missing ScriptRunContext! This warning can be ignored when running in bare mode.
2026-10-06 21:59:46.078 Thread 'MainThread': missing ScriptRunContext! This warning can be ignored when running in bare mode.
2026-10-06 21:59:46.079 Thread 'MainThread': missing ScriptRunContext! This warning can be ignored when running in bare mode.
2026-10-06 21:59:46.079 Thread 'MainThread': missing ScriptRunContext! This warning can be ignored when running in bare mode.
2026-10-06 21:59:46.079 Thread 'MainThread': missing ScriptRunContext! This warning can be ignored when running in bare mode.
2026-10-06 21:59:46.079 Thread 'MainThread': missing ScriptRunContext! This warning can be ignored when running in bare mode.
2026-10-06 21:59:46.079 Thread 'MainThread': missing ScriptRunContext! This warning can be ignored when running in bare mode.
2026-10-06 21:59:46.079 Thread 'MainThread': missing ScriptRunContext! This warning can be ignored when running in bare mode.
2026-10-06 21:59:46.079 Thread 'MainThread': missing ScriptRunContext! This warning can be ignored when running in bare mode.
2026-10-06 21:59:46.079 Thread 'MainThread': missing ScriptRunContext! This warning can be ignored when running in bare mode.
2026-10-06 21:59:46.079 Thread 'MainThread': missing ScriptRunContext! This warning can be ignored when running in bare mode.
2026-10-06 21:59:46.079 Thread 'MainThread': missing ScriptRunContext! This warning can be ignored when running in bare mode.
2026-10-06 21:59:46.079 Thread 'MainThread': missing ScriptRunContext! This warning can be ignored when running in bare mode.
2026-10-06 21:59:46.079 Thread 'MainThread': missing ScriptRunContext! This warning can be ignored when running in bare mode.
2026-10-06 21:59:46.079 Thread 'MainThread': missing ScriptRunContext! This warning can be ignored when running in bare mode.
2026-10-06 21:59:46.079 Thread 'MainThread': missing ScriptRunContext! This warning can be ignored when running in bare mode.
2026-10-06 21:59:46.079 Thread 'MainThread': missing ScriptRunContext! This warning can be ignored when running in bare mode.
2026-10-06 21:59:46.079 Thread 'MainThread': missing ScriptRunContext! This warning can be ignored when running in bare mode.
2026-10-06 21:59:46.079 Thread 'MainThread': missing ScriptRunContext! This warning can be ignored when running in bare mode.
2026-10-06 21:59:46.080 Thread 'MainThread': missing ScriptRunContext! This warning can be ignored when running in bare mode.
2026-10-06 21:59:46.080 Thread 'MainThread': missing ScriptRunContext! This warning can be ignored when running in bare mode.
2026-10-06 21:59:46.080 Thread 'MainThread': missing ScriptRunContext! This warning can be ignored when running in bare mode.
2026-10-06 21:59:46.080 Thread 'MainThread': missing ScriptRunContext! This warning can be ignored when running in bare mode.
2026-10-06 21:59:46.080 Thread 'MainThread': missing ScriptRunContext! This warning can be ignored when running in bare mode.
2026-10-06 21:59:46.080 Thread 'MainThread': missing ScriptRunContext! This warning can be ignored when running in bare mode.
2026-10-06 21:59:46.080 Thread 'MainThread': missing ScriptRunContext! This warning can be ignored when running in bare mode.
2026-10-06 21:59:46.080 Thread 'MainThread': missing ScriptRunContext! This warning can be ignored when running in bare mode.
2026-10-06 21:59:46.080 Thread 'MainThread': missing ScriptRunContext! This warning can be ignored when running in bare mode.
2026-10-06 21:59:46.080 Thread 'MainThread': missing ScriptRunContext! This warning can be ignored when running in bare mode.
2026-10-06 21:59:46.080 Thread 'MainThread': missing ScriptRunContext! This warning can be ignored when running in bare mode.
2026-10-06 21:59:46.080 Thread 'MainThread': missing ScriptRunContext! This warning can be ignored when running in bare mode.
2026-10-06 21:59:46.080 Thread 'MainThread': missing ScriptRunContext! This warning can be ignored when running in bare mode.
2026-10-06 21:59:46.080 Thread 'MainThread': missing ScriptRunContext! This warning can be ignored when running in bare mode.
2026-10-06 21:59:46.080 Thread 'MainThread': missing ScriptRunContext! This warning can be ignored when running in bare mode.
2026-10-06 21:59:46.080 Thread 'MainThread': missing ScriptRunContext! This warning can be ignored when running in bare mode.
2026-10-06 21:59:46.080 Thread 'MainThread': missing ScriptRunContext! This warning can be ignored when running in bare mode.
2026-10-06 21:59:46.081 Thread 'MainThread': missing ScriptRunContext! This warning can be ignored when running in bare mode.
2026-10-06 21:59:46.081 Thread 'MainThread': missing ScriptRunContext! This warning can be ignored when running in bare mode.
2026-10-06 21:59:46.081 Thread 'MainThread': missing ScriptRunContext! This warning can be ignored when running in bare mode.
2026-10-06 21:59:46.081 Thread 'MainThread': missing ScriptRunContext! This warning can be ignored when running in bare mode.
2026-10-06 21:59:46.107 Thread 'MainThread': missing ScriptRunContext! This warning can be ignored when running in bare mode.
2026-10-06 21:59:46.108 Thread 'MainThread': missing ScriptRunContext! This warning can be ignored when running in bare mode.
2026-10-06 21:59:46.108 Thread 'MainThread': missing ScriptRunContext! This warning can be ignored when running in bare mode.
2026-10-06 21:59:46.108 Thread 'MainThread': missing ScriptRunContext! This warning can be ignored when running in bare mode.
2026-10-06 21:59:46.108 Thread 'MainThread': missing ScriptRunContext! This warning can be ignored when running in bare mode.
2026-10-06 21:59:46.109 Thread 'MainThread': missing ScriptRunContext! This warning can be ignored when running in bare mode.
2026-10-06 21:59:46.109 Thread 'MainThread': missing ScriptRunContext! This warning can be ignored when running in bare mode.
2026-10-06 21:59:46.109 Thread 'MainThread': missing ScriptRunContext! This warning can be ignored when running in bare mode.
2026-10-06 21:59:46.109 Thread 'MainThread': missing ScriptRunContext! This warning can be ignored when running in bare mode.
2026-10-06 21:59:46.109 Thread 'MainThread': missing ScriptRunContext! This warning can be ignored when running in bare mode.
2026-10-06 21:59:46.109 Thread 'MainThread': missing ScriptRunContext! This warning can be ignored when running in bare mode.
2026-10-06 21:59:46.109 Thread 'MainThread': missing ScriptRunContext! This warning can be ignored when running in bare mode.
2026-10-06 21:59:46.109 Thread 'MainThread': missing ScriptRunContext! This warning can be ignored when running in bare mode.
2026-10-06 21:59:46.109 Thread 'MainThread': missing ScriptRunContext! This warning can be ignored when running in bare mode.
2026-10-06 21:59:46.109 Thread 'MainThread': missing ScriptRunContext! This warning can be ignored when running in bare mode.
2026-10-06 21:59:46.109 Thread 'MainThread': missing ScriptRunContext! This warning can be ignored when running in bare mode.
2026-10-06 21:59:46.109 Thread 'MainThread': missing ScriptRunContext! This warning can be ignored when running in bare mode.
2026-10-06 21:59:46.109 Thread 'MainThread': missing ScriptRunContext! This warning can be ignored when running in bare mode.
2026-10-06 21:59:46.109 Thread 'MainThread': missing ScriptRunContext! This warning can be ignored when running in bare mode.
2026-10-06 21:59:46.109 Thread 'MainThread': missing ScriptRunContext! This warning can be ignored when running in bare mode.
2026-10-06 21:59:46.109 Thread 'MainThread': missing ScriptRunContext! This warning can be ignored when running in bare mode.
2026-10-06 21:59:46.109 Thread 'MainThread': missing ScriptRunContext! This warning can be ignored when running in bare mode.
2026-10-06 21:59:46.109 Thread 'MainThread': missing ScriptRunContext! This warning can be ignored when running in bare mode.
2026-10-06 21:59:46.109 Thread 'MainThread': missing ScriptRunContext! This warning can be ignored when running in bare mode.
2026-10-06 21:59:46.109 Thread 'MainThread': missing ScriptRunContext! This warning can be ignored when running in bare mode.
2026-10-06 21:59:46.109 Thread 'MainThread': missing ScriptRunContext! This warning can be ignored when running in bare mode.
2026-10-06 21:59:46.109 Thread 'MainThread': missing ScriptRunContext! This warning can be ignored when running in bare mode.
2026-10-06 21:59:46.110 Thread 'MainThread': missing ScriptRunContext! This warning can be ignored when running in bare mode.
2026-10-06 21:59:46.110 Thread 'MainThread': missing ScriptRunContext! This warning can be ignored when running in bare mode.
2026-10-06 21:59:46.110 Thread 'MainThread': missing ScriptRunContext! This warning can be ignored when running in bare mode.
2026-10-06 21:59:46.110 Thread 'MainThread': missing ScriptRunContext! This warning can be ignored when running in bare mode.
2026-10-06 21:59:46.110 Thread 'MainThread': missing ScriptRunContext! This warning can be ignored when running in bare mode.
2026-10-06 21:59:46.110 Thread 'MainThread': missing ScriptRunContext! This warning can be ignored when running in bare mode.
2026-10-06 21:59:46.110 Thread 'MainThread': missing ScriptRunContext! This warning can be ignored when running in bare mode.
2026-10-06 21:59:46.110 Thread 'MainThread': missing ScriptRunContext! This warning can be ignored when running in bare mode.
2026-10-06 21:59:46.110 Thread 'MainThread': missing ScriptRunContext! This warning can be ignored when running in bare mode.
2026-10-06 21:59:46.110 Thread 'MainThread': missing ScriptRunContext! This warning can be ignored when running in bare mode.
2026-10-06 21:59:46.110 Thread 'MainThread': missing ScriptRunContext! This warning can be ignored when running in bare mode.
2026-10-06 21:59:46.110 Thread 'MainThread': missing ScriptRunContext! This warning can be ignored when running in bare mode.
2026-10-06 21:59:46.110 Thread 'MainThread': missing ScriptRunContext! This warning can be ignored when running in bare mode.
2026-10-06 21:59:46.110 Thread 'MainThread': missing ScriptRunContext! This warning can be ignored when running in bare mode.
2026-10-06 21:59:46.110 Thread 'MainThread': missing ScriptRunContext! This warning can be ignored when running in bare mode.
2026-10-06 21:59:46.110 Thread 'MainThread': missing ScriptRunContext! This warning can be ignored when running in bare mode.
2026-10-06 21:59:46.110 Thread 'MainThread': missing ScriptRunContext! This warning can be ignored when running in bare mode.
2026-10-06 21:59:46.110 Thread 'MainThread': missing ScriptRunContext! This warning can be ignored when running in bare mode.
2026-10-06 21:59:46.110 Thread 'MainThread': missing ScriptRunContext! This warning can be ignored when running in bare mode.
2026-10-06 21:59:46.114 Thread 'MainThread': missing ScriptRunContext! This warning can be ignored when running in bare mode.
2026-10-06 21:59:46.117 Thread 'MainThread': missing ScriptRunContext! This warning can be ignored when running in bare mode.
2026-10-06 21:59:50.069 Thread 'MainThread': missing ScriptRunContext! This warning can be ignored when running in bare mode.
2026-10-06 21:59:50.072 Thread 'MainThread': missing ScriptRunContext! This warning can be ignored when running in bare mode.
2026-10-06 21:59:50.072 Thread 'MainThread': missing ScriptRunContext! This warning can be ignored when running in bare mode.
2026-10-06 21:59:50.072 Thread 'MainThread': missing ScriptRunContext! This warning can be ignored when running in bare mode.
2026-10-06 21:59:50.072 Thread 'MainThread': missing ScriptRunContext! This warning can be ignored when running in bare mode.
2026-10-06 21:59:50.072 Thread 'MainThread': missing ScriptRunContext! This warning can be ignored when running in bare mode.
2026-10-06 21:59:50.072 Thread 'MainThread': missing ScriptRunContext! This warning can be ignored when running in bare mode.
2026-10-06 21:59:50.072 Thread 'MainThread': missing ScriptRunContext! This warning can be ignored when running in bare mode.
2026-10-06 21:59:50.072 Thread 'MainThread': missing ScriptRunContext! This warning can be ignored when running in bare mode.
2026-10-06 21:59:50.073 Thread 'MainThread': missing ScriptRunContext! This warning can be ignored when running in bare mode.
2026-10-06 21:59:50.073 Thread 'MainThread': missing ScriptRunContext! This warning can be ignored when running in bare mode.
2026-10-06 21:59:50.073 Thread 'MainThread': missing ScriptRunContext! This warning can be ignored when running in bare mode.
2026-10-06 21:59:50.073 Thread 'MainThread': missing ScriptRunContext! This warning can be ignored when running in bare mode.
2026-10-06 21:59:50.073 Thread 'MainThread': missing ScriptRunContext! This warning can be ignored when running in bare mode.
2026-10-06 21:59:50.073 Thread 'MainThread': missing ScriptRunContext! This warning can be ignored when running in bare mode.
2026-10-06 21:59:50.073 Thread 'MainThread': missing ScriptRunContext! This warning can be ignored when running in bare mode.
2026-10-06 21:59:50.073 Thread 'MainThread': missing ScriptRunContext! This warning can be ignored when running in bare mode.
2026-10-06 21:59:50.073 Thread 'MainThread': missing ScriptRunContext! This warning can be ignored when running in bare mode.
2026-10-06 21:59:50.073 Thread 'MainThread': missing ScriptRunContext! This warning can be ignored when running in bare mode.
2026-10-06 21:59:50.073 Thread 'MainThread': missing ScriptRunContext! This warning can be ignored when running in bare mode.
2026-10-06 21:59:50.073 Thread 'MainThread': missing ScriptRunContext! This warning can be ignored when running in bare mode.
2026-10-06 21:59:50.073 Thread 'MainThread': missing ScriptRunContext! This warning can be ignored when running in bare mode.
2026-10-06 21:59:50.073 Thread 'MainThread': missing ScriptRunContext! This warning can be ignored when running in bare mode.
2026-10-06 21:59:50.073 Thread 'MainThread': missing ScriptRunContext! This warning can be ignored when running in bare mode.
2026-10-06 21:59:50.073 Thread 'MainThread': missing ScriptRunContext! This warning can be ignored when running in bare mode.
2026-10-06 21:59:50.073 Thread 'MainThread': missing ScriptRunContext! This warning can be ignored when running in bare mode.
2026-10-06 21:59:50.073 Thread 'MainThread': missing ScriptRunContext! This warning can be ignored when running in bare mode.
2026-10-06 21:59:50.073 Thread 'MainThread': missing ScriptRunContext! This warning can be ignored when running in bare mode.
2026-10-06 21:59:50.073 Thread 'MainThread': missing ScriptRunContext! This warning can be ignored when running in bare mode.
2026-10-06 21:59:50.073 Thread 'MainThread': missing ScriptRunContext! This warning can be ignored when running in bare mode.
2026-10-06 21:59:50.073 Thread 'MainThread': missing ScriptRunContext! This warning can be ignored when running in bare mode.
2026-10-06 21:59:50.074 Thread 'MainThread': missing ScriptRunContext! This warning can be ignored when running in bare mode.
2026-10-06 21:59:50.074 Thread 'MainThread': missing ScriptRunContext! This warning can be ignored when running in bare mode.
2026-10-06 21:59:50.074 Thread 'MainThread': missing ScriptRunContext! This warning can be ignored when running in bare mode.
2026-10-06 21:59:50.074 Thread 'MainThread': missing ScriptRunContext! This warning can be ignored when running in bare mode.
2026-10-06 21:59:50.074 Thread 'MainThread': missing ScriptRunContext! This warning can be ignored when running in bare mode.
2026-10-06 21:59:50.074 Thread 'MainThread': missing ScriptRunContext! This warning can be ignored when running in bare mode.
2026-10-06 21:59:50.074 Thread 'MainThread': missing ScriptRunContext! This warning can be ignored when running in bare mode.
2026-10-06 21:59:50.074 Thread 'MainThread': missing ScriptRunContext! This warning can be ignored when running in bare mode.
2026-10-06 21:59:50.074 Thread 'MainThread': missing ScriptRunContext! This warning can be ignored when running in bare mode.
2026-10-06 21:59:50.074 Thread 'MainThread': missing ScriptRunContext! This warning can be ignored when running in bare mode.
2026-10-06 21:59:50.074 Thread 'MainThread': missing ScriptRunContext! This warning can be ignored when running in bare mode.
2026-10-06 21:59:50.074 Thread 'MainThread': missing ScriptRunContext! This warning can be ignored when running in bare mode.
2026-10-06 21:59:50.074 Thread 'MainThread': missing ScriptRunContext! This warning can be ignored when running in bare mode.
2026-10-06 21:59:50.074 Thread 'MainThread': missing ScriptRunContext! This warning can be ignored when running in bare mode.
2026-10-06 21:59:50.074 Thread 'MainThread': missing ScriptRunContext! This warning can be ignored when running in bare mode.
2026-10-06 21:59:54.305 Thread 'MainThread': missing ScriptRunContext! This warning can be ignored when running in bare mode.
2026-10-06 21:59:54.307 Thread 'MainThread': missing ScriptRunContext! This warning can be ignored when running in bare mode.
2026-10-06 21:59:54.308 Thread 'MainThread': missing ScriptRunContext! This warning can be ignored when running in bare mode.
2026-10-06 21:59:54.308 Thread 'MainThread': missing ScriptRunContext! This warning can be ignored when running in bare mode.
2026-10-06 21:59:54.308 Thread 'MainThread': missing ScriptRunContext! This warning can be ignored when running in bare mode.
2026-10-06 21:59:54.308 Thread 'MainThread': missing ScriptRunContext! This warning can be ignored when running in bare mode.
2026-10-06 21:59:54.308 Thread 'MainThread': missing ScriptRunContext! This warning can be ignored when running in bare mode.
2026-10-06 21:59:54.308 Thread 'MainThread': missing ScriptRunContext! This warning can be ignored when running in bare mode.
2026-10-06 21:59:54.308 Thread 'MainThread': missing ScriptRunContext! This warning can be ignored when running in bare mode.
2026-10-06 21:59:54.308 Thread 'MainThread': missing ScriptRunContext! This warning can be ignored when running in bare mode.
2026-10-06 21:59:54.308 Thread 'MainThread': missing ScriptRunContext! This warning can be ignored when running in bare mode.
2026-10-06 21:59:54.308 Thread 'MainThread': missing ScriptRunContext! This warning can be ignored when running in bare mode.
2026-10-06 21:59:54.308 Thread 'MainThread': missing ScriptRunContext! This warning can be ignored when running in bare mode.
2026-10-06 21:59:54.308 Thread 'MainThread': missing ScriptRunContext! This warning can be ignored when running in bare mode.
2026-10-06 21:59:54.308 Thread 'MainThread': missing ScriptRunContext! This warning can be ignored when running in bare mode.
2026-10-06 21:59:54.308 Thread 'MainThread': missing ScriptRunContext! This warning can be ignored when running in bare mode.
2026-10-06 21:59:54.308 Thread 'MainThread': missing ScriptRunContext! This warning can be ignored when running in bare mode.
2026-10-06 21:59:54.309 Thread 'MainThread': missing ScriptRunContext! This warning can be ignored when running in bare mode.
2026-10-06 21:59:54.309 Thread 'MainThread': missing ScriptRunContext! This warning can be ignored when running in bare mode.
2026-10-06 21:59:54.309 Thread 'MainThread': missing ScriptRunContext! This warning can be ignored when running in bare mode.
2026-10-06 21:59:54.309 Thread 'MainThread': missing ScriptRunContext! This warning can be ignored when running in bare mode.
2026-10-06 21:59:54.309 Thread 'MainThread': missing ScriptRunContext! This warning can be ignored when running in bare mode.
2026-10-06 21:59:54.309 Thread 'MainThread': missing ScriptRunContext! This warning can be ignored when running in bare mode.
2026-10-06 21:59:54.309 Thread 'MainThread': missing ScriptRunContext! This warning can be ignored when running in bare mode.
2026-10-06 21:59:54.309 Thread 'MainThread': missing ScriptRunContext! This warning can be ignored when running in bare mode.
2026-10-06 21:59:54.309 Thread 'MainThread': missing ScriptRunContext! This warning can be ignored when running in bare mode.
2026-10-06 21:59:54.309 Thread 'MainThread': missing ScriptRunContext! This warning can be ignored when running in bare mode.
2026-10-06 21:59:54.309 Thread 'MainThread': missing ScriptRunContext! This warning can be ignored when running in bare mode.
2026-10-06 21:59:54.309 Thread 'MainThread': missing ScriptRunContext! This warning can be ignored when running in bare mode.
2026-10-06 21:59:54.309 Thread 'MainThread': missing ScriptRunContext! This warning can be ignored when running in bare mode.
2026-10-06 21:59:54.309 Thread 'MainThread': missing ScriptRunContext! This warning can be ignored when running in bare mode.
2026-10-06 21:59:54.309 Thread 'MainThread': missing ScriptRunContext! This warning can be ignored when running in bare mode.
2026-10-06 21:59:54.309 Thread 'MainThread': missing ScriptRunContext! This warning can be ignored when running in bare mode.
2026-10-06 21:59:54.309 Thread 'MainThread': missing ScriptRunContext! This warning can be ignored when running in bare mode.
2026-10-06 21:59:54.310 Thread 'MainThread': missing ScriptRunContext! This warning can be ignored when running in bare mode.
2026-10-06 21:59:54.310 Thread 'MainThread': missing ScriptRunContext! This warning can be ignored when running in bare mode.
2026-10-06 21:59:54.310 Thread 'MainThread': missing ScriptRunContext! This warning can be ignored when running in bare mode.
2026-10-06 21:59:54.310 Thread 'MainThread': missing ScriptRunContext! This warning can be ignored when running in bare mode.
2026-10-06 21:59:54.310 Thread 'MainThread': missing ScriptRunContext! This warning can be ignored when running in bare mode.
2026-10-06 21:59:54.310 Thread 'MainThread': missing ScriptRunContext! This warning can be ignored when running in bare mode.
2026-10-06 21:59:54.310 Thread 'MainThread': missing ScriptRunContext! This warning can be ignored when running in bare mode.
2026-10-06 21:59:54.310 Thread 'MainThread': missing ScriptRunContext! This warning can be ignored when running in bare mode.
2026-10-06 21:59:54.310 Thread 'MainThread': missing ScriptRunContext! This warning can be ignored when running in bare mode.
2026-10-06 21:59:54.310 Thread 'MainThread': missing ScriptRunContext! This warning can be ignored when running in bare mode.
2026-10-06 21:59:54.310 Thread 'MainThread': missing ScriptRunContext! This warning can be ignored when running in bare mode.
2026-10-06 21:59:54.310 Thread 'MainThread': missing ScriptRunContext! This warning can be ignored when running in bare mode.
2026-10-06 21:59:54.319 Thread 'MainThread': missing ScriptRunContext! This warning can be ignored when running in bare mode.
2026-10-06 21:59:54.324 Thread 'MainThread': missing ScriptRunContext! This warning can be ignored when running in bare mode.
2026-10-06 21:59:54.332 Thread 'MainThread': missing ScriptRunContext! This warning can be ignored when running in bare mode.
2026-10-06 21:59:54.339 Thread 'MainThread': missing ScriptRunContext! This warning can be ignored when running in bare mode.
2026-10-06 21:59:54.358 Thread 'MainThread': missing ScriptRunContext! This warning can be ignored when running in bare mode.
2026-10-06 21:59:54.366 Thread 'MainThread': missing ScriptRunContext! This warning can be ignored when running in bare mode.
2026-10-06 21:59:54.374 Thread 'MainThread': missing ScriptRunContext! This warning can be ignored when running in bare mode.
2026-10-06 21:59:54.382 Thread 'MainThread': missing ScriptRunContext! This warning can be ignored when running in bare mode.
2026-10-06 21:59:54.389 Thread 'MainThread': missing ScriptRunContext! This warning can be ignored when running in bare mode.
2026-10-06 21:59:54.397 Thread 'MainThread': missing ScriptRunContext! This warning can be ignored when running in bare mode.
2026-10-06 21:59:54.405 Thread 'MainThread': missing ScriptRunContext! This warning can be ignored when running in bare mode.
2026-10-06 21:59:54.412 Thread 'MainThread': missing ScriptRunContext! This warning can be ignored when running in bare mode.
2026-10-06 21:59:54.419 Thread 'MainThread': missing ScriptRunContext! This warning can be ignored when running in bare mode.
2026-10-06 21:59:54.426 Thread 'MainThread': missing ScriptRunContext! This warning can be ignored when running in bare mode.
2026-10-06 21:59:54.434 Thread 'MainThread': missing ScriptRunContext! This warning can be ignored when running in bare mode.
2026-10-06 21:59:54.442 Thread 'MainThread': missing ScriptRunContext! This warning can be ignored when running in bare mode.
2026-10-06 21:59:54.451 Thread 'MainThread': missing ScriptRunContext! This warning can be ignored when running in bare mode.
2026-10-06 21:59:54.459 Thread 'MainThread': missing ScriptRunContext! This warning can be ignored when running in bare mode.
2026-10-06 21:59:54.467 Thread 'MainThread': missing ScriptRunContext! This warning can be ignored when running in bare mode.
2026-10-06 21:59:54.475 Thread 'MainThread': missing ScriptRunContext! This warning can be ignored when running in bare mode.
2026-10-06 21:59:54.484 Thread 'MainThread': missing ScriptRunContext! This warning can be ignored when running in bare mode.
2026-10-06 21:59:54.491 Thread 'MainThread': missing ScriptRunContext! This warning can be ignored when running in bare mode.
2026-10-06 21:59:54.499 Thread 'MainThread': missing ScriptRunContext! This warning can be ignored when running in bare mode.
2026-10-06 21:59:54.508 Thread 'MainThread': missing ScriptRunContext! This warning can be ignored when running in bare mode.
2026-10-06 21:59:54.516 Thread 'MainThread': missing ScriptRunContext! This warning can be ignored when running in bare mode.
2026-10-06 21:59:54.524 Thread 'MainThread': missing ScriptRunContext! This warning can be ignored when running in bare mode.
2026-10-06 21:59:54.532 Thread 'MainThread': missing ScriptRunContext! This warning can be ignored when running in bare mode.
2026-10-06 21:59:54.539 Thread 'MainThread': missing ScriptRunContext! This warning can be ignored when running in bare mode.
2026-10-06 21:59:54.547 Thread 'MainThread': missing ScriptRunContext! This warning can be ignored when running in bare mode.
2026-10-06 21:59:54.554 Thread 'MainThread': missing ScriptRunContext! This warning can be ignored when running in bare mode.
2026-10-06 21:59:54.562 Thread 'MainThread': missing ScriptRunContext! This warning can be ignored when running in bare mode.
2026-10-06 21:59:54.569 Thread 'MainThread': missing ScriptRunContext! This warning can be ignored when running in bare mode.
2026-10-06 21:59:54.577 Thread 'MainThread': missing ScriptRunContext! This warning can be ignored when running in bare mode.
2026-10-06 21:59:54.585 Thread 'MainThread': missing ScriptRunContext! This warning can be ignored when running in bare mode.
2026-10-06 21:59:54.592 Thread 'MainThread': missing ScriptRunContext! This warning can be ignored when running in bare mode.
2026-10-06 21:59:54.600 Thread 'MainThread': missing ScriptRunContext! This warning can be ignored when running in bare mode.
2026-10-06 21:59:54.607 Thread 'MainThread': missing ScriptRunContext! This warning can be ignored when running in bare mode.
2026-10-06 21:59:54.615 Thread 'MainThread': missing ScriptRunContext! This warning can be ignored when running in bare mode.
2026-10-06 21:59:54.623 Thread 'MainThread': missing ScriptRunContext! This warning can be ignored when running in bare mode.
2026-10-06 21:59:54.630 Thread 'MainThread': missing ScriptRunContext! This warning can be ignored when running in bare mode.
2026-10-06 21:59:54.675 Thread 'MainThread': missing ScriptRunContext! This warning can be ignored when running in bare mode.
2026-10-06 21:59:54.677 Thread 'MainThread': missing ScriptRunContext! This warning can be ignored when running in bare mode.
2026-10-06 21:59:54.677 Thread 'MainThread': missing ScriptRunContext! This warning can be ignored when running in bare mode.
2026-10-06 21:59:54.678 Thread 'MainThread': missing ScriptRunContext! This warning can be ignored when running in bare mode.
2026-10-06 21:59:54.678 Thread 'MainThread': missing ScriptRunContext! This warning can be ignored when running in bare mode.
2026-10-06 21:59:54.678 Thread 'MainThread': missing ScriptRunContext! This warning can be ignored when running in bare mode.
2026-10-06 21:59:54.678 Thread 'MainThread': missing ScriptRunContext! This warning can be ignored when running in bare mode.
2026-10-06 21:59:54.678 Thread 'MainThread': missing ScriptRunContext! This warning can be ignored when running in bare mode.
2026-10-06 21:59:54.678 Thread 'MainThread': missing ScriptRunContext! This warning can be ignored when running in bare mode.
2026-10-06 21:59:54.678 Thread 'MainThread': missing ScriptRunContext! This warning can be ignored when running in bare mode.
2026-10-06 21:59:54.678 Thread 'MainThread': missing ScriptRunContext! This warning can be ignored when running in bare mode.
2026-10-06 21:59:54.678 Thread 'MainThread': missing ScriptRunContext! This warning can be ignored when running in bare mode.
2026-10-06 21:59:54.678 Thread 'MainThread': missing ScriptRunContext! This warning can be ignored when running in bare mode.
2026-10-06 21:59:54.678 Thread 'MainThread': missing ScriptRunContext! This warning can be ignored when running in bare mode.
2026-10-06 21:59:54.678 Thread 'MainThread': missing ScriptRunContext! This warning can be ignored when running in bare mode.
2026-10-06 21:59:54.678 Thread 'MainThread': missing ScriptRunContext! This warning can be ignored when running in bare mode.
2026-10-06 21:59:54.678 Thread 'MainThread': missing ScriptRunContext! This warning can be ignored when running in bare mode.
2026-10-06 21:59:54.678 Thread 'MainThread': missing ScriptRunContext! This warning can be ignored when running in bare mode.
2026-10-06 21:59:54.678 Thread 'MainThread': missing ScriptRunContext! This warning can be ignored when running in bare mode.
2026-10-06 21:59:54.678 Thread 'MainThread': missing ScriptRunContext! This warning can be ignored when running in bare mode.
2026-10-06 21:59:54.679 Thread 'MainThread': missing ScriptRunContext! This warning can be ignored when running in bare mode.
2026-10-06 21:59:54.679 Thread 'MainThread': missing ScriptRunContext! This warning can be ignored when running in bare mode.
2026-10-06 21:59:54.679 Thread 'MainThread': missing ScriptRunContext! This warning can be ignored when running in bare mode.
2026-10-06 21:59:54.679 Thread 'MainThread': missing ScriptRunContext! This warning can be ignored when running in bare mode.
2026-10-06 21:59:54.679 Thread 'MainThread': missing ScriptRunContext! This warning can be ignored when running in bare mode.
2026-10-06 21:59:54.679 Thread 'MainThread': missing ScriptRunContext! This warning can be ignored when running in bare mode.
2026-10-06 21:59:54.679 Thread 'MainThread': missing ScriptRunContext! This warning can be ignored when running in bare mode.
2026-10-06 21:59:54.679 Thread 'MainThread': missing ScriptRunContext! This warning can be ignored when running in bare mode.
2026-10-06 21:59:54.679 Thread 'MainThread': missing ScriptRunContext! This warning can be ignored when running in bare mode.
2026-10-06 21:59:54.679 Thread 'MainThread': missing ScriptRunContext! This warning can be ignored when running in bare mode.
2026-10-06 21:59:54.679 Thread 'MainThread': missing ScriptRunContext! This warning can be ignored when running in bare mode.
2026-10-06 21:59:54.679 Thread 'MainThread': missing ScriptRunContext! This warning can be ignored when running in bare mode.
2026-10-06 21:59:54.679 Thread 'MainThread': missing ScriptRunContext! This warning can be ignored when running in bare mode.
2026-10-06 21:59:54.679 Thread 'MainThread': missing ScriptRunContext! This warning can be ignored when running in bare mode.
2026-10-06 21:59:54.679 Thread 'MainThread': missing ScriptRunContext! This warning can be ignored when running in bare mode.
2026-10-06 21:59:54.679 Thread 'MainThread': missing ScriptRunContext! This warning can be ignored when running in bare mode.
2026-10-06 21:59:54.680 Thread 'MainThread': missing ScriptRunContext! This warning can be ignored when running in bare mode.
2026-10-06 21:59:54.680 Thread 'MainThread': missing ScriptRunContext! This warning can be ignored when running in bare mode.
2026-10-06 21:59:54.680 Thread 'MainThread': missing ScriptRunContext! This warning can be ignored when running in bare mode.
2026-10-06 21:59:54.680 Thread 'MainThread': missing ScriptRunContext! This warning can be ignored when running in bare mode.
2026-10-06 21:59:54.680 Thread 'MainThread': missing ScriptRunContext! This warning can be ignored when running in bare mode.
2026-10-06 21:59:54.680 Thread 'MainThread': missing ScriptRunContext! This warning can be ignored when running in bare mode.
2026-10-06 21:59:54.680 Thread 'MainThread': missing ScriptRunContext! This warning can be ignored when running in bare mode.
2026-10-06 21:59:54.680 Thread 'MainThread': missing ScriptRunContext! This warning can be ignored when running in bare mode.
2026-10-06 21:59:54.680 Thread 'MainThread': missing ScriptRunContext! This warning can be ignored when running in bare mode.
2026-10-06 21:59:54.680 Thread 'MainThread': missing ScriptRunContext! This warning can be ignored when running in bare mode.
2026-10-06 21:59:54.727 Thread 'MainThread': missing ScriptRunContext! This warning can be ignored when running in bare mode.
2026-10-06 21:59:54.729 Thread 'MainThread': missing ScriptRunContext! This warning can be ignored when running in bare mode.
2026-10-06 21:59:54.729 Thread 'MainThread': missing ScriptRunContext! This warning can be ignored when running in bare mode.
2026-10-06 21:59:54.729 Thread 'MainThread': missing ScriptRunContext! This warning can be ignored when running in bare mode.
2026-10-06 21:59:54.729 Thread 'MainThread': missing ScriptRunContext! This warning can be ignored when running in bare mode.
2026-10-06 21:59:54.729 Thread 'MainThread': missing ScriptRunContext! This warning can be ignored when running in bare mode.
2026-10-06 21:59:54.729 Thread 'MainThread': missing ScriptRunContext! This warning can be ignored when running in bare mode.
2026-10-06 21:59:54.729 Thread 'MainThread': missing ScriptRunContext! This warning can be ignored when running in bare mode.
2026-10-06 21:59:54.729 Thread 'MainThread': missing ScriptRunContext! This warning can be ignored when running in bare mode.
2026-10-06 21:59:54.729 Thread 'MainThread': missing ScriptRunContext! This warning can be ignored when running in bare mode.
2026-10-06 21:59:54.729 Thread 'MainThread': missing ScriptRunContext! This warning can be ignored when running in bare mode.
2026-10-06 21:59:54.729 Thread 'MainThread': missing ScriptRunContext! This warning can be ignored when running in bare mode.
2026-10-06 21:59:54.730 Thread 'MainThread': missing ScriptRunContext! This warning can be ignored when running in bare mode.
2026-10-06 21:59:54.730 Thread 'MainThread': missing ScriptRunContext! This warning can be ignored when running in bare mode.
2026-10-06 21:59:54.730 Thread 'MainThread': missing ScriptRunContext! This warning can be ignored when running in bare mode.
2026-10-06 21:59:54.730 Thread 'MainThread': missing ScriptRunContext! This warning can be ignored when running in bare mode.
2026-10-06 21:59:54.730 Thread 'MainThread': missing ScriptRunContext! This warning can be ignored when running in bare mode.
2026-10-06 21:59:54.730 Thread 'MainThread': missing ScriptRunContext! This warning can be ignored when running in bare mode.
2026-10-06 21:59:54.730 Thread 'MainThread': missing ScriptRunContext! This warning can be ignored when running in bare mode.
2026-10-06 21:59:54.730 Thread 'MainThread': missing ScriptRunContext! This warning can be ignored when running in bare mode.
2026-10-06 21:59:54.730 Thread 'MainThread': missing ScriptRunContext! This warning can be ignored when running in bare mode.
2026-10-06 21:59:54.730 Thread 'MainThread': missing ScriptRunContext! This warning can be ignored when running in bare mode.
2026-10-06 21:59:54.730 Thread 'MainThread': missing ScriptRunContext! This warning can be ignored when running in bare mode.
2026-10-06 21:59:54.730 Thread 'MainThread': missing ScriptRunContext! This warning can be ignored when running in bare mode.
2026-10-06 21:59:54.730 Thread 'MainThread': missing ScriptRunContext! This warning can be ignored when running in bare mode.
2026-10-06 21:59:54.730 Thread 'MainThread': missing ScriptRunContext! This warning can be ignored when running in bare mode.
2026-10-06 21:59:54.730 Thread 'MainThread': missing ScriptRunContext! This warning can be ignored when running in bare mode.
2026-10-06 21:59:54.730 Thread 'MainThread': missing ScriptRunContext! This warning can be ignored when running in bare mode.
2026-10-06 21:59:54.730 Thread 'MainThread': missing ScriptRunContext! This warning can be ignored when running in bare mode.
2026-10-06 21:59:54.731 Thread 'MainThread': missing ScriptRunContext! This warning can be ignored when running in bare mode.
2026-10-06 21:59:54.731 Thread 'MainThread': missing ScriptRunContext! This warning can be ignored when running in bare mode.
2026-10-06 21:59:54.731 Thread 'MainThread': missing ScriptRunContext! This warning can be ignored when running in bare mode.
2026-10-06 21:59:54.731 Thread 'MainThread': missing ScriptRunContext! This warning can be ignored when running in bare mode.
2026-10-06 21:59:54.731 Thread 'MainThread': missing ScriptRunContext! This warning can be ignored when running in bare mode.
2026-10-06 21:59:54.731 Thread 'MainThread': missing ScriptRunContext! This warning can be ignored when running in bare mode.
2026-10-06 21:59:54.731 Thread 'MainThread': missing ScriptRunContext! This warning can be ignored when running in bare mode.
2026-10-06 21:59:54.731 Thread 'MainThread': missing ScriptRunContext! This warning can be ignored when running in bare mode.
2026-10-06 21:59:54.731 Thread 'MainThread': missing ScriptRunContext! This warning can be ignored when running in bare mode.
2026-10-06 21:59:54.731 Thread 'MainThread': missing ScriptRunContext! This warning can be ignored when running in bare mode.
2026-10-06 21:59:54.731 Thread 'MainThread': missing ScriptRunContext! This warning can be ignored when running in bare mode.
2026-10-06 21:59:54.731 Thread 'MainThread': missing ScriptRunContext! This warning can be ignored when running in bare mode.
2026-10-06 21:59:54.731 Thread 'MainThread': missing ScriptRunContext! This warning can be ignored when running in bare mode.
2026-10-06 21:59:54.731 Thread 'MainThread': missing ScriptRunContext! This warning can be ignored when running in bare mode.
2026-10-06 21:59:54.731 Thread 'MainThread': missing ScriptRunContext! This warning can be ignored when running in bare mode.
2026-10-06 21:59:54.732 Thread 'MainThread': missing ScriptRunContext! This warning can be ignored when running in bare mode.
2026-10-06 21:59:54.732 Thread 'MainThread': missing ScriptRunContext! This warning can be ignored when running in bare mode.
2026-10-06 21:59:54.778 Thread 'MainThread': missing ScriptRunContext! This warning can be ignored when running in bare mode.
2026-10-06 21:59:54.780 Thread 'MainThread': missing ScriptRunContext! This warning can be ignored when running in bare mode.
2026-10-06 21:59:54.780 Thread 'MainThread': missing ScriptRunContext! This warning can be ignored when running in bare mode.
2026-10-06 21:59:54.780 Thread 'MainThread': missing ScriptRunContext! This warning can be ignored when running in bare mode.
2026-10-06 21:59:54.780 Thread 'MainThread': missing ScriptRunContext! This warning can be ignored when running in bare mode.
2026-10-06 21:59:54.780 Thread 'MainThread': missing ScriptRunContext! This warning can be ignored when running in bare mode.
2026-10-06 21:59:54.780 Thread 'MainThread': missing ScriptRunContext! This warning can be ignored when running in bare mode.
2026-10-06 21:59:54.780 Thread 'MainThread': missing ScriptRunContext! This warning can be ignored when running in bare mode.
2026-10-06 21:59:54.780 Thread 'MainThread': missing ScriptRunContext! This warning can be ignored when running in bare mode.
2026-10-06 21:59:54.780 Thread 'MainThread': missing ScriptRunContext! This warning can be ignored when running in bare mode.
2026-10-06 21:59:54.780 Thread 'MainThread': missing ScriptRunContext! This warning can be ignored when running in bare mode.
2026-10-06 21:59:54.780 Thread 'MainThread': missing ScriptRunContext! This warning can be ignored when running in bare mode.
2026-10-06 21:59:54.781 Thread 'MainThread': missing ScriptRunContext! This warning can be ignored when running in bare mode.
2026-10-06 21:59:54.781 Thread 'MainThread': missing ScriptRunContext! This warning can be ignored when running in bare mode.
2026-10-06 21:59:54.781 Thread 'MainThread': missing ScriptRunContext! This warning can be ignored when running in bare mode.
2026-10-06 21:59:54.781 Thread 'MainThread': missing ScriptRunContext! This warning can be ignored when running in bare mode.
2026-10-06 21:59:54.781 Thread 'MainThread': missing ScriptRunContext! This warning can be ignored when running in bare mode.
2026-10-06 21:59:54.781 Thread 'MainThread': missing ScriptRunContext! This warning can be ignored when running in bare mode.
2026-10-06 21:59:54.781 Thread 'MainThread': missing ScriptRunContext! This warning can be ignored when running in bare mode.
2026-10-06 21:59:54.781 Thread 'MainThread': missing ScriptRunContext! This warning can be ignored when running in bare mode.
2026-10-06 21:59:54.781 Thread 'MainThread': missing ScriptRunContext! This warning can be ignored when running in bare mode.
2026-10-06 21:59:54.781 Thread 'MainThread': missing ScriptRunContext! This warning can be ignored when running in bare mode.
2026-10-06 21:59:54.781 Thread 'MainThread': missing ScriptRunContext! This warning can be ignored when running in bare mode.
2026-10-06 21:59:54.781 Thread 'MainThread': missing ScriptRunContext! This warning can be ignored when running in bare mode.
2026-10-06 21:59:54.781 Thread 'MainThread': missing ScriptRunContext! This warning can be ignored when running in bare mode.
2026-10-06 21:59:54.781 Thread 'MainThread': missing ScriptRunContext! This warning can be ignored when running in bare mode.
2026-10-06 21:59:54.781 Thread 'MainThread': missing ScriptRunContext! This warning can be ignored when running in bare mode.
2026-10-06 21:59:54.781 Thread 'MainThread': missing ScriptRunContext! This warning can be ignored when running in bare mode.
2026-10-06 21:59:54.781 Thread 'MainThread': missing ScriptRunContext! This warning can be ignored when running in bare mode.
2026-10-06 21:59:54.782 Thread 'MainThread': missing ScriptRunContext! This warning can be ignored when running in bare mode.
2026-10-06 21:59:54.782 Thread 'MainThread': missing ScriptRunContext! This warning can be ignored when running in bare mode.
2026-10-06 21:59:54.782 Thread 'MainThread': missing ScriptRunContext! This warning can be ignored when running in bare mode.
2026-10-06 21:59:54.782 Thread 'MainThread': missing ScriptRunContext! This warning can be ignored when running in bare mode.
2026-10-06 21:59:54.782 Thread 'MainThread': missing ScriptRunContext! This warning can be ignored when running in bare mode.
2026-10-06 21:59:54.782 Thread 'MainThread': missing ScriptRunContext! This warning can be ignored when running in bare mode.
2026-10-06 21:59:54.782 Thread 'MainThread': missing ScriptRunContext! This warning can be ignored when running in bare mode.
2026-10-06 21:59:54.782 Thread 'MainThread': missing ScriptRunContext! This warning can be ignored when running in bare mode.
2026-10-06 21:59:54.782 Thread 'MainThread': missing ScriptRunContext! This warning can be ignored when running in bare mode.
2026-10-06 21:59:54.782 Thread 'MainThread': missing ScriptRunContext! This warning can be ignored when running in bare mode.
2026-10-06 21:59:54.782 Thread 'MainThread': missing ScriptRunContext! This warning can be ignored when running in bare mode.
2026-10-06 21:59:54.782 Thread 'MainThread': missing ScriptRunContext! This warning can be ignored when running in bare mode.
2026-10-06 21:59:54.782 Thread 'MainThread': missing ScriptRunContext! This warning can be ignored when running in bare mode.
2026-10-06 21:59:54.782 Thread 'MainThread': missing ScriptRunContext! This warning can be ignored when running in bare mode.
2026-10-06 21:59:54.782 Thread 'MainThread': missing ScriptRunContext! This warning can be ignored when running in bare mode.
2026-10-06 21:59:54.782 Thread 'MainThread': missing ScriptRunContext! This warning can be ignored when running in bare mode.
2026-10-06 21:59:54.782 Thread 'MainThread': missing ScriptRunContext! This warning can be ignored when running in bare mode.
2026-10-06 21:59:54.829 Thread 'MainThread': missing ScriptRunContext! This warning can be ignored when running in bare mode.
2026-10-06 21:59:54.832 Thread 'MainThread': missing ScriptRunContext! This warning can be ignored when running in bare mode.
2026-10-06 21:59:54.832 Thread 'MainThread': missing ScriptRunContext! This warning can be ignored when running in bare mode.
2026-10-06 21:59:54.832 Thread 'MainThread': missing ScriptRunContext! This warning can be ignored when running in bare mode.
2026-10-06 21:59:54.832 Thread 'MainThread': missing ScriptRunContext! This warning can be ignored when running in bare mode.
2026-10-06 21:59:54.832 Thread 'MainThread': missing ScriptRunContext! This warning can be ignored when running in bare mode.
2026-10-06 21:59:54.832 Thread 'MainThread': missing ScriptRunContext! This warning can be ignored when running in bare mode.
2026-10-06 21:59:54.832 Thread 'MainThread': missing ScriptRunContext! This warning can be ignored when running in bare mode.
2026-10-06 21:59:54.832 Thread 'MainThread': missing ScriptRunContext! This warning can be ignored when running in bare mode.
2026-10-06 21:59:54.832 Thread 'MainThread': missing ScriptRunContext! This warning can be ignored when running in bare mode.
2026-10-06 21:59:54.832 Thread 'MainThread': missing ScriptRunContext! This warning can be ignored when running in bare mode.
2026-10-06 21:59:54.832 Thread 'MainThread': missing ScriptRunContext! This warning can be ignored when running in bare mode.
2026-10-06 21:59:54.832 Thread 'MainThread': missing ScriptRunContext! This warning can be ignored when running in bare mode.
2026-10-06 21:59:54.832 Thread 'MainThread': missing ScriptRunContext! This warning can be ignored when running in bare mode.
2026-10-06 21:59:54.832 Thread 'MainThread': missing ScriptRunContext! This warning can be ignored when running in bare mode.
2026-10-06 21:59:54.832 Thread 'MainThread': missing ScriptRunContext! This warning can be ignored when running in bare mode.
2026-10-06 21:59:54.832 Thread 'MainThread': missing ScriptRunContext! This warning can be ignored when running in bare mode.
2026-10-06 21:59:54.832 Thread 'MainThread': missing ScriptRunContext! This warning can be ignored when running in bare mode.
2026-10-06 21:59:54.832 Thread 'MainThread': missing ScriptRunContext! This warning can be ignored when running in bare mode.
2026-10-06 21:59:54.833 Thread 'MainThread': missing ScriptRunContext! This warning can be ignored when running in bare mode.
2026-10-06 21:59:54.833 Thread 'MainThread': missing ScriptRunContext! This warning can be ignored when running in bare mode.
2026-10-06 21:59:54.833 Thread 'MainThread': missing ScriptRunContext! This warning can be ignored when running in bare mode.
2026-10-06 21:59:54.833 Thread 'MainThread': missing ScriptRunContext! This warning can be ignored when running in bare mode.
2026-10-06 21:59:54.833 Thread 'MainThread': missing ScriptRunContext! This warning can be ignored when running in bare mode.
2026-10-06 21:59:54.833 Thread 'MainThread': missing ScriptRunContext! This warning can be ignored when running in bare mode.
2026-10-06 21:59:54.833 Thread 'MainThread': missing ScriptRunContext! This warning can be ignored when running in bare mode.
2026-10-06 21:59:54.833 Thread 'MainThread': missing ScriptRunContext! This warning can be ignored when running in bare mode.
2026-10-06 21:59:54.833 Thread 'MainThread': missing ScriptRunContext! This warning can be ignored when running in bare mode.
2026-10-06 21:59:54.833 Thread 'MainThread': missing ScriptRunContext! This warning can be ignored when running in bare mode.
2026-10-06 21:59:54.833 Thread 'MainThread': missing ScriptRunContext! This warning can be ignored when running in bare mode.
2026-10-06 21:59:54.833 Thread 'MainThread': missing ScriptRunContext! This warning can be ignored when running in bare mode.
2026-10-06 21:59:54.833 Thread 'MainThread': missing ScriptRunContext! This warning can be ignored when running in bare mode.
2026-10-06 21:59:54.833 Thread 'MainThread': missing ScriptRunContext! This warning can be ignored when running in bare mode.
2026-10-06 21:59:54.833 Thread 'MainThread': missing ScriptRunContext! This warning can be ignored when running in bare mode.
2026-10-06 21:59:54.833 Thread 'MainThread': missing ScriptRunContext! This warning can be ignored when running in bare mode.
2026-10-06 21:59:54.833 Thread 'MainThread': missing ScriptRunContext! This warning can be ignored when running in bare mode.
2026-10-06 21:59:54.833 Thread 'MainThread': missing ScriptRunContext! This warning can be ignored when running in bare mode.
2026-10-06 21:59:54.833 Thread 'MainThread': missing ScriptRunContext! This warning can be ignored when running in bare mode.
2026-10-06 21:59:54.833 Thread 'MainThread': missing ScriptRunContext! This warning can be ignored when running in bare mode.
2026-10-06 21:59:54.833 Thread 'MainThread': missing ScriptRunContext! This warning can be ignored when running in bare mode.
2026-10-06 21:59:54.833 Thread 'MainThread': missing ScriptRunContext! This warning can be ignored when running in bare mode.
2026-10-06 21:59:54.833 Thread 'MainThread': missing ScriptRunContext! This warning can be ignored when running in bare mode.
2026-10-06 21:59:54.833 Thread 'MainThread': missing ScriptRunContext! This warning can be ignored when running in bare mode.
2026-10-06 21:59:54.834 Thread 'MainThread': missing ScriptRunContext! This warning can be ignored when running in bare mode.
2026-10-06 21:59:54.834 Thread 'MainThread': missing ScriptRunContext! This warning can be ignored when running in bare mode.
2026-10-06 21:59:54.834 Thread 'MainThread': missing ScriptRunContext! This warning can be ignored when running in bare mode.
2026-10-06 21:59:54.880 Thread 'MainThread': missing ScriptRunContext! This warning can be ignored when running in bare mode.
2026-10-06 21:59:54.883 Thread 'MainThread': missing ScriptRunContext! This warning can be ignored when running in bare mode.
2026-10-06 21:59:54.883 Thread 'MainThread': missing ScriptRunContext! This warning can be ignored when running in bare mode.
2026-10-06 21:59:54.883 Thread 'MainThread': missing ScriptRunContext! This warning can be ignored when running in bare mode.
2026-10-06 21:59:54.883 Thread 'MainThread': missing ScriptRunContext! This warning can be ignored when running in bare mode.
2026-10-06 21:59:54.883 Thread 'MainThread': missing ScriptRunContext! This warning can be ignored when running in bare mode.
2026-10-06 21:59:54.883 Thread 'MainThread': missing ScriptRunContext! This warning can be ignored when running in bare mode.
2026-10-06 21:59:54.883 Thread 'MainThread': missing ScriptRunContext! This warning can be ignored when running in bare mode.
2026-10-06 21:59:54.883 Thread 'MainThread': missing ScriptRunContext! This warning can be ignored when running in bare mode.
2026-10-06 21:59:54.883 Thread 'MainThread': missing ScriptRunContext! This warning can be ignored when running in bare mode.
2026-10-06 21:59:54.883 Thread 'MainThread': missing ScriptRunContext! This warning can be ignored when running in bare mode.
2026-10-06 21:59:54.883 Thread 'MainThread': missing ScriptRunContext! This warning can be ignored when running in bare mode.
2026-10-06 21:59:54.883 Thread 'MainThread': missing ScriptRunContext! This warning can be ignored when running in bare mode.
2026-10-06 21:59:54.883 Thread 'MainThread': missing ScriptRunContext! This warning can be ignored when running in bare mode.
2026-10-06 21:59:54.884 Thread 'MainThread': missing ScriptRunContext! This warning can be ignored when running in bare mode.
2026-10-06 21:59:54.884 Thread 'MainThread': missing ScriptRunContext! This warning can be ignored when running in bare mode.
2026-10-06 21:59:54.884 Thread 'MainThread': missing ScriptRunContext! This warning can be ignored when running in bare mode.
2026-10-06 21:59:54.884 Thread 'MainThread': missing ScriptRunContext! This warning can be ignored when running in bare mode.
2026-10-06 21:59:54.884 Thread 'MainThread': missing ScriptRunContext! This warning can be ignored when running in bare mode.
2026-10-06 21:59:54.884 Thread 'MainThread': missing ScriptRunContext! This warning can be ignored when running in bare mode.
2026-10-06 21:59:54.884 Thread 'MainThread': missing ScriptRunContext! This warning can be ignored when running in bare mode.
2026-10-06 21:59:54.884 Thread 'MainThread': missing ScriptRunContext! This warning can be ignored when running in bare mode.
2026-10-06 21:59:54.884 Thread 'MainThread': missing ScriptRunContext! This warning can be ignored when running in bare mode.
2026-10-06 21:59:54.884 Thread 'MainThread': missing ScriptRunContext! This warning can be ignored when running in bare mode.
2026-10-06 21:59:54.884 Thread 'MainThread': missing ScriptRunContext! This warning can be ignored when running in bare mode.
2026-10-06 21:59:54.884 Thread 'MainThread': missing ScriptRunContext! This warning can be ignored when running in bare mode.
2026-10-06 21:59:54.884 Thread 'MainThread': missing ScriptRunContext! This warning can be ignored when running in bare mode.
2026-10-06 21:59:54.884 Thread 'MainThread': missing ScriptRunContext! This warning can be ignored when running in bare mode.
2026-10-06 21:59:54.885 Thread 'MainThread': missing ScriptRunContext! This warning can be ignored when running in bare mode.
2026-10-06 21:59:54.885 Thread 'MainThread': missing ScriptRunContext! This warning can be ignored when running in bare mode.
2026-10-06 21:59:54.885 Thread 'MainThread': missing ScriptRunContext! This warning can be ignored when running in bare mode.
2026-10-06 21:59:54.885 Thread 'MainThread': missing ScriptRunContext! This warning can be ignored when running in bare mode.
2026-10-06 21:59:54.885 Thread 'MainThread': missing ScriptRunContext! This warning can be ignored when running in bare mode.
2026-10-06 21:59:54.885 Thread 'MainThread': missing ScriptRunContext! This warning can be ignored when running in bare mode.
2026-10-06 21:59:54.885 Thread 'MainThread': missing ScriptRunContext! This warning can be ignored when running in bare mode.
2026-10-06 21:59:54.885 Thread 'MainThread': missing ScriptRunContext! This warning can be ignored when running in bare mode.
2026-10-06 21:59:54.885 Thread 'MainThread': missing ScriptRunContext! This warning can be ignored when running in bare mode.
2026-10-06 21:59:54.885 Thread 'MainThread': missing ScriptRunContext! This warning can be ignored when running in bare mode.
2026-10-06 21:59:54.885 Thread 'MainThread': missing ScriptRunContext! This warning can be ignored when running in bare mode.
2026-10-06 21:59:54.885 Thread 'MainThread': missing ScriptRunContext! This warning can be ignored when running in bare mode.
2026-10-06 21:59:54.885 Thread 'MainThread': missing ScriptRunContext! This warning can be ignored when running in bare mode.
2026-10-06 21:59:54.885 Thread 'MainThread': missing ScriptRunContext! This warning can be ignored when running in bare mode.
2026-10-06 21:59:54.885 Thread 'MainThread': missing ScriptRunContext! This warning can be ignored when running in bare mode.
2026-10-06 21:59:54.885 Thread 'MainThread': missing ScriptRunContext! This warning can be ignored when running in bare mode.
2026-10-06 21:59:54.885 Thread 'MainThread': missing ScriptRunContext! This warning can be ignored when running in bare mode.
2026-10-06 21:59:54.886 Thread 'MainThread': missing ScriptRunContext! This warning can be ignored when running in bare mode.
2026-10-06 21:59:54.933 Thread 'MainThread': missing ScriptRunContext! This warning can be ignored when running in bare mode.
2026-10-06 21:59:54.935 Thread 'MainThread': missing ScriptRunContext! This warning can be ignored when running in bare mode.
2026-10-06 21:59:54.935 Thread 'MainThread': missing ScriptRunContext! This warning can be ignored when running in bare mode.
2026-10-06 21:59:54.935 Thread 'MainThread': missing ScriptRunContext! This warning can be ignored when running in bare mode.
2026-10-06 21:59:54.935 Thread 'MainThread': missing ScriptRunContext! This warning can be ignored when running in bare mode.
2026-10-06 21:59:54.935 Thread 'MainThread': missing ScriptRunContext! This warning can be ignored when running in bare mode.
2026-10-06 21:59:54.935 Thread 'MainThread': missing ScriptRunContext! This warning can be ignored when running in bare mode.
2026-10-06 21:59:54.935 Thread 'MainThread': missing ScriptRunContext! This warning can be ignored when running in bare mode.
2026-10-06 21:59:54.936 Thread 'MainThread': missing ScriptRunContext! This warning can be ignored when running in bare mode.
2026-10-06 21:59:54.936 Thread 'MainThread': missing ScriptRunContext! This warning can be ignored when running in bare mode.
2026-10-06 21:59:54.936 Thread 'MainThread': missing ScriptRunContext! This warning can be ignored when running in bare mode.
2026-10-06 21:59:54.936 Thread 'MainThread': missing ScriptRunContext! This warning can be ignored when running in bare mode.
2026-10-06 21:59:54.936 Thread 'MainThread': missing ScriptRunContext! This warning can be ignored when running in bare mode.
2026-10-06 21:59:54.936 Thread 'MainThread': missing ScriptRunContext! This warning can be ignored when running in bare mode.
2026-10-06 21:59:54.936 Thread 'MainThread': missing ScriptRunContext! This warning can be ignored when running in bare mode.
2026-10-06 21:59:54.936 Thread 'MainThread': missing ScriptRunContext! This warning can be ignored when running in bare mode.
2026-10-06 21:59:54.936 Thread 'MainThread': missing ScriptRunContext! This warning can be ignored when running in bare mode.
2026-10-06 21:59:54.936 Thread 'MainThread': missing ScriptRunContext! This warning can be ignored when running in bare mode.
2026-10-06 21:59:54.936 Thread 'MainThread': missing ScriptRunContext! This warning can be ignored when running in bare mode.
2026-10-06 21:59:54.936 Thread 'MainThread': missing ScriptRunContext! This warning can be ignored when running in bare mode.
2026-10-06 21:59:54.936 Thread 'MainThread': missing ScriptRunContext! This warning can be ignored when running in bare mode.
2026-10-06 21:59:54.936 Thread 'MainThread': missing ScriptRunContext! This warning can be ignored when running in bare mode.
2026-10-06 21:59:54.936 Thread 'MainThread': missing ScriptRunContext! This warning can be ignored when running in bare mode.
2026-10-06 21:59:54.936 Thread 'MainThread': missing ScriptRunContext! This warning can be ignored when running in bare mode.
2026-10-06 21:59:54.936 Thread 'MainThread': missing ScriptRunContext! This warning can be ignored when running in bare mode.
2026-10-06 21:59:54.936 Thread 'MainThread': missing ScriptRunContext! This warning can be ignored when running in bare mode.
2026-10-06 21:59:54.936 Thread 'MainThread': missing ScriptRunContext! This warning can be ignored when running in bare mode.
2026-10-06 21:59:54.936 Thread 'MainThread': missing ScriptRunContext! This warning can be ignored when running in bare mode.
2026-10-06 21:59:54.936 Thread 'MainThread': missing ScriptRunContext! This warning can be ignored when running in bare mode.
2026-10-06 21:59:54.936 Thread 'MainThread': missing ScriptRunContext! This warning can be ignored when running in bare mode.
2026-10-06 21:59:54.937 Thread 'MainThread': missing ScriptRunContext! This warning can be ignored when running in bare mode.
2026-10-06 21:59:54.937 Thread 'MainThread': missing ScriptRunContext! This warning can be ignored when running in bare mode.
2026-10-06 21:59:54.937 Thread 'MainThread': missing ScriptRunContext! This warning can be ignored when running in bare mode.
2026-10-06 21:59:54.937 Thread 'MainThread': missing ScriptRunContext! This warning can be ignored when running in bare mode.
2026-10-06 21:59:54.937 Thread 'MainThread': missing ScriptRunContext! This warning can be ignored when running in bare mode.
2026-10-06 21:59:54.937 Thread 'MainThread': missing ScriptRunContext! This warning can be ignored when running in bare mode.
2026-10-06 21:59:54.937 Thread 'MainThread': missing ScriptRunContext! This warning can be ignored when running in bare mode.
2026-10-06 21:59:54.937 Thread 'MainThread': missing ScriptRunContext! This warning can be ignored when running in bare mode.
2026-10-06 21:59:54.937 Thread 'MainThread': missing ScriptRunContext! This warning can be ignored when running in bare mode.
2026-10-06 21:59:54.937 Thread 'MainThread': missing ScriptRunContext! This warning can be ignored when running in bare mode.
2026-10-06 21:59:54.937 Thread 'MainThread': missing ScriptRunContext! This warning can be ignored when running in bare mode.
2026-10-06 21:59:54.937 Thread 'MainThread': missing ScriptRunContext! This warning can be ignored when running in bare mode.
2026-10-06 21:59:54.937 Thread 'MainThread': missing ScriptRunContext! This warning can be ignored when running in bare mode.
2026-10-06 21:59:54.937 Thread 'MainThread': missing ScriptRunContext! This warning can be ignored when running in bare mode.
2026-10-06 21:59:54.937 Thread 'MainThread': missing ScriptRunContext! This warning can be ignored when running in bare mode.
2026-10-06 21:59:54.937 Thread 'MainThread': missing ScriptRunContext! This warning can be ignored when running in bare mode.
2026-10-06 21:59:54.987 Thread 'MainThread': missing ScriptRunContext! This warning can be ignored when running in bare mode.
2026-10-06 21:59:54.989 Thread 'MainThread': missing ScriptRunContext! This warning can be ignored when running in bare mode.
2026-10-06 21:59:54.989 Thread 'MainThread': missing ScriptRunContext! This warning can be ignored when running in bare mode.
2026-10-06 21:59:54.989 Thread 'MainThread': missing ScriptRunContext! This warning can be ignored when running in bare mode.
2026-10-06 21:59:54.989 Thread 'MainThread': missing ScriptRunContext! This warning can be ignored when running in bare mode.
2026-10-06 21:59:54.989 Thread 'MainThread': missing ScriptRunContext! This warning can be ignored when running in bare mode.
2026-10-06 21:59:54.989 Thread 'MainThread': missing ScriptRunContext! This warning can be ignored when running in bare mode.
2026-10-06 21:59:54.989 Thread 'MainThread': missing ScriptRunContext! This warning can be ignored when running in bare mode.
2026-10-06 21:59:54.989 Thread 'MainThread': missing ScriptRunContext! This warning can be ignored when running in bare mode.
2026-10-06 21:59:54.989 Thread 'MainThread': missing ScriptRunContext! This warning can be ignored when running in bare mode.
2026-10-06 21:59:54.990 Thread 'MainThread': missing ScriptRunContext! This warning can be ignored when running in bare mode.
2026-10-06 21:59:54.990 Thread 'MainThread': missing ScriptRunContext! This warning can be ignored when running in bare mode.
2026-10-06 21:59:54.990 Thread 'MainThread': missing ScriptRunContext! This warning can be ignored when running in bare mode.
2026-10-06 21:59:54.990 Thread 'MainThread': missing ScriptRunContext! This warning can be ignored when running in bare mode.
2026-10-06 21:59:54.990 Thread 'MainThread': missing ScriptRunContext! This warning can be ignored when running in bare mode.
2026-10-06 21:59:54.990 Thread 'MainThread': missing ScriptRunContext! This warning can be ignored when running in bare mode.
2026-10-06 21:59:54.990 Thread 'MainThread': missing ScriptRunContext! This warning can be ignored when running in bare mode.
2026-10-06 21:59:54.990 Thread 'MainThread': missing ScriptRunContext! This warning can be ignored when running in bare mode.
2026-10-06 21:59:54.990 Thread 'MainThread': missing ScriptRunContext! This warning can be ignored when running in bare mode.
2026-10-06 21:59:54.990 Thread 'MainThread': missing ScriptRunContext! This warning can be ignored when running in bare mode.
2026-10-06 21:59:54.990 Thread 'MainThread': missing ScriptRunContext! This warning can be ignored when running in bare mode.
2026-10-06 21:59:54.990 Thread 'MainThread': missing ScriptRunContext! This warning can be ignored when running in bare mode.
2026-10-06 21:59:54.990 Thread 'MainThread': missing ScriptRunContext! This warning can be ignored when running in bare mode.
2026-10-06 21:59:54.990 Thread 'MainThread': missing ScriptRunContext! This warning can be ignored when running in bare mode.
2026-10-06 21:59:54.990 Thread 'MainThread': missing ScriptRunContext! This warning can be ignored when running in bare mode.
2026-10-06 21:59:54.990 Thread 'MainThread': missing ScriptRunContext! This warning can be ignored when running in bare mode.
2026-10-06 21:59:54.990 Thread 'MainThread': missing ScriptRunContext! This warning can be ignored when running in bare mode.
2026-10-06 21:59:54.991 Thread 'MainThread': missing ScriptRunContext! This warning can be ignored when running in bare mode.
2026-10-06 21:59:54.991 Thread 'MainThread': missing ScriptRunContext! This warning can be ignored when running in bare mode.
2026-10-06 21:59:54.991 Thread 'MainThread': missing ScriptRunContext! This warning can be ignored when running in bare mode.
2026-10-06 21:59:54.991 Thread 'MainThread': missing ScriptRunContext! This warning can be ignored when running in bare mode.
2026-10-06 21:59:54.991 Thread 'MainThread': missing ScriptRunContext! This warning can be ignored when running in bare mode.
2026-10-06 21:59:54.991 Thread 'MainThread': missing ScriptRunContext! This warning can be ignored when running in bare mode.
2026-10-06 21:59:54.991 Thread 'MainThread': missing ScriptRunContext! This warning can be ignored when running in bare mode.
2026-10-06 21:59:54.991 Thread 'MainThread': missing ScriptRunContext! This warning can be ignored when running in bare mode.
2026-10-06 21:59:54.991 Thread 'MainThread': missing ScriptRunContext! This warning can be ignored when running in bare mode.
2026-10-06 21:59:54.991 Thread 'MainThread': missing ScriptRunContext! This warning can be ignored when running in bare mode.
2026-10-06 21:59:54.991 Thread 'MainThread': missing ScriptRunContext! This warning can be ignored when running in bare mode.
2026-10-06 21:59:54.991 Thread 'MainThread': missing ScriptRunContext! This warning can be ignored when running in bare mode.
2026-10-06 21:59:54.991 Thread 'MainThread': missing ScriptRunContext! This warning can be ignored when running in bare mode.
2026-10-06 21:59:54.991 Thread 'MainThread': missing ScriptRunContext! This warning can be ignored when running in bare mode.
2026-10-06 21:59:54.991 Thread 'MainThread': missing ScriptRunContext! This warning can be ignored when running in bare mode.
2026-10-06 21:59:54.991 Thread 'MainThread': missing ScriptRunContext! This warning can be ignored when running in bare mode.
2026-10-06 21:59:54.992 Thread 'MainThread': missing ScriptRunContext! This warning can be ignored when running in bare mode.
2026-10-06 21:59:54.992 Thread 'MainThread': missing ScriptRunContext! This warning can be ignored when running in bare mode.
2026-10-06 21:59:54.992 Thread 'MainThread': missing ScriptRunContext! This warning can be ignored when running in bare mode.
2026-10-06 21:59:57.270 Thread 'MainThread': missing ScriptRunContext! This warning can be ignored when running in bare mode.
2026-10-06 21:59:57.270 Thread 'MainThread': missing ScriptRunContext! This warning can be ignored when running in bare mode.
2026-10-06 21:59:57.270 Thread 'MainThread': missing ScriptRunContext! This warning can be ignored when running in bare mode.
2026-10-06 21:59:57.270 Thread 'MainThread': missing ScriptRunContext! This warning can be ignored when running in bare mode.
2026-10-06 21:59:57.270 Thread 'MainThread': missing ScriptRunContext! This warning can be ignored when running in bare mode.
2026-10-06 21:59:57.270 Thread 'MainThread': missing ScriptRunContext! This warning can be ignored when running in bare mode.
2026-10-06 21:59:57.270 Thread 'MainThread': missing ScriptRunContext! This warning can be ignored when running in bare mode.
2026-10-06 21:59:58.419 Please replace `use_container_width` with `width`.

`use_container_width` will be removed after 2025-12-31.

For `use_container_width=True`, use `width='stretch'`. For `use_container_width=False`, use `width='content'`.
2026-10-06 21:59:58.710 Please replace `use_container_width` with `width`.

`use_container_width` will be removed after 2025-12-31.

For `use_container_width=True`, use `width='stretch'`. For `use_container_width=False`, use `width='content'`.
2026-10-06 21:59:58.730 Thread 'MainThread': missing ScriptRunContext! This warning can be ignored when running in bare mode.
2026-10-06 21:59:58.730 Thread 'MainThread': missing ScriptRunContext! This warning can be ignored when running in bare mode.
2026-10-06 21:59:58.730 Thread 'MainThread': missing ScriptRunContext! This warning can be ignored when running in bare mode.
2026-10-06 21:59:58.730 Thread 'MainThread': missing ScriptRunContext! This warning can be ignored when running in bare mode.
2026-10-06 21:59:58.730 Thread 'MainThread': missing ScriptRunContext! This warning can be ignored when running in bare mode.
2026-10-06 21:59:58.730 Thread 'MainThread': missing ScriptRunContext! This warning can be ignored when running in bare mode.
2026-10-06 21:59:58.730 Thread 'MainThread': missing ScriptRunContext! This warning can be ignored when running in bare mode.
2026-10-06 21:59:59.777 Please replace `use_container_width` with `width`.

`use_container_width` will be removed after 2025-12-31.

For `use_container_width=True`, use `width='stretch'`. For `use_container_width=False`, use `width='content'`.
2026-10-06 22:00:00.028 Please replace `use_container_width` with `width`.

`use_container_width` will be removed after 2025-12-31.

For `use_container_width=True`, use `width='stretch'`. For `use_container_width=False`, use `width='content'`.
2026-10-06 22:00:00.286 Please replace `use_container_width` with `width`.

`use_container_width` will be removed after 2025-12-31.

For `use_container_width=True`, use `width='stretch'`. For `use_container_width=False`, use `width='content'`.
2026-10-06 22:00:00.600 Please replace `use_container_width` with `width`.

`use_container_width` will be removed after 2025-12-31.

For `use_container_width=True`, use `width='stretch'`. For `use_container_width=False`, use `width='content'`.
2026-10-06 22:00:00.892 Please replace `use_container_width` with `width`.

`use_container_width` will be removed after 2025-12-31.

For `use_container_width=True`, use `width='stretch'`. For `use_container_width=False`, use `width='content'`.
2026-10-06 22:00:01.187 Please replace `use_container_width` with `width`.

`use_container_width` will be removed after 2025-12-31.

For `use_container_width=True`, use `width='stretch'`. For `use_container_width=False`, use `width='content'`.
2026-10-06 22:00:01.488 Please replace `use_container_width` with `width`.

`use_container_width` will be removed after 2025-12-31.

For `use_container_width=True`, use `width='stretch'`. For `use_container_width=False`, use `width='content'`.
2026-10-06 22:00:01.841 Please replace `use_container_width` with `width`.

`use_container_width` will be removed after 2025-12-31.

For `use_container_width=True`, use `width='stretch'`. For `use_container_width=False`, use `width='content'`.
2026-10-06 22:00:02.401 Please replace `use_container_width` with `width`.

`use_container_width` will be removed after 2025-12-31.

For `use_container_width=True`, use `width='stretch'`. For `use_container_width=False`, use `width='content'`.
2026-10-06 22:00:02.658 Please replace `use_container_width` with `width`.

`use_container_width` will be removed after 2025-12-31.

For `use_container_width=True`, use `width='stretch'`. For `use_container_width=False`, use `width='content'`.
2026-10-06 22:00:02.675 Thread 'MainThread': missing ScriptRunContext! This warning can be ignored when running in bare mode.
2026-10-06 22:00:02.677 Thread 'MainThread': missing ScriptRunContext! This warning can be ignored when running in bare mode.
2026-10-06 22:00:02.678 Thread 'MainThread': missing ScriptRunContext! This warning can be ignored when running in bare mode.
2026-10-06 22:00:02.678 Thread 'MainThread': missing ScriptRunContext! This warning can be ignored when running in bare mode.
2026-10-06 22:00:02.678 Thread 'MainThread': missing ScriptRunContext! This warning can be ignored when running in bare mode.
2026-10-06 22:00:02.678 Thread 'MainThread': missing ScriptRunContext! This warning can be ignored when running in bare mode.
2026-10-06 22:00:02.678 Thread 'MainThread': missing ScriptRunContext! This warning can be ignored when running in bare mode.
2026-10-06 22:00:02.678 Thread 'MainThread': missing ScriptRunContext! This warning can be ignored when running in bare mode.
2026-10-06 22:00:02.678 Thread 'MainThread': missing ScriptRunContext! This warning can be ignored when running in bare mode.
2026-10-06 22:00:02.678 Thread 'MainThread': missing ScriptRunContext! This warning can be ignored when running in bare mode.
2026-10-06 22:00:02.678 Thread 'MainThread': missing ScriptRunContext! This warning can be ignored when running in bare mode.
2026-10-06 22:00:02.678 Thread 'MainThread': missing ScriptRunContext! This warning can be ignored when running in bare mode.
2026-10-06 22:00:02.678 Thread 'MainThread': missing ScriptRunContext! This warning can be ignored when running in bare mode.
2026-10-06 22:00:02.678 Thread 'MainThread': missing ScriptRunContext! This warning can be ignored when running in bare mode.
2026-10-06 22:00:02.678 Thread 'MainThread': missing ScriptRunContext! This warning can be ignored when running in bare mode.
2026-10-06 22:00:02.678 Thread 'MainThread': missing ScriptRunContext! This warning can be ignored when running in bare mode.
2026-10-06 22:00:02.678 Thread 'MainThread': missing ScriptRunContext! This warning can be ignored when running in bare mode.
2026-10-06 22:00:02.678 Thread 'MainThread': missing ScriptRunContext! This warning can be ignored when running in bare mode.
2026-10-06 22:00:02.678 Thread 'MainThread': missing ScriptRunContext! This warning can be ignored when running in bare mode.
2026-10-06 22:00:02.678 Thread 'MainThread': missing ScriptRunContext! This warning can be ignored when running in bare mode.
2026-10-06 22:00:02.678 Thread 'MainThread': missing ScriptRunContext! This warning can be ignored when running in bare mode.
2026-10-06 22:00:02.678 Thread 'MainThread': missing ScriptRunContext! This warning can be ignored when running in bare mode.
2026-10-06 22:00:02.678 Thread 'MainThread': missing ScriptRunContext! This warning can be ignored when running in bare mode.
2026-10-06 22:00:02.678 Thread 'MainThread': missing ScriptRunContext! This warning can be ignored when running in bare mode.
2026-10-06 22:00:02.678 Thread 'MainThread': missing ScriptRunContext! This warning can be ignored when running in bare mode.
2026-10-06 22:00:02.679 Thread 'MainThread': missing ScriptRunContext! This warning can be ignored when running in bare mode.
2026-10-06 22:00:02.679 Thread 'MainThread': missing ScriptRunContext! This warning can be ignored when running in bare mode.
2026-10-06 22:00:02.679 Thread 'MainThread': missing ScriptRunContext! This warning can be ignored when running in bare mode.
2026-10-06 22:00:02.679 Thread 'MainThread': missing ScriptRunContext! This warning can be ignored when running in bare mode.
2026-10-06 22:00:02.679 Thread 'MainThread': missing ScriptRunContext! This warning can be ignored when running in bare mode.
2026-10-06 22:00:02.679 Thread 'MainThread': missing ScriptRunContext! This warning can be ignored when running in bare mode.
2026-10-06 22:00:02.679 Thread 'MainThread': missing ScriptRunContext! This warning can be ignored when running in bare mode.
2026-10-06 22:00:02.679 Thread 'MainThread': missing ScriptRunContext! This warning can be ignored when running in bare mode.
2026-10-06 22:00:02.679 Thread 'MainThread': missing ScriptRunContext! This warning can be ignored when running in bare mode.
2026-10-06 22:00:02.679 Thread 'MainThread': missing ScriptRunContext! This warning can be ignored when running in bare mode.
2026-10-06 22:00:02.679 Thread 'MainThread': missing ScriptRunContext! This warning can be ignored when running in bare mode.
2026-10-06 22:00:02.679 Thread 'MainThread': missing ScriptRunContext! This warning can be ignored when running in bare mode.
2026-10-06 22:00:02.679 Thread 'MainThread': missing ScriptRunContext! This warning can be ignored when running in bare mode.
2026-10-06 22:00:02.679 Thread 'MainThread': missing ScriptRunContext! This warning can be ignored when running in bare mode.
2026-10-06 22:00:02.679 Thread 'MainThread': missing ScriptRunContext! This warning can be ignored when running in bare mode.
2026-10-06 22:00:02.679 Thread 'MainThread': missing ScriptRunContext! This warning can be ignored when running in bare mode.
2026-10-06 22:00:02.679 Thread 'MainThread': missing ScriptRunContext! This warning can be ignored when running in bare mode.
2026-10-06 22:00:02.679 Thread 'MainThread': missing ScriptRunContext! This warning can be ignored when running in bare mode.
2026-10-06 22:00:02.679 Thread 'MainThread': missing ScriptRunContext! This warning can be ignored when running in bare mode.
2026-10-06 22:00:02.679 Thread 'MainThread': missing ScriptRunContext! This warning can be ignored when running in bare mode.
2026-10-06 22:00:02.679 Thread 'MainThread': missing ScriptRunContext! This warning can be ignored when running in bare mode.
2026-10-06 22:00:02.693 Thread 'MainThread': missing ScriptRunContext! This warning can be ignored when running in bare mode.
2026-10-06 22:00:02.694 Thread 'MainThread': missing ScriptRunContext! This warning can be ignored when running in bare mode.
2026-10-06 22:00:02.694 Thread 'MainThread': missing ScriptRunContext! This warning can be ignored when running in bare mode.
2026-10-06 22:00:02.694 Thread 'MainThread': missing ScriptRunContext! This warning can be ignored when running in bare mode.
2026-10-06 22:00:02.694 Thread 'MainThread': missing ScriptRunContext! This warning can be ignored when running in bare mode.
2026-10-06 22:00:02.694 Thread 'MainThread': missing ScriptRunContext! This warning can be ignored when running in bare mode.
2026-10-06 22:00:02.694 Thread 'MainThread': missing ScriptRunContext! This warning can be ignored when running in bare mode.
2026-10-06 22:00:03.712 Please replace `use_container_width` with `width`.

`use_container_width` will be removed after 2025-12-31.

For `use_container_width=True`, use `width='stretch'`. For `use_container_width=False`, use `width='content'`.
2026-10-06 22:00:03.960 Please replace `use_container_width` with `width`.

`use_container_width` will be removed after 2025-12-31.

For `use_container_width=True`, use `width='stretch'`. For `use_container_width=False`, use `width='content'`.
2026-10-06 22:00:03.979 Thread 'MainThread': missing ScriptRunContext! This warning can be ignored when running in bare mode.
2026-10-06 22:00:04.205 Please replace `use_container_width` with `width`.

`use_container_width` will be removed after 2025-12-31.

For `use_container_width=True`, use `width='stretch'`. For `use_container_width=False`, use `width='content'`.
2026-10-06 22:00:04.217 Thread 'MainThread': missing ScriptRunContext! This warning can be ignored when running in bare mode.
2026-10-06 22:00:04.640 Thread 'MainThread': missing ScriptRunContext! This warning can be ignored when running in bare mode.
2026-10-06 22:00:04.640 Thread 'MainThread': missing ScriptRunContext! This warning can be ignored when running in bare mode.
2026-10-06 22:00:04.640 Thread 'MainThread': missing ScriptRunContext! This warning can be ignored when running in bare mode.
2026-10-06 22:00:04.640 Thread 'MainThread': missing ScriptRunContext! This warning can be ignored when running in bare mode.
2026-10-06 22:00:04.640 Thread 'MainThread': missing ScriptRunContext! This warning can be ignored when running in bare mode.
2026-10-06 22:00:04.640 Thread 'MainThread': missing ScriptRunContext! This warning can be ignored when running in bare mode.
2026-10-06 22:00:04.640 Thread 'MainThread': missing ScriptRunContext! This warning can be ignored when running in bare mode.
2026-10-06 22:00:05.656 Please replace `use_container_width` with `width`.

`use_container_width` will be removed after 2025-12-31.

For `use_container_width=True`, use `width='stretch'`. For `use_container_width=False`, use `width='content'`.
2026-10-06 22:00:05.952 Please replace `use_container_width` with `width`.

`use_container_width` will be removed after 2025-12-31.

For `use_container_width=True`, use `width='stretch'`. For `use_container_width=False`, use `width='content'`.
2026-10-06 22:00:05.968 Thread 'MainThread': missing ScriptRunContext! This warning can be ignored when running in bare mode.
2026-10-06 22:00:05.969 Thread 'MainThread': missing ScriptRunContext! This warning can be ignored when running in bare mode.
2026-10-06 22:00:05.969 Thread 'MainThread': missing ScriptRunContext! This warning can be ignored when running in bare mode.
2026-10-06 22:00:05.969 Thread 'MainThread': missing ScriptRunContext! This warning can be ignored when running in bare mode.
2026-10-06 22:00:05.969 Thread 'MainThread': missing ScriptRunContext! This warning can be ignored when running in bare mode.
2026-10-06 22:00:05.969 Thread 'MainThread': missing ScriptRunContext! This warning can be ignored when running in bare mode.
2026-10-06 22:00:05.969 Thread 'MainThread': missing ScriptRunContext! This warning can be ignored when running in bare mode.
Learning Scene validator rejected domain=spatial_dynamics reason=scene: missing fields=['assumptions', 'axes', 'bindings', 'learning_goal', 'metrics', 'objects', 'parameters', 'quantities', 'scene_id', 'scene_version', 'series', 'source_pages', 'time', 'title']; unknown fields=[]
2026-10-06 22:00:07.420 Thread 'MainThread': missing ScriptRunContext! This warning can be ignored when running in bare mode.
2026-10-06 22:00:07.420 Thread 'MainThread': missing ScriptRunContext! This warning can be ignored when running in bare mode.
2026-10-06 22:00:07.420 Thread 'MainThread': missing ScriptRunContext! This warning can be ignored when running in bare mode.
2026-10-06 22:00:07.420 Thread 'MainThread': missing ScriptRunContext! This warning can be ignored when running in bare mode.
2026-10-06 22:00:07.420 Thread 'MainThread': missing ScriptRunContext! This warning can be ignored when running in bare mode.
2026-10-06 22:00:07.420 Thread 'MainThread': missing ScriptRunContext! This warning can be ignored when running in bare mode.
2026-10-06 22:00:07.420 Thread 'MainThread': missing ScriptRunContext! This warning can be ignored when running in bare mode.
2026-10-06 22:00:08.702 Please replace `use_container_width` with `width`.

`use_container_width` will be removed after 2025-12-31.

For `use_container_width=True`, use `width='stretch'`. For `use_container_width=False`, use `width='content'`.
2026-10-06 22:00:08.934 Thread 'MainThread': missing ScriptRunContext! This warning can be ignored when running in bare mode.
2026-10-06 22:00:08.935 Thread 'MainThread': missing ScriptRunContext! This warning can be ignored when running in bare mode.
2026-10-06 22:00:08.935 Thread 'MainThread': missing ScriptRunContext! This warning can be ignored when running in bare mode.
2026-10-06 22:00:08.935 Thread 'MainThread': missing ScriptRunContext! This warning can be ignored when running in bare mode.
2026-10-06 22:00:08.935 Thread 'MainThread': missing ScriptRunContext! This warning can be ignored when running in bare mode.
2026-10-06 22:00:08.935 Thread 'MainThread': missing ScriptRunContext! This warning can be ignored when running in bare mode.
2026-10-06 22:00:08.935 Thread 'MainThread': missing ScriptRunContext! This warning can be ignored when running in bare mode.
2026-10-06 22:00:10.179 Please replace `use_container_width` with `width`.

`use_container_width` will be removed after 2025-12-31.

For `use_container_width=True`, use `width='stretch'`. For `use_container_width=False`, use `width='content'`.
2026-10-06 22:00:10.510 Please replace `use_container_width` with `width`.

`use_container_width` will be removed after 2025-12-31.

For `use_container_width=True`, use `width='stretch'`. For `use_container_width=False`, use `width='content'`.
2026-10-06 22:00:10.872 Please replace `use_container_width` with `width`.

`use_container_width` will be removed after 2025-12-31.

For `use_container_width=True`, use `width='stretch'`. For `use_container_width=False`, use `width='content'`.
2026-10-06 22:00:10.886 Thread 'MainThread': missing ScriptRunContext! This warning can be ignored when running in bare mode.
2026-10-06 22:00:10.887 Thread 'MainThread': missing ScriptRunContext! This warning can be ignored when running in bare mode.
2026-10-06 22:00:10.887 Thread 'MainThread': missing ScriptRunContext! This warning can be ignored when running in bare mode.
2026-10-06 22:00:10.887 Thread 'MainThread': missing ScriptRunContext! This warning can be ignored when running in bare mode.
2026-10-06 22:00:10.887 Thread 'MainThread': missing ScriptRunContext! This warning can be ignored when running in bare mode.
2026-10-06 22:00:10.887 Thread 'MainThread': missing ScriptRunContext! This warning can be ignored when running in bare mode.
2026-10-06 22:00:10.887 Thread 'MainThread': missing ScriptRunContext! This warning can be ignored when running in bare mode.
2026-10-06 22:00:10.887 Thread 'MainThread': missing ScriptRunContext! This warning can be ignored when running in bare mode.
2026-10-06 22:00:10.887 Thread 'MainThread': missing ScriptRunContext! This warning can be ignored when running in bare mode.
2026-10-06 22:00:10.887 Thread 'MainThread': missing ScriptRunContext! This warning can be ignored when running in bare mode.
2026-10-06 22:00:10.888 Thread 'MainThread': missing ScriptRunContext! This warning can be ignored when running in bare mode.
2026-10-06 22:00:10.888 Thread 'MainThread': missing ScriptRunContext! This warning can be ignored when running in bare mode.
2026-10-06 22:00:10.888 Thread 'MainThread': missing ScriptRunContext! This warning can be ignored when running in bare mode.
2026-10-06 22:00:10.888 Thread 'MainThread': missing ScriptRunContext! This warning can be ignored when running in bare mode.
2026-10-06 22:00:10.888 Thread 'MainThread': missing ScriptRunContext! This warning can be ignored when running in bare mode.
2026-10-06 22:00:10.888 Thread 'MainThread': missing ScriptRunContext! This warning can be ignored when running in bare mode.
2026-10-06 22:00:10.888 Thread 'MainThread': missing ScriptRunContext! This warning can be ignored when running in bare mode.
2026-10-06 22:00:10.888 Thread 'MainThread': missing ScriptRunContext! This warning can be ignored when running in bare mode.
2026-10-06 22:00:10.888 Thread 'MainThread': missing ScriptRunContext! This warning can be ignored when running in bare mode.
2026-10-06 22:00:10.888 Thread 'MainThread': missing ScriptRunContext! This warning can be ignored when running in bare mode.
2026-10-06 22:00:10.888 Thread 'MainThread': missing ScriptRunContext! This warning can be ignored when running in bare mode.
2026-10-06 22:00:10.888 Thread 'MainThread': missing ScriptRunContext! This warning can be ignored when running in bare mode.
2026-10-06 22:00:10.888 Thread 'MainThread': missing ScriptRunContext! This warning can be ignored when running in bare mode.
2026-10-06 22:00:10.888 Thread 'MainThread': missing ScriptRunContext! This warning can be ignored when running in bare mode.
2026-10-06 22:00:10.888 Thread 'MainThread': missing ScriptRunContext! This warning can be ignored when running in bare mode.
2026-10-06 22:00:10.888 Thread 'MainThread': missing ScriptRunContext! This warning can be ignored when running in bare mode.
2026-10-06 22:00:10.888 Thread 'MainThread': missing ScriptRunContext! This warning can be ignored when running in bare mode.
2026-10-06 22:00:10.888 Thread 'MainThread': missing ScriptRunContext! This warning can be ignored when running in bare mode.
2026-10-06 22:00:10.888 Thread 'MainThread': missing ScriptRunContext! This warning can be ignored when running in bare mode.
2026-10-06 22:00:10.888 Thread 'MainThread': missing ScriptRunContext! This warning can be ignored when running in bare mode.
2026-10-06 22:00:10.888 Thread 'MainThread': missing ScriptRunContext! This warning can be ignored when running in bare mode.
2026-10-06 22:00:10.888 Thread 'MainThread': missing ScriptRunContext! This warning can be ignored when running in bare mode.
2026-10-06 22:00:10.888 Thread 'MainThread': missing ScriptRunContext! This warning can be ignored when running in bare mode.
2026-10-06 22:00:10.889 Thread 'MainThread': missing ScriptRunContext! This warning can be ignored when running in bare mode.
2026-10-06 22:00:10.889 Thread 'MainThread': missing ScriptRunContext! This warning can be ignored when running in bare mode.
2026-10-06 22:00:10.889 Thread 'MainThread': missing ScriptRunContext! This warning can be ignored when running in bare mode.
2026-10-06 22:00:10.889 Thread 'MainThread': missing ScriptRunContext! This warning can be ignored when running in bare mode.
2026-10-06 22:00:10.889 Thread 'MainThread': missing ScriptRunContext! This warning can be ignored when running in bare mode.
2026-10-06 22:00:10.889 Thread 'MainThread': missing ScriptRunContext! This warning can be ignored when running in bare mode.
2026-10-06 22:00:10.889 Thread 'MainThread': missing ScriptRunContext! This warning can be ignored when running in bare mode.
2026-10-06 22:00:10.889 Thread 'MainThread': missing ScriptRunContext! This warning can be ignored when running in bare mode.
2026-10-06 22:00:10.889 Thread 'MainThread': missing ScriptRunContext! This warning can be ignored when running in bare mode.
2026-10-06 22:00:10.889 Thread 'MainThread': missing ScriptRunContext! This warning can be ignored when running in bare mode.
2026-10-06 22:00:10.889 Thread 'MainThread': missing ScriptRunContext! This warning can be ignored when running in bare mode.
2026-10-06 22:00:10.889 Thread 'MainThread': missing ScriptRunContext! This warning can be ignored when running in bare mode.
2026-10-06 22:00:10.889 Thread 'MainThread': missing ScriptRunContext! This warning can be ignored when running in bare mode.
2026-10-06 22:00:12.243 Thread 'MainThread': missing ScriptRunContext! This warning can be ignored when running in bare mode.
2026-10-06 22:00:12.246 Thread 'MainThread': missing ScriptRunContext! This warning can be ignored when running in bare mode.
2026-10-06 22:00:12.246 Thread 'MainThread': missing ScriptRunContext! This warning can be ignored when running in bare mode.
2026-10-06 22:00:12.247 Thread 'MainThread': missing ScriptRunContext! This warning can be ignored when running in bare mode.
2026-10-06 22:00:12.247 Thread 'MainThread': missing ScriptRunContext! This warning can be ignored when running in bare mode.
2026-10-06 22:00:12.247 Thread 'MainThread': missing ScriptRunContext! This warning can be ignored when running in bare mode.
2026-10-06 22:00:12.247 Thread 'MainThread': missing ScriptRunContext! This warning can be ignored when running in bare mode.
2026-10-06 22:00:12.247 Thread 'MainThread': missing ScriptRunContext! This warning can be ignored when running in bare mode.
2026-10-06 22:00:12.247 Thread 'MainThread': missing ScriptRunContext! This warning can be ignored when running in bare mode.
2026-10-06 22:00:12.247 Thread 'MainThread': missing ScriptRunContext! This warning can be ignored when running in bare mode.
2026-10-06 22:00:12.247 Thread 'MainThread': missing ScriptRunContext! This warning can be ignored when running in bare mode.
2026-10-06 22:00:12.247 Thread 'MainThread': missing ScriptRunContext! This warning can be ignored when running in bare mode.
2026-10-06 22:00:12.247 Thread 'MainThread': missing ScriptRunContext! This warning can be ignored when running in bare mode.
2026-10-06 22:00:12.247 Thread 'MainThread': missing ScriptRunContext! This warning can be ignored when running in bare mode.
2026-10-06 22:00:12.247 Thread 'MainThread': missing ScriptRunContext! This warning can be ignored when running in bare mode.
2026-10-06 22:00:12.247 Thread 'MainThread': missing ScriptRunContext! This warning can be ignored when running in bare mode.
2026-10-06 22:00:12.248 Thread 'MainThread': missing ScriptRunContext! This warning can be ignored when running in bare mode.
2026-10-06 22:00:12.248 Thread 'MainThread': missing ScriptRunContext! This warning can be ignored when running in bare mode.
2026-10-06 22:00:12.248 Thread 'MainThread': missing ScriptRunContext! This warning can be ignored when running in bare mode.
2026-10-06 22:00:12.248 Thread 'MainThread': missing ScriptRunContext! This warning can be ignored when running in bare mode.
2026-10-06 22:00:12.248 Thread 'MainThread': missing ScriptRunContext! This warning can be ignored when running in bare mode.
2026-10-06 22:00:12.248 Thread 'MainThread': missing ScriptRunContext! This warning can be ignored when running in bare mode.
2026-10-06 22:00:12.248 Thread 'MainThread': missing ScriptRunContext! This warning can be ignored when running in bare mode.
2026-10-06 22:00:12.248 Thread 'MainThread': missing ScriptRunContext! This warning can be ignored when running in bare mode.
2026-10-06 22:00:12.248 Thread 'MainThread': missing ScriptRunContext! This warning can be ignored when running in bare mode.
2026-10-06 22:00:12.248 Thread 'MainThread': missing ScriptRunContext! This warning can be ignored when running in bare mode.
2026-10-06 22:00:12.248 Thread 'MainThread': missing ScriptRunContext! This warning can be ignored when running in bare mode.
2026-10-06 22:00:12.248 Thread 'MainThread': missing ScriptRunContext! This warning can be ignored when running in bare mode.
2026-10-06 22:00:12.248 Thread 'MainThread': missing ScriptRunContext! This warning can be ignored when running in bare mode.
2026-10-06 22:00:12.248 Thread 'MainThread': missing ScriptRunContext! This warning can be ignored when running in bare mode.
2026-10-06 22:00:12.249 Thread 'MainThread': missing ScriptRunContext! This warning can be ignored when running in bare mode.
2026-10-06 22:00:12.249 Thread 'MainThread': missing ScriptRunContext! This warning can be ignored when running in bare mode.
2026-10-06 22:00:12.249 Thread 'MainThread': missing ScriptRunContext! This warning can be ignored when running in bare mode.
2026-10-06 22:00:12.249 Thread 'MainThread': missing ScriptRunContext! This warning can be ignored when running in bare mode.
2026-10-06 22:00:12.249 Thread 'MainThread': missing ScriptRunContext! This warning can be ignored when running in bare mode.
2026-10-06 22:00:12.249 Thread 'MainThread': missing ScriptRunContext! This warning can be ignored when running in bare mode.
2026-10-06 22:00:12.249 Thread 'MainThread': missing ScriptRunContext! This warning can be ignored when running in bare mode.
2026-10-06 22:00:12.249 Thread 'MainThread': missing ScriptRunContext! This warning can be ignored when running in bare mode.
2026-10-06 22:00:12.249 Thread 'MainThread': missing ScriptRunContext! This warning can be ignored when running in bare mode.
2026-10-06 22:00:12.249 Thread 'MainThread': missing ScriptRunContext! This warning can be ignored when running in bare mode.
2026-10-06 22:00:12.249 Thread 'MainThread': missing ScriptRunContext! This warning can be ignored when running in bare mode.
2026-10-06 22:00:12.249 Thread 'MainThread': missing ScriptRunContext! This warning can be ignored when running in bare mode.
2026-10-06 22:00:12.250 Thread 'MainThread': missing ScriptRunContext! This warning can be ignored when running in bare mode.
2026-10-06 22:00:12.250 Thread 'MainThread': missing ScriptRunContext! This warning can be ignored when running in bare mode.
2026-10-06 22:00:12.250 Thread 'MainThread': missing ScriptRunContext! This warning can be ignored when running in bare mode.
2026-10-06 22:00:12.250 Thread 'MainThread': missing ScriptRunContext! This warning can be ignored when running in bare mode.
2026-10-06 22:00:12.890 Thread 'MainThread': missing ScriptRunContext! This warning can be ignored when running in bare mode.
2026-10-06 22:00:12.890 Thread 'MainThread': missing ScriptRunContext! This warning can be ignored when running in bare mode.
2026-10-06 22:00:12.890 Thread 'MainThread': missing ScriptRunContext! This warning can be ignored when running in bare mode.
2026-10-06 22:00:12.890 Thread 'MainThread': missing ScriptRunContext! This warning can be ignored when running in bare mode.
2026-10-06 22:00:12.890 Thread 'MainThread': missing ScriptRunContext! This warning can be ignored when running in bare mode.
2026-10-06 22:00:12.890 Thread 'MainThread': missing ScriptRunContext! This warning can be ignored when running in bare mode.
2026-10-06 22:00:12.890 Thread 'MainThread': missing ScriptRunContext! This warning can be ignored when running in bare mode.
2026-10-06 22:00:13.816 Please replace `use_container_width` with `width`.

`use_container_width` will be removed after 2025-12-31.

For `use_container_width=True`, use `width='stretch'`. For `use_container_width=False`, use `width='content'`.
2026-10-06 22:00:14.084 Please replace `use_container_width` with `width`.

`use_container_width` will be removed after 2025-12-31.

For `use_container_width=True`, use `width='stretch'`. For `use_container_width=False`, use `width='content'`.
2026-10-06 22:00:14.324 Please replace `use_container_width` with `width`.

`use_container_width` will be removed after 2025-12-31.

For `use_container_width=True`, use `width='stretch'`. For `use_container_width=False`, use `width='content'`.
2026-10-06 22:00:14.341 Thread 'MainThread': missing ScriptRunContext! This warning can be ignored when running in bare mode.
2026-10-06 22:00:14.344 Thread 'MainThread': missing ScriptRunContext! This warning can be ignored when running in bare mode.
2026-10-06 22:00:14.344 Thread 'MainThread': missing ScriptRunContext! This warning can be ignored when running in bare mode.
2026-10-06 22:00:14.344 Thread 'MainThread': missing ScriptRunContext! This warning can be ignored when running in bare mode.
2026-10-06 22:00:14.344 Thread 'MainThread': missing ScriptRunContext! This warning can be ignored when running in bare mode.
2026-10-06 22:00:14.344 Thread 'MainThread': missing ScriptRunContext! This warning can be ignored when running in bare mode.
2026-10-06 22:00:14.344 Thread 'MainThread': missing ScriptRunContext! This warning can be ignored when running in bare mode.
2026-10-06 22:00:14.344 Thread 'MainThread': missing ScriptRunContext! This warning can be ignored when running in bare mode.
2026-10-06 22:00:14.344 Thread 'MainThread': missing ScriptRunContext! This warning can be ignored when running in bare mode.
2026-10-06 22:00:14.344 Thread 'MainThread': missing ScriptRunContext! This warning can be ignored when running in bare mode.
2026-10-06 22:00:14.344 Thread 'MainThread': missing ScriptRunContext! This warning can be ignored when running in bare mode.
2026-10-06 22:00:14.344 Thread 'MainThread': missing ScriptRunContext! This warning can be ignored when running in bare mode.
2026-10-06 22:00:14.345 Thread 'MainThread': missing ScriptRunContext! This warning can be ignored when running in bare mode.
2026-10-06 22:00:14.345 Thread 'MainThread': missing ScriptRunContext! This warning can be ignored when running in bare mode.
2026-10-06 22:00:14.345 Thread 'MainThread': missing ScriptRunContext! This warning can be ignored when running in bare mode.
2026-10-06 22:00:14.345 Thread 'MainThread': missing ScriptRunContext! This warning can be ignored when running in bare mode.
2026-10-06 22:00:14.345 Thread 'MainThread': missing ScriptRunContext! This warning can be ignored when running in bare mode.
2026-10-06 22:00:14.345 Thread 'MainThread': missing ScriptRunContext! This warning can be ignored when running in bare mode.
2026-10-06 22:00:14.345 Thread 'MainThread': missing ScriptRunContext! This warning can be ignored when running in bare mode.
2026-10-06 22:00:14.345 Thread 'MainThread': missing ScriptRunContext! This warning can be ignored when running in bare mode.
2026-10-06 22:00:14.345 Thread 'MainThread': missing ScriptRunContext! This warning can be ignored when running in bare mode.
2026-10-06 22:00:14.345 Thread 'MainThread': missing ScriptRunContext! This warning can be ignored when running in bare mode.
2026-10-06 22:00:14.345 Thread 'MainThread': missing ScriptRunContext! This warning can be ignored when running in bare mode.
2026-10-06 22:00:14.345 Thread 'MainThread': missing ScriptRunContext! This warning can be ignored when running in bare mode.
2026-10-06 22:00:14.345 Thread 'MainThread': missing ScriptRunContext! This warning can be ignored when running in bare mode.
2026-10-06 22:00:14.345 Thread 'MainThread': missing ScriptRunContext! This warning can be ignored when running in bare mode.
2026-10-06 22:00:14.345 Thread 'MainThread': missing ScriptRunContext! This warning can be ignored when running in bare mode.
2026-10-06 22:00:14.345 Thread 'MainThread': missing ScriptRunContext! This warning can be ignored when running in bare mode.
2026-10-06 22:00:14.345 Thread 'MainThread': missing ScriptRunContext! This warning can be ignored when running in bare mode.
2026-10-06 22:00:14.345 Thread 'MainThread': missing ScriptRunContext! This warning can be ignored when running in bare mode.
2026-10-06 22:00:14.345 Thread 'MainThread': missing ScriptRunContext! This warning can be ignored when running in bare mode.
2026-10-06 22:00:14.345 Thread 'MainThread': missing ScriptRunContext! This warning can be ignored when running in bare mode.
2026-10-06 22:00:14.345 Thread 'MainThread': missing ScriptRunContext! This warning can be ignored when running in bare mode.
2026-10-06 22:00:14.345 Thread 'MainThread': missing ScriptRunContext! This warning can be ignored when running in bare mode.
2026-10-06 22:00:14.346 Thread 'MainThread': missing ScriptRunContext! This warning can be ignored when running in bare mode.
2026-10-06 22:00:14.346 Thread 'MainThread': missing ScriptRunContext! This warning can be ignored when running in bare mode.
2026-10-06 22:00:14.346 Thread 'MainThread': missing ScriptRunContext! This warning can be ignored when running in bare mode.
2026-10-06 22:00:14.346 Thread 'MainThread': missing ScriptRunContext! This warning can be ignored when running in bare mode.
2026-10-06 22:00:14.346 Thread 'MainThread': missing ScriptRunContext! This warning can be ignored when running in bare mode.
2026-10-06 22:00:14.346 Thread 'MainThread': missing ScriptRunContext! This warning can be ignored when running in bare mode.
2026-10-06 22:00:14.346 Thread 'MainThread': missing ScriptRunContext! This warning can be ignored when running in bare mode.
2026-10-06 22:00:14.346 Thread 'MainThread': missing ScriptRunContext! This warning can be ignored when running in bare mode.
2026-10-06 22:00:14.346 Thread 'MainThread': missing ScriptRunContext! This warning can be ignored when running in bare mode.
2026-10-06 22:00:14.346 Thread 'MainThread': missing ScriptRunContext! This warning can be ignored when running in bare mode.
2026-10-06 22:00:14.346 Thread 'MainThread': missing ScriptRunContext! This warning can be ignored when running in bare mode.
2026-10-06 22:00:14.346 Thread 'MainThread': missing ScriptRunContext! This warning can be ignored when running in bare mode.
2026-10-06 22:00:14.354 Thread 'MainThread': missing ScriptRunContext! This warning can be ignored when running in bare mode.
2026-10-06 22:00:14.354 Thread 'MainThread': missing ScriptRunContext! This warning can be ignored when running in bare mode.
2026-10-06 22:00:14.354 Thread 'MainThread': missing ScriptRunContext! This warning can be ignored when running in bare mode.
2026-10-06 22:00:14.354 Thread 'MainThread': missing ScriptRunContext! This warning can be ignored when running in bare mode.
2026-10-06 22:00:14.354 Thread 'MainThread': missing ScriptRunContext! This warning can be ignored when running in bare mode.
2026-10-06 22:00:14.354 Thread 'MainThread': missing ScriptRunContext! This warning can be ignored when running in bare mode.
2026-10-06 22:00:14.354 Thread 'MainThread': missing ScriptRunContext! This warning can be ignored when running in bare mode.
2026-10-06 22:00:15.319 Thread 'MainThread': missing ScriptRunContext! This warning can be ignored when running in bare mode.
2026-10-06 22:00:15.319 Thread 'MainThread': missing ScriptRunContext! This warning can be ignored when running in bare mode.
2026-10-06 22:00:15.319 Thread 'MainThread': missing ScriptRunContext! This warning can be ignored when running in bare mode.
2026-10-06 22:00:15.319 Thread 'MainThread': missing ScriptRunContext! This warning can be ignored when running in bare mode.
2026-10-06 22:00:15.319 Thread 'MainThread': missing ScriptRunContext! This warning can be ignored when running in bare mode.
2026-10-06 22:00:15.319 Thread 'MainThread': missing ScriptRunContext! This warning can be ignored when running in bare mode.
2026-10-06 22:00:15.319 Thread 'MainThread': missing ScriptRunContext! This warning can be ignored when running in bare mode.
2026-10-06 22:00:16.251 Please replace `use_container_width` with `width`.

`use_container_width` will be removed after 2025-12-31.

For `use_container_width=True`, use `width='stretch'`. For `use_container_width=False`, use `width='content'`.
2026-10-06 22:00:16.262 Thread 'MainThread': missing ScriptRunContext! This warning can be ignored when running in bare mode.
2026-10-06 22:00:16.265 Thread 'MainThread': missing ScriptRunContext! This warning can be ignored when running in bare mode.
2026-10-06 22:00:16.265 Thread 'MainThread': missing ScriptRunContext! This warning can be ignored when running in bare mode.
2026-10-06 22:00:16.265 Thread 'MainThread': missing ScriptRunContext! This warning can be ignored when running in bare mode.
2026-10-06 22:00:16.265 Thread 'MainThread': missing ScriptRunContext! This warning can be ignored when running in bare mode.
2026-10-06 22:00:16.265 Thread 'MainThread': missing ScriptRunContext! This warning can be ignored when running in bare mode.
2026-10-06 22:00:16.265 Thread 'MainThread': missing ScriptRunContext! This warning can be ignored when running in bare mode.
2026-10-06 22:00:16.265 Thread 'MainThread': missing ScriptRunContext! This warning can be ignored when running in bare mode.
2026-10-06 22:00:16.265 Thread 'MainThread': missing ScriptRunContext! This warning can be ignored when running in bare mode.
2026-10-06 22:00:16.265 Thread 'MainThread': missing ScriptRunContext! This warning can be ignored when running in bare mode.
2026-10-06 22:00:16.265 Thread 'MainThread': missing ScriptRunContext! This warning can be ignored when running in bare mode.
2026-10-06 22:00:16.265 Thread 'MainThread': missing ScriptRunContext! This warning can be ignored when running in bare mode.
2026-10-06 22:00:16.265 Thread 'MainThread': missing ScriptRunContext! This warning can be ignored when running in bare mode.
2026-10-06 22:00:16.265 Thread 'MainThread': missing ScriptRunContext! This warning can be ignored when running in bare mode.
2026-10-06 22:00:16.265 Thread 'MainThread': missing ScriptRunContext! This warning can be ignored when running in bare mode.
2026-10-06 22:00:16.266 Thread 'MainThread': missing ScriptRunContext! This warning can be ignored when running in bare mode.
2026-10-06 22:00:16.266 Thread 'MainThread': missing ScriptRunContext! This warning can be ignored when running in bare mode.
2026-10-06 22:00:16.266 Thread 'MainThread': missing ScriptRunContext! This warning can be ignored when running in bare mode.
2026-10-06 22:00:16.266 Thread 'MainThread': missing ScriptRunContext! This warning can be ignored when running in bare mode.
2026-10-06 22:00:16.266 Thread 'MainThread': missing ScriptRunContext! This warning can be ignored when running in bare mode.
2026-10-06 22:00:16.266 Thread 'MainThread': missing ScriptRunContext! This warning can be ignored when running in bare mode.
2026-10-06 22:00:16.266 Thread 'MainThread': missing ScriptRunContext! This warning can be ignored when running in bare mode.
2026-10-06 22:00:16.266 Thread 'MainThread': missing ScriptRunContext! This warning can be ignored when running in bare mode.
2026-10-06 22:00:16.266 Thread 'MainThread': missing ScriptRunContext! This warning can be ignored when running in bare mode.
2026-10-06 22:00:16.266 Thread 'MainThread': missing ScriptRunContext! This warning can be ignored when running in bare mode.
2026-10-06 22:00:16.266 Thread 'MainThread': missing ScriptRunContext! This warning can be ignored when running in bare mode.
2026-10-06 22:00:16.266 Thread 'MainThread': missing ScriptRunContext! This warning can be ignored when running in bare mode.
2026-10-06 22:00:16.266 Thread 'MainThread': missing ScriptRunContext! This warning can be ignored when running in bare mode.
2026-10-06 22:00:16.266 Thread 'MainThread': missing ScriptRunContext! This warning can be ignored when running in bare mode.
2026-10-06 22:00:16.266 Thread 'MainThread': missing ScriptRunContext! This warning can be ignored when running in bare mode.
2026-10-06 22:00:16.266 Thread 'MainThread': missing ScriptRunContext! This warning can be ignored when running in bare mode.
2026-10-06 22:00:16.266 Thread 'MainThread': missing ScriptRunContext! This warning can be ignored when running in bare mode.
2026-10-06 22:00:16.266 Thread 'MainThread': missing ScriptRunContext! This warning can be ignored when running in bare mode.
2026-10-06 22:00:16.266 Thread 'MainThread': missing ScriptRunContext! This warning can be ignored when running in bare mode.
2026-10-06 22:00:16.266 Thread 'MainThread': missing ScriptRunContext! This warning can be ignored when running in bare mode.
2026-10-06 22:00:16.266 Thread 'MainThread': missing ScriptRunContext! This warning can be ignored when running in bare mode.
2026-10-06 22:00:16.267 Thread 'MainThread': missing ScriptRunContext! This warning can be ignored when running in bare mode.
2026-10-06 22:00:16.267 Thread 'MainThread': missing ScriptRunContext! This warning can be ignored when running in bare mode.
2026-10-06 22:00:16.267 Thread 'MainThread': missing ScriptRunContext! This warning can be ignored when running in bare mode.
2026-10-06 22:00:16.267 Thread 'MainThread': missing ScriptRunContext! This warning can be ignored when running in bare mode.
2026-10-06 22:00:16.267 Thread 'MainThread': missing ScriptRunContext! This warning can be ignored when running in bare mode.
2026-10-06 22:00:16.267 Thread 'MainThread': missing ScriptRunContext! This warning can be ignored when running in bare mode.
2026-10-06 22:00:16.267 Thread 'MainThread': missing ScriptRunContext! This warning can be ignored when running in bare mode.
2026-10-06 22:00:16.267 Thread 'MainThread': missing ScriptRunContext! This warning can be ignored when running in bare mode.
2026-10-06 22:00:16.267 Thread 'MainThread': missing ScriptRunContext! This warning can be ignored when running in bare mode.
2026-10-06 22:00:16.267 Thread 'MainThread': missing ScriptRunContext! This warning can be ignored when running in bare mode.
2026-10-06 22:00:16.405 Thread 'MainThread': missing ScriptRunContext! This warning can be ignored when running in bare mode.
2026-10-06 22:00:16.406 Thread 'MainThread': missing ScriptRunContext! This warning can be ignored when running in bare mode.
2026-10-06 22:00:16.406 Thread 'MainThread': missing ScriptRunContext! This warning can be ignored when running in bare mode.
2026-10-06 22:00:16.406 Thread 'MainThread': missing ScriptRunContext! This warning can be ignored when running in bare mode.
2026-10-06 22:00:16.406 Thread 'MainThread': missing ScriptRunContext! This warning can be ignored when running in bare mode.
2026-10-06 22:00:16.406 Thread 'MainThread': missing ScriptRunContext! This warning can be ignored when running in bare mode.
2026-10-06 22:00:16.406 Thread 'MainThread': missing ScriptRunContext! This warning can be ignored when running in bare mode.
2026-10-06 22:00:16.406 Thread 'MainThread': missing ScriptRunContext! This warning can be ignored when running in bare mode.
2026-10-06 22:00:16.406 Thread 'MainThread': missing ScriptRunContext! This warning can be ignored when running in bare mode.
2026-10-06 22:00:17.317 Please replace `use_container_width` with `width`.

`use_container_width` will be removed after 2025-12-31.

For `use_container_width=True`, use `width='stretch'`. For `use_container_width=False`, use `width='content'`.
2026-10-06 22:00:17.454 Thread 'MainThread': missing ScriptRunContext! This warning can be ignored when running in bare mode.
2026-10-06 22:00:17.455 Thread 'MainThread': missing ScriptRunContext! This warning can be ignored when running in bare mode.
2026-10-06 22:00:17.455 Thread 'MainThread': missing ScriptRunContext! This warning can be ignored when running in bare mode.
2026-10-06 22:00:17.455 Thread 'MainThread': missing ScriptRunContext! This warning can be ignored when running in bare mode.
2026-10-06 22:00:17.455 Thread 'MainThread': missing ScriptRunContext! This warning can be ignored when running in bare mode.
2026-10-06 22:00:17.455 Thread 'MainThread': missing ScriptRunContext! This warning can be ignored when running in bare mode.
2026-10-06 22:00:17.456 Thread 'MainThread': missing ScriptRunContext! This warning can be ignored when running in bare mode.
2026-10-06 22:00:17.456 Thread 'MainThread': missing ScriptRunContext! This warning can be ignored when running in bare mode.
2026-10-06 22:00:17.456 Thread 'MainThread': missing ScriptRunContext! This warning can be ignored when running in bare mode.
2026-10-06 22:00:17.456 Thread 'MainThread': missing ScriptRunContext! This warning can be ignored when running in bare mode.
2026-10-06 22:00:17.456 Thread 'MainThread': missing ScriptRunContext! This warning can be ignored when running in bare mode.
2026-10-06 22:00:17.456 Thread 'MainThread': missing ScriptRunContext! This warning can be ignored when running in bare mode.
2026-10-06 22:00:17.456 Thread 'MainThread': missing ScriptRunContext! This warning can be ignored when running in bare mode.
2026-10-06 22:00:17.456 Thread 'MainThread': missing ScriptRunContext! This warning can be ignored when running in bare mode.
2026-10-06 22:00:17.456 Thread 'MainThread': missing ScriptRunContext! This warning can be ignored when running in bare mode.
2026-10-06 22:00:17.456 Thread 'MainThread': missing ScriptRunContext! This warning can be ignored when running in bare mode.
2026-10-06 22:00:17.456 Thread 'MainThread': missing ScriptRunContext! This warning can be ignored when running in bare mode.
2026-10-06 22:00:17.456 Thread 'MainThread': missing ScriptRunContext! This warning can be ignored when running in bare mode.
2026-10-06 22:00:17.456 Thread 'MainThread': missing ScriptRunContext! This warning can be ignored when running in bare mode.
2026-10-06 22:00:17.456 Thread 'MainThread': missing ScriptRunContext! This warning can be ignored when running in bare mode.
2026-10-06 22:00:17.456 Thread 'MainThread': missing ScriptRunContext! This warning can be ignored when running in bare mode.
2026-10-06 22:00:17.456 Thread 'MainThread': missing ScriptRunContext! This warning can be ignored when running in bare mode.
2026-10-06 22:00:17.456 Thread 'MainThread': missing ScriptRunContext! This warning can be ignored when running in bare mode.
2026-10-06 22:00:17.456 Thread 'MainThread': missing ScriptRunContext! This warning can be ignored when running in bare mode.
2026-10-06 22:00:17.456 Thread 'MainThread': missing ScriptRunContext! This warning can be ignored when running in bare mode.
2026-10-06 22:00:17.456 Thread 'MainThread': missing ScriptRunContext! This warning can be ignored when running in bare mode.
2026-10-06 22:00:17.456 Thread 'MainThread': missing ScriptRunContext! This warning can be ignored when running in bare mode.
2026-10-06 22:00:17.456 Thread 'MainThread': missing ScriptRunContext! This warning can be ignored when running in bare mode.
2026-10-06 22:00:17.457 Thread 'MainThread': missing ScriptRunContext! This warning can be ignored when running in bare mode.
2026-10-06 22:00:17.457 Thread 'MainThread': missing ScriptRunContext! This warning can be ignored when running in bare mode.
2026-10-06 22:00:17.457 Thread 'MainThread': missing ScriptRunContext! This warning can be ignored when running in bare mode.
2026-10-06 22:00:17.457 Thread 'MainThread': missing ScriptRunContext! This warning can be ignored when running in bare mode.
2026-10-06 22:00:17.457 Thread 'MainThread': missing ScriptRunContext! This warning can be ignored when running in bare mode.
2026-10-06 22:00:17.457 Thread 'MainThread': missing ScriptRunContext! This warning can be ignored when running in bare mode.
2026-10-06 22:00:17.457 Thread 'MainThread': missing ScriptRunContext! This warning can be ignored when running in bare mode.
2026-10-06 22:00:17.457 Thread 'MainThread': missing ScriptRunContext! This warning can be ignored when running in bare mode.
2026-10-06 22:00:17.457 Thread 'MainThread': missing ScriptRunContext! This warning can be ignored when running in bare mode.
2026-10-06 22:00:17.457 Thread 'MainThread': missing ScriptRunContext! This warning can be ignored when running in bare mode.
2026-10-06 22:00:17.457 Thread 'MainThread': missing ScriptRunContext! This warning can be ignored when running in bare mode.
2026-10-06 22:00:17.457 Thread 'MainThread': missing ScriptRunContext! This warning can be ignored when running in bare mode.
2026-10-06 22:00:17.457 Thread 'MainThread': missing ScriptRunContext! This warning can be ignored when running in bare mode.
2026-10-06 22:00:17.457 Thread 'MainThread': missing ScriptRunContext! This warning can be ignored when running in bare mode.
2026-10-06 22:00:17.457 Thread 'MainThread': missing ScriptRunContext! This warning can be ignored when running in bare mode.
2026-10-06 22:00:17.457 Thread 'MainThread': missing ScriptRunContext! This warning can be ignored when running in bare mode.
2026-10-06 22:00:17.457 Thread 'MainThread': missing ScriptRunContext! This warning can be ignored when running in bare mode.
2026-10-06 22:00:17.457 Thread 'MainThread': missing ScriptRunContext! This warning can be ignored when running in bare mode.
2026-10-06 22:00:18.195 Thread 'MainThread': missing ScriptRunContext! This warning can be ignored when running in bare mode.
2026-10-06 22:00:18.196 Thread 'MainThread': missing ScriptRunContext! This warning can be ignored when running in bare mode.
2026-10-06 22:00:18.196 Thread 'MainThread': missing ScriptRunContext! This warning can be ignored when running in bare mode.
2026-10-06 22:00:18.196 Thread 'MainThread': missing ScriptRunContext! This warning can be ignored when running in bare mode.
2026-10-06 22:00:18.196 Thread 'MainThread': missing ScriptRunContext! This warning can be ignored when running in bare mode.
2026-10-06 22:00:18.196 Thread 'MainThread': missing ScriptRunContext! This warning can be ignored when running in bare mode.
2026-10-06 22:00:18.196 Thread 'MainThread': missing ScriptRunContext! This warning can be ignored when running in bare mode.
2026-10-06 22:00:18.196 Thread 'MainThread': missing ScriptRunContext! This warning can be ignored when running in bare mode.
2026-10-06 22:00:18.196 Thread 'MainThread': missing ScriptRunContext! This warning can be ignored when running in bare mode.
2026-10-06 22:00:18.196 Thread 'MainThread': missing ScriptRunContext! This warning can be ignored when running in bare mode.
2026-10-06 22:00:18.196 Thread 'MainThread': missing ScriptRunContext! This warning can be ignored when running in bare mode.
2026-10-06 22:00:18.196 Thread 'MainThread': missing ScriptRunContext! This warning can be ignored when running in bare mode.
2026-10-06 22:00:18.197 Thread 'MainThread': missing ScriptRunContext! This warning can be ignored when running in bare mode.
2026-10-06 22:00:18.197 Thread 'MainThread': missing ScriptRunContext! This warning can be ignored when running in bare mode.
2026-10-06 22:00:18.197 Thread 'MainThread': missing ScriptRunContext! This warning can be ignored when running in bare mode.
2026-10-06 22:00:18.197 Thread 'MainThread': missing ScriptRunContext! This warning can be ignored when running in bare mode.
2026-10-06 22:00:18.197 Thread 'MainThread': missing ScriptRunContext! This warning can be ignored when running in bare mode.
2026-10-06 22:00:18.197 Thread 'MainThread': missing ScriptRunContext! This warning can be ignored when running in bare mode.
2026-10-06 22:00:18.197 Thread 'MainThread': missing ScriptRunContext! This warning can be ignored when running in bare mode.
2026-10-06 22:00:18.197 Thread 'MainThread': missing ScriptRunContext! This warning can be ignored when running in bare mode.
2026-10-06 22:00:18.197 Thread 'MainThread': missing ScriptRunContext! This warning can be ignored when running in bare mode.
2026-10-06 22:00:18.197 Thread 'MainThread': missing ScriptRunContext! This warning can be ignored when running in bare mode.
2026-10-06 22:00:18.197 Thread 'MainThread': missing ScriptRunContext! This warning can be ignored when running in bare mode.
2026-10-06 22:00:18.197 Thread 'MainThread': missing ScriptRunContext! This warning can be ignored when running in bare mode.
2026-10-06 22:00:18.197 Thread 'MainThread': missing ScriptRunContext! This warning can be ignored when running in bare mode.
2026-10-06 22:00:18.197 Thread 'MainThread': missing ScriptRunContext! This warning can be ignored when running in bare mode.
2026-10-06 22:00:18.197 Thread 'MainThread': missing ScriptRunContext! This warning can be ignored when running in bare mode.
2026-10-06 22:00:18.197 Thread 'MainThread': missing ScriptRunContext! This warning can be ignored when running in bare mode.
2026-10-06 22:00:18.197 Thread 'MainThread': missing ScriptRunContext! This warning can be ignored when running in bare mode.
2026-10-06 22:00:18.197 Thread 'MainThread': missing ScriptRunContext! This warning can be ignored when running in bare mode.
2026-10-06 22:00:18.197 Thread 'MainThread': missing ScriptRunContext! This warning can be ignored when running in bare mode.
2026-10-06 22:00:18.197 Thread 'MainThread': missing ScriptRunContext! This warning can be ignored when running in bare mode.
2026-10-06 22:00:18.197 Thread 'MainThread': missing ScriptRunContext! This warning can be ignored when running in bare mode.
2026-10-06 22:00:18.197 Thread 'MainThread': missing ScriptRunContext! This warning can be ignored when running in bare mode.
2026-10-06 22:00:18.197 Thread 'MainThread': missing ScriptRunContext! This warning can be ignored when running in bare mode.
2026-10-06 22:00:18.198 Thread 'MainThread': missing ScriptRunContext! This warning can be ignored when running in bare mode.
2026-10-06 22:00:18.198 Thread 'MainThread': missing ScriptRunContext! This warning can be ignored when running in bare mode.
2026-10-06 22:00:18.198 Thread 'MainThread': missing ScriptRunContext! This warning can be ignored when running in bare mode.
2026-10-06 22:00:18.198 Thread 'MainThread': missing ScriptRunContext! This warning can be ignored when running in bare mode.
2026-10-06 22:00:18.198 Thread 'MainThread': missing ScriptRunContext! This warning can be ignored when running in bare mode.
2026-10-06 22:00:18.198 Thread 'MainThread': missing ScriptRunContext! This warning can be ignored when running in bare mode.
2026-10-06 22:00:18.198 Thread 'MainThread': missing ScriptRunContext! This warning can be ignored when running in bare mode.
2026-10-06 22:00:18.198 Thread 'MainThread': missing ScriptRunContext! This warning can be ignored when running in bare mode.
2026-10-06 22:00:18.198 Thread 'MainThread': missing ScriptRunContext! This warning can be ignored when running in bare mode.
2026-10-06 22:00:18.198 Thread 'MainThread': missing ScriptRunContext! This warning can be ignored when running in bare mode.
2026-10-06 22:00:18.198 Thread 'MainThread': missing ScriptRunContext! This warning can be ignored when running in bare mode.
2026-10-06 22:00:18.205 Thread 'MainThread': missing ScriptRunContext! This warning can be ignored when running in bare mode.
2026-10-06 22:00:18.213 Thread 'MainThread': missing ScriptRunContext! This warning can be ignored when running in bare mode.
2026-10-06 22:00:18.218 Thread 'MainThread': missing ScriptRunContext! This warning can be ignored when running in bare mode.
2026-10-06 22:00:18.218 Thread 'MainThread': missing ScriptRunContext! This warning can be ignored when running in bare mode.
2026-10-06 22:00:19.439 Thread 'MainThread': missing ScriptRunContext! This warning can be ignored when running in bare mode.
2026-10-06 22:00:19.440 Thread 'MainThread': missing ScriptRunContext! This warning can be ignored when running in bare mode.
2026-10-06 22:00:19.440 Thread 'MainThread': missing ScriptRunContext! This warning can be ignored when running in bare mode.
2026-10-06 22:00:19.440 Thread 'MainThread': missing ScriptRunContext! This warning can be ignored when running in bare mode.
2026-10-06 22:00:19.440 Thread 'MainThread': missing ScriptRunContext! This warning can be ignored when running in bare mode.
2026-10-06 22:00:19.440 Thread 'MainThread': missing ScriptRunContext! This warning can be ignored when running in bare mode.
2026-10-06 22:00:19.440 Thread 'MainThread': missing ScriptRunContext! This warning can be ignored when running in bare mode.
2026-10-06 22:00:20.762 Please replace `use_container_width` with `width`.

`use_container_width` will be removed after 2025-12-31.

For `use_container_width=True`, use `width='stretch'`. For `use_container_width=False`, use `width='content'`.
2026-10-06 22:00:21.069 Please replace `use_container_width` with `width`.

`use_container_width` will be removed after 2025-12-31.

For `use_container_width=True`, use `width='stretch'`. For `use_container_width=False`, use `width='content'`.
2026-10-06 22:00:21.569 Please replace `use_container_width` with `width`.

`use_container_width` will be removed after 2025-12-31.

For `use_container_width=True`, use `width='stretch'`. For `use_container_width=False`, use `width='content'`.
2026-10-06 22:00:21.854 Thread 'MainThread': missing ScriptRunContext! This warning can be ignored when running in bare mode.
2026-10-06 22:00:22.042 Thread 'MainThread': missing ScriptRunContext! This warning can be ignored when running in bare mode.
2026-10-06 22:00:22.042 Thread 'MainThread': missing ScriptRunContext! This warning can be ignored when running in bare mode.
2026-10-06 22:00:22.043 Thread 'MainThread': missing ScriptRunContext! This warning can be ignored when running in bare mode.
2026-10-06 22:00:22.043 Thread 'MainThread': missing ScriptRunContext! This warning can be ignored when running in bare mode.
2026-10-06 22:00:22.043 Thread 'MainThread': missing ScriptRunContext! This warning can be ignored when running in bare mode.
2026-10-06 22:00:22.043 Thread 'MainThread': missing ScriptRunContext! This warning can be ignored when running in bare mode.
2026-10-06 22:00:22.043 Thread 'MainThread': missing ScriptRunContext! This warning can be ignored when running in bare mode.
2026-10-06 22:00:22.043 Thread 'MainThread': missing ScriptRunContext! This warning can be ignored when running in bare mode.
2026-10-06 22:00:22.043 Thread 'MainThread': missing ScriptRunContext! This warning can be ignored when running in bare mode.
2026-10-06 22:00:22.043 Thread 'MainThread': missing ScriptRunContext! This warning can be ignored when running in bare mode.
2026-10-06 22:00:22.043 Thread 'MainThread': missing ScriptRunContext! This warning can be ignored when running in bare mode.
2026-10-06 22:00:22.043 Thread 'MainThread': missing ScriptRunContext! This warning can be ignored when running in bare mode.
2026-10-06 22:00:22.043 Thread 'MainThread': missing ScriptRunContext! This warning can be ignored when running in bare mode.
2026-10-06 22:00:22.043 Thread 'MainThread': missing ScriptRunContext! This warning can be ignored when running in bare mode.
2026-10-06 22:00:22.246 Thread 'MainThread': missing ScriptRunContext! This warning can be ignored when running in bare mode.
2026-10-06 22:00:22.246 Thread 'MainThread': missing ScriptRunContext! This warning can be ignored when running in bare mode.
2026-10-06 22:00:22.247 Thread 'MainThread': missing ScriptRunContext! This warning can be ignored when running in bare mode.
2026-10-06 22:00:22.247 Thread 'MainThread': missing ScriptRunContext! This warning can be ignored when running in bare mode.
2026-10-06 22:00:22.247 Thread 'MainThread': missing ScriptRunContext! This warning can be ignored when running in bare mode.
2026-10-06 22:00:22.247 Thread 'MainThread': missing ScriptRunContext! This warning can be ignored when running in bare mode.
2026-10-06 22:00:22.247 Thread 'MainThread': missing ScriptRunContext! This warning can be ignored when running in bare mode.
2026-10-06 22:00:22.247 Thread 'MainThread': missing ScriptRunContext! This warning can be ignored when running in bare mode.
2026-10-06 22:00:22.247 Thread 'MainThread': missing ScriptRunContext! This warning can be ignored when running in bare mode.
2026-10-06 22:00:22.247 Thread 'MainThread': missing ScriptRunContext! This warning can be ignored when running in bare mode.
2026-10-06 22:00:22.247 Thread 'MainThread': missing ScriptRunContext! This warning can be ignored when running in bare mode.
2026-10-06 22:00:22.247 Thread 'MainThread': missing ScriptRunContext! This warning can be ignored when running in bare mode.
2026-10-06 22:00:22.247 Thread 'MainThread': missing ScriptRunContext! This warning can be ignored when running in bare mode.
2026-10-06 22:00:22.247 Thread 'MainThread': missing ScriptRunContext! This warning can be ignored when running in bare mode.
2026-10-06 22:00:22.466 Thread 'MainThread': missing ScriptRunContext! This warning can be ignored when running in bare mode.
2026-10-06 22:00:22.486 Thread 'MainThread': missing ScriptRunContext! This warning can be ignored when running in bare mode.
2026-10-06 22:00:22.486 Thread 'MainThread': missing ScriptRunContext! This warning can be ignored when running in bare mode.
2026-10-06 22:00:22.486 Thread 'MainThread': missing ScriptRunContext! This warning can be ignored when running in bare mode.
2026-10-06 22:00:22.488 Thread 'MainThread': missing ScriptRunContext! This warning can be ignored when running in bare mode.
2026-10-06 22:00:22.488 Thread 'MainThread': missing ScriptRunContext! This warning can be ignored when running in bare mode.
2026-10-06 22:00:22.488 Thread 'MainThread': missing ScriptRunContext! This warning can be ignored when running in bare mode.
2026-10-06 22:00:22.668 Thread 'MainThread': missing ScriptRunContext! This warning can be ignored when running in bare mode.
Source Atlas rejected reason=atlas_version: unsupported
2026-10-06 22:00:24.028 Thread 'MainThread': missing ScriptRunContext! This warning can be ignored when running in bare mode.
2026-10-06 22:00:24.051 Thread 'MainThread': missing ScriptRunContext! This warning can be ignored when running in bare mode.
2026-10-06 22:00:24.051 Thread 'MainThread': missing ScriptRunContext! This warning can be ignored when running in bare mode.
2026-10-06 22:00:24.051 Thread 'MainThread': missing ScriptRunContext! This warning can be ignored when running in bare mode.
2026-10-06 22:00:24.052 Thread 'MainThread': missing ScriptRunContext! This warning can be ignored when running in bare mode.
2026-10-06 22:00:24.052 Thread 'MainThread': missing ScriptRunContext! This warning can be ignored when running in bare mode.
2026-10-06 22:00:24.053 Thread 'MainThread': missing ScriptRunContext! This warning can be ignored when running in bare mode.
2026-10-06 22:00:24.246 Thread 'MainThread': missing ScriptRunContext! This warning can be ignored when running in bare mode.
2026-10-06 22:00:25.602 Please replace `use_container_width` with `width`.

`use_container_width` will be removed after 2025-12-31.

For `use_container_width=True`, use `width='stretch'`. For `use_container_width=False`, use `width='content'`.
2026-10-06 22:00:25.869 Please replace `use_container_width` with `width`.

`use_container_width` will be removed after 2025-12-31.

For `use_container_width=True`, use `width='stretch'`. For `use_container_width=False`, use `width='content'`.
2026-10-06 22:00:26.470 Thread 'MainThread': missing ScriptRunContext! This warning can be ignored when running in bare mode.
2026-10-06 22:00:26.493 Thread 'MainThread': missing ScriptRunContext! This warning can be ignored when running in bare mode.
2026-10-06 22:00:26.493 Thread 'MainThread': missing ScriptRunContext! This warning can be ignored when running in bare mode.
2026-10-06 22:00:26.493 Thread 'MainThread': missing ScriptRunContext! This warning can be ignored when running in bare mode.
2026-10-06 22:00:26.495 Thread 'MainThread': missing ScriptRunContext! This warning can be ignored when running in bare mode.
2026-10-06 22:00:26.495 Thread 'MainThread': missing ScriptRunContext! This warning can be ignored when running in bare mode.
2026-10-06 22:00:26.495 Thread 'MainThread': missing ScriptRunContext! This warning can be ignored when running in bare mode.
2026-10-06 22:00:26.713 Thread 'MainThread': missing ScriptRunContext! This warning can be ignored when running in bare mode.
2026-10-06 22:00:26.713 Thread 'MainThread': missing ScriptRunContext! This warning can be ignored when running in bare mode.
2026-10-06 22:00:27.286 Thread 'MainThread': missing ScriptRunContext! This warning can be ignored when running in bare mode.
2026-10-06 22:00:27.309 Thread 'MainThread': missing ScriptRunContext! This warning can be ignored when running in bare mode.
2026-10-06 22:00:27.309 Thread 'MainThread': missing ScriptRunContext! This warning can be ignored when running in bare mode.
2026-10-06 22:00:27.309 Thread 'MainThread': missing ScriptRunContext! This warning can be ignored when running in bare mode.
2026-10-06 22:00:27.311 Thread 'MainThread': missing ScriptRunContext! This warning can be ignored when running in bare mode.
2026-10-06 22:00:27.311 Thread 'MainThread': missing ScriptRunContext! This warning can be ignored when running in bare mode.
2026-10-06 22:00:27.311 Thread 'MainThread': missing ScriptRunContext! This warning can be ignored when running in bare mode.
2026-10-06 22:00:27.492 Thread 'MainThread': missing ScriptRunContext! This warning can be ignored when running in bare mode.
2026-10-06 22:00:27.492 Thread 'MainThread': missing ScriptRunContext! This warning can be ignored when running in bare mode.
2026-10-06 22:00:29.314 Thread 'MainThread': missing ScriptRunContext! This warning can be ignored when running in bare mode.
2026-10-06 22:00:30.147 Please replace `use_container_width` with `width`.

`use_container_width` will be removed after 2025-12-31.

For `use_container_width=True`, use `width='stretch'`. For `use_container_width=False`, use `width='content'`.
2026-10-06 22:00:30.423 Please replace `use_container_width` with `width`.

`use_container_width` will be removed after 2025-12-31.

For `use_container_width=True`, use `width='stretch'`. For `use_container_width=False`, use `width='content'`.
2026-10-06 22:00:31.015 Thread 'MainThread': missing ScriptRunContext! This warning can be ignored when running in bare mode.
2026-10-06 22:00:31.016 Thread 'MainThread': missing ScriptRunContext! This warning can be ignored when running in bare mode.
2026-10-06 22:00:31.473 Thread 'MainThread': missing ScriptRunContext! This warning can be ignored when running in bare mode.
2026-10-06 22:00:31.473 Thread 'MainThread': missing ScriptRunContext! This warning can be ignored when running in bare mode.
2026-10-06 22:00:31.545 Thread 'MainThread': missing ScriptRunContext! This warning can be ignored when running in bare mode.
2026-10-06 22:00:31.545 Thread 'MainThread': missing ScriptRunContext! This warning can be ignored when running in bare mode.
2026-10-06 22:00:32.007 Thread 'MainThread': missing ScriptRunContext! This warning can be ignored when running in bare mode.
2026-10-06 22:00:32.007 Thread 'MainThread': missing ScriptRunContext! This warning can be ignored when running in bare mode.
2026-10-06 22:00:32.081 Thread 'MainThread': missing ScriptRunContext! This warning can be ignored when running in bare mode.
2026-10-06 22:00:32.081 Thread 'MainThread': missing ScriptRunContext! This warning can be ignored when running in bare mode.
2026-10-06 22:00:32.576 Thread 'MainThread': missing ScriptRunContext! This warning can be ignored when running in bare mode.
2026-10-06 22:00:32.576 Thread 'MainThread': missing ScriptRunContext! This warning can be ignored when running in bare mode.
2026-10-06 22:00:33.175 Thread 'MainThread': missing ScriptRunContext! This warning can be ignored when running in bare mode.
2026-10-06 22:00:33.175 Thread 'MainThread': missing ScriptRunContext! This warning can be ignored when running in bare mode.
2026-10-06 22:00:33.471 Thread 'MainThread': missing ScriptRunContext! This warning can be ignored when running in bare mode.
2026-10-06 22:00:33.471 Thread 'MainThread': missing ScriptRunContext! This warning can be ignored when running in bare mode.
2026-10-06 22:00:33.993 Thread 'MainThread': missing ScriptRunContext! This warning can be ignored when running in bare mode.
2026-10-06 22:00:33.993 Thread 'MainThread': missing ScriptRunContext! This warning can be ignored when running in bare mode.
2026-10-06 22:00:34.446 Thread 'MainThread': missing ScriptRunContext! This warning can be ignored when running in bare mode.
2026-10-06 22:00:34.446 Thread 'MainThread': missing ScriptRunContext! This warning can be ignored when running in bare mode.
2026-10-06 22:00:34.515 Thread 'MainThread': missing ScriptRunContext! This warning can be ignored when running in bare mode.
2026-10-06 22:00:34.547 Thread 'MainThread': missing ScriptRunContext! This warning can be ignored when running in bare mode.
2026-10-06 22:00:34.547 Thread 'MainThread': missing ScriptRunContext! This warning can be ignored when running in bare mode.
2026-10-06 22:00:34.547 Thread 'MainThread': missing ScriptRunContext! This warning can be ignored when running in bare mode.
2026-10-06 22:00:34.549 Thread 'MainThread': missing ScriptRunContext! This warning can be ignored when running in bare mode.
2026-10-06 22:00:34.549 Thread 'MainThread': missing ScriptRunContext! This warning can be ignored when running in bare mode.
2026-10-06 22:00:34.549 Thread 'MainThread': missing ScriptRunContext! This warning can be ignored when running in bare mode.
2026-10-06 22:00:34.753 Thread 'MainThread': missing ScriptRunContext! This warning can be ignored when running in bare mode.
2026-10-06 22:00:34.753 Thread 'MainThread': missing ScriptRunContext! This warning can be ignored when running in bare mode.
2026-10-06 22:00:35.665 Thread 'MainThread': missing ScriptRunContext! This warning can be ignored when running in bare mode.
2026-10-06 22:00:35.689 Thread 'MainThread': missing ScriptRunContext! This warning can be ignored when running in bare mode.
2026-10-06 22:00:35.689 Thread 'MainThread': missing ScriptRunContext! This warning can be ignored when running in bare mode.
2026-10-06 22:00:35.689 Thread 'MainThread': missing ScriptRunContext! This warning can be ignored when running in bare mode.
2026-10-06 22:00:35.690 Thread 'MainThread': missing ScriptRunContext! This warning can be ignored when running in bare mode.
2026-10-06 22:00:35.690 Thread 'MainThread': missing ScriptRunContext! This warning can be ignored when running in bare mode.
2026-10-06 22:00:35.690 Thread 'MainThread': missing ScriptRunContext! This warning can be ignored when running in bare mode.
2026-10-06 22:00:35.877 Thread 'MainThread': missing ScriptRunContext! This warning can be ignored when running in bare mode.
2026-10-06 22:00:36.502 Thread 'MainThread': missing ScriptRunContext! This warning can be ignored when running in bare mode.
2026-10-06 22:00:36.525 Thread 'MainThread': missing ScriptRunContext! This warning can be ignored when running in bare mode.
2026-10-06 22:00:36.525 Thread 'MainThread': missing ScriptRunContext! This warning can be ignored when running in bare mode.
2026-10-06 22:00:36.525 Thread 'MainThread': missing ScriptRunContext! This warning can be ignored when running in bare mode.
2026-10-06 22:00:36.527 Thread 'MainThread': missing ScriptRunContext! This warning can be ignored when running in bare mode.
2026-10-06 22:00:36.527 Thread 'MainThread': missing ScriptRunContext! This warning can be ignored when running in bare mode.
2026-10-06 22:00:36.527 Thread 'MainThread': missing ScriptRunContext! This warning can be ignored when running in bare mode.
2026-10-06 22:00:36.714 Thread 'MainThread': missing ScriptRunContext! This warning can be ignored when running in bare mode.
2026-10-06 22:00:38.265 Please replace `use_container_width` with `width`.

`use_container_width` will be removed after 2025-12-31.

For `use_container_width=True`, use `width='stretch'`. For `use_container_width=False`, use `width='content'`.
2026-10-06 22:00:38.507 Please replace `use_container_width` with `width`.

`use_container_width` will be removed after 2025-12-31.

For `use_container_width=True`, use `width='stretch'`. For `use_container_width=False`, use `width='content'`.
2026-10-06 22:00:38.740 Thread 'MainThread': missing ScriptRunContext! This warning can be ignored when running in bare mode.
2026-10-06 22:00:38.764 Thread 'MainThread': missing ScriptRunContext! This warning can be ignored when running in bare mode.
2026-10-06 22:00:38.764 Thread 'MainThread': missing ScriptRunContext! This warning can be ignored when running in bare mode.
2026-10-06 22:00:38.764 Thread 'MainThread': missing ScriptRunContext! This warning can be ignored when running in bare mode.
2026-10-06 22:00:38.766 Thread 'MainThread': missing ScriptRunContext! This warning can be ignored when running in bare mode.
2026-10-06 22:00:38.766 Thread 'MainThread': missing ScriptRunContext! This warning can be ignored when running in bare mode.
2026-10-06 22:00:38.766 Thread 'MainThread': missing ScriptRunContext! This warning can be ignored when running in bare mode.
2026-10-06 22:00:38.955 Thread 'MainThread': missing ScriptRunContext! This warning can be ignored when running in bare mode.
Local document UI structure_available=False parser_available=True requested_pages=[1, 2] reason=ValueError
Local document adapter rejected counts={'requested_pages': [], 'parsed_pages': [], 'chars': {}, 'regions_produced': 0, 'normalized_regions': 0} reason=document: selected pages
Local document adapter rejected counts={'requested_pages': [], 'parsed_pages': [], 'chars': {}, 'regions_produced': 0, 'normalized_regions': 0} reason=document: selected pages
Local document adapter rejected counts={'requested_pages': [], 'parsed_pages': [], 'chars': {}, 'regions_produced': 0, 'normalized_regions': 0} reason=document: selected pages
Local document adapter rejected counts={'requested_pages': [], 'parsed_pages': [], 'chars': {}, 'regions_produced': 0, 'normalized_regions': 0} reason=document: selected pages
Local document adapter rejected counts={'requested_pages': [], 'parsed_pages': [], 'chars': {}, 'regions_produced': 0, 'normalized_regions': 0} reason=document: selected pages
Local document adapter rejected counts={'requested_pages': [3], 'parsed_pages': [], 'chars': {}, 'regions_produced': 0, 'normalized_regions': 0} reason=document: page outside PDF
Local document adapter rejected counts={'requested_pages': [1], 'parsed_pages': [1], 'chars': {1: 125}, 'regions_produced': 21, 'normalized_regions': 0} reason=document: native box
Local document adapter rejected counts={'requested_pages': [1], 'parsed_pages': [1], 'chars': {1: 17}, 'regions_produced': 1, 'normalized_regions': 0} reason=document: invalid region fields: regions[0].plain_text
Local document adapter rejected counts={'requested_pages': [1], 'parsed_pages': [1], 'chars': {1: 21}, 'regions_produced': 1, 'normalized_regions': 0} reason=document: invalid region fields: regions[0].plain_text
2026-10-06 22:00:41.788 Thread 'MainThread': missing ScriptRunContext! This warning can be ignored when running in bare mode.
2026-10-06 22:00:41.811 Thread 'MainThread': missing ScriptRunContext! This warning can be ignored when running in bare mode.
2026-10-06 22:00:41.811 Thread 'MainThread': missing ScriptRunContext! This warning can be ignored when running in bare mode.
2026-10-06 22:00:41.811 Thread 'MainThread': missing ScriptRunContext! This warning can be ignored when running in bare mode.
2026-10-06 22:00:41.813 Thread 'MainThread': missing ScriptRunContext! This warning can be ignored when running in bare mode.
2026-10-06 22:00:41.813 Thread 'MainThread': missing ScriptRunContext! This warning can be ignored when running in bare mode.
2026-10-06 22:00:41.813 Thread 'MainThread': missing ScriptRunContext! This warning can be ignored when running in bare mode.
2026-10-06 22:00:41.992 Thread 'MainThread': missing ScriptRunContext! This warning can be ignored when running in bare mode.
2026-10-06 22:00:41.992 Thread 'MainThread': missing ScriptRunContext! This warning can be ignored when running in bare mode.
2026-10-06 22:00:42.007 Thread 'MainThread': missing ScriptRunContext! This warning can be ignored when running in bare mode.
2026-10-06 22:00:42.104 Thread 'MainThread': missing ScriptRunContext! This warning can be ignored when running in bare mode.
2026-10-06 22:00:42.104 Thread 'MainThread': missing ScriptRunContext! This warning can be ignored when running in bare mode.
Local document UI structure_available=False parser_available=True requested_pages=[1] reason=document: no native text regions (no OCR)
2026-10-06 22:00:42.996 Thread 'MainThread': missing ScriptRunContext! This warning can be ignored when running in bare mode.
2026-10-06 22:00:43.020 Thread 'MainThread': missing ScriptRunContext! This warning can be ignored when running in bare mode.
2026-10-06 22:00:43.020 Thread 'MainThread': missing ScriptRunContext! This warning can be ignored when running in bare mode.
2026-10-06 22:00:43.020 Thread 'MainThread': missing ScriptRunContext! This warning can be ignored when running in bare mode.
2026-10-06 22:00:43.021 Thread 'MainThread': missing ScriptRunContext! This warning can be ignored when running in bare mode.
2026-10-06 22:00:43.021 Thread 'MainThread': missing ScriptRunContext! This warning can be ignored when running in bare mode.
2026-10-06 22:00:43.021 Thread 'MainThread': missing ScriptRunContext! This warning can be ignored when running in bare mode.
2026-10-06 22:00:43.243 Thread 'MainThread': missing ScriptRunContext! This warning can be ignored when running in bare mode.
2026-10-06 22:00:43.243 Thread 'MainThread': missing ScriptRunContext! This warning can be ignored when running in bare mode.
2026-10-06 22:00:43.247 Thread 'MainThread': missing ScriptRunContext! This warning can be ignored when running in bare mode.
2026-10-06 22:00:44.433 Thread 'MainThread': missing ScriptRunContext! This warning can be ignored when running in bare mode.
2026-10-06 22:00:44.457 Thread 'MainThread': missing ScriptRunContext! This warning can be ignored when running in bare mode.
2026-10-06 22:00:44.458 Thread 'MainThread': missing ScriptRunContext! This warning can be ignored when running in bare mode.
2026-10-06 22:00:44.458 Thread 'MainThread': missing ScriptRunContext! This warning can be ignored when running in bare mode.
2026-10-06 22:00:44.459 Thread 'MainThread': missing ScriptRunContext! This warning can be ignored when running in bare mode.
2026-10-06 22:00:44.459 Thread 'MainThread': missing ScriptRunContext! This warning can be ignored when running in bare mode.
2026-10-06 22:00:44.460 Thread 'MainThread': missing ScriptRunContext! This warning can be ignored when running in bare mode.
2026-10-06 22:00:44.649 Thread 'MainThread': missing ScriptRunContext! This warning can be ignored when running in bare mode.
2026-10-06 22:00:44.649 Thread 'MainThread': missing ScriptRunContext! This warning can be ignored when running in bare mode.
2026-10-06 22:00:44.653 Thread 'MainThread': missing ScriptRunContext! This warning can be ignored when running in bare mode.
2026-10-06 22:00:45.869 Thread 'MainThread': missing ScriptRunContext! This warning can be ignored when running in bare mode.
2026-10-06 22:00:45.892 Thread 'MainThread': missing ScriptRunContext! This warning can be ignored when running in bare mode.
2026-10-06 22:00:45.892 Thread 'MainThread': missing ScriptRunContext! This warning can be ignored when running in bare mode.
2026-10-06 22:00:45.892 Thread 'MainThread': missing ScriptRunContext! This warning can be ignored when running in bare mode.
2026-10-06 22:00:45.894 Thread 'MainThread': missing ScriptRunContext! This warning can be ignored when running in bare mode.
2026-10-06 22:00:45.894 Thread 'MainThread': missing ScriptRunContext! This warning can be ignored when running in bare mode.
2026-10-06 22:00:45.894 Thread 'MainThread': missing ScriptRunContext! This warning can be ignored when running in bare mode.
2026-10-06 22:00:46.080 Thread 'MainThread': missing ScriptRunContext! This warning can be ignored when running in bare mode.
2026-10-06 22:00:46.080 Thread 'MainThread': missing ScriptRunContext! This warning can be ignored when running in bare mode.
2026-10-06 22:00:46.084 Thread 'MainThread': missing ScriptRunContext! This warning can be ignored when running in bare mode.
2026-10-06 22:00:47.772 Thread 'MainThread': missing ScriptRunContext! This warning can be ignored when running in bare mode.
2026-10-06 22:00:47.772 Thread 'MainThread': missing ScriptRunContext! This warning can be ignored when running in bare mode.
2026-10-06 22:00:47.772 Thread 'MainThread': missing ScriptRunContext! This warning can be ignored when running in bare mode.
2026-10-06 22:00:47.772 Thread 'MainThread': missing ScriptRunContext! This warning can be ignored when running in bare mode.
2026-10-06 22:00:47.772 Thread 'MainThread': missing ScriptRunContext! This warning can be ignored when running in bare mode.
2026-10-06 22:00:47.772 Thread 'MainThread': missing ScriptRunContext! This warning can be ignored when running in bare mode.
2026-10-06 22:00:49.415 Thread 'MainThread': missing ScriptRunContext! This warning can be ignored when running in bare mode.
2026-10-06 22:00:49.415 Thread 'MainThread': missing ScriptRunContext! This warning can be ignored when running in bare mode.
2026-10-06 22:00:49.415 Thread 'MainThread': missing ScriptRunContext! This warning can be ignored when running in bare mode.
2026-10-06 22:00:49.415 Thread 'MainThread': missing ScriptRunContext! This warning can be ignored when running in bare mode.
2026-10-06 22:00:49.415 Thread 'MainThread': missing ScriptRunContext! This warning can be ignored when running in bare mode.
2026-10-06 22:00:49.415 Thread 'MainThread': missing ScriptRunContext! This warning can be ignored when running in bare mode.
2026-10-06 22:00:50.410 Thread 'MainThread': missing ScriptRunContext! This warning can be ignored when running in bare mode.
2026-10-06 22:00:50.603 Thread 'MainThread': missing ScriptRunContext! This warning can be ignored when running in bare mode.
2026-10-06 22:00:50.603 Thread 'MainThread': missing ScriptRunContext! This warning can be ignored when running in bare mode.
2026-10-06 22:00:50.603 Thread 'MainThread': missing ScriptRunContext! This warning can be ignored when running in bare mode.
2026-10-06 22:00:50.603 Thread 'MainThread': missing ScriptRunContext! This warning can be ignored when running in bare mode.
2026-10-06 22:00:50.603 Thread 'MainThread': missing ScriptRunContext! This warning can be ignored when running in bare mode.
2026-10-06 22:00:50.603 Thread 'MainThread': missing ScriptRunContext! This warning can be ignored when running in bare mode.
2026-10-06 22:00:50.713 Thread 'MainThread': missing ScriptRunContext! This warning can be ignored when running in bare mode.
2026-10-06 22:00:50.714 Thread 'MainThread': missing ScriptRunContext! This warning can be ignored when running in bare mode.
2026-10-06 22:00:50.714 Thread 'MainThread': missing ScriptRunContext! This warning can be ignored when running in bare mode.
2026-10-06 22:00:50.714 Thread 'MainThread': missing ScriptRunContext! This warning can be ignored when running in bare mode.
2026-10-06 22:00:50.715 Thread 'MainThread': missing ScriptRunContext! This warning can be ignored when running in bare mode.
2026-10-06 22:00:50.807 Thread 'MainThread': missing ScriptRunContext! This warning can be ignored when running in bare mode.
2026-10-06 22:00:50.807 Thread 'MainThread': missing ScriptRunContext! This warning can be ignored when running in bare mode.
Local document UI structure_available=False parser_available=True requested_pages=[1] reason=document: no native text regions (no OCR)
2026-10-06 22:00:52.549 Please replace `use_container_width` with `width`.

`use_container_width` will be removed after 2025-12-31.

For `use_container_width=True`, use `width='stretch'`. For `use_container_width=False`, use `width='content'`.
2026-10-06 22:00:52.562 Thread 'MainThread': missing ScriptRunContext! This warning can be ignored when running in bare mode.
2026-10-06 22:00:52.563 Thread 'MainThread': missing ScriptRunContext! This warning can be ignored when running in bare mode.
2026-10-06 22:00:52.563 Thread 'MainThread': missing ScriptRunContext! This warning can be ignored when running in bare mode.
2026-10-06 22:00:52.563 Thread 'MainThread': missing ScriptRunContext! This warning can be ignored when running in bare mode.
2026-10-06 22:00:52.563 Thread 'MainThread': missing ScriptRunContext! This warning can be ignored when running in bare mode.
2026-10-06 22:00:52.563 Thread 'MainThread': missing ScriptRunContext! This warning can be ignored when running in bare mode.
2026-10-06 22:00:52.671 Thread 'MainThread': missing ScriptRunContext! This warning can be ignored when running in bare mode.
2026-10-06 22:00:52.672 Thread 'MainThread': missing ScriptRunContext! This warning can be ignored when running in bare mode.
2026-10-06 22:00:52.673 Thread 'MainThread': missing ScriptRunContext! This warning can be ignored when running in bare mode.
2026-10-06 22:00:52.673 Thread 'MainThread': missing ScriptRunContext! This warning can be ignored when running in bare mode.
2026-10-06 22:00:52.673 Thread 'MainThread': missing ScriptRunContext! This warning can be ignored when running in bare mode.
2026-10-06 22:00:52.673 Thread 'MainThread': missing ScriptRunContext! This warning can be ignored when running in bare mode.
2026-10-06 22:00:54.079 Please replace `use_container_width` with `width`.

`use_container_width` will be removed after 2025-12-31.

For `use_container_width=True`, use `width='stretch'`. For `use_container_width=False`, use `width='content'`.
2026-10-06 22:00:54.091 Thread 'MainThread': missing ScriptRunContext! This warning can be ignored when running in bare mode.
2026-10-06 22:00:54.091 Thread 'MainThread': missing ScriptRunContext! This warning can be ignored when running in bare mode.
2026-10-06 22:00:54.091 Thread 'MainThread': missing ScriptRunContext! This warning can be ignored when running in bare mode.
2026-10-06 22:00:54.091 Thread 'MainThread': missing ScriptRunContext! This warning can be ignored when running in bare mode.
2026-10-06 22:00:54.091 Thread 'MainThread': missing ScriptRunContext! This warning can be ignored when running in bare mode.
2026-10-06 22:00:54.091 Thread 'MainThread': missing ScriptRunContext! This warning can be ignored when running in bare mode.
2026-10-06 22:00:54.847 Thread 'MainThread': missing ScriptRunContext! This warning can be ignored when running in bare mode.
2026-10-06 22:00:54.847 Thread 'MainThread': missing ScriptRunContext! This warning can be ignored when running in bare mode.
2026-10-06 22:00:54.847 Thread 'MainThread': missing ScriptRunContext! This warning can be ignored when running in bare mode.
2026-10-06 22:00:54.847 Thread 'MainThread': missing ScriptRunContext! This warning can be ignored when running in bare mode.
2026-10-06 22:00:54.847 Thread 'MainThread': missing ScriptRunContext! This warning can be ignored when running in bare mode.
2026-10-06 22:00:54.847 Thread 'MainThread': missing ScriptRunContext! This warning can be ignored when running in bare mode.
2026-10-06 22:00:56.143 Thread 'MainThread': missing ScriptRunContext! This warning can be ignored when running in bare mode.
2026-10-06 22:00:56.144 Thread 'MainThread': missing ScriptRunContext! This warning can be ignored when running in bare mode.
2026-10-06 22:00:56.144 Thread 'MainThread': missing ScriptRunContext! This warning can be ignored when running in bare mode.
2026-10-06 22:00:56.144 Thread 'MainThread': missing ScriptRunContext! This warning can be ignored when running in bare mode.
2026-10-06 22:00:56.144 Thread 'MainThread': missing ScriptRunContext! This warning can be ignored when running in bare mode.
2026-10-06 22:00:56.144 Thread 'MainThread': missing ScriptRunContext! This warning can be ignored when running in bare mode.
2026-10-06 22:00:56.144 Thread 'MainThread': missing ScriptRunContext! This warning can be ignored when running in bare mode.
2026-10-06 22:00:56.144 Thread 'MainThread': missing ScriptRunContext! This warning can be ignored when running in bare mode.
2026-10-06 22:00:56.954 Thread 'MainThread': missing ScriptRunContext! This warning can be ignored when running in bare mode.
2026-10-06 22:00:56.954 Thread 'MainThread': missing ScriptRunContext! This warning can be ignored when running in bare mode.
2026-10-06 22:00:56.954 Thread 'MainThread': missing ScriptRunContext! This warning can be ignored when running in bare mode.
2026-10-06 22:00:56.954 Thread 'MainThread': missing ScriptRunContext! This warning can be ignored when running in bare mode.
2026-10-06 22:00:56.954 Thread 'MainThread': missing ScriptRunContext! This warning can be ignored when running in bare mode.
2026-10-06 22:00:56.954 Thread 'MainThread': missing ScriptRunContext! This warning can be ignored when running in bare mode.
2026-10-06 22:00:57.063 Thread 'MainThread': missing ScriptRunContext! This warning can be ignored when running in bare mode.
2026-10-06 22:00:57.065 Thread 'MainThread': missing ScriptRunContext! This warning can be ignored when running in bare mode.
2026-10-06 22:00:57.065 Thread 'MainThread': missing ScriptRunContext! This warning can be ignored when running in bare mode.
2026-10-06 22:00:57.065 Thread 'MainThread': missing ScriptRunContext! This warning can be ignored when running in bare mode.
2026-10-06 22:00:57.065 Thread 'MainThread': missing ScriptRunContext! This warning can be ignored when running in bare mode.
2026-10-06 22:00:58.922 Please replace `use_container_width` with `width`.

`use_container_width` will be removed after 2025-12-31.

For `use_container_width=True`, use `width='stretch'`. For `use_container_width=False`, use `width='content'`.
2026-10-06 22:00:59.222 Please replace `use_container_width` with `width`.

`use_container_width` will be removed after 2025-12-31.

For `use_container_width=True`, use `width='stretch'`. For `use_container_width=False`, use `width='content'`.
2026-10-06 22:00:59.620 Thread 'MainThread': missing ScriptRunContext! This warning can be ignored when running in bare mode.
2026-10-06 22:00:59.620 Thread 'MainThread': missing ScriptRunContext! This warning can be ignored when running in bare mode.
2026-10-06 22:00:59.620 Thread 'MainThread': missing ScriptRunContext! This warning can be ignored when running in bare mode.
2026-10-06 22:00:59.620 Thread 'MainThread': missing ScriptRunContext! This warning can be ignored when running in bare mode.
2026-10-06 22:00:59.620 Thread 'MainThread': missing ScriptRunContext! This warning can be ignored when running in bare mode.
2026-10-06 22:00:59.620 Thread 'MainThread': missing ScriptRunContext! This warning can be ignored when running in bare mode.
2026-10-06 22:00:59.731 Thread 'MainThread': missing ScriptRunContext! This warning can be ignored when running in bare mode.
2026-10-06 22:00:59.732 Thread 'MainThread': missing ScriptRunContext! This warning can be ignored when running in bare mode.
2026-10-06 22:00:59.733 Thread 'MainThread': missing ScriptRunContext! This warning can be ignored when running in bare mode.
2026-10-06 22:00:59.733 Thread 'MainThread': missing ScriptRunContext! This warning can be ignored when running in bare mode.
2026-10-06 22:00:59.733 Thread 'MainThread': missing ScriptRunContext! This warning can be ignored when running in bare mode.
2026-10-06 22:01:00.949 Please replace `use_container_width` with `width`.

`use_container_width` will be removed after 2025-12-31.

For `use_container_width=True`, use `width='stretch'`. For `use_container_width=False`, use `width='content'`.
2026-10-06 22:01:01.241 Please replace `use_container_width` with `width`.

`use_container_width` will be removed after 2025-12-31.

For `use_container_width=True`, use `width='stretch'`. For `use_container_width=False`, use `width='content'`.
2026-10-06 22:01:01.960 Please replace `use_container_width` with `width`.

`use_container_width` will be removed after 2025-12-31.

For `use_container_width=True`, use `width='stretch'`. For `use_container_width=False`, use `width='content'`.
2026-10-06 22:01:01.974 Thread 'MainThread': missing ScriptRunContext! This warning can be ignored when running in bare mode.
2026-10-06 22:01:01.974 Thread 'MainThread': missing ScriptRunContext! This warning can be ignored when running in bare mode.
2026-10-06 22:01:01.975 Thread 'MainThread': missing ScriptRunContext! This warning can be ignored when running in bare mode.
2026-10-06 22:01:01.975 Thread 'MainThread': missing ScriptRunContext! This warning can be ignored when running in bare mode.
2026-10-06 22:01:01.975 Thread 'MainThread': missing ScriptRunContext! This warning can be ignored when running in bare mode.
2026-10-06 22:01:01.975 Thread 'MainThread': missing ScriptRunContext! This warning can be ignored when running in bare mode.
2026-10-06 22:01:02.091 Thread 'MainThread': missing ScriptRunContext! This warning can be ignored when running in bare mode.
2026-10-06 22:01:02.093 Thread 'MainThread': missing ScriptRunContext! This warning can be ignored when running in bare mode.
2026-10-06 22:01:02.093 Thread 'MainThread': missing ScriptRunContext! This warning can be ignored when running in bare mode.
2026-10-06 22:01:02.093 Thread 'MainThread': missing ScriptRunContext! This warning can be ignored when running in bare mode.
2026-10-06 22:01:02.094 Thread 'MainThread': missing ScriptRunContext! This warning can be ignored when running in bare mode.
2026-10-06 22:01:04.144 Please replace `use_container_width` with `width`.

`use_container_width` will be removed after 2025-12-31.

For `use_container_width=True`, use `width='stretch'`. For `use_container_width=False`, use `width='content'`.
2026-10-06 22:01:04.624 Thread 'MainThread': missing ScriptRunContext! This warning can be ignored when running in bare mode.
2026-10-06 22:01:04.624 Thread 'MainThread': missing ScriptRunContext! This warning can be ignored when running in bare mode.
2026-10-06 22:01:04.624 Thread 'MainThread': missing ScriptRunContext! This warning can be ignored when running in bare mode.
2026-10-06 22:01:04.624 Thread 'MainThread': missing ScriptRunContext! This warning can be ignored when running in bare mode.
2026-10-06 22:01:04.624 Thread 'MainThread': missing ScriptRunContext! This warning can be ignored when running in bare mode.
2026-10-06 22:01:04.624 Thread 'MainThread': missing ScriptRunContext! This warning can be ignored when running in bare mode.
2026-10-06 22:01:04.660 Thread 'MainThread': missing ScriptRunContext! This warning can be ignored when running in bare mode.
2026-10-06 22:01:04.660 Thread 'MainThread': missing ScriptRunContext! This warning can be ignored when running in bare mode.
2026-10-06 22:01:04.660 Thread 'MainThread': missing ScriptRunContext! This warning can be ignored when running in bare mode.
2026-10-06 22:01:04.660 Thread 'MainThread': missing ScriptRunContext! This warning can be ignored when running in bare mode.
2026-10-06 22:01:07.932 Thread 'MainThread': missing ScriptRunContext! This warning can be ignored when running in bare mode.
2026-10-06 22:01:07.933 Thread 'MainThread': missing ScriptRunContext! This warning can be ignored when running in bare mode.
2026-10-06 22:01:07.933 Thread 'MainThread': missing ScriptRunContext! This warning can be ignored when running in bare mode.
2026-10-06 22:01:07.933 Thread 'MainThread': missing ScriptRunContext! This warning can be ignored when running in bare mode.
2026-10-06 22:01:07.933 Thread 'MainThread': missing ScriptRunContext! This warning can be ignored when running in bare mode.
2026-10-06 22:01:07.933 Thread 'MainThread': missing ScriptRunContext! This warning can be ignored when running in bare mode.
2026-10-06 22:01:07.933 Thread 'MainThread': missing ScriptRunContext! This warning can be ignored when running in bare mode.
2026-10-06 22:01:07.933 Thread 'MainThread': missing ScriptRunContext! This warning can be ignored when running in bare mode.
2026-10-06 22:01:10.212 Thread 'MainThread': missing ScriptRunContext! This warning can be ignored when running in bare mode.
2026-10-06 22:01:10.212 Thread 'MainThread': missing ScriptRunContext! This warning can be ignored when running in bare mode.
2026-10-06 22:01:10.213 Thread 'MainThread': missing ScriptRunContext! This warning can be ignored when running in bare mode.
2026-10-06 22:01:10.213 Thread 'MainThread': missing ScriptRunContext! This warning can be ignored when running in bare mode.
2026-10-06 22:01:10.213 Thread 'MainThread': missing ScriptRunContext! This warning can be ignored when running in bare mode.
2026-10-06 22:01:10.213 Thread 'MainThread': missing ScriptRunContext! This warning can be ignored when running in bare mode.
2026-10-06 22:01:10.213 Thread 'MainThread': missing ScriptRunContext! This warning can be ignored when running in bare mode.
2026-10-06 22:01:10.784 Thread 'MainThread': missing ScriptRunContext! This warning can be ignored when running in bare mode.
2026-10-06 22:01:10.785 Thread 'MainThread': missing ScriptRunContext! This warning can be ignored when running in bare mode.
2026-10-06 22:01:10.785 Thread 'MainThread': missing ScriptRunContext! This warning can be ignored when running in bare mode.
2026-10-06 22:01:10.785 Thread 'MainThread': missing ScriptRunContext! This warning can be ignored when running in bare mode.
2026-10-06 22:01:10.785 Thread 'MainThread': missing ScriptRunContext! This warning can be ignored when running in bare mode.
2026-10-06 22:01:10.785 Thread 'MainThread': missing ScriptRunContext! This warning can be ignored when running in bare mode.
2026-10-06 22:01:10.785 Thread 'MainThread': missing ScriptRunContext! This warning can be ignored when running in bare mode.
2026-10-06 22:01:10.809 Thread 'MainThread': missing ScriptRunContext! This warning can be ignored when running in bare mode.
2026-10-06 22:01:10.810 Thread 'MainThread': missing ScriptRunContext! This warning can be ignored when running in bare mode.
2026-10-06 22:01:10.810 Thread 'MainThread': missing ScriptRunContext! This warning can be ignored when running in bare mode.
2026-10-06 22:01:10.810 Thread 'MainThread': missing ScriptRunContext! This warning can be ignored when running in bare mode.
2026-10-06 22:01:12.160 Thread 'MainThread': missing ScriptRunContext! This warning can be ignored when running in bare mode.
2026-10-06 22:01:12.160 Thread 'MainThread': missing ScriptRunContext! This warning can be ignored when running in bare mode.
2026-10-06 22:01:12.160 Thread 'MainThread': missing ScriptRunContext! This warning can be ignored when running in bare mode.
2026-10-06 22:01:12.160 Thread 'MainThread': missing ScriptRunContext! This warning can be ignored when running in bare mode.
2026-10-06 22:01:12.160 Thread 'MainThread': missing ScriptRunContext! This warning can be ignored when running in bare mode.
2026-10-06 22:01:12.160 Thread 'MainThread': missing ScriptRunContext! This warning can be ignored when running in bare mode.
2026-10-06 22:01:12.160 Thread 'MainThread': missing ScriptRunContext! This warning can be ignored when running in bare mode.
2026-10-06 22:01:14.194 Thread 'MainThread': missing ScriptRunContext! This warning can be ignored when running in bare mode.
2026-10-06 22:01:14.195 Thread 'MainThread': missing ScriptRunContext! This warning can be ignored when running in bare mode.
2026-10-06 22:01:14.195 Thread 'MainThread': missing ScriptRunContext! This warning can be ignored when running in bare mode.
2026-10-06 22:01:14.195 Thread 'MainThread': missing ScriptRunContext! This warning can be ignored when running in bare mode.
2026-10-06 22:01:14.195 Thread 'MainThread': missing ScriptRunContext! This warning can be ignored when running in bare mode.
2026-10-06 22:01:14.195 Thread 'MainThread': missing ScriptRunContext! This warning can be ignored when running in bare mode.
2026-10-06 22:01:14.195 Thread 'MainThread': missing ScriptRunContext! This warning can be ignored when running in bare mode.
Learning representation rejected stage=request code=external_failure path=$
Learning representation rejected stage=response code=incomplete path=$
Learning representation rejected stage=response code=response_bound path=$
Learning representation rejected stage=normalize code=fields path=$
Learning representation rejected stage=response code=refusal path=$
Learning representation rejected stage=request code=external_failure path=$
Learning representation rejected stage=normalize code=reference path=$.process.collections[0].semantic_id
2026-10-06 22:01:15.751 Thread 'MainThread': missing ScriptRunContext! This warning can be ignored when running in bare mode.
2026-10-06 22:01:18.317 Thread 'MainThread': missing ScriptRunContext! This warning can be ignored when running in bare mode.
2026-10-06 22:01:18.317 Thread 'MainThread': missing ScriptRunContext! This warning can be ignored when running in bare mode.
2026-10-06 22:01:18.317 Thread 'MainThread': missing ScriptRunContext! This warning can be ignored when running in bare mode.
2026-10-06 22:01:18.317 Thread 'MainThread': missing ScriptRunContext! This warning can be ignored when running in bare mode.
2026-10-06 22:01:18.317 Thread 'MainThread': missing ScriptRunContext! This warning can be ignored when running in bare mode.
2026-10-06 22:01:18.317 Thread 'MainThread': missing ScriptRunContext! This warning can be ignored when running in bare mode.
Learning representation rejected stage=normalize code=reference path=$
2026-10-06 22:01:19.951 Thread 'MainThread': missing ScriptRunContext! This warning can be ignored when running in bare mode.
2026-10-06 22:01:19.951 Thread 'MainThread': missing ScriptRunContext! This warning can be ignored when running in bare mode.
2026-10-06 22:01:19.951 Thread 'MainThread': missing ScriptRunContext! This warning can be ignored when running in bare mode.
2026-10-06 22:01:19.951 Thread 'MainThread': missing ScriptRunContext! This warning can be ignored when running in bare mode.
2026-10-06 22:01:19.951 Thread 'MainThread': missing ScriptRunContext! This warning can be ignored when running in bare mode.
2026-10-06 22:01:19.951 Thread 'MainThread': missing ScriptRunContext! This warning can be ignored when running in bare mode.
2026-10-06 22:01:19.951 Thread 'MainThread': missing ScriptRunContext! This warning can be ignored when running in bare mode.
2026-10-06 22:01:19.951 Thread 'MainThread': missing ScriptRunContext! This warning can be ignored when running in bare mode.
2026-10-06 22:01:20.673 Please replace `use_container_width` with `width`.

`use_container_width` will be removed after 2025-12-31.

For `use_container_width=True`, use `width='stretch'`. For `use_container_width=False`, use `width='content'`.
2026-10-06 22:01:20.900 Please replace `use_container_width` with `width`.

`use_container_width` will be removed after 2025-12-31.

For `use_container_width=True`, use `width='stretch'`. For `use_container_width=False`, use `width='content'`.
2026-10-06 22:01:21.756 Please replace `use_container_width` with `width`.

`use_container_width` will be removed after 2025-12-31.

For `use_container_width=True`, use `width='stretch'`. For `use_container_width=False`, use `width='content'`.
2026-10-06 22:01:21.775 Thread 'MainThread': missing ScriptRunContext! This warning can be ignored when running in bare mode.
2026-10-06 22:01:21.775 Thread 'MainThread': missing ScriptRunContext! This warning can be ignored when running in bare mode.
2026-10-06 22:01:21.775 Thread 'MainThread': missing ScriptRunContext! This warning can be ignored when running in bare mode.
2026-10-06 22:01:21.775 Thread 'MainThread': missing ScriptRunContext! This warning can be ignored when running in bare mode.
2026-10-06 22:01:21.775 Thread 'MainThread': missing ScriptRunContext! This warning can be ignored when running in bare mode.
2026-10-06 22:01:21.775 Thread 'MainThread': missing ScriptRunContext! This warning can be ignored when running in bare mode.
2026-10-06 22:01:21.775 Thread 'MainThread': missing ScriptRunContext! This warning can be ignored when running in bare mode.
2026-10-06 22:01:21.775 Thread 'MainThread': missing ScriptRunContext! This warning can be ignored when running in bare mode.
2026-10-06 22:01:22.526 Please replace `use_container_width` with `width`.

`use_container_width` will be removed after 2025-12-31.

For `use_container_width=True`, use `width='stretch'`. For `use_container_width=False`, use `width='content'`.
2026-10-06 22:01:22.778 Please replace `use_container_width` with `width`.

`use_container_width` will be removed after 2025-12-31.

For `use_container_width=True`, use `width='stretch'`. For `use_container_width=False`, use `width='content'`.
2026-10-06 22:01:23.033 Please replace `use_container_width` with `width`.

`use_container_width` will be removed after 2025-12-31.

For `use_container_width=True`, use `width='stretch'`. For `use_container_width=False`, use `width='content'`.
2026-10-06 22:01:23.065 Thread 'MainThread': missing ScriptRunContext! This warning can be ignored when running in bare mode.
2026-10-06 22:01:23.065 Thread 'MainThread': missing ScriptRunContext! This warning can be ignored when running in bare mode.
2026-10-06 22:01:23.065 Thread 'MainThread': missing ScriptRunContext! This warning can be ignored when running in bare mode.
2026-10-06 22:01:23.065 Thread 'MainThread': missing ScriptRunContext! This warning can be ignored when running in bare mode.
2026-10-06 22:01:23.065 Thread 'MainThread': missing ScriptRunContext! This warning can be ignored when running in bare mode.
2026-10-06 22:01:23.065 Thread 'MainThread': missing ScriptRunContext! This warning can be ignored when running in bare mode.
2026-10-06 22:01:23.065 Thread 'MainThread': missing ScriptRunContext! This warning can be ignored when running in bare mode.
2026-10-06 22:01:23.065 Thread 'MainThread': missing ScriptRunContext! This warning can be ignored when running in bare mode.
2026-10-06 22:01:23.065 Thread 'MainThread': missing ScriptRunContext! This warning can be ignored when running in bare mode.
2026-10-06 22:01:23.768 Please replace `use_container_width` with `width`.

`use_container_width` will be removed after 2025-12-31.

For `use_container_width=True`, use `width='stretch'`. For `use_container_width=False`, use `width='content'`.
2026-10-06 22:01:24.015 Please replace `use_container_width` with `width`.

`use_container_width` will be removed after 2025-12-31.

For `use_container_width=True`, use `width='stretch'`. For `use_container_width=False`, use `width='content'`.
2026-10-06 22:01:24.443 Please replace `use_container_width` with `width`.

`use_container_width` will be removed after 2025-12-31.

For `use_container_width=True`, use `width='stretch'`. For `use_container_width=False`, use `width='content'`.
2026-10-06 22:01:24.457 Thread 'MainThread': missing ScriptRunContext! This warning can be ignored when running in bare mode.
2026-10-06 22:01:24.458 Thread 'MainThread': missing ScriptRunContext! This warning can be ignored when running in bare mode.
2026-10-06 22:01:24.458 Thread 'MainThread': missing ScriptRunContext! This warning can be ignored when running in bare mode.
2026-10-06 22:01:24.458 Thread 'MainThread': missing ScriptRunContext! This warning can be ignored when running in bare mode.
2026-10-06 22:01:24.458 Thread 'MainThread': missing ScriptRunContext! This warning can be ignored when running in bare mode.
2026-10-06 22:01:24.458 Thread 'MainThread': missing ScriptRunContext! This warning can be ignored when running in bare mode.
2026-10-06 22:01:24.458 Thread 'MainThread': missing ScriptRunContext! This warning can be ignored when running in bare mode.
2026-10-06 22:01:24.458 Thread 'MainThread': missing ScriptRunContext! This warning can be ignored when running in bare mode.
Learning representation rejected stage=normalize code=duplicate_runtime_id path=$.process.transitions[0].id
2026-10-06 22:01:26.800 Thread 'MainThread': missing ScriptRunContext! This warning can be ignored when running in bare mode.
2026-10-06 22:01:26.800 Thread 'MainThread': missing ScriptRunContext! This warning can be ignored when running in bare mode.
2026-10-06 22:01:27.501 The widget with key "product_language" was created with a default value but also had its value set via the Session State API.
Stack (most recent call last):
  File "C:\Users\88690\AppData\Local\Python\pythoncore-3.14-64\Lib\threading.py", line 1044, in _bootstrap
    self._bootstrap_inner()
  File "C:\Users\88690\AppData\Local\Python\pythoncore-3.14-64\Lib\threading.py", line 1082, in _bootstrap_inner
    self._context.run(self.run)
  File "C:\Users\88690\AppData\Local\Python\pythoncore-3.14-64\Lib\threading.py", line 1024, in run
    self._target(*self._args, **self._kwargs)
  File "C:\Users\88690\AppData\Local\Python\pythoncore-3.14-64\Lib\site-packages\streamlit\testing\v1\local_script_runner.py", line 144, in _run_script_thread
    super()._run_script_thread()
  File "C:\Users\88690\AppData\Local\Python\pythoncore-3.14-64\Lib\site-packages\streamlit\runtime\scriptrunner\script_runner.py", line 423, in _run_script_thread
    self._run_script(request.rerun_data)
  File "C:\Users\88690\AppData\Local\Python\pythoncore-3.14-64\Lib\site-packages\streamlit\runtime\scriptrunner\script_runner.py", line 934, in _run_script
    ) = exec_func_with_error_handling(code_to_exec, ctx)
  File "C:\Users\88690\AppData\Local\Python\pythoncore-3.14-64\Lib\site-packages\streamlit\runtime\scriptrunner\exec_code.py", line 136, in exec_func_with_error_handling
    result = func()
  File "C:\Users\88690\AppData\Local\Python\pythoncore-3.14-64\Lib\site-packages\streamlit\runtime\scriptrunner\script_runner.py", line 909, in code_to_exec
    exec(code, module.__dict__)  # noqa: S102
  File "C:\Users\88690\OneDrive\桌面\visual-learning-lab\tests\manual_day23.py", line 42, in <module>
    runpy.run_path(str(ROOT / "app.py"), run_name="__main__")
  File "<frozen runpy>", line 294, in run_path
  File "<frozen runpy>", line 98, in _run_module_code
  File "<frozen runpy>", line 88, in _run_code
  File "C:\Users\88690\OneDrive\桌面\visual-learning-lab\app.py", line 2788, in <module>
    render_header()
  File "C:\Users\88690\OneDrive\桌面\visual-learning-lab\presentation.py", line 55, in render_header
    st.selectbox("語言 / Language", options=list(LANGUAGE_NAMES),
  File "C:\Users\88690\AppData\Local\Python\pythoncore-3.14-64\Lib\site-packages\streamlit\runtime\metrics_util.py", line 725, in wrapped_func
    result = non_optional_func(*args, **kwargs)
  File "C:\Users\88690\AppData\Local\Python\pythoncore-3.14-64\Lib\site-packages\streamlit\elements\widgets\selectbox.py", line 636, in selectbox
    return self._selectbox(
  File "C:\Users\88690\AppData\Local\Python\pythoncore-3.14-64\Lib\site-packages\streamlit\elements\widgets\selectbox.py", line 685, in _selectbox
    check_widget_policies(
  File "C:\Users\88690\AppData\Local\Python\pythoncore-3.14-64\Lib\site-packages\streamlit\elements\lib\policies.py", line 146, in check_widget_policies
    check_session_state_rules(
  File "C:\Users\88690\AppData\Local\Python\pythoncore-3.14-64\Lib\site-packages\streamlit\elements\lib\policies.py", line 90, in check_session_state_rules
    _LOGGER.warning(
2026-10-06 22:01:27.552 Please replace `use_container_width` with `width`.

`use_container_width` will be removed after 2025-12-31.

For `use_container_width=True`, use `width='stretch'`. For `use_container_width=False`, use `width='content'`.
2026-10-06 22:01:27.577 Thread 'MainThread': missing ScriptRunContext! This warning can be ignored when running in bare mode.
2026-10-06 22:01:27.577 Thread 'MainThread': missing ScriptRunContext! This warning can be ignored when running in bare mode.
2026-10-06 22:01:28.370 Thread 'MainThread': missing ScriptRunContext! This warning can be ignored when running in bare mode.
2026-10-06 22:01:28.370 Thread 'MainThread': missing ScriptRunContext! This warning can be ignored when running in bare mode.
2026-10-06 22:01:29.234 Thread 'MainThread': missing ScriptRunContext! This warning can be ignored when running in bare mode.
2026-10-06 22:01:29.935 Please replace `use_container_width` with `width`.

`use_container_width` will be removed after 2025-12-31.

For `use_container_width=True`, use `width='stretch'`. For `use_container_width=False`, use `width='content'`.
2026-10-06 22:01:29.953 Thread 'MainThread': missing ScriptRunContext! This warning can be ignored when running in bare mode.
2026-10-06 22:01:29.954 Thread 'MainThread': missing ScriptRunContext! This warning can be ignored when running in bare mode.
2026-10-06 22:01:29.954 Thread 'MainThread': missing ScriptRunContext! This warning can be ignored when running in bare mode.
2026-10-06 22:01:29.954 Thread 'MainThread': missing ScriptRunContext! This warning can be ignored when running in bare mode.
2026-10-06 22:01:29.954 Thread 'MainThread': missing ScriptRunContext! This warning can be ignored when running in bare mode.
2026-10-06 22:01:29.954 Thread 'MainThread': missing ScriptRunContext! This warning can be ignored when running in bare mode.
2026-10-06 22:01:29.954 Thread 'MainThread': missing ScriptRunContext! This warning can be ignored when running in bare mode.
2026-10-06 22:01:29.955 Thread 'MainThread': missing ScriptRunContext! This warning can be ignored when running in bare mode.
2026-10-06 22:01:29.955 Thread 'MainThread': missing ScriptRunContext! This warning can be ignored when running in bare mode.
2026-10-06 22:01:29.955 Thread 'MainThread': missing ScriptRunContext! This warning can be ignored when running in bare mode.
2026-10-06 22:01:29.955 Thread 'MainThread': missing ScriptRunContext! This warning can be ignored when running in bare mode.
2026-10-06 22:01:29.955 Thread 'MainThread': missing ScriptRunContext! This warning can be ignored when running in bare mode.
2026-10-06 22:01:29.955 Thread 'MainThread': missing ScriptRunContext! This warning can be ignored when running in bare mode.
2026-10-06 22:01:29.955 Thread 'MainThread': missing ScriptRunContext! This warning can be ignored when running in bare mode.
2026-10-06 22:01:29.955 Thread 'MainThread': missing ScriptRunContext! This warning can be ignored when running in bare mode.
2026-10-06 22:01:29.955 Thread 'MainThread': missing ScriptRunContext! This warning can be ignored when running in bare mode.
2026-10-06 22:01:29.955 Thread 'MainThread': missing ScriptRunContext! This warning can be ignored when running in bare mode.
2026-10-06 22:01:29.955 Thread 'MainThread': missing ScriptRunContext! This warning can be ignored when running in bare mode.
2026-10-06 22:01:29.955 Thread 'MainThread': missing ScriptRunContext! This warning can be ignored when running in bare mode.
2026-10-06 22:01:29.955 Thread 'MainThread': missing ScriptRunContext! This warning can be ignored when running in bare mode.
2026-10-06 22:01:29.955 Thread 'MainThread': missing ScriptRunContext! This warning can be ignored when running in bare mode.
2026-10-06 22:01:29.956 Thread 'MainThread': missing ScriptRunContext! This warning can be ignored when running in bare mode.
2026-10-06 22:01:29.956 Thread 'MainThread': missing ScriptRunContext! This warning can be ignored when running in bare mode.
2026-10-06 22:01:29.956 Thread 'MainThread': missing ScriptRunContext! This warning can be ignored when running in bare mode.
2026-10-06 22:01:29.956 Thread 'MainThread': missing ScriptRunContext! This warning can be ignored when running in bare mode.
2026-10-06 22:01:29.956 Thread 'MainThread': missing ScriptRunContext! This warning can be ignored when running in bare mode.
2026-10-06 22:01:29.956 Thread 'MainThread': missing ScriptRunContext! This warning can be ignored when running in bare mode.
2026-10-06 22:01:29.956 Thread 'MainThread': missing ScriptRunContext! This warning can be ignored when running in bare mode.
2026-10-06 22:01:29.956 Thread 'MainThread': missing ScriptRunContext! This warning can be ignored when running in bare mode.
2026-10-06 22:01:29.956 Thread 'MainThread': missing ScriptRunContext! This warning can be ignored when running in bare mode.
2026-10-06 22:01:29.956 Thread 'MainThread': missing ScriptRunContext! This warning can be ignored when running in bare mode.
2026-10-06 22:01:29.956 Thread 'MainThread': missing ScriptRunContext! This warning can be ignored when running in bare mode.
2026-10-06 22:01:29.956 Thread 'MainThread': missing ScriptRunContext! This warning can be ignored when running in bare mode.
2026-10-06 22:01:29.956 Thread 'MainThread': missing ScriptRunContext! This warning can be ignored when running in bare mode.
2026-10-06 22:01:29.956 Thread 'MainThread': missing ScriptRunContext! This warning can be ignored when running in bare mode.
2026-10-06 22:01:29.956 Thread 'MainThread': missing ScriptRunContext! This warning can be ignored when running in bare mode.
2026-10-06 22:01:29.956 Thread 'MainThread': missing ScriptRunContext! This warning can be ignored when running in bare mode.
2026-10-06 22:01:29.956 Thread 'MainThread': missing ScriptRunContext! This warning can be ignored when running in bare mode.
2026-10-06 22:01:29.956 Thread 'MainThread': missing ScriptRunContext! This warning can be ignored when running in bare mode.
2026-10-06 22:01:29.957 Thread 'MainThread': missing ScriptRunContext! This warning can be ignored when running in bare mode.
2026-10-06 22:01:29.957 Thread 'MainThread': missing ScriptRunContext! This warning can be ignored when running in bare mode.
2026-10-06 22:01:29.957 Thread 'MainThread': missing ScriptRunContext! This warning can be ignored when running in bare mode.
2026-10-06 22:01:29.957 Thread 'MainThread': missing ScriptRunContext! This warning can be ignored when running in bare mode.
2026-10-06 22:01:29.957 Thread 'MainThread': missing ScriptRunContext! This warning can be ignored when running in bare mode.
2026-10-06 22:01:29.957 Thread 'MainThread': missing ScriptRunContext! This warning can be ignored when running in bare mode.
2026-10-06 22:01:29.957 Thread 'MainThread': missing ScriptRunContext! This warning can be ignored when running in bare mode.
2026-10-06 22:01:30.145 Thread 'MainThread': missing ScriptRunContext! This warning can be ignored when running in bare mode.
2026-10-06 22:01:30.145 Thread 'MainThread': missing ScriptRunContext! This warning can be ignored when running in bare mode.
2026-10-06 22:01:30.145 Thread 'MainThread': missing ScriptRunContext! This warning can be ignored when running in bare mode.
2026-10-06 22:01:30.145 Thread 'MainThread': missing ScriptRunContext! This warning can be ignored when running in bare mode.
2026-10-06 22:01:30.145 Thread 'MainThread': missing ScriptRunContext! This warning can be ignored when running in bare mode.
2026-10-06 22:01:30.145 Thread 'MainThread': missing ScriptRunContext! This warning can be ignored when running in bare mode.
2026-10-06 22:01:30.145 Thread 'MainThread': missing ScriptRunContext! This warning can be ignored when running in bare mode.
2026-10-06 22:01:30.145 Thread 'MainThread': missing ScriptRunContext! This warning can be ignored when running in bare mode.
2026-10-06 22:01:30.146 Thread 'MainThread': missing ScriptRunContext! This warning can be ignored when running in bare mode.
2026-10-06 22:01:32.975 Thread 'MainThread': missing ScriptRunContext! This warning can be ignored when running in bare mode.
2026-10-06 22:01:32.975 Thread 'MainThread': missing ScriptRunContext! This warning can be ignored when running in bare mode.
2026-10-06 22:01:32.975 Thread 'MainThread': missing ScriptRunContext! This warning can be ignored when running in bare mode.
2026-10-06 22:01:32.976 Thread 'MainThread': missing ScriptRunContext! This warning can be ignored when running in bare mode.
2026-10-06 22:01:32.976 Thread 'MainThread': missing ScriptRunContext! This warning can be ignored when running in bare mode.
2026-10-06 22:01:32.976 Thread 'MainThread': missing ScriptRunContext! This warning can be ignored when running in bare mode.
2026-10-06 22:01:32.976 Thread 'MainThread': missing ScriptRunContext! This warning can be ignored when running in bare mode.
2026-10-06 22:01:32.976 Thread 'MainThread': missing ScriptRunContext! This warning can be ignored when running in bare mode.
2026-10-06 22:01:32.976 Thread 'MainThread': missing ScriptRunContext! This warning can be ignored when running in bare mode.
2026-10-06 22:01:34.049 Thread 'MainThread': missing ScriptRunContext! This warning can be ignored when running in bare mode.
2026-10-06 22:01:34.049 Thread 'MainThread': missing ScriptRunContext! This warning can be ignored when running in bare mode.
2026-10-06 22:01:35.596 Thread 'MainThread': missing ScriptRunContext! This warning can be ignored when running in bare mode.
2026-10-06 22:01:35.596 Thread 'MainThread': missing ScriptRunContext! This warning can be ignored when running in bare mode.
2026-10-06 22:01:36.538 Thread 'MainThread': missing ScriptRunContext! This warning can be ignored when running in bare mode.
2026-10-06 22:01:36.538 Thread 'MainThread': missing ScriptRunContext! This warning can be ignored when running in bare mode.
2026-10-06 22:01:37.107 Please replace `use_container_width` with `width`.

`use_container_width` will be removed after 2025-12-31.

For `use_container_width=True`, use `width='stretch'`. For `use_container_width=False`, use `width='content'`.
2026-10-06 22:01:37.139 Please replace `use_container_width` with `width`.

`use_container_width` will be removed after 2025-12-31.

For `use_container_width=True`, use `width='stretch'`. For `use_container_width=False`, use `width='content'`.
2026-10-06 22:01:37.234 Please replace `use_container_width` with `width`.

`use_container_width` will be removed after 2025-12-31.

For `use_container_width=True`, use `width='stretch'`. For `use_container_width=False`, use `width='content'`.
2026-10-06 22:01:37.272 Please replace `use_container_width` with `width`.

`use_container_width` will be removed after 2025-12-31.

For `use_container_width=True`, use `width='stretch'`. For `use_container_width=False`, use `width='content'`.
2026-10-06 22:01:37.496 Please replace `use_container_width` with `width`.

`use_container_width` will be removed after 2025-12-31.

For `use_container_width=True`, use `width='stretch'`. For `use_container_width=False`, use `width='content'`.
2026-10-06 22:01:37.532 Please replace `use_container_width` with `width`.

`use_container_width` will be removed after 2025-12-31.

For `use_container_width=True`, use `width='stretch'`. For `use_container_width=False`, use `width='content'`.
2026-10-06 22:01:37.740 Thread 'MainThread': missing ScriptRunContext! This warning can be ignored when running in bare mode.
2026-10-06 22:01:37.740 Thread 'MainThread': missing ScriptRunContext! This warning can be ignored when running in bare mode.
2026-10-06 22:01:37.741 Thread 'MainThread': missing ScriptRunContext! This warning can be ignored when running in bare mode.
2026-10-06 22:01:37.741 Thread 'MainThread': missing ScriptRunContext! This warning can be ignored when running in bare mode.
2026-10-06 22:01:37.741 Thread 'MainThread': missing ScriptRunContext! This warning can be ignored when running in bare mode.
2026-10-06 22:01:37.741 Thread 'MainThread': missing ScriptRunContext! This warning can be ignored when running in bare mode.
2026-10-06 22:01:37.741 Thread 'MainThread': missing ScriptRunContext! This warning can be ignored when running in bare mode.
2026-10-06 22:01:37.741 Thread 'MainThread': missing ScriptRunContext! This warning can be ignored when running in bare mode.
2026-10-06 22:01:37.741 Thread 'MainThread': missing ScriptRunContext! This warning can be ignored when running in bare mode.
2026-10-06 22:01:37.741 Thread 'MainThread': missing ScriptRunContext! This warning can be ignored when running in bare mode.
2026-10-06 22:01:38.156 Thread 'MainThread': missing ScriptRunContext! This warning can be ignored when running in bare mode.
2026-10-06 22:01:38.156 Thread 'MainThread': missing ScriptRunContext! This warning can be ignored when running in bare mode.
2026-10-06 22:01:38.156 Thread 'MainThread': missing ScriptRunContext! This warning can be ignored when running in bare mode.
2026-10-06 22:01:38.156 Thread 'MainThread': missing ScriptRunContext! This warning can be ignored when running in bare mode.
2026-10-06 22:01:38.156 Thread 'MainThread': missing ScriptRunContext! This warning can be ignored when running in bare mode.
2026-10-06 22:01:38.156 Thread 'MainThread': missing ScriptRunContext! This warning can be ignored when running in bare mode.
2026-10-06 22:01:38.156 Thread 'MainThread': missing ScriptRunContext! This warning can be ignored when running in bare mode.
2026-10-06 22:01:38.156 Thread 'MainThread': missing ScriptRunContext! This warning can be ignored when running in bare mode.
2026-10-06 22:01:38.156 Thread 'MainThread': missing ScriptRunContext! This warning can be ignored when running in bare mode.
2026-10-06 22:01:38.156 Thread 'MainThread': missing ScriptRunContext! This warning can be ignored when running in bare mode.
2026-10-06 22:01:38.229 Thread 'MainThread': missing ScriptRunContext! This warning can be ignored when running in bare mode.
2026-10-06 22:01:38.229 Thread 'MainThread': missing ScriptRunContext! This warning can be ignored when running in bare mode.
2026-10-06 22:01:38.229 Thread 'MainThread': missing ScriptRunContext! This warning can be ignored when running in bare mode.
2026-10-06 22:01:38.229 Thread 'MainThread': missing ScriptRunContext! This warning can be ignored when running in bare mode.
2026-10-06 22:01:38.229 Thread 'MainThread': missing ScriptRunContext! This warning can be ignored when running in bare mode.
2026-10-06 22:01:38.230 Thread 'MainThread': missing ScriptRunContext! This warning can be ignored when running in bare mode.
2026-10-06 22:01:38.230 Thread 'MainThread': missing ScriptRunContext! This warning can be ignored when running in bare mode.
2026-10-06 22:01:38.230 Thread 'MainThread': missing ScriptRunContext! This warning can be ignored when running in bare mode.
2026-10-06 22:01:38.230 Thread 'MainThread': missing ScriptRunContext! This warning can be ignored when running in bare mode.
2026-10-06 22:01:38.230 Thread 'MainThread': missing ScriptRunContext! This warning can be ignored when running in bare mode.
2026-10-06 22:01:38.952 Thread 'MainThread': missing ScriptRunContext! This warning can be ignored when running in bare mode.
2026-10-06 22:01:38.952 Thread 'MainThread': missing ScriptRunContext! This warning can be ignored when running in bare mode.
2026-10-06 22:01:38.952 Thread 'MainThread': missing ScriptRunContext! This warning can be ignored when running in bare mode.
2026-10-06 22:01:38.952 Thread 'MainThread': missing ScriptRunContext! This warning can be ignored when running in bare mode.
2026-10-06 22:01:38.952 Thread 'MainThread': missing ScriptRunContext! This warning can be ignored when running in bare mode.
2026-10-06 22:01:38.952 Thread 'MainThread': missing ScriptRunContext! This warning can be ignored when running in bare mode.
2026-10-06 22:01:38.952 Thread 'MainThread': missing ScriptRunContext! This warning can be ignored when running in bare mode.
2026-10-06 22:01:38.952 Thread 'MainThread': missing ScriptRunContext! This warning can be ignored when running in bare mode.
2026-10-06 22:01:38.952 Thread 'MainThread': missing ScriptRunContext! This warning can be ignored when running in bare mode.
2026-10-06 22:01:38.953 Thread 'MainThread': missing ScriptRunContext! This warning can be ignored when running in bare mode.
2026-10-06 22:01:39.000 Thread 'MainThread': missing ScriptRunContext! This warning can be ignored when running in bare mode.
2026-10-06 22:01:39.001 Thread 'MainThread': missing ScriptRunContext! This warning can be ignored when running in bare mode.
2026-10-06 22:01:39.001 Thread 'MainThread': missing ScriptRunContext! This warning can be ignored when running in bare mode.
2026-10-06 22:01:39.001 Thread 'MainThread': missing ScriptRunContext! This warning can be ignored when running in bare mode.
2026-10-06 22:01:39.001 Thread 'MainThread': missing ScriptRunContext! This warning can be ignored when running in bare mode.
2026-10-06 22:01:39.001 Thread 'MainThread': missing ScriptRunContext! This warning can be ignored when running in bare mode.
2026-10-06 22:01:39.001 Thread 'MainThread': missing ScriptRunContext! This warning can be ignored when running in bare mode.
2026-10-06 22:01:39.001 Thread 'MainThread': missing ScriptRunContext! This warning can be ignored when running in bare mode.
2026-10-06 22:01:39.001 Thread 'MainThread': missing ScriptRunContext! This warning can be ignored when running in bare mode.
2026-10-06 22:01:39.001 Thread 'MainThread': missing ScriptRunContext! This warning can be ignored when running in bare mode.
2026-10-06 22:01:39.170 Thread 'MainThread': missing ScriptRunContext! This warning can be ignored when running in bare mode.
2026-10-06 22:01:39.171 Thread 'MainThread': missing ScriptRunContext! This warning can be ignored when running in bare mode.
2026-10-06 22:01:39.171 Thread 'MainThread': missing ScriptRunContext! This warning can be ignored when running in bare mode.
2026-10-06 22:01:39.171 Thread 'MainThread': missing ScriptRunContext! This warning can be ignored when running in bare mode.
2026-10-06 22:01:39.171 Thread 'MainThread': missing ScriptRunContext! This warning can be ignored when running in bare mode.
2026-10-06 22:01:39.171 Thread 'MainThread': missing ScriptRunContext! This warning can be ignored when running in bare mode.
2026-10-06 22:01:39.171 Thread 'MainThread': missing ScriptRunContext! This warning can be ignored when running in bare mode.
2026-10-06 22:01:39.171 Thread 'MainThread': missing ScriptRunContext! This warning can be ignored when running in bare mode.
2026-10-06 22:01:39.171 Thread 'MainThread': missing ScriptRunContext! This warning can be ignored when running in bare mode.
2026-10-06 22:01:39.171 Thread 'MainThread': missing ScriptRunContext! This warning can be ignored when running in bare mode.
2026-10-06 22:01:39.177 Thread 'MainThread': missing ScriptRunContext! This warning can be ignored when running in bare mode.
2026-10-06 22:01:39.177 Thread 'MainThread': missing ScriptRunContext! This warning can be ignored when running in bare mode.
2026-10-06 22:01:39.177 Thread 'MainThread': missing ScriptRunContext! This warning can be ignored when running in bare mode.
2026-10-06 22:01:39.177 Thread 'MainThread': missing ScriptRunContext! This warning can be ignored when running in bare mode.
2026-10-06 22:01:39.177 Thread 'MainThread': missing ScriptRunContext! This warning can be ignored when running in bare mode.
2026-10-06 22:01:39.177 Thread 'MainThread': missing ScriptRunContext! This warning can be ignored when running in bare mode.
2026-10-06 22:01:39.177 Thread 'MainThread': missing ScriptRunContext! This warning can be ignored when running in bare mode.
2026-10-06 22:01:39.177 Thread 'MainThread': missing ScriptRunContext! This warning can be ignored when running in bare mode.
2026-10-06 22:01:39.177 Thread 'MainThread': missing ScriptRunContext! This warning can be ignored when running in bare mode.
2026-10-06 22:01:39.177 Thread 'MainThread': missing ScriptRunContext! This warning can be ignored when running in bare mode.
2026-10-06 22:01:39.184 Thread 'MainThread': missing ScriptRunContext! This warning can be ignored when running in bare mode.
2026-10-06 22:01:39.184 Thread 'MainThread': missing ScriptRunContext! This warning can be ignored when running in bare mode.
2026-10-06 22:01:39.184 Thread 'MainThread': missing ScriptRunContext! This warning can be ignored when running in bare mode.
2026-10-06 22:01:39.184 Thread 'MainThread': missing ScriptRunContext! This warning can be ignored when running in bare mode.
2026-10-06 22:01:39.184 Thread 'MainThread': missing ScriptRunContext! This warning can be ignored when running in bare mode.
2026-10-06 22:01:39.184 Thread 'MainThread': missing ScriptRunContext! This warning can be ignored when running in bare mode.
2026-10-06 22:01:39.184 Thread 'MainThread': missing ScriptRunContext! This warning can be ignored when running in bare mode.
2026-10-06 22:01:39.184 Thread 'MainThread': missing ScriptRunContext! This warning can be ignored when running in bare mode.
2026-10-06 22:01:39.184 Thread 'MainThread': missing ScriptRunContext! This warning can be ignored when running in bare mode.
2026-10-06 22:01:39.184 Thread 'MainThread': missing ScriptRunContext! This warning can be ignored when running in bare mode.
2026-10-06 22:01:39.190 Thread 'MainThread': missing ScriptRunContext! This warning can be ignored when running in bare mode.
2026-10-06 22:01:39.190 Thread 'MainThread': missing ScriptRunContext! This warning can be ignored when running in bare mode.
2026-10-06 22:01:39.190 Thread 'MainThread': missing ScriptRunContext! This warning can be ignored when running in bare mode.
2026-10-06 22:01:39.191 Thread 'MainThread': missing ScriptRunContext! This warning can be ignored when running in bare mode.
2026-10-06 22:01:39.191 Thread 'MainThread': missing ScriptRunContext! This warning can be ignored when running in bare mode.
2026-10-06 22:01:39.191 Thread 'MainThread': missing ScriptRunContext! This warning can be ignored when running in bare mode.
2026-10-06 22:01:39.191 Thread 'MainThread': missing ScriptRunContext! This warning can be ignored when running in bare mode.
2026-10-06 22:01:39.191 Thread 'MainThread': missing ScriptRunContext! This warning can be ignored when running in bare mode.
2026-10-06 22:01:39.191 Thread 'MainThread': missing ScriptRunContext! This warning can be ignored when running in bare mode.
2026-10-06 22:01:39.191 Thread 'MainThread': missing ScriptRunContext! This warning can be ignored when running in bare mode.
2026-10-06 22:01:39.197 Thread 'MainThread': missing ScriptRunContext! This warning can be ignored when running in bare mode.
2026-10-06 22:01:39.197 Thread 'MainThread': missing ScriptRunContext! This warning can be ignored when running in bare mode.
2026-10-06 22:01:39.197 Thread 'MainThread': missing ScriptRunContext! This warning can be ignored when running in bare mode.
2026-10-06 22:01:39.197 Thread 'MainThread': missing ScriptRunContext! This warning can be ignored when running in bare mode.
2026-10-06 22:01:39.197 Thread 'MainThread': missing ScriptRunContext! This warning can be ignored when running in bare mode.
2026-10-06 22:01:39.197 Thread 'MainThread': missing ScriptRunContext! This warning can be ignored when running in bare mode.
2026-10-06 22:01:39.197 Thread 'MainThread': missing ScriptRunContext! This warning can be ignored when running in bare mode.
2026-10-06 22:01:39.197 Thread 'MainThread': missing ScriptRunContext! This warning can be ignored when running in bare mode.
2026-10-06 22:01:39.197 Thread 'MainThread': missing ScriptRunContext! This warning can be ignored when running in bare mode.
2026-10-06 22:01:39.197 Thread 'MainThread': missing ScriptRunContext! This warning can be ignored when running in bare mode.
2026-10-06 22:01:39.870 Thread 'MainThread': missing ScriptRunContext! This warning can be ignored when running in bare mode.
2026-10-06 22:01:39.870 Thread 'MainThread': missing ScriptRunContext! This warning can be ignored when running in bare mode.
2026-10-06 22:01:39.870 Thread 'MainThread': missing ScriptRunContext! This warning can be ignored when running in bare mode.
2026-10-06 22:01:39.870 Thread 'MainThread': missing ScriptRunContext! This warning can be ignored when running in bare mode.
2026-10-06 22:01:39.870 Thread 'MainThread': missing ScriptRunContext! This warning can be ignored when running in bare mode.
2026-10-06 22:01:39.870 Thread 'MainThread': missing ScriptRunContext! This warning can be ignored when running in bare mode.
2026-10-06 22:01:39.870 Thread 'MainThread': missing ScriptRunContext! This warning can be ignored when running in bare mode.
2026-10-06 22:01:39.870 Thread 'MainThread': missing ScriptRunContext! This warning can be ignored when running in bare mode.
2026-10-06 22:01:39.870 Thread 'MainThread': missing ScriptRunContext! This warning can be ignored when running in bare mode.
2026-10-06 22:01:39.870 Thread 'MainThread': missing ScriptRunContext! This warning can be ignored when running in bare mode.
2026-10-06 22:01:39.914 Thread 'MainThread': missing ScriptRunContext! This warning can be ignored when running in bare mode.
2026-10-06 22:01:39.914 Thread 'MainThread': missing ScriptRunContext! This warning can be ignored when running in bare mode.
2026-10-06 22:01:39.914 Thread 'MainThread': missing ScriptRunContext! This warning can be ignored when running in bare mode.
2026-10-06 22:01:39.914 Thread 'MainThread': missing ScriptRunContext! This warning can be ignored when running in bare mode.
2026-10-06 22:01:39.914 Thread 'MainThread': missing ScriptRunContext! This warning can be ignored when running in bare mode.
2026-10-06 22:01:39.914 Thread 'MainThread': missing ScriptRunContext! This warning can be ignored when running in bare mode.
2026-10-06 22:01:39.914 Thread 'MainThread': missing ScriptRunContext! This warning can be ignored when running in bare mode.
2026-10-06 22:01:39.914 Thread 'MainThread': missing ScriptRunContext! This warning can be ignored when running in bare mode.
2026-10-06 22:01:39.914 Thread 'MainThread': missing ScriptRunContext! This warning can be ignored when running in bare mode.
2026-10-06 22:01:39.914 Thread 'MainThread': missing ScriptRunContext! This warning can be ignored when running in bare mode.
2026-10-06 22:01:40.279 Thread 'MainThread': missing ScriptRunContext! This warning can be ignored when running in bare mode.
2026-10-06 22:01:40.279 Thread 'MainThread': missing ScriptRunContext! This warning can be ignored when running in bare mode.
2026-10-06 22:01:40.279 Thread 'MainThread': missing ScriptRunContext! This warning can be ignored when running in bare mode.
2026-10-06 22:01:40.279 Thread 'MainThread': missing ScriptRunContext! This warning can be ignored when running in bare mode.
2026-10-06 22:01:40.279 Thread 'MainThread': missing ScriptRunContext! This warning can be ignored when running in bare mode.
2026-10-06 22:01:40.279 Thread 'MainThread': missing ScriptRunContext! This warning can be ignored when running in bare mode.
2026-10-06 22:01:40.279 Thread 'MainThread': missing ScriptRunContext! This warning can be ignored when running in bare mode.
2026-10-06 22:01:40.279 Thread 'MainThread': missing ScriptRunContext! This warning can be ignored when running in bare mode.
2026-10-06 22:01:40.279 Thread 'MainThread': missing ScriptRunContext! This warning can be ignored when running in bare mode.
2026-10-06 22:01:40.280 Thread 'MainThread': missing ScriptRunContext! This warning can be ignored when running in bare mode.
2026-10-06 22:01:40.733 Thread 'MainThread': missing ScriptRunContext! This warning can be ignored when running in bare mode.
2026-10-06 22:01:41.370 Please replace `use_container_width` with `width`.

`use_container_width` will be removed after 2025-12-31.

For `use_container_width=True`, use `width='stretch'`. For `use_container_width=False`, use `width='content'`.
2026-10-06 22:01:41.498 Please replace `use_container_width` with `width`.

`use_container_width` will be removed after 2025-12-31.

For `use_container_width=True`, use `width='stretch'`. For `use_container_width=False`, use `width='content'`.
2026-10-06 22:01:41.664 Please replace `use_container_width` with `width`.

`use_container_width` will be removed after 2025-12-31.

For `use_container_width=True`, use `width='stretch'`. For `use_container_width=False`, use `width='content'`.
2026-10-06 22:01:41.798 Please replace `use_container_width` with `width`.

`use_container_width` will be removed after 2025-12-31.

For `use_container_width=True`, use `width='stretch'`. For `use_container_width=False`, use `width='content'`.
2026-10-06 22:01:42.044 Please replace `use_container_width` with `width`.

`use_container_width` will be removed after 2025-12-31.

For `use_container_width=True`, use `width='stretch'`. For `use_container_width=False`, use `width='content'`.
2026-10-06 22:01:42.062 Thread 'MainThread': missing ScriptRunContext! This warning can be ignored when running in bare mode.
2026-10-06 22:01:42.827 Please replace `use_container_width` with `width`.

`use_container_width` will be removed after 2025-12-31.

For `use_container_width=True`, use `width='stretch'`. For `use_container_width=False`, use `width='content'`.
2026-10-06 22:01:42.977 Please replace `use_container_width` with `width`.

`use_container_width` will be removed after 2025-12-31.

For `use_container_width=True`, use `width='stretch'`. For `use_container_width=False`, use `width='content'`.
2026-10-06 22:01:43.173 Please replace `use_container_width` with `width`.

`use_container_width` will be removed after 2025-12-31.

For `use_container_width=True`, use `width='stretch'`. For `use_container_width=False`, use `width='content'`.
2026-10-06 22:01:43.187 Thread 'MainThread': missing ScriptRunContext! This warning can be ignored when running in bare mode.
2026-10-06 22:01:43.799 Please replace `use_container_width` with `width`.

`use_container_width` will be removed after 2025-12-31.

For `use_container_width=True`, use `width='stretch'`. For `use_container_width=False`, use `width='content'`.
2026-10-06 22:01:44.381 Please replace `use_container_width` with `width`.

`use_container_width` will be removed after 2025-12-31.

For `use_container_width=True`, use `width='stretch'`. For `use_container_width=False`, use `width='content'`.
2026-10-06 22:01:44.499 Please replace `use_container_width` with `width`.

`use_container_width` will be removed after 2025-12-31.

For `use_container_width=True`, use `width='stretch'`. For `use_container_width=False`, use `width='content'`.
----------------------------------------------------------------------
Ran 409 tests in 212.103s

OK
