2026-10-06 11:11:04.560 Thread 'MainThread': missing ScriptRunContext! This warning can be ignored when running in bare mode.
2026-10-06 11:11:05.326 Thread 'MainThread': missing ScriptRunContext! This warning can be ignored when running in bare mode.
2026-10-06 11:11:06.262 Thread 'MainThread': missing ScriptRunContext! This warning can be ignored when running in bare mode.
2026-10-06 11:11:06.314 Thread 'MainThread': missing ScriptRunContext! This warning can be ignored when running in bare mode.
2026-10-06 11:11:06.792 Thread 'MainThread': missing ScriptRunContext! This warning can be ignored when running in bare mode.
2026-10-06 11:11:06.792 Thread 'MainThread': missing ScriptRunContext! This warning can be ignored when running in bare mode.
2026-10-06 11:11:06.792 Thread 'MainThread': missing ScriptRunContext! This warning can be ignored when running in bare mode.
2026-10-06 11:11:06.792 Thread 'MainThread': missing ScriptRunContext! This warning can be ignored when running in bare mode.
2026-10-06 11:11:06.793 Thread 'MainThread': missing ScriptRunContext! This warning can be ignored when running in bare mode.
2026-10-06 11:11:06.793 Thread 'MainThread': missing ScriptRunContext! This warning can be ignored when running in bare mode.
2026-10-06 11:11:06.793 Thread 'MainThread': missing ScriptRunContext! This warning can be ignored when running in bare mode.
2026-10-06 11:11:06.793 Thread 'MainThread': missing ScriptRunContext! This warning can be ignored when running in bare mode.
2026-10-06 11:11:10.607 Please replace `use_container_width` with `width`.

`use_container_width` will be removed after 2025-12-31.

For `use_container_width=True`, use `width='stretch'`. For `use_container_width=False`, use `width='content'`.
2026-10-06 11:11:11.703 Please replace `use_container_width` with `width`.

`use_container_width` will be removed after 2025-12-31.

For `use_container_width=True`, use `width='stretch'`. For `use_container_width=False`, use `width='content'`.
.2026-10-06 11:11:15.982 Thread 'MainThread': missing ScriptRunContext! This warning can be ignored when running in bare mode.
2026-10-06 11:11:15.983 Thread 'MainThread': missing ScriptRunContext! This warning can be ignored when running in bare mode.
2026-10-06 11:11:15.983 Thread 'MainThread': missing ScriptRunContext! This warning can be ignored when running in bare mode.
2026-10-06 11:11:15.983 Thread 'MainThread': missing ScriptRunContext! This warning can be ignored when running in bare mode.
2026-10-06 11:11:15.983 Thread 'MainThread': missing ScriptRunContext! This warning can be ignored when running in bare mode.
2026-10-06 11:11:15.983 Thread 'MainThread': missing ScriptRunContext! This warning can be ignored when running in bare mode.
2026-10-06 11:11:15.983 Thread 'MainThread': missing ScriptRunContext! This warning can be ignored when running in bare mode.
2026-10-06 11:11:15.984 Thread 'MainThread': missing ScriptRunContext! This warning can be ignored when running in bare mode.
2026-10-06 11:11:17.539 Please replace `use_container_width` with `width`.

`use_container_width` will be removed after 2025-12-31.

For `use_container_width=True`, use `width='stretch'`. For `use_container_width=False`, use `width='content'`.
2026-10-06 11:11:17.877 Please replace `use_container_width` with `width`.

`use_container_width` will be removed after 2025-12-31.

For `use_container_width=True`, use `width='stretch'`. For `use_container_width=False`, use `width='content'`.
.2026-10-06 11:11:17.888 Thread 'MainThread': missing ScriptRunContext! This warning can be ignored when running in bare mode.
2026-10-06 11:11:17.888 Thread 'MainThread': missing ScriptRunContext! This warning can be ignored when running in bare mode.
2026-10-06 11:11:17.888 Thread 'MainThread': missing ScriptRunContext! This warning can be ignored when running in bare mode.
2026-10-06 11:11:17.889 Thread 'MainThread': missing ScriptRunContext! This warning can be ignored when running in bare mode.
2026-10-06 11:11:17.889 Thread 'MainThread': missing ScriptRunContext! This warning can be ignored when running in bare mode.
2026-10-06 11:11:17.889 Thread 'MainThread': missing ScriptRunContext! This warning can be ignored when running in bare mode.
2026-10-06 11:11:17.889 Thread 'MainThread': missing ScriptRunContext! This warning can be ignored when running in bare mode.
.2026-10-06 11:11:19.628 Thread 'MainThread': missing ScriptRunContext! This warning can be ignored when running in bare mode.
2026-10-06 11:11:19.628 Thread 'MainThread': missing ScriptRunContext! This warning can be ignored when running in bare mode.
2026-10-06 11:11:19.628 Thread 'MainThread': missing ScriptRunContext! This warning can be ignored when running in bare mode.
2026-10-06 11:11:19.628 Thread 'MainThread': missing ScriptRunContext! This warning can be ignored when running in bare mode.
2026-10-06 11:11:19.628 Thread 'MainThread': missing ScriptRunContext! This warning can be ignored when running in bare mode.
2026-10-06 11:11:19.628 Thread 'MainThread': missing ScriptRunContext! This warning can be ignored when running in bare mode.
2026-10-06 11:11:19.628 Thread 'MainThread': missing ScriptRunContext! This warning can be ignored when running in bare mode.
2026-10-06 11:11:19.628 Thread 'MainThread': missing ScriptRunContext! This warning can be ignored when running in bare mode.
2026-10-06 11:11:19.637 Thread 'MainThread': missing ScriptRunContext! This warning can be ignored when running in bare mode.
2026-10-06 11:11:19.638 Thread 'MainThread': missing ScriptRunContext! This warning can be ignored when running in bare mode.
2026-10-06 11:11:19.638 Thread 'MainThread': missing ScriptRunContext! This warning can be ignored when running in bare mode.
.....Analogy rejected stage=request code=RuntimeError path=$
.....Analogy rejected stage=response code=response_bound path=$
.............Analogy rejected stage=normalize code=mapping path=$
Analogy rejected stage=normalize code=mapping path=$
Analogy rejected stage=normalize code=mapping path=$
Analogy rejected stage=normalize code=mapping path=$
Analogy rejected stage=normalize code=mapping path=$
Analogy rejected stage=normalize code=mapping path=$
Analogy rejected stage=normalize code=mapping path=$
Analogy rejected stage=normalize code=mapping path=$
Analogy rejected stage=normalize code=mapping path=$
Analogy rejected stage=normalize code=mapping path=$
.Analogy rejected stage=response code=incomplete_response path=$
Analogy rejected stage=response code=model_refusal path=$
Analogy rejected stage=response code=invalid_json path=$
..Analogy rejected stage=request code=RuntimeError path=$
.Analogy rejected stage=request code=RuntimeError path=$
.Analogy rejected stage=normalize code=numeric_bounds path=$.parameters[0].step
.2026-10-06 11:11:25.972 Thread 'MainThread': missing ScriptRunContext! This warning can be ignored when running in bare mode.
2026-10-06 11:11:25.972 Thread 'MainThread': missing ScriptRunContext! This warning can be ignored when running in bare mode.
2026-10-06 11:11:25.972 Thread 'MainThread': missing ScriptRunContext! This warning can be ignored when running in bare mode.
2026-10-06 11:11:25.972 Thread 'MainThread': missing ScriptRunContext! This warning can be ignored when running in bare mode.
2026-10-06 11:11:25.972 Thread 'MainThread': missing ScriptRunContext! This warning can be ignored when running in bare mode.
2026-10-06 11:11:25.972 Thread 'MainThread': missing ScriptRunContext! This warning can be ignored when running in bare mode.
2026-10-06 11:11:25.972 Thread 'MainThread': missing ScriptRunContext! This warning can be ignored when running in bare mode.
2026-10-06 11:11:25.972 Thread 'MainThread': missing ScriptRunContext! This warning can be ignored when running in bare mode.
Analogy rejected stage=renderer code=RuntimeError path=$
.2026-10-06 11:11:27.551 Thread 'MainThread': missing ScriptRunContext! This warning can be ignored when running in bare mode.
2026-10-06 11:11:27.551 Thread 'MainThread': missing ScriptRunContext! This warning can be ignored when running in bare mode.
2026-10-06 11:11:27.551 Thread 'MainThread': missing ScriptRunContext! This warning can be ignored when running in bare mode.
2026-10-06 11:11:27.551 Thread 'MainThread': missing ScriptRunContext! This warning can be ignored when running in bare mode.
2026-10-06 11:11:27.551 Thread 'MainThread': missing ScriptRunContext! This warning can be ignored when running in bare mode.
2026-10-06 11:11:27.551 Thread 'MainThread': missing ScriptRunContext! This warning can be ignored when running in bare mode.
2026-10-06 11:11:27.551 Thread 'MainThread': missing ScriptRunContext! This warning can be ignored when running in bare mode.
2026-10-06 11:11:27.552 Thread 'MainThread': missing ScriptRunContext! This warning can be ignored when running in bare mode.
Analogy rejected stage=renderer code=RuntimeError path=$
......Analogy rejected stage=normalize code=geometry_bounds path=$.primitives
..2026-10-06 11:11:29.306 Thread 'MainThread': missing ScriptRunContext! This warning can be ignored when running in bare mode.
2026-10-06 11:11:29.306 Thread 'MainThread': missing ScriptRunContext! This warning can be ignored when running in bare mode.
2026-10-06 11:11:29.306 Thread 'MainThread': missing ScriptRunContext! This warning can be ignored when running in bare mode.
2026-10-06 11:11:29.306 Thread 'MainThread': missing ScriptRunContext! This warning can be ignored when running in bare mode.
2026-10-06 11:11:29.306 Thread 'MainThread': missing ScriptRunContext! This warning can be ignored when running in bare mode.
2026-10-06 11:11:29.306 Thread 'MainThread': missing ScriptRunContext! This warning can be ignored when running in bare mode.
2026-10-06 11:11:29.306 Thread 'MainThread': missing ScriptRunContext! This warning can be ignored when running in bare mode.
.2026-10-06 11:11:31.731 Thread 'MainThread': missing ScriptRunContext! This warning can be ignored when running in bare mode.
2026-10-06 11:11:31.731 Thread 'MainThread': missing ScriptRunContext! This warning can be ignored when running in bare mode.
2026-10-06 11:11:31.731 Thread 'MainThread': missing ScriptRunContext! This warning can be ignored when running in bare mode.
2026-10-06 11:11:31.732 Thread 'MainThread': missing ScriptRunContext! This warning can be ignored when running in bare mode.
2026-10-06 11:11:31.732 Thread 'MainThread': missing ScriptRunContext! This warning can be ignored when running in bare mode.
2026-10-06 11:11:31.732 Thread 'MainThread': missing ScriptRunContext! This warning can be ignored when running in bare mode.
2026-10-06 11:11:31.732 Thread 'MainThread': missing ScriptRunContext! This warning can be ignored when running in bare mode.
Analogy rejected stage=normalize code=mapping path=$.mappings[0]
...........Analogy rejected stage=normalize code=unsafe_expression path=$.primitives[0].radius
.Analogy rejected stage=normalize code=envelope_fields path=$
.Analogy rejected stage=normalize code=unsafe_expression path=$
Analogy rejected stage=normalize code=unsafe_expression path=$
Analogy rejected stage=normalize code=unsafe_expression path=$
Analogy rejected stage=normalize code=unsafe_expression path=$
Analogy rejected stage=normalize code=unsafe_expression path=$
Analogy rejected stage=normalize code=unsafe_expression path=$
.2026-10-06 11:11:34.844 Thread 'MainThread': missing ScriptRunContext! This warning can be ignored when running in bare mode.
2026-10-06 11:11:34.845 Thread 'MainThread': missing ScriptRunContext! This warning can be ignored when running in bare mode.
2026-10-06 11:11:34.845 Thread 'MainThread': missing ScriptRunContext! This warning can be ignored when running in bare mode.
2026-10-06 11:11:34.845 Thread 'MainThread': missing ScriptRunContext! This warning can be ignored when running in bare mode.
2026-10-06 11:11:34.845 Thread 'MainThread': missing ScriptRunContext! This warning can be ignored when running in bare mode.
2026-10-06 11:11:34.845 Thread 'MainThread': missing ScriptRunContext! This warning can be ignored when running in bare mode.
2026-10-06 11:11:34.845 Thread 'MainThread': missing ScriptRunContext! This warning can be ignored when running in bare mode.
2026-10-06 11:11:34.845 Thread 'MainThread': missing ScriptRunContext! This warning can be ignored when running in bare mode.
Analogy rejected stage=normalize code=unsafe_expression path=$.primitives[0].radius
.Analogy rejected stage=normalize code=unsafe_expression path=$.primitives[0].radius
Analogy rejected stage=normalize code=unsafe_expression path=$.primitives[0].radius
Analogy rejected stage=normalize code=unsafe_expression path=$.primitives[0].radius
.........................2026-10-06 11:11:44.130 Thread 'MainThread': missing ScriptRunContext! This warning can be ignored when running in bare mode.
2026-10-06 11:11:44.130 Thread 'MainThread': missing ScriptRunContext! This warning can be ignored when running in bare mode.
2026-10-06 11:11:44.130 Thread 'MainThread': missing ScriptRunContext! This warning can be ignored when running in bare mode.
2026-10-06 11:11:44.130 Thread 'MainThread': missing ScriptRunContext! This warning can be ignored when running in bare mode.
2026-10-06 11:11:44.130 Thread 'MainThread': missing ScriptRunContext! This warning can be ignored when running in bare mode.
2026-10-06 11:11:44.130 Thread 'MainThread': missing ScriptRunContext! This warning can be ignored when running in bare mode.
2026-10-06 11:11:44.130 Thread 'MainThread': missing ScriptRunContext! This warning can be ignored when running in bare mode.
.2026-10-06 11:11:45.815 Thread 'MainThread': missing ScriptRunContext! This warning can be ignored when running in bare mode.
2026-10-06 11:11:45.816 Thread 'MainThread': missing ScriptRunContext! This warning can be ignored when running in bare mode.
2026-10-06 11:11:45.816 Thread 'MainThread': missing ScriptRunContext! This warning can be ignored when running in bare mode.
2026-10-06 11:11:45.816 Thread 'MainThread': missing ScriptRunContext! This warning can be ignored when running in bare mode.
2026-10-06 11:11:45.816 Thread 'MainThread': missing ScriptRunContext! This warning can be ignored when running in bare mode.
2026-10-06 11:11:45.816 Thread 'MainThread': missing ScriptRunContext! This warning can be ignored when running in bare mode.
2026-10-06 11:11:45.816 Thread 'MainThread': missing ScriptRunContext! This warning can be ignored when running in bare mode.
.2026-10-06 11:11:47.404 Thread 'MainThread': missing ScriptRunContext! This warning can be ignored when running in bare mode.
2026-10-06 11:11:47.404 Thread 'MainThread': missing ScriptRunContext! This warning can be ignored when running in bare mode.
2026-10-06 11:11:47.404 Thread 'MainThread': missing ScriptRunContext! This warning can be ignored when running in bare mode.
2026-10-06 11:11:47.404 Thread 'MainThread': missing ScriptRunContext! This warning can be ignored when running in bare mode.
2026-10-06 11:11:47.404 Thread 'MainThread': missing ScriptRunContext! This warning can be ignored when running in bare mode.
2026-10-06 11:11:47.404 Thread 'MainThread': missing ScriptRunContext! This warning can be ignored when running in bare mode.
2026-10-06 11:11:47.405 Thread 'MainThread': missing ScriptRunContext! This warning can be ignored when running in bare mode.
2026-10-06 11:11:48.330 Please replace `use_container_width` with `width`.

`use_container_width` will be removed after 2025-12-31.

For `use_container_width=True`, use `width='stretch'`. For `use_container_width=False`, use `width='content'`.
2026-10-06 11:11:48.585 Please replace `use_container_width` with `width`.

`use_container_width` will be removed after 2025-12-31.

For `use_container_width=True`, use `width='stretch'`. For `use_container_width=False`, use `width='content'`.
.2026-10-06 11:11:48.599 Thread 'MainThread': missing ScriptRunContext! This warning can be ignored when running in bare mode.
2026-10-06 11:11:48.599 Thread 'MainThread': missing ScriptRunContext! This warning can be ignored when running in bare mode.
2026-10-06 11:11:48.599 Thread 'MainThread': missing ScriptRunContext! This warning can be ignored when running in bare mode.
2026-10-06 11:11:48.599 Thread 'MainThread': missing ScriptRunContext! This warning can be ignored when running in bare mode.
2026-10-06 11:11:48.599 Thread 'MainThread': missing ScriptRunContext! This warning can be ignored when running in bare mode.
2026-10-06 11:11:48.599 Thread 'MainThread': missing ScriptRunContext! This warning can be ignored when running in bare mode.
2026-10-06 11:11:48.599 Thread 'MainThread': missing ScriptRunContext! This warning can be ignored when running in bare mode.
2026-10-06 11:11:49.537 Thread 'MainThread': missing ScriptRunContext! This warning can be ignored when running in bare mode.
2026-10-06 11:11:49.537 Thread 'MainThread': missing ScriptRunContext! This warning can be ignored when running in bare mode.
2026-10-06 11:11:49.537 Thread 'MainThread': missing ScriptRunContext! This warning can be ignored when running in bare mode.
2026-10-06 11:11:49.537 Thread 'MainThread': missing ScriptRunContext! This warning can be ignored when running in bare mode.
.2026-10-06 11:11:50.773 Thread 'MainThread': missing ScriptRunContext! This warning can be ignored when running in bare mode.
2026-10-06 11:11:50.774 Thread 'MainThread': missing ScriptRunContext! This warning can be ignored when running in bare mode.
2026-10-06 11:11:50.774 Thread 'MainThread': missing ScriptRunContext! This warning can be ignored when running in bare mode.
2026-10-06 11:11:50.775 Thread 'MainThread': missing ScriptRunContext! This warning can be ignored when running in bare mode.
2026-10-06 11:11:50.775 Thread 'MainThread': missing ScriptRunContext! This warning can be ignored when running in bare mode.
2026-10-06 11:11:50.775 Thread 'MainThread': missing ScriptRunContext! This warning can be ignored when running in bare mode.
2026-10-06 11:11:50.775 Thread 'MainThread': missing ScriptRunContext! This warning can be ignored when running in bare mode.
.2026-10-06 11:11:57.327 Thread 'MainThread': missing ScriptRunContext! This warning can be ignored when running in bare mode.
2026-10-06 11:11:57.327 Thread 'MainThread': missing ScriptRunContext! This warning can be ignored when running in bare mode.
2026-10-06 11:11:57.327 Thread 'MainThread': missing ScriptRunContext! This warning can be ignored when running in bare mode.
2026-10-06 11:11:57.328 Thread 'MainThread': missing ScriptRunContext! This warning can be ignored when running in bare mode.
2026-10-06 11:11:57.328 Thread 'MainThread': missing ScriptRunContext! This warning can be ignored when running in bare mode.
2026-10-06 11:11:57.328 Thread 'MainThread': missing ScriptRunContext! This warning can be ignored when running in bare mode.
2026-10-06 11:11:57.328 Thread 'MainThread': missing ScriptRunContext! This warning can be ignored when running in bare mode.
.2026-10-06 11:11:58.821 Thread 'MainThread': missing ScriptRunContext! This warning can be ignored when running in bare mode.
2026-10-06 11:11:58.822 Thread 'MainThread': missing ScriptRunContext! This warning can be ignored when running in bare mode.
2026-10-06 11:11:58.822 Thread 'MainThread': missing ScriptRunContext! This warning can be ignored when running in bare mode.
2026-10-06 11:11:58.822 Thread 'MainThread': missing ScriptRunContext! This warning can be ignored when running in bare mode.
2026-10-06 11:11:58.822 Thread 'MainThread': missing ScriptRunContext! This warning can be ignored when running in bare mode.
2026-10-06 11:11:58.822 Thread 'MainThread': missing ScriptRunContext! This warning can be ignored when running in bare mode.
2026-10-06 11:11:58.822 Thread 'MainThread': missing ScriptRunContext! This warning can be ignored when running in bare mode.
2026-10-06 11:12:00.146 Thread 'MainThread': missing ScriptRunContext! This warning can be ignored when running in bare mode.
.2026-10-06 11:12:00.355 Thread 'MainThread': missing ScriptRunContext! This warning can be ignored when running in bare mode.
2026-10-06 11:12:00.355 Thread 'MainThread': missing ScriptRunContext! This warning can be ignored when running in bare mode.
2026-10-06 11:12:00.355 Thread 'MainThread': missing ScriptRunContext! This warning can be ignored when running in bare mode.
2026-10-06 11:12:00.355 Thread 'MainThread': missing ScriptRunContext! This warning can be ignored when running in bare mode.
2026-10-06 11:12:00.355 Thread 'MainThread': missing ScriptRunContext! This warning can be ignored when running in bare mode.
2026-10-06 11:12:00.355 Thread 'MainThread': missing ScriptRunContext! This warning can be ignored when running in bare mode.
2026-10-06 11:12:00.355 Thread 'MainThread': missing ScriptRunContext! This warning can be ignored when running in bare mode.
.2026-10-06 11:12:02.635 Thread 'MainThread': missing ScriptRunContext! This warning can be ignored when running in bare mode.
2026-10-06 11:12:02.635 Thread 'MainThread': missing ScriptRunContext! This warning can be ignored when running in bare mode.
2026-10-06 11:12:02.635 Thread 'MainThread': missing ScriptRunContext! This warning can be ignored when running in bare mode.
2026-10-06 11:12:02.635 Thread 'MainThread': missing ScriptRunContext! This warning can be ignored when running in bare mode.
2026-10-06 11:12:02.635 Thread 'MainThread': missing ScriptRunContext! This warning can be ignored when running in bare mode.
2026-10-06 11:12:02.635 Thread 'MainThread': missing ScriptRunContext! This warning can be ignored when running in bare mode.
2026-10-06 11:12:02.635 Thread 'MainThread': missing ScriptRunContext! This warning can be ignored when running in bare mode.
.2026-10-06 11:12:03.821 Thread 'MainThread': missing ScriptRunContext! This warning can be ignored when running in bare mode.
.2026-10-06 11:12:05.441 Thread 'MainThread': missing ScriptRunContext! This warning can be ignored when running in bare mode.
2026-10-06 11:12:05.441 Thread 'MainThread': missing ScriptRunContext! This warning can be ignored when running in bare mode.
2026-10-06 11:12:05.441 Thread 'MainThread': missing ScriptRunContext! This warning can be ignored when running in bare mode.
2026-10-06 11:12:05.441 Thread 'MainThread': missing ScriptRunContext! This warning can be ignored when running in bare mode.
2026-10-06 11:12:05.441 Thread 'MainThread': missing ScriptRunContext! This warning can be ignored when running in bare mode.
2026-10-06 11:12:05.442 Thread 'MainThread': missing ScriptRunContext! This warning can be ignored when running in bare mode.
2026-10-06 11:12:05.442 Thread 'MainThread': missing ScriptRunContext! This warning can be ignored when running in bare mode.
2026-10-06 11:12:06.542 Please replace `use_container_width` with `width`.

`use_container_width` will be removed after 2025-12-31.

For `use_container_width=True`, use `width='stretch'`. For `use_container_width=False`, use `width='content'`.
2026-10-06 11:12:07.545 Thread 'MainThread': missing ScriptRunContext! This warning can be ignored when running in bare mode.
2026-10-06 11:12:07.546 Thread 'MainThread': missing ScriptRunContext! This warning can be ignored when running in bare mode.
2026-10-06 11:12:08.060 Please replace `use_container_width` with `width`.

`use_container_width` will be removed after 2025-12-31.

For `use_container_width=True`, use `width='stretch'`. For `use_container_width=False`, use `width='content'`.
.2026-10-06 11:12:08.863 Thread 'MainThread': missing ScriptRunContext! This warning can be ignored when running in bare mode.
2026-10-06 11:12:08.864 Thread 'MainThread': missing ScriptRunContext! This warning can be ignored when running in bare mode.
2026-10-06 11:12:08.864 Thread 'MainThread': missing ScriptRunContext! This warning can be ignored when running in bare mode.
2026-10-06 11:12:08.864 Thread 'MainThread': missing ScriptRunContext! This warning can be ignored when running in bare mode.
2026-10-06 11:12:08.864 Thread 'MainThread': missing ScriptRunContext! This warning can be ignored when running in bare mode.
2026-10-06 11:12:08.864 Thread 'MainThread': missing ScriptRunContext! This warning can be ignored when running in bare mode.
2026-10-06 11:12:08.864 Thread 'MainThread': missing ScriptRunContext! This warning can be ignored when running in bare mode.
2026-10-06 11:12:09.968 Please replace `use_container_width` with `width`.

`use_container_width` will be removed after 2025-12-31.

For `use_container_width=True`, use `width='stretch'`. For `use_container_width=False`, use `width='content'`.
2026-10-06 11:12:11.144 Please replace `use_container_width` with `width`.

`use_container_width` will be removed after 2025-12-31.

For `use_container_width=True`, use `width='stretch'`. For `use_container_width=False`, use `width='content'`.
2026-10-06 11:12:11.497 Please replace `use_container_width` with `width`.

`use_container_width` will be removed after 2025-12-31.

For `use_container_width=True`, use `width='stretch'`. For `use_container_width=False`, use `width='content'`.
2026-10-06 11:12:11.840 Please replace `use_container_width` with `width`.

`use_container_width` will be removed after 2025-12-31.

For `use_container_width=True`, use `width='stretch'`. For `use_container_width=False`, use `width='content'`.
2026-10-06 11:12:12.365 Please replace `use_container_width` with `width`.

`use_container_width` will be removed after 2025-12-31.

For `use_container_width=True`, use `width='stretch'`. For `use_container_width=False`, use `width='content'`.
2026-10-06 11:12:12.662 Please replace `use_container_width` with `width`.

`use_container_width` will be removed after 2025-12-31.

For `use_container_width=True`, use `width='stretch'`. For `use_container_width=False`, use `width='content'`.
2026-10-06 11:12:15.193 Please replace `use_container_width` with `width`.

`use_container_width` will be removed after 2025-12-31.

For `use_container_width=True`, use `width='stretch'`. For `use_container_width=False`, use `width='content'`.
2026-10-06 11:12:15.800 Please replace `use_container_width` with `width`.

`use_container_width` will be removed after 2025-12-31.

For `use_container_width=True`, use `width='stretch'`. For `use_container_width=False`, use `width='content'`.
.2026-10-06 11:12:15.816 Thread 'MainThread': missing ScriptRunContext! This warning can be ignored when running in bare mode.
2026-10-06 11:12:15.817 Thread 'MainThread': missing ScriptRunContext! This warning can be ignored when running in bare mode.
2026-10-06 11:12:15.817 Thread 'MainThread': missing ScriptRunContext! This warning can be ignored when running in bare mode.
2026-10-06 11:12:15.817 Thread 'MainThread': missing ScriptRunContext! This warning can be ignored when running in bare mode.
2026-10-06 11:12:15.817 Thread 'MainThread': missing ScriptRunContext! This warning can be ignored when running in bare mode.
2026-10-06 11:12:15.817 Thread 'MainThread': missing ScriptRunContext! This warning can be ignored when running in bare mode.
2026-10-06 11:12:15.817 Thread 'MainThread': missing ScriptRunContext! This warning can be ignored when running in bare mode.
2026-10-06 11:12:16.891 Please replace `use_container_width` with `width`.

`use_container_width` will be removed after 2025-12-31.

For `use_container_width=True`, use `width='stretch'`. For `use_container_width=False`, use `width='content'`.
2026-10-06 11:12:17.234 Please replace `use_container_width` with `width`.

`use_container_width` will be removed after 2025-12-31.

For `use_container_width=True`, use `width='stretch'`. For `use_container_width=False`, use `width='content'`.
2026-10-06 11:12:17.250 Thread 'MainThread': missing ScriptRunContext! This warning can be ignored when running in bare mode.
2026-10-06 11:12:17.250 Thread 'MainThread': missing ScriptRunContext! This warning can be ignored when running in bare mode.
2026-10-06 11:12:17.250 Thread 'MainThread': missing ScriptRunContext! This warning can be ignored when running in bare mode.
2026-10-06 11:12:17.250 Thread 'MainThread': missing ScriptRunContext! This warning can be ignored when running in bare mode.
2026-10-06 11:12:17.250 Thread 'MainThread': missing ScriptRunContext! This warning can be ignored when running in bare mode.
2026-10-06 11:12:17.250 Thread 'MainThread': missing ScriptRunContext! This warning can be ignored when running in bare mode.
2026-10-06 11:12:17.250 Thread 'MainThread': missing ScriptRunContext! This warning can be ignored when running in bare mode.
2026-10-06 11:12:17.588 Please replace `use_container_width` with `width`.

`use_container_width` will be removed after 2025-12-31.

For `use_container_width=True`, use `width='stretch'`. For `use_container_width=False`, use `width='content'`.
2026-10-06 11:12:17.929 Please replace `use_container_width` with `width`.

`use_container_width` will be removed after 2025-12-31.

For `use_container_width=True`, use `width='stretch'`. For `use_container_width=False`, use `width='content'`.
2026-10-06 11:12:18.210 Please replace `use_container_width` with `width`.

`use_container_width` will be removed after 2025-12-31.

For `use_container_width=True`, use `width='stretch'`. For `use_container_width=False`, use `width='content'`.
2026-10-06 11:12:18.530 Please replace `use_container_width` with `width`.

`use_container_width` will be removed after 2025-12-31.

For `use_container_width=True`, use `width='stretch'`. For `use_container_width=False`, use `width='content'`.
2026-10-06 11:12:18.877 Please replace `use_container_width` with `width`.

`use_container_width` will be removed after 2025-12-31.

For `use_container_width=True`, use `width='stretch'`. For `use_container_width=False`, use `width='content'`.
2026-10-06 11:12:19.194 Please replace `use_container_width` with `width`.

`use_container_width` will be removed after 2025-12-31.

For `use_container_width=True`, use `width='stretch'`. For `use_container_width=False`, use `width='content'`.
.2026-10-06 11:12:19.208 Thread 'MainThread': missing ScriptRunContext! This warning can be ignored when running in bare mode.
2026-10-06 11:12:19.208 Thread 'MainThread': missing ScriptRunContext! This warning can be ignored when running in bare mode.
2026-10-06 11:12:19.208 Thread 'MainThread': missing ScriptRunContext! This warning can be ignored when running in bare mode.
2026-10-06 11:12:19.208 Thread 'MainThread': missing ScriptRunContext! This warning can be ignored when running in bare mode.
2026-10-06 11:12:19.208 Thread 'MainThread': missing ScriptRunContext! This warning can be ignored when running in bare mode.
2026-10-06 11:12:19.209 Thread 'MainThread': missing ScriptRunContext! This warning can be ignored when running in bare mode.
2026-10-06 11:12:19.209 Thread 'MainThread': missing ScriptRunContext! This warning can be ignored when running in bare mode.
2026-10-06 11:12:20.094 Please replace `use_container_width` with `width`.

`use_container_width` will be removed after 2025-12-31.

For `use_container_width=True`, use `width='stretch'`. For `use_container_width=False`, use `width='content'`.
2026-10-06 11:12:20.391 Please replace `use_container_width` with `width`.

`use_container_width` will be removed after 2025-12-31.

For `use_container_width=True`, use `width='stretch'`. For `use_container_width=False`, use `width='content'`.
2026-10-06 11:12:20.734 Please replace `use_container_width` with `width`.

`use_container_width` will be removed after 2025-12-31.

For `use_container_width=True`, use `width='stretch'`. For `use_container_width=False`, use `width='content'`.
2026-10-06 11:12:21.069 Please replace `use_container_width` with `width`.

`use_container_width` will be removed after 2025-12-31.

For `use_container_width=True`, use `width='stretch'`. For `use_container_width=False`, use `width='content'`.
2026-10-06 11:12:21.397 Please replace `use_container_width` with `width`.

`use_container_width` will be removed after 2025-12-31.

For `use_container_width=True`, use `width='stretch'`. For `use_container_width=False`, use `width='content'`.
2026-10-06 11:12:21.410 Thread 'MainThread': missing ScriptRunContext! This warning can be ignored when running in bare mode.
2026-10-06 11:12:21.410 Thread 'MainThread': missing ScriptRunContext! This warning can be ignored when running in bare mode.
2026-10-06 11:12:21.410 Thread 'MainThread': missing ScriptRunContext! This warning can be ignored when running in bare mode.
2026-10-06 11:12:21.410 Thread 'MainThread': missing ScriptRunContext! This warning can be ignored when running in bare mode.
2026-10-06 11:12:22.360 Please replace `use_container_width` with `width`.

`use_container_width` will be removed after 2025-12-31.

For `use_container_width=True`, use `width='stretch'`. For `use_container_width=False`, use `width='content'`.
2026-10-06 11:12:22.714 Please replace `use_container_width` with `width`.

`use_container_width` will be removed after 2025-12-31.

For `use_container_width=True`, use `width='stretch'`. For `use_container_width=False`, use `width='content'`.
..............2026-10-06 11:12:23.006 Thread 'MainThread': missing ScriptRunContext! This warning can be ignored when running in bare mode.
2026-10-06 11:12:23.007 Session state does not function when running a script without `streamlit run`
2026-10-06 11:12:23.037 Thread 'MainThread': missing ScriptRunContext! This warning can be ignored when running in bare mode.
2026-10-06 11:12:23.041 Thread 'MainThread': missing ScriptRunContext! This warning can be ignored when running in bare mode.
2026-10-06 11:12:23.045 Thread 'MainThread': missing ScriptRunContext! This warning can be ignored when running in bare mode.
2026-10-06 11:12:23.049 Thread 'MainThread': missing ScriptRunContext! This warning can be ignored when running in bare mode.
2026-10-06 11:12:23.052 Thread 'MainThread': missing ScriptRunContext! This warning can be ignored when running in bare mode.
2026-10-06 11:12:23.055 Thread 'MainThread': missing ScriptRunContext! This warning can be ignored when running in bare mode.
2026-10-06 11:12:23.058 Thread 'MainThread': missing ScriptRunContext! This warning can be ignored when running in bare mode.
2026-10-06 11:12:23.061 Thread 'MainThread': missing ScriptRunContext! This warning can be ignored when running in bare mode.
2026-10-06 11:12:23.065 Thread 'MainThread': missing ScriptRunContext! This warning can be ignored when running in bare mode.
2026-10-06 11:12:23.070 Thread 'MainThread': missing ScriptRunContext! This warning can be ignored when running in bare mode.
2026-10-06 11:12:23.073 Thread 'MainThread': missing ScriptRunContext! This warning can be ignored when running in bare mode.
2026-10-06 11:12:23.077 Thread 'MainThread': missing ScriptRunContext! This warning can be ignored when running in bare mode.
2026-10-06 11:12:23.081 Thread 'MainThread': missing ScriptRunContext! This warning can be ignored when running in bare mode.
2026-10-06 11:12:23.084 Thread 'MainThread': missing ScriptRunContext! This warning can be ignored when running in bare mode.
2026-10-06 11:12:23.087 Thread 'MainThread': missing ScriptRunContext! This warning can be ignored when running in bare mode.
2026-10-06 11:12:23.090 Thread 'MainThread': missing ScriptRunContext! This warning can be ignored when running in bare mode.
2026-10-06 11:12:23.094 Thread 'MainThread': missing ScriptRunContext! This warning can be ignored when running in bare mode.
2026-10-06 11:12:23.097 Thread 'MainThread': missing ScriptRunContext! This warning can be ignored when running in bare mode.
2026-10-06 11:12:23.100 Thread 'MainThread': missing ScriptRunContext! This warning can be ignored when running in bare mode.
2026-10-06 11:12:23.103 Thread 'MainThread': missing ScriptRunContext! This warning can be ignored when running in bare mode.
2026-10-06 11:12:23.107 Thread 'MainThread': missing ScriptRunContext! This warning can be ignored when running in bare mode.
2026-10-06 11:12:23.111 Thread 'MainThread': missing ScriptRunContext! This warning can be ignored when running in bare mode.
2026-10-06 11:12:23.115 Thread 'MainThread': missing ScriptRunContext! This warning can be ignored when running in bare mode.
2026-10-06 11:12:23.118 Thread 'MainThread': missing ScriptRunContext! This warning can be ignored when running in bare mode.
2026-10-06 11:12:23.121 Thread 'MainThread': missing ScriptRunContext! This warning can be ignored when running in bare mode.
2026-10-06 11:12:23.125 Thread 'MainThread': missing ScriptRunContext! This warning can be ignored when running in bare mode.
2026-10-06 11:12:23.128 Thread 'MainThread': missing ScriptRunContext! This warning can be ignored when running in bare mode.
2026-10-06 11:12:23.131 Thread 'MainThread': missing ScriptRunContext! This warning can be ignored when running in bare mode.
2026-10-06 11:12:23.134 Thread 'MainThread': missing ScriptRunContext! This warning can be ignored when running in bare mode.
2026-10-06 11:12:23.138 Thread 'MainThread': missing ScriptRunContext! This warning can be ignored when running in bare mode.
2026-10-06 11:12:23.141 Thread 'MainThread': missing ScriptRunContext! This warning can be ignored when running in bare mode.
2026-10-06 11:12:23.144 Thread 'MainThread': missing ScriptRunContext! This warning can be ignored when running in bare mode.
2026-10-06 11:12:23.147 Thread 'MainThread': missing ScriptRunContext! This warning can be ignored when running in bare mode.
2026-10-06 11:12:23.152 Thread 'MainThread': missing ScriptRunContext! This warning can be ignored when running in bare mode.
2026-10-06 11:12:23.155 Thread 'MainThread': missing ScriptRunContext! This warning can be ignored when running in bare mode.
2026-10-06 11:12:23.159 Thread 'MainThread': missing ScriptRunContext! This warning can be ignored when running in bare mode.
2026-10-06 11:12:23.162 Thread 'MainThread': missing ScriptRunContext! This warning can be ignored when running in bare mode.
2026-10-06 11:12:23.165 Thread 'MainThread': missing ScriptRunContext! This warning can be ignored when running in bare mode.
2026-10-06 11:12:23.169 Thread 'MainThread': missing ScriptRunContext! This warning can be ignored when running in bare mode.
2026-10-06 11:12:23.173 Thread 'MainThread': missing ScriptRunContext! This warning can be ignored when running in bare mode.
2026-10-06 11:12:23.176 Thread 'MainThread': missing ScriptRunContext! This warning can be ignored when running in bare mode.
2026-10-06 11:12:23.180 Thread 'MainThread': missing ScriptRunContext! This warning can be ignored when running in bare mode.
2026-10-06 11:12:23.184 Thread 'MainThread': missing ScriptRunContext! This warning can be ignored when running in bare mode.
2026-10-06 11:12:23.188 Thread 'MainThread': missing ScriptRunContext! This warning can be ignored when running in bare mode.
2026-10-06 11:12:23.191 Thread 'MainThread': missing ScriptRunContext! This warning can be ignored when running in bare mode.
2026-10-06 11:12:23.195 Thread 'MainThread': missing ScriptRunContext! This warning can be ignored when running in bare mode.
2026-10-06 11:12:23.198 Thread 'MainThread': missing ScriptRunContext! This warning can be ignored when running in bare mode.
2026-10-06 11:12:23.202 Thread 'MainThread': missing ScriptRunContext! This warning can be ignored when running in bare mode.
2026-10-06 11:12:23.206 Thread 'MainThread': missing ScriptRunContext! This warning can be ignored when running in bare mode.
2026-10-06 11:12:23.209 Thread 'MainThread': missing ScriptRunContext! This warning can be ignored when running in bare mode.
2026-10-06 11:12:23.213 Thread 'MainThread': missing ScriptRunContext! This warning can be ignored when running in bare mode.
2026-10-06 11:12:23.216 Thread 'MainThread': missing ScriptRunContext! This warning can be ignored when running in bare mode.
2026-10-06 11:12:23.220 Thread 'MainThread': missing ScriptRunContext! This warning can be ignored when running in bare mode.
2026-10-06 11:12:23.223 Thread 'MainThread': missing ScriptRunContext! This warning can be ignored when running in bare mode.
2026-10-06 11:12:23.226 Thread 'MainThread': missing ScriptRunContext! This warning can be ignored when running in bare mode.
2026-10-06 11:12:23.229 Thread 'MainThread': missing ScriptRunContext! This warning can be ignored when running in bare mode.
2026-10-06 11:12:23.232 Thread 'MainThread': missing ScriptRunContext! This warning can be ignored when running in bare mode.
2026-10-06 11:12:23.236 Thread 'MainThread': missing ScriptRunContext! This warning can be ignored when running in bare mode.
2026-10-06 11:12:23.240 Thread 'MainThread': missing ScriptRunContext! This warning can be ignored when running in bare mode.
2026-10-06 11:12:23.243 Thread 'MainThread': missing ScriptRunContext! This warning can be ignored when running in bare mode.
2026-10-06 11:12:23.246 Thread 'MainThread': missing ScriptRunContext! This warning can be ignored when running in bare mode.
2026-10-06 11:12:23.250 Thread 'MainThread': missing ScriptRunContext! This warning can be ignored when running in bare mode.
2026-10-06 11:12:23.253 Thread 'MainThread': missing ScriptRunContext! This warning can be ignored when running in bare mode.
2026-10-06 11:12:23.256 Thread 'MainThread': missing ScriptRunContext! This warning can be ignored when running in bare mode.
2026-10-06 11:12:23.260 Thread 'MainThread': missing ScriptRunContext! This warning can be ignored when running in bare mode.
2026-10-06 11:12:23.263 Thread 'MainThread': missing ScriptRunContext! This warning can be ignored when running in bare mode.
2026-10-06 11:12:23.266 Thread 'MainThread': missing ScriptRunContext! This warning can be ignored when running in bare mode.
2026-10-06 11:12:23.270 Thread 'MainThread': missing ScriptRunContext! This warning can be ignored when running in bare mode.
2026-10-06 11:12:23.274 Thread 'MainThread': missing ScriptRunContext! This warning can be ignored when running in bare mode.
2026-10-06 11:12:23.277 Thread 'MainThread': missing ScriptRunContext! This warning can be ignored when running in bare mode.
2026-10-06 11:12:23.281 Thread 'MainThread': missing ScriptRunContext! This warning can be ignored when running in bare mode.
2026-10-06 11:12:23.284 Thread 'MainThread': missing ScriptRunContext! This warning can be ignored when running in bare mode.
2026-10-06 11:12:23.287 Thread 'MainThread': missing ScriptRunContext! This warning can be ignored when running in bare mode.
2026-10-06 11:12:23.291 Thread 'MainThread': missing ScriptRunContext! This warning can be ignored when running in bare mode.
2026-10-06 11:12:23.295 Thread 'MainThread': missing ScriptRunContext! This warning can be ignored when running in bare mode.
2026-10-06 11:12:23.298 Thread 'MainThread': missing ScriptRunContext! This warning can be ignored when running in bare mode.
2026-10-06 11:12:23.302 Thread 'MainThread': missing ScriptRunContext! This warning can be ignored when running in bare mode.
2026-10-06 11:12:23.307 Thread 'MainThread': missing ScriptRunContext! This warning can be ignored when running in bare mode.
2026-10-06 11:12:23.310 Thread 'MainThread': missing ScriptRunContext! This warning can be ignored when running in bare mode.
2026-10-06 11:12:23.313 Thread 'MainThread': missing ScriptRunContext! This warning can be ignored when running in bare mode.
2026-10-06 11:12:23.317 Thread 'MainThread': missing ScriptRunContext! This warning can be ignored when running in bare mode.
2026-10-06 11:12:23.321 Thread 'MainThread': missing ScriptRunContext! This warning can be ignored when running in bare mode.
2026-10-06 11:12:23.325 Thread 'MainThread': missing ScriptRunContext! This warning can be ignored when running in bare mode.
2026-10-06 11:12:23.329 Thread 'MainThread': missing ScriptRunContext! This warning can be ignored when running in bare mode.
2026-10-06 11:12:23.333 Thread 'MainThread': missing ScriptRunContext! This warning can be ignored when running in bare mode.
2026-10-06 11:12:23.336 Thread 'MainThread': missing ScriptRunContext! This warning can be ignored when running in bare mode.
2026-10-06 11:12:23.340 Thread 'MainThread': missing ScriptRunContext! This warning can be ignored when running in bare mode.
2026-10-06 11:12:23.344 Thread 'MainThread': missing ScriptRunContext! This warning can be ignored when running in bare mode.
2026-10-06 11:12:23.347 Thread 'MainThread': missing ScriptRunContext! This warning can be ignored when running in bare mode.
2026-10-06 11:12:23.351 Thread 'MainThread': missing ScriptRunContext! This warning can be ignored when running in bare mode.
2026-10-06 11:12:23.355 Thread 'MainThread': missing ScriptRunContext! This warning can be ignored when running in bare mode.
2026-10-06 11:12:23.359 Thread 'MainThread': missing ScriptRunContext! This warning can be ignored when running in bare mode.
2026-10-06 11:12:23.362 Thread 'MainThread': missing ScriptRunContext! This warning can be ignored when running in bare mode.
2026-10-06 11:12:23.365 Thread 'MainThread': missing ScriptRunContext! This warning can be ignored when running in bare mode.
2026-10-06 11:12:23.370 Thread 'MainThread': missing ScriptRunContext! This warning can be ignored when running in bare mode.
2026-10-06 11:12:23.375 Thread 'MainThread': missing ScriptRunContext! This warning can be ignored when running in bare mode.
2026-10-06 11:12:23.378 Thread 'MainThread': missing ScriptRunContext! This warning can be ignored when running in bare mode.
2026-10-06 11:12:23.382 Thread 'MainThread': missing ScriptRunContext! This warning can be ignored when running in bare mode.
2026-10-06 11:12:23.386 Thread 'MainThread': missing ScriptRunContext! This warning can be ignored when running in bare mode.
2026-10-06 11:12:23.389 Thread 'MainThread': missing ScriptRunContext! This warning can be ignored when running in bare mode.
2026-10-06 11:12:23.393 Thread 'MainThread': missing ScriptRunContext! This warning can be ignored when running in bare mode.
2026-10-06 11:12:23.397 Thread 'MainThread': missing ScriptRunContext! This warning can be ignored when running in bare mode.
2026-10-06 11:12:23.401 Thread 'MainThread': missing ScriptRunContext! This warning can be ignored when running in bare mode.
2026-10-06 11:12:23.406 Thread 'MainThread': missing ScriptRunContext! This warning can be ignored when running in bare mode.
2026-10-06 11:12:23.410 Thread 'MainThread': missing ScriptRunContext! This warning can be ignored when running in bare mode.
2026-10-06 11:12:23.413 Thread 'MainThread': missing ScriptRunContext! This warning can be ignored when running in bare mode.
2026-10-06 11:12:23.416 Thread 'MainThread': missing ScriptRunContext! This warning can be ignored when running in bare mode.
2026-10-06 11:12:23.420 Thread 'MainThread': missing ScriptRunContext! This warning can be ignored when running in bare mode.
2026-10-06 11:12:23.424 Thread 'MainThread': missing ScriptRunContext! This warning can be ignored when running in bare mode.
2026-10-06 11:12:23.427 Thread 'MainThread': missing ScriptRunContext! This warning can be ignored when running in bare mode.
2026-10-06 11:12:23.431 Thread 'MainThread': missing ScriptRunContext! This warning can be ignored when running in bare mode.
2026-10-06 11:12:23.434 Thread 'MainThread': missing ScriptRunContext! This warning can be ignored when running in bare mode.
2026-10-06 11:12:23.439 Thread 'MainThread': missing ScriptRunContext! This warning can be ignored when running in bare mode.
2026-10-06 11:12:23.442 Thread 'MainThread': missing ScriptRunContext! This warning can be ignored when running in bare mode.
2026-10-06 11:12:23.445 Thread 'MainThread': missing ScriptRunContext! This warning can be ignored when running in bare mode.
2026-10-06 11:12:23.449 Thread 'MainThread': missing ScriptRunContext! This warning can be ignored when running in bare mode.
2026-10-06 11:12:23.452 Thread 'MainThread': missing ScriptRunContext! This warning can be ignored when running in bare mode.
2026-10-06 11:12:23.456 Thread 'MainThread': missing ScriptRunContext! This warning can be ignored when running in bare mode.
2026-10-06 11:12:23.459 Thread 'MainThread': missing ScriptRunContext! This warning can be ignored when running in bare mode.
2026-10-06 11:12:23.463 Thread 'MainThread': missing ScriptRunContext! This warning can be ignored when running in bare mode.
2026-10-06 11:12:23.467 Thread 'MainThread': missing ScriptRunContext! This warning can be ignored when running in bare mode.
2026-10-06 11:12:23.736 Thread 'MainThread': missing ScriptRunContext! This warning can be ignored when running in bare mode.
2026-10-06 11:12:23.736 Thread 'MainThread': missing ScriptRunContext! This warning can be ignored when running in bare mode.
2026-10-06 11:12:23.737 Thread 'MainThread': missing ScriptRunContext! This warning can be ignored when running in bare mode.
2026-10-06 11:12:23.737 Thread 'MainThread': missing ScriptRunContext! This warning can be ignored when running in bare mode.
.2026-10-06 11:12:23.994 Thread 'MainThread': missing ScriptRunContext! This warning can be ignored when running in bare mode.
2026-10-06 11:12:24.014 Thread 'MainThread': missing ScriptRunContext! This warning can be ignored when running in bare mode.
2026-10-06 11:12:24.016 Thread 'MainThread': missing ScriptRunContext! This warning can be ignored when running in bare mode.
2026-10-06 11:12:24.018 Thread 'MainThread': missing ScriptRunContext! This warning can be ignored when running in bare mode.
2026-10-06 11:12:24.020 Thread 'MainThread': missing ScriptRunContext! This warning can be ignored when running in bare mode.
2026-10-06 11:12:24.023 Thread 'MainThread': missing ScriptRunContext! This warning can be ignored when running in bare mode.
2026-10-06 11:12:24.025 Thread 'MainThread': missing ScriptRunContext! This warning can be ignored when running in bare mode.
2026-10-06 11:12:24.028 Thread 'MainThread': missing ScriptRunContext! This warning can be ignored when running in bare mode.
2026-10-06 11:12:24.030 Thread 'MainThread': missing ScriptRunContext! This warning can be ignored when running in bare mode.
2026-10-06 11:12:24.032 Thread 'MainThread': missing ScriptRunContext! This warning can be ignored when running in bare mode.
2026-10-06 11:12:24.035 Thread 'MainThread': missing ScriptRunContext! This warning can be ignored when running in bare mode.
2026-10-06 11:12:24.039 Thread 'MainThread': missing ScriptRunContext! This warning can be ignored when running in bare mode.
2026-10-06 11:12:24.042 Thread 'MainThread': missing ScriptRunContext! This warning can be ignored when running in bare mode.
2026-10-06 11:12:24.044 Thread 'MainThread': missing ScriptRunContext! This warning can be ignored when running in bare mode.
2026-10-06 11:12:24.047 Thread 'MainThread': missing ScriptRunContext! This warning can be ignored when running in bare mode.
2026-10-06 11:12:24.050 Thread 'MainThread': missing ScriptRunContext! This warning can be ignored when running in bare mode.
2026-10-06 11:12:24.053 Thread 'MainThread': missing ScriptRunContext! This warning can be ignored when running in bare mode.
2026-10-06 11:12:24.056 Thread 'MainThread': missing ScriptRunContext! This warning can be ignored when running in bare mode.
2026-10-06 11:12:24.058 Thread 'MainThread': missing ScriptRunContext! This warning can be ignored when running in bare mode.
2026-10-06 11:12:24.061 Thread 'MainThread': missing ScriptRunContext! This warning can be ignored when running in bare mode.
2026-10-06 11:12:24.063 Thread 'MainThread': missing ScriptRunContext! This warning can be ignored when running in bare mode.
2026-10-06 11:12:24.066 Thread 'MainThread': missing ScriptRunContext! This warning can be ignored when running in bare mode.
2026-10-06 11:12:24.069 Thread 'MainThread': missing ScriptRunContext! This warning can be ignored when running in bare mode.
2026-10-06 11:12:24.072 Thread 'MainThread': missing ScriptRunContext! This warning can be ignored when running in bare mode.
2026-10-06 11:12:24.074 Thread 'MainThread': missing ScriptRunContext! This warning can be ignored when running in bare mode.
2026-10-06 11:12:24.077 Thread 'MainThread': missing ScriptRunContext! This warning can be ignored when running in bare mode.
2026-10-06 11:12:24.080 Thread 'MainThread': missing ScriptRunContext! This warning can be ignored when running in bare mode.
2026-10-06 11:12:24.083 Thread 'MainThread': missing ScriptRunContext! This warning can be ignored when running in bare mode.
2026-10-06 11:12:24.086 Thread 'MainThread': missing ScriptRunContext! This warning can be ignored when running in bare mode.
2026-10-06 11:12:24.089 Thread 'MainThread': missing ScriptRunContext! This warning can be ignored when running in bare mode.
2026-10-06 11:12:24.091 Thread 'MainThread': missing ScriptRunContext! This warning can be ignored when running in bare mode.
2026-10-06 11:12:24.094 Thread 'MainThread': missing ScriptRunContext! This warning can be ignored when running in bare mode.
2026-10-06 11:12:24.096 Thread 'MainThread': missing ScriptRunContext! This warning can be ignored when running in bare mode.
2026-10-06 11:12:24.100 Thread 'MainThread': missing ScriptRunContext! This warning can be ignored when running in bare mode.
2026-10-06 11:12:24.104 Thread 'MainThread': missing ScriptRunContext! This warning can be ignored when running in bare mode.
2026-10-06 11:12:24.106 Thread 'MainThread': missing ScriptRunContext! This warning can be ignored when running in bare mode.
2026-10-06 11:12:24.109 Thread 'MainThread': missing ScriptRunContext! This warning can be ignored when running in bare mode.
2026-10-06 11:12:24.111 Thread 'MainThread': missing ScriptRunContext! This warning can be ignored when running in bare mode.
2026-10-06 11:12:24.113 Thread 'MainThread': missing ScriptRunContext! This warning can be ignored when running in bare mode.
2026-10-06 11:12:24.117 Thread 'MainThread': missing ScriptRunContext! This warning can be ignored when running in bare mode.
2026-10-06 11:12:24.119 Thread 'MainThread': missing ScriptRunContext! This warning can be ignored when running in bare mode.
2026-10-06 11:12:24.122 Thread 'MainThread': missing ScriptRunContext! This warning can be ignored when running in bare mode.
2026-10-06 11:12:24.125 Thread 'MainThread': missing ScriptRunContext! This warning can be ignored when running in bare mode.
2026-10-06 11:12:24.128 Thread 'MainThread': missing ScriptRunContext! This warning can be ignored when running in bare mode.
2026-10-06 11:12:24.130 Thread 'MainThread': missing ScriptRunContext! This warning can be ignored when running in bare mode.
2026-10-06 11:12:24.133 Thread 'MainThread': missing ScriptRunContext! This warning can be ignored when running in bare mode.
2026-10-06 11:12:24.136 Thread 'MainThread': missing ScriptRunContext! This warning can be ignored when running in bare mode.
2026-10-06 11:12:24.139 Thread 'MainThread': missing ScriptRunContext! This warning can be ignored when running in bare mode.
2026-10-06 11:12:24.141 Thread 'MainThread': missing ScriptRunContext! This warning can be ignored when running in bare mode.
2026-10-06 11:12:24.145 Thread 'MainThread': missing ScriptRunContext! This warning can be ignored when running in bare mode.
2026-10-06 11:12:24.161 Thread 'MainThread': missing ScriptRunContext! This warning can be ignored when running in bare mode.
2026-10-06 11:12:24.170 Thread 'MainThread': missing ScriptRunContext! This warning can be ignored when running in bare mode.
2026-10-06 11:12:24.177 Thread 'MainThread': missing ScriptRunContext! This warning can be ignored when running in bare mode.
2026-10-06 11:12:24.195 Thread 'MainThread': missing ScriptRunContext! This warning can be ignored when running in bare mode.
2026-10-06 11:12:24.203 Thread 'MainThread': missing ScriptRunContext! This warning can be ignored when running in bare mode.
2026-10-06 11:12:24.211 Thread 'MainThread': missing ScriptRunContext! This warning can be ignored when running in bare mode.
2026-10-06 11:12:24.233 Thread 'MainThread': missing ScriptRunContext! This warning can be ignored when running in bare mode.
2026-10-06 11:12:24.261 Thread 'MainThread': missing ScriptRunContext! This warning can be ignored when running in bare mode.
2026-10-06 11:12:24.281 Thread 'MainThread': missing ScriptRunContext! This warning can be ignored when running in bare mode.
2026-10-06 11:12:24.294 Thread 'MainThread': missing ScriptRunContext! This warning can be ignored when running in bare mode.
2026-10-06 11:12:24.298 Thread 'MainThread': missing ScriptRunContext! This warning can be ignored when running in bare mode.
2026-10-06 11:12:24.303 Thread 'MainThread': missing ScriptRunContext! This warning can be ignored when running in bare mode.
2026-10-06 11:12:24.312 Thread 'MainThread': missing ScriptRunContext! This warning can be ignored when running in bare mode.
2026-10-06 11:12:24.324 Thread 'MainThread': missing ScriptRunContext! This warning can be ignored when running in bare mode.
2026-10-06 11:12:24.328 Thread 'MainThread': missing ScriptRunContext! This warning can be ignored when running in bare mode.
2026-10-06 11:12:24.332 Thread 'MainThread': missing ScriptRunContext! This warning can be ignored when running in bare mode.
2026-10-06 11:12:24.337 Thread 'MainThread': missing ScriptRunContext! This warning can be ignored when running in bare mode.
2026-10-06 11:12:24.341 Thread 'MainThread': missing ScriptRunContext! This warning can be ignored when running in bare mode.
2026-10-06 11:12:24.348 Thread 'MainThread': missing ScriptRunContext! This warning can be ignored when running in bare mode.
2026-10-06 11:12:24.351 Thread 'MainThread': missing ScriptRunContext! This warning can be ignored when running in bare mode.
2026-10-06 11:12:24.357 Thread 'MainThread': missing ScriptRunContext! This warning can be ignored when running in bare mode.
2026-10-06 11:12:24.362 Thread 'MainThread': missing ScriptRunContext! This warning can be ignored when running in bare mode.
2026-10-06 11:12:24.366 Thread 'MainThread': missing ScriptRunContext! This warning can be ignored when running in bare mode.
2026-10-06 11:12:24.374 Thread 'MainThread': missing ScriptRunContext! This warning can be ignored when running in bare mode.
2026-10-06 11:12:24.380 Thread 'MainThread': missing ScriptRunContext! This warning can be ignored when running in bare mode.
2026-10-06 11:12:24.384 Thread 'MainThread': missing ScriptRunContext! This warning can be ignored when running in bare mode.
2026-10-06 11:12:24.387 Thread 'MainThread': missing ScriptRunContext! This warning can be ignored when running in bare mode.
2026-10-06 11:12:24.391 Thread 'MainThread': missing ScriptRunContext! This warning can be ignored when running in bare mode.
2026-10-06 11:12:24.397 Thread 'MainThread': missing ScriptRunContext! This warning can be ignored when running in bare mode.
2026-10-06 11:12:24.403 Thread 'MainThread': missing ScriptRunContext! This warning can be ignored when running in bare mode.
2026-10-06 11:12:24.407 Thread 'MainThread': missing ScriptRunContext! This warning can be ignored when running in bare mode.
2026-10-06 11:12:24.411 Thread 'MainThread': missing ScriptRunContext! This warning can be ignored when running in bare mode.
2026-10-06 11:12:24.414 Thread 'MainThread': missing ScriptRunContext! This warning can be ignored when running in bare mode.
2026-10-06 11:12:24.418 Thread 'MainThread': missing ScriptRunContext! This warning can be ignored when running in bare mode.
2026-10-06 11:12:24.422 Thread 'MainThread': missing ScriptRunContext! This warning can be ignored when running in bare mode.
2026-10-06 11:12:24.426 Thread 'MainThread': missing ScriptRunContext! This warning can be ignored when running in bare mode.
2026-10-06 11:12:24.430 Thread 'MainThread': missing ScriptRunContext! This warning can be ignored when running in bare mode.
2026-10-06 11:12:24.435 Thread 'MainThread': missing ScriptRunContext! This warning can be ignored when running in bare mode.
2026-10-06 11:12:24.440 Thread 'MainThread': missing ScriptRunContext! This warning can be ignored when running in bare mode.
2026-10-06 11:12:24.446 Thread 'MainThread': missing ScriptRunContext! This warning can be ignored when running in bare mode.
2026-10-06 11:12:24.451 Thread 'MainThread': missing ScriptRunContext! This warning can be ignored when running in bare mode.
2026-10-06 11:12:24.455 Thread 'MainThread': missing ScriptRunContext! This warning can be ignored when running in bare mode.
2026-10-06 11:12:24.458 Thread 'MainThread': missing ScriptRunContext! This warning can be ignored when running in bare mode.
2026-10-06 11:12:24.462 Thread 'MainThread': missing ScriptRunContext! This warning can be ignored when running in bare mode.
2026-10-06 11:12:24.466 Thread 'MainThread': missing ScriptRunContext! This warning can be ignored when running in bare mode.
2026-10-06 11:12:24.473 Thread 'MainThread': missing ScriptRunContext! This warning can be ignored when running in bare mode.
2026-10-06 11:12:24.480 Thread 'MainThread': missing ScriptRunContext! This warning can be ignored when running in bare mode.
2026-10-06 11:12:24.486 Thread 'MainThread': missing ScriptRunContext! This warning can be ignored when running in bare mode.
2026-10-06 11:12:24.490 Thread 'MainThread': missing ScriptRunContext! This warning can be ignored when running in bare mode.
2026-10-06 11:12:24.494 Thread 'MainThread': missing ScriptRunContext! This warning can be ignored when running in bare mode.
2026-10-06 11:12:24.498 Thread 'MainThread': missing ScriptRunContext! This warning can be ignored when running in bare mode.
2026-10-06 11:12:24.505 Thread 'MainThread': missing ScriptRunContext! This warning can be ignored when running in bare mode.
2026-10-06 11:12:24.510 Thread 'MainThread': missing ScriptRunContext! This warning can be ignored when running in bare mode.
2026-10-06 11:12:24.513 Thread 'MainThread': missing ScriptRunContext! This warning can be ignored when running in bare mode.
2026-10-06 11:12:24.518 Thread 'MainThread': missing ScriptRunContext! This warning can be ignored when running in bare mode.
2026-10-06 11:12:24.522 Thread 'MainThread': missing ScriptRunContext! This warning can be ignored when running in bare mode.
2026-10-06 11:12:24.527 Thread 'MainThread': missing ScriptRunContext! This warning can be ignored when running in bare mode.
2026-10-06 11:12:24.530 Thread 'MainThread': missing ScriptRunContext! This warning can be ignored when running in bare mode.
2026-10-06 11:12:24.537 Thread 'MainThread': missing ScriptRunContext! This warning can be ignored when running in bare mode.
2026-10-06 11:12:24.547 Thread 'MainThread': missing ScriptRunContext! This warning can be ignored when running in bare mode.
2026-10-06 11:12:24.553 Thread 'MainThread': missing ScriptRunContext! This warning can be ignored when running in bare mode.
2026-10-06 11:12:24.558 Thread 'MainThread': missing ScriptRunContext! This warning can be ignored when running in bare mode.
2026-10-06 11:12:24.561 Thread 'MainThread': missing ScriptRunContext! This warning can be ignored when running in bare mode.
2026-10-06 11:12:24.566 Thread 'MainThread': missing ScriptRunContext! This warning can be ignored when running in bare mode.
2026-10-06 11:12:24.574 Thread 'MainThread': missing ScriptRunContext! This warning can be ignored when running in bare mode.
2026-10-06 11:12:24.578 Thread 'MainThread': missing ScriptRunContext! This warning can be ignored when running in bare mode.
2026-10-06 11:12:24.582 Thread 'MainThread': missing ScriptRunContext! This warning can be ignored when running in bare mode.
2026-10-06 11:12:24.585 Thread 'MainThread': missing ScriptRunContext! This warning can be ignored when running in bare mode.
2026-10-06 11:12:24.590 Thread 'MainThread': missing ScriptRunContext! This warning can be ignored when running in bare mode.
2026-10-06 11:12:24.593 Thread 'MainThread': missing ScriptRunContext! This warning can be ignored when running in bare mode.
2026-10-06 11:12:24.597 Thread 'MainThread': missing ScriptRunContext! This warning can be ignored when running in bare mode.
2026-10-06 11:12:24.600 Thread 'MainThread': missing ScriptRunContext! This warning can be ignored when running in bare mode.
2026-10-06 11:12:24.791 Thread 'MainThread': missing ScriptRunContext! This warning can be ignored when running in bare mode.
2026-10-06 11:12:24.791 Thread 'MainThread': missing ScriptRunContext! This warning can be ignored when running in bare mode.
2026-10-06 11:12:24.791 Thread 'MainThread': missing ScriptRunContext! This warning can be ignored when running in bare mode.
2026-10-06 11:12:24.791 Thread 'MainThread': missing ScriptRunContext! This warning can be ignored when running in bare mode.
.2026-10-06 11:12:24.902 Thread 'MainThread': missing ScriptRunContext! This warning can be ignored when running in bare mode.
2026-10-06 11:12:24.920 Thread 'MainThread': missing ScriptRunContext! This warning can be ignored when running in bare mode.
2026-10-06 11:12:24.923 Thread 'MainThread': missing ScriptRunContext! This warning can be ignored when running in bare mode.
2026-10-06 11:12:24.925 Thread 'MainThread': missing ScriptRunContext! This warning can be ignored when running in bare mode.
2026-10-06 11:12:24.927 Thread 'MainThread': missing ScriptRunContext! This warning can be ignored when running in bare mode.
2026-10-06 11:12:24.929 Thread 'MainThread': missing ScriptRunContext! This warning can be ignored when running in bare mode.
2026-10-06 11:12:24.932 Thread 'MainThread': missing ScriptRunContext! This warning can be ignored when running in bare mode.
2026-10-06 11:12:24.934 Thread 'MainThread': missing ScriptRunContext! This warning can be ignored when running in bare mode.
2026-10-06 11:12:24.938 Thread 'MainThread': missing ScriptRunContext! This warning can be ignored when running in bare mode.
2026-10-06 11:12:24.941 Thread 'MainThread': missing ScriptRunContext! This warning can be ignored when running in bare mode.
2026-10-06 11:12:24.943 Thread 'MainThread': missing ScriptRunContext! This warning can be ignored when running in bare mode.
2026-10-06 11:12:24.945 Thread 'MainThread': missing ScriptRunContext! This warning can be ignored when running in bare mode.
2026-10-06 11:12:24.948 Thread 'MainThread': missing ScriptRunContext! This warning can be ignored when running in bare mode.
2026-10-06 11:12:24.951 Thread 'MainThread': missing ScriptRunContext! This warning can be ignored when running in bare mode.
2026-10-06 11:12:24.953 Thread 'MainThread': missing ScriptRunContext! This warning can be ignored when running in bare mode.
2026-10-06 11:12:24.956 Thread 'MainThread': missing ScriptRunContext! This warning can be ignored when running in bare mode.
2026-10-06 11:12:24.958 Thread 'MainThread': missing ScriptRunContext! This warning can be ignored when running in bare mode.
2026-10-06 11:12:24.960 Thread 'MainThread': missing ScriptRunContext! This warning can be ignored when running in bare mode.
2026-10-06 11:12:24.963 Thread 'MainThread': missing ScriptRunContext! This warning can be ignored when running in bare mode.
2026-10-06 11:12:24.965 Thread 'MainThread': missing ScriptRunContext! This warning can be ignored when running in bare mode.
2026-10-06 11:12:24.968 Thread 'MainThread': missing ScriptRunContext! This warning can be ignored when running in bare mode.
2026-10-06 11:12:24.971 Thread 'MainThread': missing ScriptRunContext! This warning can be ignored when running in bare mode.
2026-10-06 11:12:24.974 Thread 'MainThread': missing ScriptRunContext! This warning can be ignored when running in bare mode.
2026-10-06 11:12:24.978 Thread 'MainThread': missing ScriptRunContext! This warning can be ignored when running in bare mode.
2026-10-06 11:12:24.983 Thread 'MainThread': missing ScriptRunContext! This warning can be ignored when running in bare mode.
2026-10-06 11:12:24.986 Thread 'MainThread': missing ScriptRunContext! This warning can be ignored when running in bare mode.
2026-10-06 11:12:24.992 Thread 'MainThread': missing ScriptRunContext! This warning can be ignored when running in bare mode.
2026-10-06 11:12:24.995 Thread 'MainThread': missing ScriptRunContext! This warning can be ignored when running in bare mode.
2026-10-06 11:12:24.998 Thread 'MainThread': missing ScriptRunContext! This warning can be ignored when running in bare mode.
2026-10-06 11:12:25.000 Thread 'MainThread': missing ScriptRunContext! This warning can be ignored when running in bare mode.
2026-10-06 11:12:25.003 Thread 'MainThread': missing ScriptRunContext! This warning can be ignored when running in bare mode.
2026-10-06 11:12:25.006 Thread 'MainThread': missing ScriptRunContext! This warning can be ignored when running in bare mode.
2026-10-06 11:12:25.008 Thread 'MainThread': missing ScriptRunContext! This warning can be ignored when running in bare mode.
2026-10-06 11:12:25.011 Thread 'MainThread': missing ScriptRunContext! This warning can be ignored when running in bare mode.
2026-10-06 11:12:25.014 Thread 'MainThread': missing ScriptRunContext! This warning can be ignored when running in bare mode.
2026-10-06 11:12:25.017 Thread 'MainThread': missing ScriptRunContext! This warning can be ignored when running in bare mode.
2026-10-06 11:12:25.020 Thread 'MainThread': missing ScriptRunContext! This warning can be ignored when running in bare mode.
2026-10-06 11:12:25.022 Thread 'MainThread': missing ScriptRunContext! This warning can be ignored when running in bare mode.
2026-10-06 11:12:25.025 Thread 'MainThread': missing ScriptRunContext! This warning can be ignored when running in bare mode.
2026-10-06 11:12:25.027 Thread 'MainThread': missing ScriptRunContext! This warning can be ignored when running in bare mode.
2026-10-06 11:12:25.031 Thread 'MainThread': missing ScriptRunContext! This warning can be ignored when running in bare mode.
2026-10-06 11:12:25.033 Thread 'MainThread': missing ScriptRunContext! This warning can be ignored when running in bare mode.
2026-10-06 11:12:25.036 Thread 'MainThread': missing ScriptRunContext! This warning can be ignored when running in bare mode.
2026-10-06 11:12:25.039 Thread 'MainThread': missing ScriptRunContext! This warning can be ignored when running in bare mode.
2026-10-06 11:12:25.042 Thread 'MainThread': missing ScriptRunContext! This warning can be ignored when running in bare mode.
2026-10-06 11:12:25.048 Thread 'MainThread': missing ScriptRunContext! This warning can be ignored when running in bare mode.
2026-10-06 11:12:25.051 Thread 'MainThread': missing ScriptRunContext! This warning can be ignored when running in bare mode.
2026-10-06 11:12:25.054 Thread 'MainThread': missing ScriptRunContext! This warning can be ignored when running in bare mode.
2026-10-06 11:12:25.056 Thread 'MainThread': missing ScriptRunContext! This warning can be ignored when running in bare mode.
2026-10-06 11:12:25.059 Thread 'MainThread': missing ScriptRunContext! This warning can be ignored when running in bare mode.
2026-10-06 11:12:25.062 Thread 'MainThread': missing ScriptRunContext! This warning can be ignored when running in bare mode.
2026-10-06 11:12:25.065 Thread 'MainThread': missing ScriptRunContext! This warning can be ignored when running in bare mode.
2026-10-06 11:12:25.068 Thread 'MainThread': missing ScriptRunContext! This warning can be ignored when running in bare mode.
2026-10-06 11:12:25.071 Thread 'MainThread': missing ScriptRunContext! This warning can be ignored when running in bare mode.
2026-10-06 11:12:25.074 Thread 'MainThread': missing ScriptRunContext! This warning can be ignored when running in bare mode.
2026-10-06 11:12:25.078 Thread 'MainThread': missing ScriptRunContext! This warning can be ignored when running in bare mode.
2026-10-06 11:12:25.080 Thread 'MainThread': missing ScriptRunContext! This warning can be ignored when running in bare mode.
2026-10-06 11:12:25.083 Thread 'MainThread': missing ScriptRunContext! This warning can be ignored when running in bare mode.
2026-10-06 11:12:25.088 Thread 'MainThread': missing ScriptRunContext! This warning can be ignored when running in bare mode.
2026-10-06 11:12:25.093 Thread 'MainThread': missing ScriptRunContext! This warning can be ignored when running in bare mode.
2026-10-06 11:12:25.096 Thread 'MainThread': missing ScriptRunContext! This warning can be ignored when running in bare mode.
2026-10-06 11:12:25.099 Thread 'MainThread': missing ScriptRunContext! This warning can be ignored when running in bare mode.
2026-10-06 11:12:25.102 Thread 'MainThread': missing ScriptRunContext! This warning can be ignored when running in bare mode.
2026-10-06 11:12:25.106 Thread 'MainThread': missing ScriptRunContext! This warning can be ignored when running in bare mode.
2026-10-06 11:12:25.109 Thread 'MainThread': missing ScriptRunContext! This warning can be ignored when running in bare mode.
2026-10-06 11:12:25.111 Thread 'MainThread': missing ScriptRunContext! This warning can be ignored when running in bare mode.
2026-10-06 11:12:25.115 Thread 'MainThread': missing ScriptRunContext! This warning can be ignored when running in bare mode.
2026-10-06 11:12:25.120 Thread 'MainThread': missing ScriptRunContext! This warning can be ignored when running in bare mode.
2026-10-06 11:12:25.124 Thread 'MainThread': missing ScriptRunContext! This warning can be ignored when running in bare mode.
2026-10-06 11:12:25.127 Thread 'MainThread': missing ScriptRunContext! This warning can be ignored when running in bare mode.
2026-10-06 11:12:25.130 Thread 'MainThread': missing ScriptRunContext! This warning can be ignored when running in bare mode.
2026-10-06 11:12:25.133 Thread 'MainThread': missing ScriptRunContext! This warning can be ignored when running in bare mode.
2026-10-06 11:12:25.137 Thread 'MainThread': missing ScriptRunContext! This warning can be ignored when running in bare mode.
2026-10-06 11:12:25.140 Thread 'MainThread': missing ScriptRunContext! This warning can be ignored when running in bare mode.
2026-10-06 11:12:25.143 Thread 'MainThread': missing ScriptRunContext! This warning can be ignored when running in bare mode.
2026-10-06 11:12:25.146 Thread 'MainThread': missing ScriptRunContext! This warning can be ignored when running in bare mode.
2026-10-06 11:12:25.150 Thread 'MainThread': missing ScriptRunContext! This warning can be ignored when running in bare mode.
2026-10-06 11:12:25.153 Thread 'MainThread': missing ScriptRunContext! This warning can be ignored when running in bare mode.
2026-10-06 11:12:25.156 Thread 'MainThread': missing ScriptRunContext! This warning can be ignored when running in bare mode.
2026-10-06 11:12:25.160 Thread 'MainThread': missing ScriptRunContext! This warning can be ignored when running in bare mode.
2026-10-06 11:12:25.163 Thread 'MainThread': missing ScriptRunContext! This warning can be ignored when running in bare mode.
2026-10-06 11:12:25.166 Thread 'MainThread': missing ScriptRunContext! This warning can be ignored when running in bare mode.
2026-10-06 11:12:25.170 Thread 'MainThread': missing ScriptRunContext! This warning can be ignored when running in bare mode.
2026-10-06 11:12:25.174 Thread 'MainThread': missing ScriptRunContext! This warning can be ignored when running in bare mode.
2026-10-06 11:12:25.177 Thread 'MainThread': missing ScriptRunContext! This warning can be ignored when running in bare mode.
2026-10-06 11:12:25.180 Thread 'MainThread': missing ScriptRunContext! This warning can be ignored when running in bare mode.
2026-10-06 11:12:25.185 Thread 'MainThread': missing ScriptRunContext! This warning can be ignored when running in bare mode.
2026-10-06 11:12:25.188 Thread 'MainThread': missing ScriptRunContext! This warning can be ignored when running in bare mode.
2026-10-06 11:12:25.192 Thread 'MainThread': missing ScriptRunContext! This warning can be ignored when running in bare mode.
2026-10-06 11:12:25.195 Thread 'MainThread': missing ScriptRunContext! This warning can be ignored when running in bare mode.
2026-10-06 11:12:25.199 Thread 'MainThread': missing ScriptRunContext! This warning can be ignored when running in bare mode.
2026-10-06 11:12:25.202 Thread 'MainThread': missing ScriptRunContext! This warning can be ignored when running in bare mode.
2026-10-06 11:12:25.206 Thread 'MainThread': missing ScriptRunContext! This warning can be ignored when running in bare mode.
2026-10-06 11:12:25.209 Thread 'MainThread': missing ScriptRunContext! This warning can be ignored when running in bare mode.
2026-10-06 11:12:25.212 Thread 'MainThread': missing ScriptRunContext! This warning can be ignored when running in bare mode.
2026-10-06 11:12:25.216 Thread 'MainThread': missing ScriptRunContext! This warning can be ignored when running in bare mode.
2026-10-06 11:12:25.219 Thread 'MainThread': missing ScriptRunContext! This warning can be ignored when running in bare mode.
2026-10-06 11:12:25.222 Thread 'MainThread': missing ScriptRunContext! This warning can be ignored when running in bare mode.
2026-10-06 11:12:25.225 Thread 'MainThread': missing ScriptRunContext! This warning can be ignored when running in bare mode.
2026-10-06 11:12:25.230 Thread 'MainThread': missing ScriptRunContext! This warning can be ignored when running in bare mode.
2026-10-06 11:12:25.233 Thread 'MainThread': missing ScriptRunContext! This warning can be ignored when running in bare mode.
2026-10-06 11:12:25.237 Thread 'MainThread': missing ScriptRunContext! This warning can be ignored when running in bare mode.
2026-10-06 11:12:25.240 Thread 'MainThread': missing ScriptRunContext! This warning can be ignored when running in bare mode.
2026-10-06 11:12:25.244 Thread 'MainThread': missing ScriptRunContext! This warning can be ignored when running in bare mode.
2026-10-06 11:12:25.247 Thread 'MainThread': missing ScriptRunContext! This warning can be ignored when running in bare mode.
2026-10-06 11:12:25.250 Thread 'MainThread': missing ScriptRunContext! This warning can be ignored when running in bare mode.
2026-10-06 11:12:25.254 Thread 'MainThread': missing ScriptRunContext! This warning can be ignored when running in bare mode.
2026-10-06 11:12:25.257 Thread 'MainThread': missing ScriptRunContext! This warning can be ignored when running in bare mode.
2026-10-06 11:12:25.262 Thread 'MainThread': missing ScriptRunContext! This warning can be ignored when running in bare mode.
2026-10-06 11:12:25.265 Thread 'MainThread': missing ScriptRunContext! This warning can be ignored when running in bare mode.
2026-10-06 11:12:25.268 Thread 'MainThread': missing ScriptRunContext! This warning can be ignored when running in bare mode.
2026-10-06 11:12:25.272 Thread 'MainThread': missing ScriptRunContext! This warning can be ignored when running in bare mode.
2026-10-06 11:12:25.276 Thread 'MainThread': missing ScriptRunContext! This warning can be ignored when running in bare mode.
2026-10-06 11:12:25.279 Thread 'MainThread': missing ScriptRunContext! This warning can be ignored when running in bare mode.
2026-10-06 11:12:25.283 Thread 'MainThread': missing ScriptRunContext! This warning can be ignored when running in bare mode.
2026-10-06 11:12:25.286 Thread 'MainThread': missing ScriptRunContext! This warning can be ignored when running in bare mode.
2026-10-06 11:12:25.289 Thread 'MainThread': missing ScriptRunContext! This warning can be ignored when running in bare mode.
2026-10-06 11:12:25.295 Thread 'MainThread': missing ScriptRunContext! This warning can be ignored when running in bare mode.
2026-10-06 11:12:25.298 Thread 'MainThread': missing ScriptRunContext! This warning can be ignored when running in bare mode.
2026-10-06 11:12:25.302 Thread 'MainThread': missing ScriptRunContext! This warning can be ignored when running in bare mode.
2026-10-06 11:12:25.307 Thread 'MainThread': missing ScriptRunContext! This warning can be ignored when running in bare mode.
2026-10-06 11:12:25.310 Thread 'MainThread': missing ScriptRunContext! This warning can be ignored when running in bare mode.
2026-10-06 11:12:25.582 Thread 'MainThread': missing ScriptRunContext! This warning can be ignored when running in bare mode.
2026-10-06 11:12:25.582 Thread 'MainThread': missing ScriptRunContext! This warning can be ignored when running in bare mode.
2026-10-06 11:12:25.582 Thread 'MainThread': missing ScriptRunContext! This warning can be ignored when running in bare mode.
2026-10-06 11:12:25.582 Thread 'MainThread': missing ScriptRunContext! This warning can be ignored when running in bare mode.
2026-10-06 11:12:25.735 Thread 'MainThread': missing ScriptRunContext! This warning can be ignored when running in bare mode.
2026-10-06 11:12:25.754 Thread 'MainThread': missing ScriptRunContext! This warning can be ignored when running in bare mode.
2026-10-06 11:12:25.756 Thread 'MainThread': missing ScriptRunContext! This warning can be ignored when running in bare mode.
2026-10-06 11:12:25.758 Thread 'MainThread': missing ScriptRunContext! This warning can be ignored when running in bare mode.
2026-10-06 11:12:25.759 Thread 'MainThread': missing ScriptRunContext! This warning can be ignored when running in bare mode.
2026-10-06 11:12:25.761 Thread 'MainThread': missing ScriptRunContext! This warning can be ignored when running in bare mode.
2026-10-06 11:12:25.763 Thread 'MainThread': missing ScriptRunContext! This warning can be ignored when running in bare mode.
2026-10-06 11:12:25.764 Thread 'MainThread': missing ScriptRunContext! This warning can be ignored when running in bare mode.
2026-10-06 11:12:25.766 Thread 'MainThread': missing ScriptRunContext! This warning can be ignored when running in bare mode.
2026-10-06 11:12:25.768 Thread 'MainThread': missing ScriptRunContext! This warning can be ignored when running in bare mode.
2026-10-06 11:12:25.770 Thread 'MainThread': missing ScriptRunContext! This warning can be ignored when running in bare mode.
2026-10-06 11:12:25.772 Thread 'MainThread': missing ScriptRunContext! This warning can be ignored when running in bare mode.
2026-10-06 11:12:25.775 Thread 'MainThread': missing ScriptRunContext! This warning can be ignored when running in bare mode.
2026-10-06 11:12:25.777 Thread 'MainThread': missing ScriptRunContext! This warning can be ignored when running in bare mode.
2026-10-06 11:12:25.779 Thread 'MainThread': missing ScriptRunContext! This warning can be ignored when running in bare mode.
2026-10-06 11:12:25.781 Thread 'MainThread': missing ScriptRunContext! This warning can be ignored when running in bare mode.
2026-10-06 11:12:25.783 Thread 'MainThread': missing ScriptRunContext! This warning can be ignored when running in bare mode.
2026-10-06 11:12:25.785 Thread 'MainThread': missing ScriptRunContext! This warning can be ignored when running in bare mode.
2026-10-06 11:12:25.787 Thread 'MainThread': missing ScriptRunContext! This warning can be ignored when running in bare mode.
2026-10-06 11:12:25.789 Thread 'MainThread': missing ScriptRunContext! This warning can be ignored when running in bare mode.
2026-10-06 11:12:25.790 Thread 'MainThread': missing ScriptRunContext! This warning can be ignored when running in bare mode.
2026-10-06 11:12:25.792 Thread 'MainThread': missing ScriptRunContext! This warning can be ignored when running in bare mode.
2026-10-06 11:12:25.794 Thread 'MainThread': missing ScriptRunContext! This warning can be ignored when running in bare mode.
2026-10-06 11:12:25.795 Thread 'MainThread': missing ScriptRunContext! This warning can be ignored when running in bare mode.
2026-10-06 11:12:25.797 Thread 'MainThread': missing ScriptRunContext! This warning can be ignored when running in bare mode.
2026-10-06 11:12:25.799 Thread 'MainThread': missing ScriptRunContext! This warning can be ignored when running in bare mode.
2026-10-06 11:12:25.801 Thread 'MainThread': missing ScriptRunContext! This warning can be ignored when running in bare mode.
2026-10-06 11:12:25.804 Thread 'MainThread': missing ScriptRunContext! This warning can be ignored when running in bare mode.
2026-10-06 11:12:25.807 Thread 'MainThread': missing ScriptRunContext! This warning can be ignored when running in bare mode.
2026-10-06 11:12:25.809 Thread 'MainThread': missing ScriptRunContext! This warning can be ignored when running in bare mode.
2026-10-06 11:12:25.811 Thread 'MainThread': missing ScriptRunContext! This warning can be ignored when running in bare mode.
2026-10-06 11:12:25.812 Thread 'MainThread': missing ScriptRunContext! This warning can be ignored when running in bare mode.
2026-10-06 11:12:25.814 Thread 'MainThread': missing ScriptRunContext! This warning can be ignored when running in bare mode.
2026-10-06 11:12:25.816 Thread 'MainThread': missing ScriptRunContext! This warning can be ignored when running in bare mode.
2026-10-06 11:12:25.818 Thread 'MainThread': missing ScriptRunContext! This warning can be ignored when running in bare mode.
2026-10-06 11:12:25.820 Thread 'MainThread': missing ScriptRunContext! This warning can be ignored when running in bare mode.
2026-10-06 11:12:25.822 Thread 'MainThread': missing ScriptRunContext! This warning can be ignored when running in bare mode.
2026-10-06 11:12:25.823 Thread 'MainThread': missing ScriptRunContext! This warning can be ignored when running in bare mode.
2026-10-06 11:12:25.825 Thread 'MainThread': missing ScriptRunContext! This warning can be ignored when running in bare mode.
2026-10-06 11:12:25.827 Thread 'MainThread': missing ScriptRunContext! This warning can be ignored when running in bare mode.
2026-10-06 11:12:25.829 Thread 'MainThread': missing ScriptRunContext! This warning can be ignored when running in bare mode.
2026-10-06 11:12:25.830 Thread 'MainThread': missing ScriptRunContext! This warning can be ignored when running in bare mode.
2026-10-06 11:12:25.832 Thread 'MainThread': missing ScriptRunContext! This warning can be ignored when running in bare mode.
2026-10-06 11:12:25.834 Thread 'MainThread': missing ScriptRunContext! This warning can be ignored when running in bare mode.
2026-10-06 11:12:25.838 Thread 'MainThread': missing ScriptRunContext! This warning can be ignored when running in bare mode.
2026-10-06 11:12:25.840 Thread 'MainThread': missing ScriptRunContext! This warning can be ignored when running in bare mode.
2026-10-06 11:12:25.842 Thread 'MainThread': missing ScriptRunContext! This warning can be ignored when running in bare mode.
2026-10-06 11:12:25.844 Thread 'MainThread': missing ScriptRunContext! This warning can be ignored when running in bare mode.
2026-10-06 11:12:25.845 Thread 'MainThread': missing ScriptRunContext! This warning can be ignored when running in bare mode.
2026-10-06 11:12:25.847 Thread 'MainThread': missing ScriptRunContext! This warning can be ignored when running in bare mode.
2026-10-06 11:12:25.849 Thread 'MainThread': missing ScriptRunContext! This warning can be ignored when running in bare mode.
2026-10-06 11:12:25.851 Thread 'MainThread': missing ScriptRunContext! This warning can be ignored when running in bare mode.
2026-10-06 11:12:25.853 Thread 'MainThread': missing ScriptRunContext! This warning can be ignored when running in bare mode.
2026-10-06 11:12:25.855 Thread 'MainThread': missing ScriptRunContext! This warning can be ignored when running in bare mode.
2026-10-06 11:12:25.857 Thread 'MainThread': missing ScriptRunContext! This warning can be ignored when running in bare mode.
2026-10-06 11:12:25.859 Thread 'MainThread': missing ScriptRunContext! This warning can be ignored when running in bare mode.
2026-10-06 11:12:25.860 Thread 'MainThread': missing ScriptRunContext! This warning can be ignored when running in bare mode.
2026-10-06 11:12:25.862 Thread 'MainThread': missing ScriptRunContext! This warning can be ignored when running in bare mode.
2026-10-06 11:12:25.864 Thread 'MainThread': missing ScriptRunContext! This warning can be ignored when running in bare mode.
2026-10-06 11:12:25.866 Thread 'MainThread': missing ScriptRunContext! This warning can be ignored when running in bare mode.
2026-10-06 11:12:25.867 Thread 'MainThread': missing ScriptRunContext! This warning can be ignored when running in bare mode.
2026-10-06 11:12:25.870 Thread 'MainThread': missing ScriptRunContext! This warning can be ignored when running in bare mode.
2026-10-06 11:12:25.872 Thread 'MainThread': missing ScriptRunContext! This warning can be ignored when running in bare mode.
2026-10-06 11:12:25.874 Thread 'MainThread': missing ScriptRunContext! This warning can be ignored when running in bare mode.
2026-10-06 11:12:25.876 Thread 'MainThread': missing ScriptRunContext! This warning can be ignored when running in bare mode.
2026-10-06 11:12:25.878 Thread 'MainThread': missing ScriptRunContext! This warning can be ignored when running in bare mode.
2026-10-06 11:12:25.880 Thread 'MainThread': missing ScriptRunContext! This warning can be ignored when running in bare mode.
2026-10-06 11:12:25.882 Thread 'MainThread': missing ScriptRunContext! This warning can be ignored when running in bare mode.
2026-10-06 11:12:25.884 Thread 'MainThread': missing ScriptRunContext! This warning can be ignored when running in bare mode.
2026-10-06 11:12:25.886 Thread 'MainThread': missing ScriptRunContext! This warning can be ignored when running in bare mode.
2026-10-06 11:12:25.888 Thread 'MainThread': missing ScriptRunContext! This warning can be ignored when running in bare mode.
2026-10-06 11:12:25.890 Thread 'MainThread': missing ScriptRunContext! This warning can be ignored when running in bare mode.
2026-10-06 11:12:25.892 Thread 'MainThread': missing ScriptRunContext! This warning can be ignored when running in bare mode.
2026-10-06 11:12:25.893 Thread 'MainThread': missing ScriptRunContext! This warning can be ignored when running in bare mode.
2026-10-06 11:12:25.896 Thread 'MainThread': missing ScriptRunContext! This warning can be ignored when running in bare mode.
2026-10-06 11:12:25.897 Thread 'MainThread': missing ScriptRunContext! This warning can be ignored when running in bare mode.
2026-10-06 11:12:25.899 Thread 'MainThread': missing ScriptRunContext! This warning can be ignored when running in bare mode.
2026-10-06 11:12:25.901 Thread 'MainThread': missing ScriptRunContext! This warning can be ignored when running in bare mode.
2026-10-06 11:12:25.904 Thread 'MainThread': missing ScriptRunContext! This warning can be ignored when running in bare mode.
2026-10-06 11:12:25.906 Thread 'MainThread': missing ScriptRunContext! This warning can be ignored when running in bare mode.
2026-10-06 11:12:25.908 Thread 'MainThread': missing ScriptRunContext! This warning can be ignored when running in bare mode.
2026-10-06 11:12:25.910 Thread 'MainThread': missing ScriptRunContext! This warning can be ignored when running in bare mode.
2026-10-06 11:12:25.912 Thread 'MainThread': missing ScriptRunContext! This warning can be ignored when running in bare mode.
2026-10-06 11:12:25.914 Thread 'MainThread': missing ScriptRunContext! This warning can be ignored when running in bare mode.
2026-10-06 11:12:25.916 Thread 'MainThread': missing ScriptRunContext! This warning can be ignored when running in bare mode.
2026-10-06 11:12:25.918 Thread 'MainThread': missing ScriptRunContext! This warning can be ignored when running in bare mode.
2026-10-06 11:12:25.920 Thread 'MainThread': missing ScriptRunContext! This warning can be ignored when running in bare mode.
2026-10-06 11:12:25.922 Thread 'MainThread': missing ScriptRunContext! This warning can be ignored when running in bare mode.
2026-10-06 11:12:25.924 Thread 'MainThread': missing ScriptRunContext! This warning can be ignored when running in bare mode.
2026-10-06 11:12:25.926 Thread 'MainThread': missing ScriptRunContext! This warning can be ignored when running in bare mode.
2026-10-06 11:12:25.927 Thread 'MainThread': missing ScriptRunContext! This warning can be ignored when running in bare mode.
2026-10-06 11:12:25.929 Thread 'MainThread': missing ScriptRunContext! This warning can be ignored when running in bare mode.
2026-10-06 11:12:25.932 Thread 'MainThread': missing ScriptRunContext! This warning can be ignored when running in bare mode.
2026-10-06 11:12:25.934 Thread 'MainThread': missing ScriptRunContext! This warning can be ignored when running in bare mode.
2026-10-06 11:12:25.936 Thread 'MainThread': missing ScriptRunContext! This warning can be ignored when running in bare mode.
2026-10-06 11:12:25.938 Thread 'MainThread': missing ScriptRunContext! This warning can be ignored when running in bare mode.
2026-10-06 11:12:25.941 Thread 'MainThread': missing ScriptRunContext! This warning can be ignored when running in bare mode.
2026-10-06 11:12:25.943 Thread 'MainThread': missing ScriptRunContext! This warning can be ignored when running in bare mode.
2026-10-06 11:12:25.944 Thread 'MainThread': missing ScriptRunContext! This warning can be ignored when running in bare mode.
2026-10-06 11:12:25.946 Thread 'MainThread': missing ScriptRunContext! This warning can be ignored when running in bare mode.
2026-10-06 11:12:25.950 Thread 'MainThread': missing ScriptRunContext! This warning can be ignored when running in bare mode.
2026-10-06 11:12:25.952 Thread 'MainThread': missing ScriptRunContext! This warning can be ignored when running in bare mode.
2026-10-06 11:12:25.954 Thread 'MainThread': missing ScriptRunContext! This warning can be ignored when running in bare mode.
2026-10-06 11:12:25.955 Thread 'MainThread': missing ScriptRunContext! This warning can be ignored when running in bare mode.
2026-10-06 11:12:25.958 Thread 'MainThread': missing ScriptRunContext! This warning can be ignored when running in bare mode.
2026-10-06 11:12:25.959 Thread 'MainThread': missing ScriptRunContext! This warning can be ignored when running in bare mode.
2026-10-06 11:12:25.961 Thread 'MainThread': missing ScriptRunContext! This warning can be ignored when running in bare mode.
2026-10-06 11:12:25.963 Thread 'MainThread': missing ScriptRunContext! This warning can be ignored when running in bare mode.
2026-10-06 11:12:25.964 Thread 'MainThread': missing ScriptRunContext! This warning can be ignored when running in bare mode.
2026-10-06 11:12:25.966 Thread 'MainThread': missing ScriptRunContext! This warning can be ignored when running in bare mode.
2026-10-06 11:12:25.968 Thread 'MainThread': missing ScriptRunContext! This warning can be ignored when running in bare mode.
2026-10-06 11:12:25.971 Thread 'MainThread': missing ScriptRunContext! This warning can be ignored when running in bare mode.
2026-10-06 11:12:25.973 Thread 'MainThread': missing ScriptRunContext! This warning can be ignored when running in bare mode.
2026-10-06 11:12:25.975 Thread 'MainThread': missing ScriptRunContext! This warning can be ignored when running in bare mode.
2026-10-06 11:12:25.977 Thread 'MainThread': missing ScriptRunContext! This warning can be ignored when running in bare mode.
2026-10-06 11:12:25.978 Thread 'MainThread': missing ScriptRunContext! This warning can be ignored when running in bare mode.
2026-10-06 11:12:25.980 Thread 'MainThread': missing ScriptRunContext! This warning can be ignored when running in bare mode.
2026-10-06 11:12:26.172 Thread 'MainThread': missing ScriptRunContext! This warning can be ignored when running in bare mode.
2026-10-06 11:12:26.175 Thread 'MainThread': missing ScriptRunContext! This warning can be ignored when running in bare mode.
2026-10-06 11:12:26.177 Thread 'MainThread': missing ScriptRunContext! This warning can be ignored when running in bare mode.
2026-10-06 11:12:26.181 Thread 'MainThread': missing ScriptRunContext! This warning can be ignored when running in bare mode.
2026-10-06 11:12:26.184 Thread 'MainThread': missing ScriptRunContext! This warning can be ignored when running in bare mode.
2026-10-06 11:12:26.436 Thread 'MainThread': missing ScriptRunContext! This warning can be ignored when running in bare mode.
2026-10-06 11:12:26.436 Thread 'MainThread': missing ScriptRunContext! This warning can be ignored when running in bare mode.
2026-10-06 11:12:26.437 Thread 'MainThread': missing ScriptRunContext! This warning can be ignored when running in bare mode.
2026-10-06 11:12:26.437 Thread 'MainThread': missing ScriptRunContext! This warning can be ignored when running in bare mode.
2026-10-06 11:12:26.562 Thread 'MainThread': missing ScriptRunContext! This warning can be ignored when running in bare mode.
2026-10-06 11:12:26.586 Thread 'MainThread': missing ScriptRunContext! This warning can be ignored when running in bare mode.
2026-10-06 11:12:26.588 Thread 'MainThread': missing ScriptRunContext! This warning can be ignored when running in bare mode.
2026-10-06 11:12:26.591 Thread 'MainThread': missing ScriptRunContext! This warning can be ignored when running in bare mode.
2026-10-06 11:12:26.593 Thread 'MainThread': missing ScriptRunContext! This warning can be ignored when running in bare mode.
2026-10-06 11:12:26.597 Thread 'MainThread': missing ScriptRunContext! This warning can be ignored when running in bare mode.
2026-10-06 11:12:26.599 Thread 'MainThread': missing ScriptRunContext! This warning can be ignored when running in bare mode.
2026-10-06 11:12:26.602 Thread 'MainThread': missing ScriptRunContext! This warning can be ignored when running in bare mode.
2026-10-06 11:12:26.606 Thread 'MainThread': missing ScriptRunContext! This warning can be ignored when running in bare mode.
2026-10-06 11:12:26.608 Thread 'MainThread': missing ScriptRunContext! This warning can be ignored when running in bare mode.
2026-10-06 11:12:26.611 Thread 'MainThread': missing ScriptRunContext! This warning can be ignored when running in bare mode.
2026-10-06 11:12:26.613 Thread 'MainThread': missing ScriptRunContext! This warning can be ignored when running in bare mode.
2026-10-06 11:12:26.616 Thread 'MainThread': missing ScriptRunContext! This warning can be ignored when running in bare mode.
2026-10-06 11:12:26.619 Thread 'MainThread': missing ScriptRunContext! This warning can be ignored when running in bare mode.
2026-10-06 11:12:26.622 Thread 'MainThread': missing ScriptRunContext! This warning can be ignored when running in bare mode.
2026-10-06 11:12:26.624 Thread 'MainThread': missing ScriptRunContext! This warning can be ignored when running in bare mode.
2026-10-06 11:12:26.627 Thread 'MainThread': missing ScriptRunContext! This warning can be ignored when running in bare mode.
2026-10-06 11:12:26.629 Thread 'MainThread': missing ScriptRunContext! This warning can be ignored when running in bare mode.
2026-10-06 11:12:26.631 Thread 'MainThread': missing ScriptRunContext! This warning can be ignored when running in bare mode.
2026-10-06 11:12:26.634 Thread 'MainThread': missing ScriptRunContext! This warning can be ignored when running in bare mode.
2026-10-06 11:12:26.637 Thread 'MainThread': missing ScriptRunContext! This warning can be ignored when running in bare mode.
2026-10-06 11:12:26.640 Thread 'MainThread': missing ScriptRunContext! This warning can be ignored when running in bare mode.
2026-10-06 11:12:26.642 Thread 'MainThread': missing ScriptRunContext! This warning can be ignored when running in bare mode.
2026-10-06 11:12:26.645 Thread 'MainThread': missing ScriptRunContext! This warning can be ignored when running in bare mode.
2026-10-06 11:12:26.647 Thread 'MainThread': missing ScriptRunContext! This warning can be ignored when running in bare mode.
2026-10-06 11:12:26.649 Thread 'MainThread': missing ScriptRunContext! This warning can be ignored when running in bare mode.
2026-10-06 11:12:26.652 Thread 'MainThread': missing ScriptRunContext! This warning can be ignored when running in bare mode.
2026-10-06 11:12:26.655 Thread 'MainThread': missing ScriptRunContext! This warning can be ignored when running in bare mode.
2026-10-06 11:12:26.657 Thread 'MainThread': missing ScriptRunContext! This warning can be ignored when running in bare mode.
2026-10-06 11:12:26.660 Thread 'MainThread': missing ScriptRunContext! This warning can be ignored when running in bare mode.
2026-10-06 11:12:26.662 Thread 'MainThread': missing ScriptRunContext! This warning can be ignored when running in bare mode.
2026-10-06 11:12:26.664 Thread 'MainThread': missing ScriptRunContext! This warning can be ignored when running in bare mode.
2026-10-06 11:12:26.669 Thread 'MainThread': missing ScriptRunContext! This warning can be ignored when running in bare mode.
2026-10-06 11:12:26.672 Thread 'MainThread': missing ScriptRunContext! This warning can be ignored when running in bare mode.
2026-10-06 11:12:26.675 Thread 'MainThread': missing ScriptRunContext! This warning can be ignored when running in bare mode.
2026-10-06 11:12:26.677 Thread 'MainThread': missing ScriptRunContext! This warning can be ignored when running in bare mode.
2026-10-06 11:12:26.680 Thread 'MainThread': missing ScriptRunContext! This warning can be ignored when running in bare mode.
2026-10-06 11:12:26.683 Thread 'MainThread': missing ScriptRunContext! This warning can be ignored when running in bare mode.
2026-10-06 11:12:26.685 Thread 'MainThread': missing ScriptRunContext! This warning can be ignored when running in bare mode.
2026-10-06 11:12:26.688 Thread 'MainThread': missing ScriptRunContext! This warning can be ignored when running in bare mode.
2026-10-06 11:12:26.692 Thread 'MainThread': missing ScriptRunContext! This warning can be ignored when running in bare mode.
2026-10-06 11:12:26.694 Thread 'MainThread': missing ScriptRunContext! This warning can be ignored when running in bare mode.
2026-10-06 11:12:26.697 Thread 'MainThread': missing ScriptRunContext! This warning can be ignored when running in bare mode.
2026-10-06 11:12:26.699 Thread 'MainThread': missing ScriptRunContext! This warning can be ignored when running in bare mode.
2026-10-06 11:12:26.703 Thread 'MainThread': missing ScriptRunContext! This warning can be ignored when running in bare mode.
2026-10-06 11:12:26.706 Thread 'MainThread': missing ScriptRunContext! This warning can be ignored when running in bare mode.
2026-10-06 11:12:26.708 Thread 'MainThread': missing ScriptRunContext! This warning can be ignored when running in bare mode.
2026-10-06 11:12:26.711 Thread 'MainThread': missing ScriptRunContext! This warning can be ignored when running in bare mode.
2026-10-06 11:12:26.714 Thread 'MainThread': missing ScriptRunContext! This warning can be ignored when running in bare mode.
2026-10-06 11:12:26.717 Thread 'MainThread': missing ScriptRunContext! This warning can be ignored when running in bare mode.
2026-10-06 11:12:26.721 Thread 'MainThread': missing ScriptRunContext! This warning can be ignored when running in bare mode.
2026-10-06 11:12:26.723 Thread 'MainThread': missing ScriptRunContext! This warning can be ignored when running in bare mode.
2026-10-06 11:12:26.726 Thread 'MainThread': missing ScriptRunContext! This warning can be ignored when running in bare mode.
2026-10-06 11:12:26.729 Thread 'MainThread': missing ScriptRunContext! This warning can be ignored when running in bare mode.
2026-10-06 11:12:26.731 Thread 'MainThread': missing ScriptRunContext! This warning can be ignored when running in bare mode.
2026-10-06 11:12:26.734 Thread 'MainThread': missing ScriptRunContext! This warning can be ignored when running in bare mode.
2026-10-06 11:12:26.739 Thread 'MainThread': missing ScriptRunContext! This warning can be ignored when running in bare mode.
2026-10-06 11:12:26.741 Thread 'MainThread': missing ScriptRunContext! This warning can be ignored when running in bare mode.
2026-10-06 11:12:26.744 Thread 'MainThread': missing ScriptRunContext! This warning can be ignored when running in bare mode.
2026-10-06 11:12:26.747 Thread 'MainThread': missing ScriptRunContext! This warning can be ignored when running in bare mode.
2026-10-06 11:12:26.749 Thread 'MainThread': missing ScriptRunContext! This warning can be ignored when running in bare mode.
2026-10-06 11:12:26.752 Thread 'MainThread': missing ScriptRunContext! This warning can be ignored when running in bare mode.
2026-10-06 11:12:26.755 Thread 'MainThread': missing ScriptRunContext! This warning can be ignored when running in bare mode.
2026-10-06 11:12:26.757 Thread 'MainThread': missing ScriptRunContext! This warning can be ignored when running in bare mode.
2026-10-06 11:12:26.762 Thread 'MainThread': missing ScriptRunContext! This warning can be ignored when running in bare mode.
2026-10-06 11:12:26.766 Thread 'MainThread': missing ScriptRunContext! This warning can be ignored when running in bare mode.
2026-10-06 11:12:26.771 Thread 'MainThread': missing ScriptRunContext! This warning can be ignored when running in bare mode.
2026-10-06 11:12:26.774 Thread 'MainThread': missing ScriptRunContext! This warning can be ignored when running in bare mode.
2026-10-06 11:12:26.777 Thread 'MainThread': missing ScriptRunContext! This warning can be ignored when running in bare mode.
2026-10-06 11:12:26.781 Thread 'MainThread': missing ScriptRunContext! This warning can be ignored when running in bare mode.
2026-10-06 11:12:26.783 Thread 'MainThread': missing ScriptRunContext! This warning can be ignored when running in bare mode.
2026-10-06 11:12:26.786 Thread 'MainThread': missing ScriptRunContext! This warning can be ignored when running in bare mode.
2026-10-06 11:12:26.789 Thread 'MainThread': missing ScriptRunContext! This warning can be ignored when running in bare mode.
2026-10-06 11:12:26.794 Thread 'MainThread': missing ScriptRunContext! This warning can be ignored when running in bare mode.
2026-10-06 11:12:26.798 Thread 'MainThread': missing ScriptRunContext! This warning can be ignored when running in bare mode.
2026-10-06 11:12:26.800 Thread 'MainThread': missing ScriptRunContext! This warning can be ignored when running in bare mode.
2026-10-06 11:12:26.803 Thread 'MainThread': missing ScriptRunContext! This warning can be ignored when running in bare mode.
2026-10-06 11:12:26.806 Thread 'MainThread': missing ScriptRunContext! This warning can be ignored when running in bare mode.
2026-10-06 11:12:26.809 Thread 'MainThread': missing ScriptRunContext! This warning can be ignored when running in bare mode.
2026-10-06 11:12:26.812 Thread 'MainThread': missing ScriptRunContext! This warning can be ignored when running in bare mode.
2026-10-06 11:12:26.815 Thread 'MainThread': missing ScriptRunContext! This warning can be ignored when running in bare mode.
2026-10-06 11:12:26.818 Thread 'MainThread': missing ScriptRunContext! This warning can be ignored when running in bare mode.
2026-10-06 11:12:26.820 Thread 'MainThread': missing ScriptRunContext! This warning can be ignored when running in bare mode.
2026-10-06 11:12:26.824 Thread 'MainThread': missing ScriptRunContext! This warning can be ignored when running in bare mode.
2026-10-06 11:12:26.828 Thread 'MainThread': missing ScriptRunContext! This warning can be ignored when running in bare mode.
2026-10-06 11:12:26.830 Thread 'MainThread': missing ScriptRunContext! This warning can be ignored when running in bare mode.
2026-10-06 11:12:26.833 Thread 'MainThread': missing ScriptRunContext! This warning can be ignored when running in bare mode.
2026-10-06 11:12:26.836 Thread 'MainThread': missing ScriptRunContext! This warning can be ignored when running in bare mode.
2026-10-06 11:12:26.839 Thread 'MainThread': missing ScriptRunContext! This warning can be ignored when running in bare mode.
2026-10-06 11:12:26.842 Thread 'MainThread': missing ScriptRunContext! This warning can be ignored when running in bare mode.
2026-10-06 11:12:26.844 Thread 'MainThread': missing ScriptRunContext! This warning can be ignored when running in bare mode.
2026-10-06 11:12:26.847 Thread 'MainThread': missing ScriptRunContext! This warning can be ignored when running in bare mode.
2026-10-06 11:12:26.849 Thread 'MainThread': missing ScriptRunContext! This warning can be ignored when running in bare mode.
2026-10-06 11:12:26.851 Thread 'MainThread': missing ScriptRunContext! This warning can be ignored when running in bare mode.
2026-10-06 11:12:26.855 Thread 'MainThread': missing ScriptRunContext! This warning can be ignored when running in bare mode.
2026-10-06 11:12:26.858 Thread 'MainThread': missing ScriptRunContext! This warning can be ignored when running in bare mode.
2026-10-06 11:12:26.861 Thread 'MainThread': missing ScriptRunContext! This warning can be ignored when running in bare mode.
2026-10-06 11:12:26.863 Thread 'MainThread': missing ScriptRunContext! This warning can be ignored when running in bare mode.
2026-10-06 11:12:26.865 Thread 'MainThread': missing ScriptRunContext! This warning can be ignored when running in bare mode.
2026-10-06 11:12:26.868 Thread 'MainThread': missing ScriptRunContext! This warning can be ignored when running in bare mode.
2026-10-06 11:12:26.870 Thread 'MainThread': missing ScriptRunContext! This warning can be ignored when running in bare mode.
2026-10-06 11:12:26.873 Thread 'MainThread': missing ScriptRunContext! This warning can be ignored when running in bare mode.
2026-10-06 11:12:26.876 Thread 'MainThread': missing ScriptRunContext! This warning can be ignored when running in bare mode.
2026-10-06 11:12:26.878 Thread 'MainThread': missing ScriptRunContext! This warning can be ignored when running in bare mode.
2026-10-06 11:12:26.881 Thread 'MainThread': missing ScriptRunContext! This warning can be ignored when running in bare mode.
2026-10-06 11:12:26.883 Thread 'MainThread': missing ScriptRunContext! This warning can be ignored when running in bare mode.
2026-10-06 11:12:26.887 Thread 'MainThread': missing ScriptRunContext! This warning can be ignored when running in bare mode.
2026-10-06 11:12:26.889 Thread 'MainThread': missing ScriptRunContext! This warning can be ignored when running in bare mode.
2026-10-06 11:12:26.892 Thread 'MainThread': missing ScriptRunContext! This warning can be ignored when running in bare mode.
2026-10-06 11:12:26.894 Thread 'MainThread': missing ScriptRunContext! This warning can be ignored when running in bare mode.
2026-10-06 11:12:26.897 Thread 'MainThread': missing ScriptRunContext! This warning can be ignored when running in bare mode.
2026-10-06 11:12:26.899 Thread 'MainThread': missing ScriptRunContext! This warning can be ignored when running in bare mode.
2026-10-06 11:12:26.901 Thread 'MainThread': missing ScriptRunContext! This warning can be ignored when running in bare mode.
2026-10-06 11:12:26.905 Thread 'MainThread': missing ScriptRunContext! This warning can be ignored when running in bare mode.
2026-10-06 11:12:26.907 Thread 'MainThread': missing ScriptRunContext! This warning can be ignored when running in bare mode.
2026-10-06 11:12:26.909 Thread 'MainThread': missing ScriptRunContext! This warning can be ignored when running in bare mode.
2026-10-06 11:12:26.912 Thread 'MainThread': missing ScriptRunContext! This warning can be ignored when running in bare mode.
2026-10-06 11:12:26.914 Thread 'MainThread': missing ScriptRunContext! This warning can be ignored when running in bare mode.
2026-10-06 11:12:26.917 Thread 'MainThread': missing ScriptRunContext! This warning can be ignored when running in bare mode.
2026-10-06 11:12:26.919 Thread 'MainThread': missing ScriptRunContext! This warning can be ignored when running in bare mode.
2026-10-06 11:12:26.922 Thread 'MainThread': missing ScriptRunContext! This warning can be ignored when running in bare mode.
2026-10-06 11:12:26.925 Thread 'MainThread': missing ScriptRunContext! This warning can be ignored when running in bare mode.
2026-10-06 11:12:27.124 Thread 'MainThread': missing ScriptRunContext! This warning can be ignored when running in bare mode.
2026-10-06 11:12:27.124 Thread 'MainThread': missing ScriptRunContext! This warning can be ignored when running in bare mode.
2026-10-06 11:12:27.125 Thread 'MainThread': missing ScriptRunContext! This warning can be ignored when running in bare mode.
2026-10-06 11:12:27.125 Thread 'MainThread': missing ScriptRunContext! This warning can be ignored when running in bare mode.
.....2026-10-06 11:12:27.685 Thread 'MainThread': missing ScriptRunContext! This warning can be ignored when running in bare mode.
2026-10-06 11:12:27.685 Thread 'MainThread': missing ScriptRunContext! This warning can be ignored when running in bare mode.
2026-10-06 11:12:27.685 Thread 'MainThread': missing ScriptRunContext! This warning can be ignored when running in bare mode.
2026-10-06 11:12:27.685 Thread 'MainThread': missing ScriptRunContext! This warning can be ignored when running in bare mode.
2026-10-06 11:12:27.685 Thread 'MainThread': missing ScriptRunContext! This warning can be ignored when running in bare mode.
2026-10-06 11:12:27.685 Thread 'MainThread': missing ScriptRunContext! This warning can be ignored when running in bare mode.
2026-10-06 11:12:27.685 Thread 'MainThread': missing ScriptRunContext! This warning can be ignored when running in bare mode.
2026-10-06 11:12:28.542 Please replace `use_container_width` with `width`.

`use_container_width` will be removed after 2025-12-31.

For `use_container_width=True`, use `width='stretch'`. For `use_container_width=False`, use `width='content'`.
2026-10-06 11:12:28.843 Please replace `use_container_width` with `width`.

`use_container_width` will be removed after 2025-12-31.

For `use_container_width=True`, use `width='stretch'`. For `use_container_width=False`, use `width='content'`.
2026-10-06 11:12:29.143 Please replace `use_container_width` with `width`.

`use_container_width` will be removed after 2025-12-31.

For `use_container_width=True`, use `width='stretch'`. For `use_container_width=False`, use `width='content'`.
2026-10-06 11:12:29.403 Please replace `use_container_width` with `width`.

`use_container_width` will be removed after 2025-12-31.

For `use_container_width=True`, use `width='stretch'`. For `use_container_width=False`, use `width='content'`.
2026-10-06 11:12:29.674 Please replace `use_container_width` with `width`.

`use_container_width` will be removed after 2025-12-31.

For `use_container_width=True`, use `width='stretch'`. For `use_container_width=False`, use `width='content'`.
.2026-10-06 11:12:29.975 Thread 'MainThread': missing ScriptRunContext! This warning can be ignored when running in bare mode.
2026-10-06 11:12:29.976 Thread 'MainThread': missing ScriptRunContext! This warning can be ignored when running in bare mode.
2026-10-06 11:12:29.976 Thread 'MainThread': missing ScriptRunContext! This warning can be ignored when running in bare mode.
2026-10-06 11:12:29.976 Thread 'MainThread': missing ScriptRunContext! This warning can be ignored when running in bare mode.
2026-10-06 11:12:29.976 Thread 'MainThread': missing ScriptRunContext! This warning can be ignored when running in bare mode.
2026-10-06 11:12:29.976 Thread 'MainThread': missing ScriptRunContext! This warning can be ignored when running in bare mode.
2026-10-06 11:12:29.976 Thread 'MainThread': missing ScriptRunContext! This warning can be ignored when running in bare mode.
2026-10-06 11:12:30.884 Please replace `use_container_width` with `width`.

`use_container_width` will be removed after 2025-12-31.

For `use_container_width=True`, use `width='stretch'`. For `use_container_width=False`, use `width='content'`.
2026-10-06 11:12:31.154 Please replace `use_container_width` with `width`.

`use_container_width` will be removed after 2025-12-31.

For `use_container_width=True`, use `width='stretch'`. For `use_container_width=False`, use `width='content'`.
2026-10-06 11:12:31.168 Thread 'MainThread': missing ScriptRunContext! This warning can be ignored when running in bare mode.
2026-10-06 11:12:31.168 Thread 'MainThread': missing ScriptRunContext! This warning can be ignored when running in bare mode.
2026-10-06 11:12:31.169 Thread 'MainThread': missing ScriptRunContext! This warning can be ignored when running in bare mode.
2026-10-06 11:12:31.169 Thread 'MainThread': missing ScriptRunContext! This warning can be ignored when running in bare mode.
2026-10-06 11:12:31.169 Thread 'MainThread': missing ScriptRunContext! This warning can be ignored when running in bare mode.
2026-10-06 11:12:31.169 Thread 'MainThread': missing ScriptRunContext! This warning can be ignored when running in bare mode.
2026-10-06 11:12:31.457 Please replace `use_container_width` with `width`.

`use_container_width` will be removed after 2025-12-31.

For `use_container_width=True`, use `width='stretch'`. For `use_container_width=False`, use `width='content'`.
2026-10-06 11:12:32.725 Please replace `use_container_width` with `width`.

`use_container_width` will be removed after 2025-12-31.

For `use_container_width=True`, use `width='stretch'`. For `use_container_width=False`, use `width='content'`.
2026-10-06 11:12:33.757 Please replace `use_container_width` with `width`.

`use_container_width` will be removed after 2025-12-31.

For `use_container_width=True`, use `width='stretch'`. For `use_container_width=False`, use `width='content'`.
2026-10-06 11:12:34.701 Please replace `use_container_width` with `width`.

`use_container_width` will be removed after 2025-12-31.

For `use_container_width=True`, use `width='stretch'`. For `use_container_width=False`, use `width='content'`.
2026-10-06 11:12:35.594 Please replace `use_container_width` with `width`.

`use_container_width` will be removed after 2025-12-31.

For `use_container_width=True`, use `width='stretch'`. For `use_container_width=False`, use `width='content'`.
2026-10-06 11:12:35.634 Please replace `use_container_width` with `width`.

`use_container_width` will be removed after 2025-12-31.

For `use_container_width=True`, use `width='stretch'`. For `use_container_width=False`, use `width='content'`.
2026-10-06 11:12:35.934 Please replace `use_container_width` with `width`.

`use_container_width` will be removed after 2025-12-31.

For `use_container_width=True`, use `width='stretch'`. For `use_container_width=False`, use `width='content'`.
2026-10-06 11:12:35.981 Please replace `use_container_width` with `width`.

`use_container_width` will be removed after 2025-12-31.

For `use_container_width=True`, use `width='stretch'`. For `use_container_width=False`, use `width='content'`.
2026-10-06 11:12:36.279 Please replace `use_container_width` with `width`.

`use_container_width` will be removed after 2025-12-31.

For `use_container_width=True`, use `width='stretch'`. For `use_container_width=False`, use `width='content'`.
2026-10-06 11:12:36.340 Please replace `use_container_width` with `width`.

`use_container_width` will be removed after 2025-12-31.

For `use_container_width=True`, use `width='stretch'`. For `use_container_width=False`, use `width='content'`.
2026-10-06 11:12:36.651 Please replace `use_container_width` with `width`.

`use_container_width` will be removed after 2025-12-31.

For `use_container_width=True`, use `width='stretch'`. For `use_container_width=False`, use `width='content'`.
2026-10-06 11:12:36.698 Please replace `use_container_width` with `width`.

`use_container_width` will be removed after 2025-12-31.

For `use_container_width=True`, use `width='stretch'`. For `use_container_width=False`, use `width='content'`.
.2026-10-06 11:12:36.712 Thread 'MainThread': missing ScriptRunContext! This warning can be ignored when running in bare mode.
2026-10-06 11:12:36.712 Thread 'MainThread': missing ScriptRunContext! This warning can be ignored when running in bare mode.
2026-10-06 11:12:36.712 Thread 'MainThread': missing ScriptRunContext! This warning can be ignored when running in bare mode.
2026-10-06 11:12:36.712 Thread 'MainThread': missing ScriptRunContext! This warning can be ignored when running in bare mode.
2026-10-06 11:12:36.712 Thread 'MainThread': missing ScriptRunContext! This warning can be ignored when running in bare mode.
2026-10-06 11:12:36.712 Thread 'MainThread': missing ScriptRunContext! This warning can be ignored when running in bare mode.
2026-10-06 11:12:36.712 Thread 'MainThread': missing ScriptRunContext! This warning can be ignored when running in bare mode.
2026-10-06 11:12:37.563 Please replace `use_container_width` with `width`.

`use_container_width` will be removed after 2025-12-31.

For `use_container_width=True`, use `width='stretch'`. For `use_container_width=False`, use `width='content'`.
2026-10-06 11:12:37.892 Please replace `use_container_width` with `width`.

`use_container_width` will be removed after 2025-12-31.

For `use_container_width=True`, use `width='stretch'`. For `use_container_width=False`, use `width='content'`.
2026-10-06 11:12:38.678 Thread 'MainThread': missing ScriptRunContext! This warning can be ignored when running in bare mode.
2026-10-06 11:12:38.678 Thread 'MainThread': missing ScriptRunContext! This warning can be ignored when running in bare mode.
2026-10-06 11:12:38.678 Thread 'MainThread': missing ScriptRunContext! This warning can be ignored when running in bare mode.
2026-10-06 11:12:38.678 Thread 'MainThread': missing ScriptRunContext! This warning can be ignored when running in bare mode.
2026-10-06 11:12:38.678 Thread 'MainThread': missing ScriptRunContext! This warning can be ignored when running in bare mode.
2026-10-06 11:12:38.679 Thread 'MainThread': missing ScriptRunContext! This warning can be ignored when running in bare mode.
2026-10-06 11:12:38.679 Thread 'MainThread': missing ScriptRunContext! This warning can be ignored when running in bare mode.
2026-10-06 11:12:39.788 Please replace `use_container_width` with `width`.

`use_container_width` will be removed after 2025-12-31.

For `use_container_width=True`, use `width='stretch'`. For `use_container_width=False`, use `width='content'`.
2026-10-06 11:12:40.129 Please replace `use_container_width` with `width`.

`use_container_width` will be removed after 2025-12-31.

For `use_container_width=True`, use `width='stretch'`. For `use_container_width=False`, use `width='content'`.
2026-10-06 11:12:41.298 Thread 'MainThread': missing ScriptRunContext! This warning can be ignored when running in bare mode.
2026-10-06 11:12:41.298 Thread 'MainThread': missing ScriptRunContext! This warning can be ignored when running in bare mode.
2026-10-06 11:12:41.298 Thread 'MainThread': missing ScriptRunContext! This warning can be ignored when running in bare mode.
2026-10-06 11:12:41.298 Thread 'MainThread': missing ScriptRunContext! This warning can be ignored when running in bare mode.
2026-10-06 11:12:41.298 Thread 'MainThread': missing ScriptRunContext! This warning can be ignored when running in bare mode.
2026-10-06 11:12:41.299 Thread 'MainThread': missing ScriptRunContext! This warning can be ignored when running in bare mode.
2026-10-06 11:12:41.299 Thread 'MainThread': missing ScriptRunContext! This warning can be ignored when running in bare mode.
2026-10-06 11:12:42.207 Please replace `use_container_width` with `width`.

`use_container_width` will be removed after 2025-12-31.

For `use_container_width=True`, use `width='stretch'`. For `use_container_width=False`, use `width='content'`.
2026-10-06 11:12:42.513 Please replace `use_container_width` with `width`.

`use_container_width` will be removed after 2025-12-31.

For `use_container_width=True`, use `width='stretch'`. For `use_container_width=False`, use `width='content'`.
.2026-10-06 11:12:43.548 Thread 'MainThread': missing ScriptRunContext! This warning can be ignored when running in bare mode.
2026-10-06 11:12:43.548 Thread 'MainThread': missing ScriptRunContext! This warning can be ignored when running in bare mode.
2026-10-06 11:12:43.548 Thread 'MainThread': missing ScriptRunContext! This warning can be ignored when running in bare mode.
2026-10-06 11:12:43.548 Thread 'MainThread': missing ScriptRunContext! This warning can be ignored when running in bare mode.
2026-10-06 11:12:43.549 Thread 'MainThread': missing ScriptRunContext! This warning can be ignored when running in bare mode.
2026-10-06 11:12:43.549 Thread 'MainThread': missing ScriptRunContext! This warning can be ignored when running in bare mode.
2026-10-06 11:12:43.549 Thread 'MainThread': missing ScriptRunContext! This warning can be ignored when running in bare mode.
2026-10-06 11:12:44.751 Please replace `use_container_width` with `width`.

`use_container_width` will be removed after 2025-12-31.

For `use_container_width=True`, use `width='stretch'`. For `use_container_width=False`, use `width='content'`.
2026-10-06 11:12:45.543 Please replace `use_container_width` with `width`.

`use_container_width` will be removed after 2025-12-31.

For `use_container_width=True`, use `width='stretch'`. For `use_container_width=False`, use `width='content'`.
2026-10-06 11:12:46.914 Please replace `use_container_width` with `width`.

`use_container_width` will be removed after 2025-12-31.

For `use_container_width=True`, use `width='stretch'`. For `use_container_width=False`, use `width='content'`.
2026-10-06 11:12:48.103 Please replace `use_container_width` with `width`.

`use_container_width` will be removed after 2025-12-31.

For `use_container_width=True`, use `width='stretch'`. For `use_container_width=False`, use `width='content'`.
2026-10-06 11:12:49.339 Please replace `use_container_width` with `width`.

`use_container_width` will be removed after 2025-12-31.

For `use_container_width=True`, use `width='stretch'`. For `use_container_width=False`, use `width='content'`.
2026-10-06 11:12:50.560 Please replace `use_container_width` with `width`.

`use_container_width` will be removed after 2025-12-31.

For `use_container_width=True`, use `width='stretch'`. For `use_container_width=False`, use `width='content'`.
2026-10-06 11:12:54.439 Please replace `use_container_width` with `width`.

`use_container_width` will be removed after 2025-12-31.

For `use_container_width=True`, use `width='stretch'`. For `use_container_width=False`, use `width='content'`.
2026-10-06 11:12:55.957 Please replace `use_container_width` with `width`.

`use_container_width` will be removed after 2025-12-31.

For `use_container_width=True`, use `width='stretch'`. For `use_container_width=False`, use `width='content'`.
.2026-10-06 11:12:56.979 Thread 'MainThread': missing ScriptRunContext! This warning can be ignored when running in bare mode.
2026-10-06 11:12:56.980 Thread 'MainThread': missing ScriptRunContext! This warning can be ignored when running in bare mode.
2026-10-06 11:12:56.980 Thread 'MainThread': missing ScriptRunContext! This warning can be ignored when running in bare mode.
2026-10-06 11:12:56.980 Thread 'MainThread': missing ScriptRunContext! This warning can be ignored when running in bare mode.
2026-10-06 11:12:56.980 Thread 'MainThread': missing ScriptRunContext! This warning can be ignored when running in bare mode.
2026-10-06 11:12:56.980 Thread 'MainThread': missing ScriptRunContext! This warning can be ignored when running in bare mode.
2026-10-06 11:12:56.980 Thread 'MainThread': missing ScriptRunContext! This warning can be ignored when running in bare mode.
2026-10-06 11:12:57.918 Please replace `use_container_width` with `width`.

`use_container_width` will be removed after 2025-12-31.

For `use_container_width=True`, use `width='stretch'`. For `use_container_width=False`, use `width='content'`.
2026-10-06 11:12:58.261 Please replace `use_container_width` with `width`.

`use_container_width` will be removed after 2025-12-31.

For `use_container_width=True`, use `width='stretch'`. For `use_container_width=False`, use `width='content'`.
2026-10-06 11:12:59.596 Please replace `use_container_width` with `width`.

`use_container_width` will be removed after 2025-12-31.

For `use_container_width=True`, use `width='stretch'`. For `use_container_width=False`, use `width='content'`.
2026-10-06 11:12:59.644 Please replace `use_container_width` with `width`.

`use_container_width` will be removed after 2025-12-31.

For `use_container_width=True`, use `width='stretch'`. For `use_container_width=False`, use `width='content'`.
2026-10-06 11:12:59.949 Please replace `use_container_width` with `width`.

`use_container_width` will be removed after 2025-12-31.

For `use_container_width=True`, use `width='stretch'`. For `use_container_width=False`, use `width='content'`.
2026-10-06 11:12:59.966 Thread 'MainThread': missing ScriptRunContext! This warning can be ignored when running in bare mode.
2026-10-06 11:13:00.419 Please replace `use_container_width` with `width`.

`use_container_width` will be removed after 2025-12-31.

For `use_container_width=True`, use `width='stretch'`. For `use_container_width=False`, use `width='content'`.
.2026-10-06 11:13:00.433 Thread 'MainThread': missing ScriptRunContext! This warning can be ignored when running in bare mode.
2026-10-06 11:13:00.433 Thread 'MainThread': missing ScriptRunContext! This warning can be ignored when running in bare mode.
2026-10-06 11:13:00.433 Thread 'MainThread': missing ScriptRunContext! This warning can be ignored when running in bare mode.
2026-10-06 11:13:00.433 Thread 'MainThread': missing ScriptRunContext! This warning can be ignored when running in bare mode.
2026-10-06 11:13:00.433 Thread 'MainThread': missing ScriptRunContext! This warning can be ignored when running in bare mode.
2026-10-06 11:13:00.433 Thread 'MainThread': missing ScriptRunContext! This warning can be ignored when running in bare mode.
2026-10-06 11:13:00.433 Thread 'MainThread': missing ScriptRunContext! This warning can be ignored when running in bare mode.
2026-10-06 11:13:01.472 Please replace `use_container_width` with `width`.

`use_container_width` will be removed after 2025-12-31.

For `use_container_width=True`, use `width='stretch'`. For `use_container_width=False`, use `width='content'`.
2026-10-06 11:13:01.477 Please replace `use_container_width` with `width`.

`use_container_width` will be removed after 2025-12-31.

For `use_container_width=True`, use `width='stretch'`. For `use_container_width=False`, use `width='content'`.
2026-10-06 11:13:01.499 Please replace `use_container_width` with `width`.

`use_container_width` will be removed after 2025-12-31.

For `use_container_width=True`, use `width='stretch'`. For `use_container_width=False`, use `width='content'`.
2026-10-06 11:13:01.785 Please replace `use_container_width` with `width`.

`use_container_width` will be removed after 2025-12-31.

For `use_container_width=True`, use `width='stretch'`. For `use_container_width=False`, use `width='content'`.
2026-10-06 11:13:01.790 Please replace `use_container_width` with `width`.

`use_container_width` will be removed after 2025-12-31.

For `use_container_width=True`, use `width='stretch'`. For `use_container_width=False`, use `width='content'`.
2026-10-06 11:13:01.814 Please replace `use_container_width` with `width`.

`use_container_width` will be removed after 2025-12-31.

For `use_container_width=True`, use `width='stretch'`. For `use_container_width=False`, use `width='content'`.
2026-10-06 11:13:02.095 Please replace `use_container_width` with `width`.

`use_container_width` will be removed after 2025-12-31.

For `use_container_width=True`, use `width='stretch'`. For `use_container_width=False`, use `width='content'`.
2026-10-06 11:13:02.100 Please replace `use_container_width` with `width`.

`use_container_width` will be removed after 2025-12-31.

For `use_container_width=True`, use `width='stretch'`. For `use_container_width=False`, use `width='content'`.
2026-10-06 11:13:02.123 Please replace `use_container_width` with `width`.

`use_container_width` will be removed after 2025-12-31.

For `use_container_width=True`, use `width='stretch'`. For `use_container_width=False`, use `width='content'`.
2026-10-06 11:13:02.401 Please replace `use_container_width` with `width`.

`use_container_width` will be removed after 2025-12-31.

For `use_container_width=True`, use `width='stretch'`. For `use_container_width=False`, use `width='content'`.
2026-10-06 11:13:02.672 Please replace `use_container_width` with `width`.

`use_container_width` will be removed after 2025-12-31.

For `use_container_width=True`, use `width='stretch'`. For `use_container_width=False`, use `width='content'`.
2026-10-06 11:13:02.942 Please replace `use_container_width` with `width`.

`use_container_width` will be removed after 2025-12-31.

For `use_container_width=True`, use `width='stretch'`. For `use_container_width=False`, use `width='content'`.
2026-10-06 11:13:02.946 Please replace `use_container_width` with `width`.

`use_container_width` will be removed after 2025-12-31.

For `use_container_width=True`, use `width='stretch'`. For `use_container_width=False`, use `width='content'`.
2026-10-06 11:13:02.970 Please replace `use_container_width` with `width`.

`use_container_width` will be removed after 2025-12-31.

For `use_container_width=True`, use `width='stretch'`. For `use_container_width=False`, use `width='content'`.
2026-10-06 11:13:03.254 Please replace `use_container_width` with `width`.

`use_container_width` will be removed after 2025-12-31.

For `use_container_width=True`, use `width='stretch'`. For `use_container_width=False`, use `width='content'`.
2026-10-06 11:13:03.258 Please replace `use_container_width` with `width`.

`use_container_width` will be removed after 2025-12-31.

For `use_container_width=True`, use `width='stretch'`. For `use_container_width=False`, use `width='content'`.
2026-10-06 11:13:03.287 Please replace `use_container_width` with `width`.

`use_container_width` will be removed after 2025-12-31.

For `use_container_width=True`, use `width='stretch'`. For `use_container_width=False`, use `width='content'`.
2026-10-06 11:13:03.534 Please replace `use_container_width` with `width`.

`use_container_width` will be removed after 2025-12-31.

For `use_container_width=True`, use `width='stretch'`. For `use_container_width=False`, use `width='content'`.
2026-10-06 11:13:03.538 Please replace `use_container_width` with `width`.

`use_container_width` will be removed after 2025-12-31.

For `use_container_width=True`, use `width='stretch'`. For `use_container_width=False`, use `width='content'`.
2026-10-06 11:13:03.814 Please replace `use_container_width` with `width`.

`use_container_width` will be removed after 2025-12-31.

For `use_container_width=True`, use `width='stretch'`. For `use_container_width=False`, use `width='content'`.
2026-10-06 11:13:04.171 Please replace `use_container_width` with `width`.

`use_container_width` will be removed after 2025-12-31.

For `use_container_width=True`, use `width='stretch'`. For `use_container_width=False`, use `width='content'`.
2026-10-06 11:13:04.176 Please replace `use_container_width` with `width`.

`use_container_width` will be removed after 2025-12-31.

For `use_container_width=True`, use `width='stretch'`. For `use_container_width=False`, use `width='content'`.
2026-10-06 11:13:04.204 Please replace `use_container_width` with `width`.

`use_container_width` will be removed after 2025-12-31.

For `use_container_width=True`, use `width='stretch'`. For `use_container_width=False`, use `width='content'`.
.2026-10-06 11:13:04.217 Thread 'MainThread': missing ScriptRunContext! This warning can be ignored when running in bare mode.
2026-10-06 11:13:04.217 Thread 'MainThread': missing ScriptRunContext! This warning can be ignored when running in bare mode.
2026-10-06 11:13:04.217 Thread 'MainThread': missing ScriptRunContext! This warning can be ignored when running in bare mode.
2026-10-06 11:13:04.217 Thread 'MainThread': missing ScriptRunContext! This warning can be ignored when running in bare mode.
2026-10-06 11:13:04.217 Thread 'MainThread': missing ScriptRunContext! This warning can be ignored when running in bare mode.
2026-10-06 11:13:04.218 Thread 'MainThread': missing ScriptRunContext! This warning can be ignored when running in bare mode.
2026-10-06 11:13:04.218 Thread 'MainThread': missing ScriptRunContext! This warning can be ignored when running in bare mode.
Learning Scene validator rejected domain=probability_sets reason=Unsupported Learning Scene version or domain.
.2026-10-06 11:13:05.656 Thread 'MainThread': missing ScriptRunContext! This warning can be ignored when running in bare mode.
2026-10-06 11:13:05.656 Thread 'MainThread': missing ScriptRunContext! This warning can be ignored when running in bare mode.
2026-10-06 11:13:05.656 Thread 'MainThread': missing ScriptRunContext! This warning can be ignored when running in bare mode.
2026-10-06 11:13:05.656 Thread 'MainThread': missing ScriptRunContext! This warning can be ignored when running in bare mode.
2026-10-06 11:13:05.656 Thread 'MainThread': missing ScriptRunContext! This warning can be ignored when running in bare mode.
2026-10-06 11:13:05.656 Thread 'MainThread': missing ScriptRunContext! This warning can be ignored when running in bare mode.
2026-10-06 11:13:07.120 Please replace `use_container_width` with `width`.

`use_container_width` will be removed after 2025-12-31.

For `use_container_width=True`, use `width='stretch'`. For `use_container_width=False`, use `width='content'`.
2026-10-06 11:13:07.124 Please replace `use_container_width` with `width`.

`use_container_width` will be removed after 2025-12-31.

For `use_container_width=True`, use `width='stretch'`. For `use_container_width=False`, use `width='content'`.
2026-10-06 11:13:07.145 Please replace `use_container_width` with `width`.

`use_container_width` will be removed after 2025-12-31.

For `use_container_width=True`, use `width='stretch'`. For `use_container_width=False`, use `width='content'`.
2026-10-06 11:13:07.466 Please replace `use_container_width` with `width`.

`use_container_width` will be removed after 2025-12-31.

For `use_container_width=True`, use `width='stretch'`. For `use_container_width=False`, use `width='content'`.
2026-10-06 11:13:07.471 Please replace `use_container_width` with `width`.

`use_container_width` will be removed after 2025-12-31.

For `use_container_width=True`, use `width='stretch'`. For `use_container_width=False`, use `width='content'`.
2026-10-06 11:13:07.493 Please replace `use_container_width` with `width`.

`use_container_width` will be removed after 2025-12-31.

For `use_container_width=True`, use `width='stretch'`. For `use_container_width=False`, use `width='content'`.
.............2026-10-06 11:13:07.579 Thread 'MainThread': missing ScriptRunContext! This warning can be ignored when running in bare mode.
....2026-10-06 11:13:07.950 Thread 'MainThread': missing ScriptRunContext! This warning can be ignored when running in bare mode.
2026-10-06 11:13:07.953 Thread 'MainThread': missing ScriptRunContext! This warning can be ignored when running in bare mode.
2026-10-06 11:13:07.953 Thread 'MainThread': missing ScriptRunContext! This warning can be ignored when running in bare mode.
2026-10-06 11:13:07.953 Thread 'MainThread': missing ScriptRunContext! This warning can be ignored when running in bare mode.
2026-10-06 11:13:07.954 Thread 'MainThread': missing ScriptRunContext! This warning can be ignored when running in bare mode.
2026-10-06 11:13:07.954 Thread 'MainThread': missing ScriptRunContext! This warning can be ignored when running in bare mode.
2026-10-06 11:13:07.954 Thread 'MainThread': missing ScriptRunContext! This warning can be ignored when running in bare mode.
2026-10-06 11:13:07.954 Thread 'MainThread': missing ScriptRunContext! This warning can be ignored when running in bare mode.
2026-10-06 11:13:07.954 Thread 'MainThread': missing ScriptRunContext! This warning can be ignored when running in bare mode.
2026-10-06 11:13:07.954 Thread 'MainThread': missing ScriptRunContext! This warning can be ignored when running in bare mode.
2026-10-06 11:13:07.954 Thread 'MainThread': missing ScriptRunContext! This warning can be ignored when running in bare mode.
2026-10-06 11:13:07.954 Thread 'MainThread': missing ScriptRunContext! This warning can be ignored when running in bare mode.
2026-10-06 11:13:07.954 Thread 'MainThread': missing ScriptRunContext! This warning can be ignored when running in bare mode.
2026-10-06 11:13:07.954 Thread 'MainThread': missing ScriptRunContext! This warning can be ignored when running in bare mode.
2026-10-06 11:13:07.954 Thread 'MainThread': missing ScriptRunContext! This warning can be ignored when running in bare mode.
2026-10-06 11:13:07.954 Thread 'MainThread': missing ScriptRunContext! This warning can be ignored when running in bare mode.
2026-10-06 11:13:07.954 Thread 'MainThread': missing ScriptRunContext! This warning can be ignored when running in bare mode.
2026-10-06 11:13:07.954 Thread 'MainThread': missing ScriptRunContext! This warning can be ignored when running in bare mode.
2026-10-06 11:13:07.954 Thread 'MainThread': missing ScriptRunContext! This warning can be ignored when running in bare mode.
2026-10-06 11:13:07.955 Thread 'MainThread': missing ScriptRunContext! This warning can be ignored when running in bare mode.
2026-10-06 11:13:07.955 Thread 'MainThread': missing ScriptRunContext! This warning can be ignored when running in bare mode.
2026-10-06 11:13:07.955 Thread 'MainThread': missing ScriptRunContext! This warning can be ignored when running in bare mode.
2026-10-06 11:13:07.955 Thread 'MainThread': missing ScriptRunContext! This warning can be ignored when running in bare mode.
2026-10-06 11:13:07.955 Thread 'MainThread': missing ScriptRunContext! This warning can be ignored when running in bare mode.
2026-10-06 11:13:07.955 Thread 'MainThread': missing ScriptRunContext! This warning can be ignored when running in bare mode.
2026-10-06 11:13:07.955 Thread 'MainThread': missing ScriptRunContext! This warning can be ignored when running in bare mode.
2026-10-06 11:13:07.955 Thread 'MainThread': missing ScriptRunContext! This warning can be ignored when running in bare mode.
2026-10-06 11:13:07.955 Thread 'MainThread': missing ScriptRunContext! This warning can be ignored when running in bare mode.
2026-10-06 11:13:07.955 Thread 'MainThread': missing ScriptRunContext! This warning can be ignored when running in bare mode.
2026-10-06 11:13:07.955 Thread 'MainThread': missing ScriptRunContext! This warning can be ignored when running in bare mode.
2026-10-06 11:13:07.955 Thread 'MainThread': missing ScriptRunContext! This warning can be ignored when running in bare mode.
2026-10-06 11:13:07.955 Thread 'MainThread': missing ScriptRunContext! This warning can be ignored when running in bare mode.
2026-10-06 11:13:07.955 Thread 'MainThread': missing ScriptRunContext! This warning can be ignored when running in bare mode.
2026-10-06 11:13:07.955 Thread 'MainThread': missing ScriptRunContext! This warning can be ignored when running in bare mode.
2026-10-06 11:13:07.955 Thread 'MainThread': missing ScriptRunContext! This warning can be ignored when running in bare mode.
2026-10-06 11:13:07.956 Thread 'MainThread': missing ScriptRunContext! This warning can be ignored when running in bare mode.
2026-10-06 11:13:07.956 Thread 'MainThread': missing ScriptRunContext! This warning can be ignored when running in bare mode.
2026-10-06 11:13:07.956 Thread 'MainThread': missing ScriptRunContext! This warning can be ignored when running in bare mode.
2026-10-06 11:13:07.956 Thread 'MainThread': missing ScriptRunContext! This warning can be ignored when running in bare mode.
2026-10-06 11:13:07.956 Thread 'MainThread': missing ScriptRunContext! This warning can be ignored when running in bare mode.
2026-10-06 11:13:07.956 Thread 'MainThread': missing ScriptRunContext! This warning can be ignored when running in bare mode.
2026-10-06 11:13:07.956 Thread 'MainThread': missing ScriptRunContext! This warning can be ignored when running in bare mode.
2026-10-06 11:13:07.956 Thread 'MainThread': missing ScriptRunContext! This warning can be ignored when running in bare mode.
2026-10-06 11:13:07.956 Thread 'MainThread': missing ScriptRunContext! This warning can be ignored when running in bare mode.
2026-10-06 11:13:07.956 Thread 'MainThread': missing ScriptRunContext! This warning can be ignored when running in bare mode.
2026-10-06 11:13:07.956 Thread 'MainThread': missing ScriptRunContext! This warning can be ignored when running in bare mode.
2026-10-06 11:13:08.068 Thread 'MainThread': missing ScriptRunContext! This warning can be ignored when running in bare mode.
2026-10-06 11:13:08.072 Thread 'MainThread': missing ScriptRunContext! This warning can be ignored when running in bare mode.
2026-10-06 11:13:08.072 Thread 'MainThread': missing ScriptRunContext! This warning can be ignored when running in bare mode.
2026-10-06 11:13:08.072 Thread 'MainThread': missing ScriptRunContext! This warning can be ignored when running in bare mode.
2026-10-06 11:13:08.072 Thread 'MainThread': missing ScriptRunContext! This warning can be ignored when running in bare mode.
2026-10-06 11:13:08.073 Thread 'MainThread': missing ScriptRunContext! This warning can be ignored when running in bare mode.
2026-10-06 11:13:08.073 Thread 'MainThread': missing ScriptRunContext! This warning can be ignored when running in bare mode.
2026-10-06 11:13:08.073 Thread 'MainThread': missing ScriptRunContext! This warning can be ignored when running in bare mode.
2026-10-06 11:13:08.073 Thread 'MainThread': missing ScriptRunContext! This warning can be ignored when running in bare mode.
2026-10-06 11:13:08.073 Thread 'MainThread': missing ScriptRunContext! This warning can be ignored when running in bare mode.
2026-10-06 11:13:08.073 Thread 'MainThread': missing ScriptRunContext! This warning can be ignored when running in bare mode.
2026-10-06 11:13:08.073 Thread 'MainThread': missing ScriptRunContext! This warning can be ignored when running in bare mode.
2026-10-06 11:13:08.073 Thread 'MainThread': missing ScriptRunContext! This warning can be ignored when running in bare mode.
2026-10-06 11:13:08.073 Thread 'MainThread': missing ScriptRunContext! This warning can be ignored when running in bare mode.
2026-10-06 11:13:08.073 Thread 'MainThread': missing ScriptRunContext! This warning can be ignored when running in bare mode.
2026-10-06 11:13:08.073 Thread 'MainThread': missing ScriptRunContext! This warning can be ignored when running in bare mode.
2026-10-06 11:13:08.073 Thread 'MainThread': missing ScriptRunContext! This warning can be ignored when running in bare mode.
2026-10-06 11:13:08.073 Thread 'MainThread': missing ScriptRunContext! This warning can be ignored when running in bare mode.
2026-10-06 11:13:08.073 Thread 'MainThread': missing ScriptRunContext! This warning can be ignored when running in bare mode.
2026-10-06 11:13:08.073 Thread 'MainThread': missing ScriptRunContext! This warning can be ignored when running in bare mode.
2026-10-06 11:13:08.073 Thread 'MainThread': missing ScriptRunContext! This warning can be ignored when running in bare mode.
2026-10-06 11:13:08.074 Thread 'MainThread': missing ScriptRunContext! This warning can be ignored when running in bare mode.
2026-10-06 11:13:08.074 Thread 'MainThread': missing ScriptRunContext! This warning can be ignored when running in bare mode.
2026-10-06 11:13:08.074 Thread 'MainThread': missing ScriptRunContext! This warning can be ignored when running in bare mode.
2026-10-06 11:13:08.074 Thread 'MainThread': missing ScriptRunContext! This warning can be ignored when running in bare mode.
2026-10-06 11:13:08.074 Thread 'MainThread': missing ScriptRunContext! This warning can be ignored when running in bare mode.
2026-10-06 11:13:08.074 Thread 'MainThread': missing ScriptRunContext! This warning can be ignored when running in bare mode.
2026-10-06 11:13:08.074 Thread 'MainThread': missing ScriptRunContext! This warning can be ignored when running in bare mode.
2026-10-06 11:13:08.074 Thread 'MainThread': missing ScriptRunContext! This warning can be ignored when running in bare mode.
2026-10-06 11:13:08.074 Thread 'MainThread': missing ScriptRunContext! This warning can be ignored when running in bare mode.
2026-10-06 11:13:08.074 Thread 'MainThread': missing ScriptRunContext! This warning can be ignored when running in bare mode.
2026-10-06 11:13:08.074 Thread 'MainThread': missing ScriptRunContext! This warning can be ignored when running in bare mode.
2026-10-06 11:13:08.074 Thread 'MainThread': missing ScriptRunContext! This warning can be ignored when running in bare mode.
2026-10-06 11:13:08.074 Thread 'MainThread': missing ScriptRunContext! This warning can be ignored when running in bare mode.
2026-10-06 11:13:08.074 Thread 'MainThread': missing ScriptRunContext! This warning can be ignored when running in bare mode.
2026-10-06 11:13:08.074 Thread 'MainThread': missing ScriptRunContext! This warning can be ignored when running in bare mode.
2026-10-06 11:13:08.074 Thread 'MainThread': missing ScriptRunContext! This warning can be ignored when running in bare mode.
2026-10-06 11:13:08.074 Thread 'MainThread': missing ScriptRunContext! This warning can be ignored when running in bare mode.
2026-10-06 11:13:08.075 Thread 'MainThread': missing ScriptRunContext! This warning can be ignored when running in bare mode.
2026-10-06 11:13:08.075 Thread 'MainThread': missing ScriptRunContext! This warning can be ignored when running in bare mode.
2026-10-06 11:13:08.075 Thread 'MainThread': missing ScriptRunContext! This warning can be ignored when running in bare mode.
2026-10-06 11:13:08.075 Thread 'MainThread': missing ScriptRunContext! This warning can be ignored when running in bare mode.
2026-10-06 11:13:08.075 Thread 'MainThread': missing ScriptRunContext! This warning can be ignored when running in bare mode.
2026-10-06 11:13:08.075 Thread 'MainThread': missing ScriptRunContext! This warning can be ignored when running in bare mode.
2026-10-06 11:13:08.075 Thread 'MainThread': missing ScriptRunContext! This warning can be ignored when running in bare mode.
2026-10-06 11:13:08.075 Thread 'MainThread': missing ScriptRunContext! This warning can be ignored when running in bare mode.
2026-10-06 11:13:08.084 Thread 'MainThread': missing ScriptRunContext! This warning can be ignored when running in bare mode.
2026-10-06 11:13:08.091 Thread 'MainThread': missing ScriptRunContext! This warning can be ignored when running in bare mode.
2026-10-06 11:13:08.163 Thread 'MainThread': missing ScriptRunContext! This warning can be ignored when running in bare mode.
2026-10-06 11:13:08.164 Thread 'MainThread': missing ScriptRunContext! This warning can be ignored when running in bare mode.
2026-10-06 11:13:08.164 Thread 'MainThread': missing ScriptRunContext! This warning can be ignored when running in bare mode.
2026-10-06 11:13:08.164 Thread 'MainThread': missing ScriptRunContext! This warning can be ignored when running in bare mode.
2026-10-06 11:13:08.164 Thread 'MainThread': missing ScriptRunContext! This warning can be ignored when running in bare mode.
2026-10-06 11:13:08.164 Thread 'MainThread': missing ScriptRunContext! This warning can be ignored when running in bare mode.
2026-10-06 11:13:08.165 Thread 'MainThread': missing ScriptRunContext! This warning can be ignored when running in bare mode.
2026-10-06 11:13:08.165 Thread 'MainThread': missing ScriptRunContext! This warning can be ignored when running in bare mode.
2026-10-06 11:13:08.165 Thread 'MainThread': missing ScriptRunContext! This warning can be ignored when running in bare mode.
2026-10-06 11:13:08.165 Thread 'MainThread': missing ScriptRunContext! This warning can be ignored when running in bare mode.
2026-10-06 11:13:08.165 Thread 'MainThread': missing ScriptRunContext! This warning can be ignored when running in bare mode.
2026-10-06 11:13:08.165 Thread 'MainThread': missing ScriptRunContext! This warning can be ignored when running in bare mode.
2026-10-06 11:13:08.165 Thread 'MainThread': missing ScriptRunContext! This warning can be ignored when running in bare mode.
2026-10-06 11:13:08.165 Thread 'MainThread': missing ScriptRunContext! This warning can be ignored when running in bare mode.
2026-10-06 11:13:08.165 Thread 'MainThread': missing ScriptRunContext! This warning can be ignored when running in bare mode.
2026-10-06 11:13:08.165 Thread 'MainThread': missing ScriptRunContext! This warning can be ignored when running in bare mode.
2026-10-06 11:13:08.165 Thread 'MainThread': missing ScriptRunContext! This warning can be ignored when running in bare mode.
2026-10-06 11:13:08.166 Thread 'MainThread': missing ScriptRunContext! This warning can be ignored when running in bare mode.
2026-10-06 11:13:08.166 Thread 'MainThread': missing ScriptRunContext! This warning can be ignored when running in bare mode.
2026-10-06 11:13:08.166 Thread 'MainThread': missing ScriptRunContext! This warning can be ignored when running in bare mode.
2026-10-06 11:13:08.166 Thread 'MainThread': missing ScriptRunContext! This warning can be ignored when running in bare mode.
2026-10-06 11:13:08.166 Thread 'MainThread': missing ScriptRunContext! This warning can be ignored when running in bare mode.
2026-10-06 11:13:08.167 Thread 'MainThread': missing ScriptRunContext! This warning can be ignored when running in bare mode.
2026-10-06 11:13:08.167 Thread 'MainThread': missing ScriptRunContext! This warning can be ignored when running in bare mode.
2026-10-06 11:13:08.167 Thread 'MainThread': missing ScriptRunContext! This warning can be ignored when running in bare mode.
2026-10-06 11:13:08.167 Thread 'MainThread': missing ScriptRunContext! This warning can be ignored when running in bare mode.
2026-10-06 11:13:08.167 Thread 'MainThread': missing ScriptRunContext! This warning can be ignored when running in bare mode.
2026-10-06 11:13:08.167 Thread 'MainThread': missing ScriptRunContext! This warning can be ignored when running in bare mode.
2026-10-06 11:13:08.167 Thread 'MainThread': missing ScriptRunContext! This warning can be ignored when running in bare mode.
2026-10-06 11:13:08.167 Thread 'MainThread': missing ScriptRunContext! This warning can be ignored when running in bare mode.
2026-10-06 11:13:08.167 Thread 'MainThread': missing ScriptRunContext! This warning can be ignored when running in bare mode.
2026-10-06 11:13:08.167 Thread 'MainThread': missing ScriptRunContext! This warning can be ignored when running in bare mode.
2026-10-06 11:13:08.167 Thread 'MainThread': missing ScriptRunContext! This warning can be ignored when running in bare mode.
2026-10-06 11:13:08.168 Thread 'MainThread': missing ScriptRunContext! This warning can be ignored when running in bare mode.
2026-10-06 11:13:08.168 Thread 'MainThread': missing ScriptRunContext! This warning can be ignored when running in bare mode.
2026-10-06 11:13:08.168 Thread 'MainThread': missing ScriptRunContext! This warning can be ignored when running in bare mode.
2026-10-06 11:13:08.168 Thread 'MainThread': missing ScriptRunContext! This warning can be ignored when running in bare mode.
2026-10-06 11:13:08.168 Thread 'MainThread': missing ScriptRunContext! This warning can be ignored when running in bare mode.
2026-10-06 11:13:08.168 Thread 'MainThread': missing ScriptRunContext! This warning can be ignored when running in bare mode.
2026-10-06 11:13:08.168 Thread 'MainThread': missing ScriptRunContext! This warning can be ignored when running in bare mode.
2026-10-06 11:13:08.168 Thread 'MainThread': missing ScriptRunContext! This warning can be ignored when running in bare mode.
2026-10-06 11:13:08.168 Thread 'MainThread': missing ScriptRunContext! This warning can be ignored when running in bare mode.
2026-10-06 11:13:08.168 Thread 'MainThread': missing ScriptRunContext! This warning can be ignored when running in bare mode.
2026-10-06 11:13:08.168 Thread 'MainThread': missing ScriptRunContext! This warning can be ignored when running in bare mode.
2026-10-06 11:13:08.168 Thread 'MainThread': missing ScriptRunContext! This warning can be ignored when running in bare mode.
2026-10-06 11:13:08.168 Thread 'MainThread': missing ScriptRunContext! This warning can be ignored when running in bare mode.
2026-10-06 11:13:08.196 Thread 'MainThread': missing ScriptRunContext! This warning can be ignored when running in bare mode.
2026-10-06 11:13:08.198 Thread 'MainThread': missing ScriptRunContext! This warning can be ignored when running in bare mode.
2026-10-06 11:13:08.198 Thread 'MainThread': missing ScriptRunContext! This warning can be ignored when running in bare mode.
2026-10-06 11:13:08.198 Thread 'MainThread': missing ScriptRunContext! This warning can be ignored when running in bare mode.
2026-10-06 11:13:08.198 Thread 'MainThread': missing ScriptRunContext! This warning can be ignored when running in bare mode.
2026-10-06 11:13:08.198 Thread 'MainThread': missing ScriptRunContext! This warning can be ignored when running in bare mode.
2026-10-06 11:13:08.198 Thread 'MainThread': missing ScriptRunContext! This warning can be ignored when running in bare mode.
2026-10-06 11:13:08.198 Thread 'MainThread': missing ScriptRunContext! This warning can be ignored when running in bare mode.
2026-10-06 11:13:08.198 Thread 'MainThread': missing ScriptRunContext! This warning can be ignored when running in bare mode.
2026-10-06 11:13:08.199 Thread 'MainThread': missing ScriptRunContext! This warning can be ignored when running in bare mode.
2026-10-06 11:13:08.199 Thread 'MainThread': missing ScriptRunContext! This warning can be ignored when running in bare mode.
2026-10-06 11:13:08.199 Thread 'MainThread': missing ScriptRunContext! This warning can be ignored when running in bare mode.
2026-10-06 11:13:08.199 Thread 'MainThread': missing ScriptRunContext! This warning can be ignored when running in bare mode.
2026-10-06 11:13:08.199 Thread 'MainThread': missing ScriptRunContext! This warning can be ignored when running in bare mode.
2026-10-06 11:13:08.199 Thread 'MainThread': missing ScriptRunContext! This warning can be ignored when running in bare mode.
2026-10-06 11:13:08.199 Thread 'MainThread': missing ScriptRunContext! This warning can be ignored when running in bare mode.
2026-10-06 11:13:08.199 Thread 'MainThread': missing ScriptRunContext! This warning can be ignored when running in bare mode.
2026-10-06 11:13:08.199 Thread 'MainThread': missing ScriptRunContext! This warning can be ignored when running in bare mode.
2026-10-06 11:13:08.199 Thread 'MainThread': missing ScriptRunContext! This warning can be ignored when running in bare mode.
2026-10-06 11:13:08.199 Thread 'MainThread': missing ScriptRunContext! This warning can be ignored when running in bare mode.
2026-10-06 11:13:08.199 Thread 'MainThread': missing ScriptRunContext! This warning can be ignored when running in bare mode.
2026-10-06 11:13:08.200 Thread 'MainThread': missing ScriptRunContext! This warning can be ignored when running in bare mode.
2026-10-06 11:13:08.200 Thread 'MainThread': missing ScriptRunContext! This warning can be ignored when running in bare mode.
2026-10-06 11:13:08.200 Thread 'MainThread': missing ScriptRunContext! This warning can be ignored when running in bare mode.
2026-10-06 11:13:08.200 Thread 'MainThread': missing ScriptRunContext! This warning can be ignored when running in bare mode.
2026-10-06 11:13:08.200 Thread 'MainThread': missing ScriptRunContext! This warning can be ignored when running in bare mode.
2026-10-06 11:13:08.200 Thread 'MainThread': missing ScriptRunContext! This warning can be ignored when running in bare mode.
2026-10-06 11:13:08.200 Thread 'MainThread': missing ScriptRunContext! This warning can be ignored when running in bare mode.
2026-10-06 11:13:08.200 Thread 'MainThread': missing ScriptRunContext! This warning can be ignored when running in bare mode.
2026-10-06 11:13:08.200 Thread 'MainThread': missing ScriptRunContext! This warning can be ignored when running in bare mode.
2026-10-06 11:13:08.200 Thread 'MainThread': missing ScriptRunContext! This warning can be ignored when running in bare mode.
2026-10-06 11:13:08.200 Thread 'MainThread': missing ScriptRunContext! This warning can be ignored when running in bare mode.
2026-10-06 11:13:08.201 Thread 'MainThread': missing ScriptRunContext! This warning can be ignored when running in bare mode.
2026-10-06 11:13:08.201 Thread 'MainThread': missing ScriptRunContext! This warning can be ignored when running in bare mode.
2026-10-06 11:13:08.201 Thread 'MainThread': missing ScriptRunContext! This warning can be ignored when running in bare mode.
2026-10-06 11:13:08.201 Thread 'MainThread': missing ScriptRunContext! This warning can be ignored when running in bare mode.
2026-10-06 11:13:08.201 Thread 'MainThread': missing ScriptRunContext! This warning can be ignored when running in bare mode.
2026-10-06 11:13:08.201 Thread 'MainThread': missing ScriptRunContext! This warning can be ignored when running in bare mode.
2026-10-06 11:13:08.201 Thread 'MainThread': missing ScriptRunContext! This warning can be ignored when running in bare mode.
2026-10-06 11:13:08.201 Thread 'MainThread': missing ScriptRunContext! This warning can be ignored when running in bare mode.
2026-10-06 11:13:08.201 Thread 'MainThread': missing ScriptRunContext! This warning can be ignored when running in bare mode.
2026-10-06 11:13:08.201 Thread 'MainThread': missing ScriptRunContext! This warning can be ignored when running in bare mode.
2026-10-06 11:13:08.202 Thread 'MainThread': missing ScriptRunContext! This warning can be ignored when running in bare mode.
2026-10-06 11:13:08.202 Thread 'MainThread': missing ScriptRunContext! This warning can be ignored when running in bare mode.
2026-10-06 11:13:08.202 Thread 'MainThread': missing ScriptRunContext! This warning can be ignored when running in bare mode.
2026-10-06 11:13:08.202 Thread 'MainThread': missing ScriptRunContext! This warning can be ignored when running in bare mode.
2026-10-06 11:13:08.206 Thread 'MainThread': missing ScriptRunContext! This warning can be ignored when running in bare mode.
2026-10-06 11:13:08.209 Thread 'MainThread': missing ScriptRunContext! This warning can be ignored when running in bare mode.
2026-10-06 11:13:08.239 Thread 'MainThread': missing ScriptRunContext! This warning can be ignored when running in bare mode.
2026-10-06 11:13:08.239 Thread 'MainThread': missing ScriptRunContext! This warning can be ignored when running in bare mode.
2026-10-06 11:13:08.239 Thread 'MainThread': missing ScriptRunContext! This warning can be ignored when running in bare mode.
2026-10-06 11:13:08.239 Thread 'MainThread': missing ScriptRunContext! This warning can be ignored when running in bare mode.
2026-10-06 11:13:08.240 Thread 'MainThread': missing ScriptRunContext! This warning can be ignored when running in bare mode.
2026-10-06 11:13:08.240 Thread 'MainThread': missing ScriptRunContext! This warning can be ignored when running in bare mode.
2026-10-06 11:13:08.240 Thread 'MainThread': missing ScriptRunContext! This warning can be ignored when running in bare mode.
2026-10-06 11:13:08.240 Thread 'MainThread': missing ScriptRunContext! This warning can be ignored when running in bare mode.
2026-10-06 11:13:08.240 Thread 'MainThread': missing ScriptRunContext! This warning can be ignored when running in bare mode.
2026-10-06 11:13:08.240 Thread 'MainThread': missing ScriptRunContext! This warning can be ignored when running in bare mode.
2026-10-06 11:13:08.240 Thread 'MainThread': missing ScriptRunContext! This warning can be ignored when running in bare mode.
2026-10-06 11:13:08.240 Thread 'MainThread': missing ScriptRunContext! This warning can be ignored when running in bare mode.
2026-10-06 11:13:08.240 Thread 'MainThread': missing ScriptRunContext! This warning can be ignored when running in bare mode.
2026-10-06 11:13:08.240 Thread 'MainThread': missing ScriptRunContext! This warning can be ignored when running in bare mode.
2026-10-06 11:13:08.241 Thread 'MainThread': missing ScriptRunContext! This warning can be ignored when running in bare mode.
2026-10-06 11:13:08.241 Thread 'MainThread': missing ScriptRunContext! This warning can be ignored when running in bare mode.
2026-10-06 11:13:08.241 Thread 'MainThread': missing ScriptRunContext! This warning can be ignored when running in bare mode.
2026-10-06 11:13:08.241 Thread 'MainThread': missing ScriptRunContext! This warning can be ignored when running in bare mode.
2026-10-06 11:13:08.241 Thread 'MainThread': missing ScriptRunContext! This warning can be ignored when running in bare mode.
2026-10-06 11:13:08.241 Thread 'MainThread': missing ScriptRunContext! This warning can be ignored when running in bare mode.
2026-10-06 11:13:08.241 Thread 'MainThread': missing ScriptRunContext! This warning can be ignored when running in bare mode.
2026-10-06 11:13:08.241 Thread 'MainThread': missing ScriptRunContext! This warning can be ignored when running in bare mode.
2026-10-06 11:13:08.241 Thread 'MainThread': missing ScriptRunContext! This warning can be ignored when running in bare mode.
2026-10-06 11:13:08.242 Thread 'MainThread': missing ScriptRunContext! This warning can be ignored when running in bare mode.
2026-10-06 11:13:08.242 Thread 'MainThread': missing ScriptRunContext! This warning can be ignored when running in bare mode.
2026-10-06 11:13:08.242 Thread 'MainThread': missing ScriptRunContext! This warning can be ignored when running in bare mode.
2026-10-06 11:13:08.242 Thread 'MainThread': missing ScriptRunContext! This warning can be ignored when running in bare mode.
2026-10-06 11:13:08.242 Thread 'MainThread': missing ScriptRunContext! This warning can be ignored when running in bare mode.
2026-10-06 11:13:08.242 Thread 'MainThread': missing ScriptRunContext! This warning can be ignored when running in bare mode.
2026-10-06 11:13:08.242 Thread 'MainThread': missing ScriptRunContext! This warning can be ignored when running in bare mode.
2026-10-06 11:13:08.242 Thread 'MainThread': missing ScriptRunContext! This warning can be ignored when running in bare mode.
2026-10-06 11:13:08.242 Thread 'MainThread': missing ScriptRunContext! This warning can be ignored when running in bare mode.
2026-10-06 11:13:08.242 Thread 'MainThread': missing ScriptRunContext! This warning can be ignored when running in bare mode.
2026-10-06 11:13:08.243 Thread 'MainThread': missing ScriptRunContext! This warning can be ignored when running in bare mode.
2026-10-06 11:13:08.243 Thread 'MainThread': missing ScriptRunContext! This warning can be ignored when running in bare mode.
2026-10-06 11:13:08.243 Thread 'MainThread': missing ScriptRunContext! This warning can be ignored when running in bare mode.
2026-10-06 11:13:08.243 Thread 'MainThread': missing ScriptRunContext! This warning can be ignored when running in bare mode.
2026-10-06 11:13:08.243 Thread 'MainThread': missing ScriptRunContext! This warning can be ignored when running in bare mode.
2026-10-06 11:13:08.243 Thread 'MainThread': missing ScriptRunContext! This warning can be ignored when running in bare mode.
2026-10-06 11:13:08.243 Thread 'MainThread': missing ScriptRunContext! This warning can be ignored when running in bare mode.
2026-10-06 11:13:08.243 Thread 'MainThread': missing ScriptRunContext! This warning can be ignored when running in bare mode.
2026-10-06 11:13:08.243 Thread 'MainThread': missing ScriptRunContext! This warning can be ignored when running in bare mode.
2026-10-06 11:13:08.243 Thread 'MainThread': missing ScriptRunContext! This warning can be ignored when running in bare mode.
2026-10-06 11:13:08.243 Thread 'MainThread': missing ScriptRunContext! This warning can be ignored when running in bare mode.
2026-10-06 11:13:08.244 Thread 'MainThread': missing ScriptRunContext! This warning can be ignored when running in bare mode.
2026-10-06 11:13:08.244 Thread 'MainThread': missing ScriptRunContext! This warning can be ignored when running in bare mode.
2026-10-06 11:13:08.256 Thread 'MainThread': missing ScriptRunContext! This warning can be ignored when running in bare mode.
2026-10-06 11:13:08.257 Thread 'MainThread': missing ScriptRunContext! This warning can be ignored when running in bare mode.
2026-10-06 11:13:08.257 Thread 'MainThread': missing ScriptRunContext! This warning can be ignored when running in bare mode.
2026-10-06 11:13:08.257 Thread 'MainThread': missing ScriptRunContext! This warning can be ignored when running in bare mode.
2026-10-06 11:13:08.257 Thread 'MainThread': missing ScriptRunContext! This warning can be ignored when running in bare mode.
2026-10-06 11:13:08.257 Thread 'MainThread': missing ScriptRunContext! This warning can be ignored when running in bare mode.
2026-10-06 11:13:08.257 Thread 'MainThread': missing ScriptRunContext! This warning can be ignored when running in bare mode.
2026-10-06 11:13:08.257 Thread 'MainThread': missing ScriptRunContext! This warning can be ignored when running in bare mode.
2026-10-06 11:13:08.257 Thread 'MainThread': missing ScriptRunContext! This warning can be ignored when running in bare mode.
2026-10-06 11:13:08.257 Thread 'MainThread': missing ScriptRunContext! This warning can be ignored when running in bare mode.
2026-10-06 11:13:08.257 Thread 'MainThread': missing ScriptRunContext! This warning can be ignored when running in bare mode.
2026-10-06 11:13:08.257 Thread 'MainThread': missing ScriptRunContext! This warning can be ignored when running in bare mode.
2026-10-06 11:13:08.257 Thread 'MainThread': missing ScriptRunContext! This warning can be ignored when running in bare mode.
2026-10-06 11:13:08.257 Thread 'MainThread': missing ScriptRunContext! This warning can be ignored when running in bare mode.
2026-10-06 11:13:08.257 Thread 'MainThread': missing ScriptRunContext! This warning can be ignored when running in bare mode.
2026-10-06 11:13:08.258 Thread 'MainThread': missing ScriptRunContext! This warning can be ignored when running in bare mode.
2026-10-06 11:13:08.258 Thread 'MainThread': missing ScriptRunContext! This warning can be ignored when running in bare mode.
2026-10-06 11:13:08.258 Thread 'MainThread': missing ScriptRunContext! This warning can be ignored when running in bare mode.
2026-10-06 11:13:08.258 Thread 'MainThread': missing ScriptRunContext! This warning can be ignored when running in bare mode.
2026-10-06 11:13:08.258 Thread 'MainThread': missing ScriptRunContext! This warning can be ignored when running in bare mode.
2026-10-06 11:13:08.258 Thread 'MainThread': missing ScriptRunContext! This warning can be ignored when running in bare mode.
2026-10-06 11:13:08.258 Thread 'MainThread': missing ScriptRunContext! This warning can be ignored when running in bare mode.
2026-10-06 11:13:08.258 Thread 'MainThread': missing ScriptRunContext! This warning can be ignored when running in bare mode.
2026-10-06 11:13:08.258 Thread 'MainThread': missing ScriptRunContext! This warning can be ignored when running in bare mode.
2026-10-06 11:13:08.258 Thread 'MainThread': missing ScriptRunContext! This warning can be ignored when running in bare mode.
2026-10-06 11:13:08.258 Thread 'MainThread': missing ScriptRunContext! This warning can be ignored when running in bare mode.
2026-10-06 11:13:08.258 Thread 'MainThread': missing ScriptRunContext! This warning can be ignored when running in bare mode.
2026-10-06 11:13:08.258 Thread 'MainThread': missing ScriptRunContext! This warning can be ignored when running in bare mode.
2026-10-06 11:13:08.258 Thread 'MainThread': missing ScriptRunContext! This warning can be ignored when running in bare mode.
2026-10-06 11:13:08.258 Thread 'MainThread': missing ScriptRunContext! This warning can be ignored when running in bare mode.
2026-10-06 11:13:08.258 Thread 'MainThread': missing ScriptRunContext! This warning can be ignored when running in bare mode.
2026-10-06 11:13:08.258 Thread 'MainThread': missing ScriptRunContext! This warning can be ignored when running in bare mode.
2026-10-06 11:13:08.258 Thread 'MainThread': missing ScriptRunContext! This warning can be ignored when running in bare mode.
2026-10-06 11:13:08.259 Thread 'MainThread': missing ScriptRunContext! This warning can be ignored when running in bare mode.
2026-10-06 11:13:08.259 Thread 'MainThread': missing ScriptRunContext! This warning can be ignored when running in bare mode.
2026-10-06 11:13:08.259 Thread 'MainThread': missing ScriptRunContext! This warning can be ignored when running in bare mode.
2026-10-06 11:13:08.259 Thread 'MainThread': missing ScriptRunContext! This warning can be ignored when running in bare mode.
2026-10-06 11:13:08.259 Thread 'MainThread': missing ScriptRunContext! This warning can be ignored when running in bare mode.
2026-10-06 11:13:08.259 Thread 'MainThread': missing ScriptRunContext! This warning can be ignored when running in bare mode.
2026-10-06 11:13:08.259 Thread 'MainThread': missing ScriptRunContext! This warning can be ignored when running in bare mode.
2026-10-06 11:13:08.259 Thread 'MainThread': missing ScriptRunContext! This warning can be ignored when running in bare mode.
2026-10-06 11:13:08.259 Thread 'MainThread': missing ScriptRunContext! This warning can be ignored when running in bare mode.
2026-10-06 11:13:08.259 Thread 'MainThread': missing ScriptRunContext! This warning can be ignored when running in bare mode.
2026-10-06 11:13:08.260 Thread 'MainThread': missing ScriptRunContext! This warning can be ignored when running in bare mode.
2026-10-06 11:13:08.260 Thread 'MainThread': missing ScriptRunContext! This warning can be ignored when running in bare mode.
2026-10-06 11:13:08.260 Thread 'MainThread': missing ScriptRunContext! This warning can be ignored when running in bare mode.
2026-10-06 11:13:08.262 Thread 'MainThread': missing ScriptRunContext! This warning can be ignored when running in bare mode.
2026-10-06 11:13:08.264 Thread 'MainThread': missing ScriptRunContext! This warning can be ignored when running in bare mode.
2026-10-06 11:13:08.387 Thread 'MainThread': missing ScriptRunContext! This warning can be ignored when running in bare mode.
2026-10-06 11:13:08.388 Thread 'MainThread': missing ScriptRunContext! This warning can be ignored when running in bare mode.
2026-10-06 11:13:08.389 Thread 'MainThread': missing ScriptRunContext! This warning can be ignored when running in bare mode.
2026-10-06 11:13:08.389 Thread 'MainThread': missing ScriptRunContext! This warning can be ignored when running in bare mode.
2026-10-06 11:13:08.389 Thread 'MainThread': missing ScriptRunContext! This warning can be ignored when running in bare mode.
2026-10-06 11:13:08.389 Thread 'MainThread': missing ScriptRunContext! This warning can be ignored when running in bare mode.
2026-10-06 11:13:08.389 Thread 'MainThread': missing ScriptRunContext! This warning can be ignored when running in bare mode.
2026-10-06 11:13:08.389 Thread 'MainThread': missing ScriptRunContext! This warning can be ignored when running in bare mode.
2026-10-06 11:13:08.389 Thread 'MainThread': missing ScriptRunContext! This warning can be ignored when running in bare mode.
2026-10-06 11:13:08.389 Thread 'MainThread': missing ScriptRunContext! This warning can be ignored when running in bare mode.
2026-10-06 11:13:08.389 Thread 'MainThread': missing ScriptRunContext! This warning can be ignored when running in bare mode.
2026-10-06 11:13:08.389 Thread 'MainThread': missing ScriptRunContext! This warning can be ignored when running in bare mode.
2026-10-06 11:13:08.389 Thread 'MainThread': missing ScriptRunContext! This warning can be ignored when running in bare mode.
2026-10-06 11:13:08.389 Thread 'MainThread': missing ScriptRunContext! This warning can be ignored when running in bare mode.
2026-10-06 11:13:08.389 Thread 'MainThread': missing ScriptRunContext! This warning can be ignored when running in bare mode.
2026-10-06 11:13:08.389 Thread 'MainThread': missing ScriptRunContext! This warning can be ignored when running in bare mode.
2026-10-06 11:13:08.389 Thread 'MainThread': missing ScriptRunContext! This warning can be ignored when running in bare mode.
2026-10-06 11:13:08.389 Thread 'MainThread': missing ScriptRunContext! This warning can be ignored when running in bare mode.
2026-10-06 11:13:08.389 Thread 'MainThread': missing ScriptRunContext! This warning can be ignored when running in bare mode.
2026-10-06 11:13:08.390 Thread 'MainThread': missing ScriptRunContext! This warning can be ignored when running in bare mode.
2026-10-06 11:13:08.390 Thread 'MainThread': missing ScriptRunContext! This warning can be ignored when running in bare mode.
2026-10-06 11:13:08.390 Thread 'MainThread': missing ScriptRunContext! This warning can be ignored when running in bare mode.
2026-10-06 11:13:08.390 Thread 'MainThread': missing ScriptRunContext! This warning can be ignored when running in bare mode.
2026-10-06 11:13:08.390 Thread 'MainThread': missing ScriptRunContext! This warning can be ignored when running in bare mode.
2026-10-06 11:13:08.390 Thread 'MainThread': missing ScriptRunContext! This warning can be ignored when running in bare mode.
2026-10-06 11:13:08.390 Thread 'MainThread': missing ScriptRunContext! This warning can be ignored when running in bare mode.
2026-10-06 11:13:08.390 Thread 'MainThread': missing ScriptRunContext! This warning can be ignored when running in bare mode.
2026-10-06 11:13:08.390 Thread 'MainThread': missing ScriptRunContext! This warning can be ignored when running in bare mode.
2026-10-06 11:13:08.390 Thread 'MainThread': missing ScriptRunContext! This warning can be ignored when running in bare mode.
2026-10-06 11:13:08.390 Thread 'MainThread': missing ScriptRunContext! This warning can be ignored when running in bare mode.
2026-10-06 11:13:08.390 Thread 'MainThread': missing ScriptRunContext! This warning can be ignored when running in bare mode.
2026-10-06 11:13:08.390 Thread 'MainThread': missing ScriptRunContext! This warning can be ignored when running in bare mode.
2026-10-06 11:13:08.390 Thread 'MainThread': missing ScriptRunContext! This warning can be ignored when running in bare mode.
2026-10-06 11:13:08.390 Thread 'MainThread': missing ScriptRunContext! This warning can be ignored when running in bare mode.
2026-10-06 11:13:08.390 Thread 'MainThread': missing ScriptRunContext! This warning can be ignored when running in bare mode.
2026-10-06 11:13:08.391 Thread 'MainThread': missing ScriptRunContext! This warning can be ignored when running in bare mode.
2026-10-06 11:13:08.391 Thread 'MainThread': missing ScriptRunContext! This warning can be ignored when running in bare mode.
2026-10-06 11:13:08.391 Thread 'MainThread': missing ScriptRunContext! This warning can be ignored when running in bare mode.
2026-10-06 11:13:08.391 Thread 'MainThread': missing ScriptRunContext! This warning can be ignored when running in bare mode.
2026-10-06 11:13:08.391 Thread 'MainThread': missing ScriptRunContext! This warning can be ignored when running in bare mode.
2026-10-06 11:13:08.391 Thread 'MainThread': missing ScriptRunContext! This warning can be ignored when running in bare mode.
2026-10-06 11:13:08.391 Thread 'MainThread': missing ScriptRunContext! This warning can be ignored when running in bare mode.
2026-10-06 11:13:08.391 Thread 'MainThread': missing ScriptRunContext! This warning can be ignored when running in bare mode.
2026-10-06 11:13:08.391 Thread 'MainThread': missing ScriptRunContext! This warning can be ignored when running in bare mode.
2026-10-06 11:13:08.391 Thread 'MainThread': missing ScriptRunContext! This warning can be ignored when running in bare mode.
2026-10-06 11:13:08.391 Thread 'MainThread': missing ScriptRunContext! This warning can be ignored when running in bare mode.
2026-10-06 11:13:08.422 Thread 'MainThread': missing ScriptRunContext! This warning can be ignored when running in bare mode.
2026-10-06 11:13:08.423 Thread 'MainThread': missing ScriptRunContext! This warning can be ignored when running in bare mode.
2026-10-06 11:13:08.423 Thread 'MainThread': missing ScriptRunContext! This warning can be ignored when running in bare mode.
2026-10-06 11:13:08.423 Thread 'MainThread': missing ScriptRunContext! This warning can be ignored when running in bare mode.
2026-10-06 11:13:08.423 Thread 'MainThread': missing ScriptRunContext! This warning can be ignored when running in bare mode.
2026-10-06 11:13:08.423 Thread 'MainThread': missing ScriptRunContext! This warning can be ignored when running in bare mode.
2026-10-06 11:13:08.423 Thread 'MainThread': missing ScriptRunContext! This warning can be ignored when running in bare mode.
2026-10-06 11:13:08.423 Thread 'MainThread': missing ScriptRunContext! This warning can be ignored when running in bare mode.
2026-10-06 11:13:08.423 Thread 'MainThread': missing ScriptRunContext! This warning can be ignored when running in bare mode.
2026-10-06 11:13:08.423 Thread 'MainThread': missing ScriptRunContext! This warning can be ignored when running in bare mode.
2026-10-06 11:13:08.423 Thread 'MainThread': missing ScriptRunContext! This warning can be ignored when running in bare mode.
2026-10-06 11:13:08.424 Thread 'MainThread': missing ScriptRunContext! This warning can be ignored when running in bare mode.
2026-10-06 11:13:08.424 Thread 'MainThread': missing ScriptRunContext! This warning can be ignored when running in bare mode.
2026-10-06 11:13:08.424 Thread 'MainThread': missing ScriptRunContext! This warning can be ignored when running in bare mode.
2026-10-06 11:13:08.424 Thread 'MainThread': missing ScriptRunContext! This warning can be ignored when running in bare mode.
2026-10-06 11:13:08.424 Thread 'MainThread': missing ScriptRunContext! This warning can be ignored when running in bare mode.
2026-10-06 11:13:08.424 Thread 'MainThread': missing ScriptRunContext! This warning can be ignored when running in bare mode.
2026-10-06 11:13:08.424 Thread 'MainThread': missing ScriptRunContext! This warning can be ignored when running in bare mode.
2026-10-06 11:13:08.424 Thread 'MainThread': missing ScriptRunContext! This warning can be ignored when running in bare mode.
2026-10-06 11:13:08.424 Thread 'MainThread': missing ScriptRunContext! This warning can be ignored when running in bare mode.
2026-10-06 11:13:08.424 Thread 'MainThread': missing ScriptRunContext! This warning can be ignored when running in bare mode.
2026-10-06 11:13:08.424 Thread 'MainThread': missing ScriptRunContext! This warning can be ignored when running in bare mode.
2026-10-06 11:13:08.424 Thread 'MainThread': missing ScriptRunContext! This warning can be ignored when running in bare mode.
2026-10-06 11:13:08.424 Thread 'MainThread': missing ScriptRunContext! This warning can be ignored when running in bare mode.
2026-10-06 11:13:08.424 Thread 'MainThread': missing ScriptRunContext! This warning can be ignored when running in bare mode.
2026-10-06 11:13:08.424 Thread 'MainThread': missing ScriptRunContext! This warning can be ignored when running in bare mode.
2026-10-06 11:13:08.424 Thread 'MainThread': missing ScriptRunContext! This warning can be ignored when running in bare mode.
2026-10-06 11:13:08.424 Thread 'MainThread': missing ScriptRunContext! This warning can be ignored when running in bare mode.
2026-10-06 11:13:08.424 Thread 'MainThread': missing ScriptRunContext! This warning can be ignored when running in bare mode.
2026-10-06 11:13:08.424 Thread 'MainThread': missing ScriptRunContext! This warning can be ignored when running in bare mode.
2026-10-06 11:13:08.424 Thread 'MainThread': missing ScriptRunContext! This warning can be ignored when running in bare mode.
2026-10-06 11:13:08.425 Thread 'MainThread': missing ScriptRunContext! This warning can be ignored when running in bare mode.
2026-10-06 11:13:08.425 Thread 'MainThread': missing ScriptRunContext! This warning can be ignored when running in bare mode.
2026-10-06 11:13:08.425 Thread 'MainThread': missing ScriptRunContext! This warning can be ignored when running in bare mode.
2026-10-06 11:13:08.425 Thread 'MainThread': missing ScriptRunContext! This warning can be ignored when running in bare mode.
2026-10-06 11:13:08.425 Thread 'MainThread': missing ScriptRunContext! This warning can be ignored when running in bare mode.
2026-10-06 11:13:08.425 Thread 'MainThread': missing ScriptRunContext! This warning can be ignored when running in bare mode.
2026-10-06 11:13:08.425 Thread 'MainThread': missing ScriptRunContext! This warning can be ignored when running in bare mode.
2026-10-06 11:13:08.425 Thread 'MainThread': missing ScriptRunContext! This warning can be ignored when running in bare mode.
2026-10-06 11:13:08.425 Thread 'MainThread': missing ScriptRunContext! This warning can be ignored when running in bare mode.
2026-10-06 11:13:08.425 Thread 'MainThread': missing ScriptRunContext! This warning can be ignored when running in bare mode.
2026-10-06 11:13:08.425 Thread 'MainThread': missing ScriptRunContext! This warning can be ignored when running in bare mode.
2026-10-06 11:13:08.425 Thread 'MainThread': missing ScriptRunContext! This warning can be ignored when running in bare mode.
2026-10-06 11:13:08.425 Thread 'MainThread': missing ScriptRunContext! This warning can be ignored when running in bare mode.
2026-10-06 11:13:08.425 Thread 'MainThread': missing ScriptRunContext! This warning can be ignored when running in bare mode.
2026-10-06 11:13:08.425 Thread 'MainThread': missing ScriptRunContext! This warning can be ignored when running in bare mode.
2026-10-06 11:13:08.429 Thread 'MainThread': missing ScriptRunContext! This warning can be ignored when running in bare mode.
2026-10-06 11:13:08.433 Thread 'MainThread': missing ScriptRunContext! This warning can be ignored when running in bare mode.
.............2026-10-06 11:13:13.985 Thread 'MainThread': missing ScriptRunContext! This warning can be ignored when running in bare mode.
2026-10-06 11:13:13.988 Thread 'MainThread': missing ScriptRunContext! This warning can be ignored when running in bare mode.
2026-10-06 11:13:13.988 Thread 'MainThread': missing ScriptRunContext! This warning can be ignored when running in bare mode.
2026-10-06 11:13:13.988 Thread 'MainThread': missing ScriptRunContext! This warning can be ignored when running in bare mode.
2026-10-06 11:13:13.988 Thread 'MainThread': missing ScriptRunContext! This warning can be ignored when running in bare mode.
2026-10-06 11:13:13.988 Thread 'MainThread': missing ScriptRunContext! This warning can be ignored when running in bare mode.
2026-10-06 11:13:13.988 Thread 'MainThread': missing ScriptRunContext! This warning can be ignored when running in bare mode.
2026-10-06 11:13:13.988 Thread 'MainThread': missing ScriptRunContext! This warning can be ignored when running in bare mode.
2026-10-06 11:13:13.988 Thread 'MainThread': missing ScriptRunContext! This warning can be ignored when running in bare mode.
2026-10-06 11:13:13.988 Thread 'MainThread': missing ScriptRunContext! This warning can be ignored when running in bare mode.
2026-10-06 11:13:13.988 Thread 'MainThread': missing ScriptRunContext! This warning can be ignored when running in bare mode.
2026-10-06 11:13:13.988 Thread 'MainThread': missing ScriptRunContext! This warning can be ignored when running in bare mode.
2026-10-06 11:13:13.988 Thread 'MainThread': missing ScriptRunContext! This warning can be ignored when running in bare mode.
2026-10-06 11:13:13.988 Thread 'MainThread': missing ScriptRunContext! This warning can be ignored when running in bare mode.
2026-10-06 11:13:13.988 Thread 'MainThread': missing ScriptRunContext! This warning can be ignored when running in bare mode.
2026-10-06 11:13:13.989 Thread 'MainThread': missing ScriptRunContext! This warning can be ignored when running in bare mode.
2026-10-06 11:13:13.989 Thread 'MainThread': missing ScriptRunContext! This warning can be ignored when running in bare mode.
2026-10-06 11:13:13.989 Thread 'MainThread': missing ScriptRunContext! This warning can be ignored when running in bare mode.
2026-10-06 11:13:13.989 Thread 'MainThread': missing ScriptRunContext! This warning can be ignored when running in bare mode.
2026-10-06 11:13:13.989 Thread 'MainThread': missing ScriptRunContext! This warning can be ignored when running in bare mode.
2026-10-06 11:13:13.989 Thread 'MainThread': missing ScriptRunContext! This warning can be ignored when running in bare mode.
2026-10-06 11:13:13.989 Thread 'MainThread': missing ScriptRunContext! This warning can be ignored when running in bare mode.
2026-10-06 11:13:13.989 Thread 'MainThread': missing ScriptRunContext! This warning can be ignored when running in bare mode.
2026-10-06 11:13:13.989 Thread 'MainThread': missing ScriptRunContext! This warning can be ignored when running in bare mode.
2026-10-06 11:13:13.989 Thread 'MainThread': missing ScriptRunContext! This warning can be ignored when running in bare mode.
2026-10-06 11:13:13.989 Thread 'MainThread': missing ScriptRunContext! This warning can be ignored when running in bare mode.
2026-10-06 11:13:13.989 Thread 'MainThread': missing ScriptRunContext! This warning can be ignored when running in bare mode.
2026-10-06 11:13:13.989 Thread 'MainThread': missing ScriptRunContext! This warning can be ignored when running in bare mode.
2026-10-06 11:13:13.989 Thread 'MainThread': missing ScriptRunContext! This warning can be ignored when running in bare mode.
2026-10-06 11:13:13.989 Thread 'MainThread': missing ScriptRunContext! This warning can be ignored when running in bare mode.
2026-10-06 11:13:13.989 Thread 'MainThread': missing ScriptRunContext! This warning can be ignored when running in bare mode.
2026-10-06 11:13:13.989 Thread 'MainThread': missing ScriptRunContext! This warning can be ignored when running in bare mode.
2026-10-06 11:13:13.989 Thread 'MainThread': missing ScriptRunContext! This warning can be ignored when running in bare mode.
2026-10-06 11:13:13.989 Thread 'MainThread': missing ScriptRunContext! This warning can be ignored when running in bare mode.
2026-10-06 11:13:13.989 Thread 'MainThread': missing ScriptRunContext! This warning can be ignored when running in bare mode.
2026-10-06 11:13:13.990 Thread 'MainThread': missing ScriptRunContext! This warning can be ignored when running in bare mode.
2026-10-06 11:13:13.990 Thread 'MainThread': missing ScriptRunContext! This warning can be ignored when running in bare mode.
2026-10-06 11:13:13.990 Thread 'MainThread': missing ScriptRunContext! This warning can be ignored when running in bare mode.
2026-10-06 11:13:13.990 Thread 'MainThread': missing ScriptRunContext! This warning can be ignored when running in bare mode.
2026-10-06 11:13:13.990 Thread 'MainThread': missing ScriptRunContext! This warning can be ignored when running in bare mode.
2026-10-06 11:13:13.990 Thread 'MainThread': missing ScriptRunContext! This warning can be ignored when running in bare mode.
2026-10-06 11:13:13.990 Thread 'MainThread': missing ScriptRunContext! This warning can be ignored when running in bare mode.
2026-10-06 11:13:13.990 Thread 'MainThread': missing ScriptRunContext! This warning can be ignored when running in bare mode.
2026-10-06 11:13:13.990 Thread 'MainThread': missing ScriptRunContext! This warning can be ignored when running in bare mode.
2026-10-06 11:13:13.990 Thread 'MainThread': missing ScriptRunContext! This warning can be ignored when running in bare mode.
2026-10-06 11:13:13.990 Thread 'MainThread': missing ScriptRunContext! This warning can be ignored when running in bare mode.
....2026-10-06 11:13:20.075 Thread 'MainThread': missing ScriptRunContext! This warning can be ignored when running in bare mode.
2026-10-06 11:13:20.077 Thread 'MainThread': missing ScriptRunContext! This warning can be ignored when running in bare mode.
2026-10-06 11:13:20.078 Thread 'MainThread': missing ScriptRunContext! This warning can be ignored when running in bare mode.
2026-10-06 11:13:20.078 Thread 'MainThread': missing ScriptRunContext! This warning can be ignored when running in bare mode.
2026-10-06 11:13:20.078 Thread 'MainThread': missing ScriptRunContext! This warning can be ignored when running in bare mode.
2026-10-06 11:13:20.078 Thread 'MainThread': missing ScriptRunContext! This warning can be ignored when running in bare mode.
2026-10-06 11:13:20.078 Thread 'MainThread': missing ScriptRunContext! This warning can be ignored when running in bare mode.
2026-10-06 11:13:20.078 Thread 'MainThread': missing ScriptRunContext! This warning can be ignored when running in bare mode.
2026-10-06 11:13:20.078 Thread 'MainThread': missing ScriptRunContext! This warning can be ignored when running in bare mode.
2026-10-06 11:13:20.078 Thread 'MainThread': missing ScriptRunContext! This warning can be ignored when running in bare mode.
2026-10-06 11:13:20.078 Thread 'MainThread': missing ScriptRunContext! This warning can be ignored when running in bare mode.
2026-10-06 11:13:20.078 Thread 'MainThread': missing ScriptRunContext! This warning can be ignored when running in bare mode.
2026-10-06 11:13:20.078 Thread 'MainThread': missing ScriptRunContext! This warning can be ignored when running in bare mode.
2026-10-06 11:13:20.078 Thread 'MainThread': missing ScriptRunContext! This warning can be ignored when running in bare mode.
2026-10-06 11:13:20.078 Thread 'MainThread': missing ScriptRunContext! This warning can be ignored when running in bare mode.
2026-10-06 11:13:20.078 Thread 'MainThread': missing ScriptRunContext! This warning can be ignored when running in bare mode.
2026-10-06 11:13:20.078 Thread 'MainThread': missing ScriptRunContext! This warning can be ignored when running in bare mode.
2026-10-06 11:13:20.078 Thread 'MainThread': missing ScriptRunContext! This warning can be ignored when running in bare mode.
2026-10-06 11:13:20.078 Thread 'MainThread': missing ScriptRunContext! This warning can be ignored when running in bare mode.
2026-10-06 11:13:20.079 Thread 'MainThread': missing ScriptRunContext! This warning can be ignored when running in bare mode.
2026-10-06 11:13:20.079 Thread 'MainThread': missing ScriptRunContext! This warning can be ignored when running in bare mode.
2026-10-06 11:13:20.079 Thread 'MainThread': missing ScriptRunContext! This warning can be ignored when running in bare mode.
2026-10-06 11:13:20.079 Thread 'MainThread': missing ScriptRunContext! This warning can be ignored when running in bare mode.
2026-10-06 11:13:20.079 Thread 'MainThread': missing ScriptRunContext! This warning can be ignored when running in bare mode.
2026-10-06 11:13:20.079 Thread 'MainThread': missing ScriptRunContext! This warning can be ignored when running in bare mode.
2026-10-06 11:13:20.079 Thread 'MainThread': missing ScriptRunContext! This warning can be ignored when running in bare mode.
2026-10-06 11:13:20.079 Thread 'MainThread': missing ScriptRunContext! This warning can be ignored when running in bare mode.
2026-10-06 11:13:20.079 Thread 'MainThread': missing ScriptRunContext! This warning can be ignored when running in bare mode.
2026-10-06 11:13:20.079 Thread 'MainThread': missing ScriptRunContext! This warning can be ignored when running in bare mode.
2026-10-06 11:13:20.079 Thread 'MainThread': missing ScriptRunContext! This warning can be ignored when running in bare mode.
2026-10-06 11:13:20.079 Thread 'MainThread': missing ScriptRunContext! This warning can be ignored when running in bare mode.
2026-10-06 11:13:20.079 Thread 'MainThread': missing ScriptRunContext! This warning can be ignored when running in bare mode.
2026-10-06 11:13:20.079 Thread 'MainThread': missing ScriptRunContext! This warning can be ignored when running in bare mode.
2026-10-06 11:13:20.079 Thread 'MainThread': missing ScriptRunContext! This warning can be ignored when running in bare mode.
2026-10-06 11:13:20.079 Thread 'MainThread': missing ScriptRunContext! This warning can be ignored when running in bare mode.
2026-10-06 11:13:20.079 Thread 'MainThread': missing ScriptRunContext! This warning can be ignored when running in bare mode.
2026-10-06 11:13:20.079 Thread 'MainThread': missing ScriptRunContext! This warning can be ignored when running in bare mode.
2026-10-06 11:13:20.079 Thread 'MainThread': missing ScriptRunContext! This warning can be ignored when running in bare mode.
2026-10-06 11:13:20.080 Thread 'MainThread': missing ScriptRunContext! This warning can be ignored when running in bare mode.
2026-10-06 11:13:20.080 Thread 'MainThread': missing ScriptRunContext! This warning can be ignored when running in bare mode.
2026-10-06 11:13:20.080 Thread 'MainThread': missing ScriptRunContext! This warning can be ignored when running in bare mode.
2026-10-06 11:13:20.080 Thread 'MainThread': missing ScriptRunContext! This warning can be ignored when running in bare mode.
2026-10-06 11:13:20.080 Thread 'MainThread': missing ScriptRunContext! This warning can be ignored when running in bare mode.
2026-10-06 11:13:20.080 Thread 'MainThread': missing ScriptRunContext! This warning can be ignored when running in bare mode.
2026-10-06 11:13:20.080 Thread 'MainThread': missing ScriptRunContext! This warning can be ignored when running in bare mode.
2026-10-06 11:13:20.080 Thread 'MainThread': missing ScriptRunContext! This warning can be ignored when running in bare mode.
2026-10-06 11:13:20.092 Thread 'MainThread': missing ScriptRunContext! This warning can be ignored when running in bare mode.
2026-10-06 11:13:20.099 Thread 'MainThread': missing ScriptRunContext! This warning can be ignored when running in bare mode.
2026-10-06 11:13:20.110 Thread 'MainThread': missing ScriptRunContext! This warning can be ignored when running in bare mode.
2026-10-06 11:13:20.121 Thread 'MainThread': missing ScriptRunContext! This warning can be ignored when running in bare mode.
2026-10-06 11:13:20.131 Thread 'MainThread': missing ScriptRunContext! This warning can be ignored when running in bare mode.
2026-10-06 11:13:20.141 Thread 'MainThread': missing ScriptRunContext! This warning can be ignored when running in bare mode.
2026-10-06 11:13:20.152 Thread 'MainThread': missing ScriptRunContext! This warning can be ignored when running in bare mode.
2026-10-06 11:13:20.163 Thread 'MainThread': missing ScriptRunContext! This warning can be ignored when running in bare mode.
2026-10-06 11:13:20.173 Thread 'MainThread': missing ScriptRunContext! This warning can be ignored when running in bare mode.
2026-10-06 11:13:20.185 Thread 'MainThread': missing ScriptRunContext! This warning can be ignored when running in bare mode.
2026-10-06 11:13:20.195 Thread 'MainThread': missing ScriptRunContext! This warning can be ignored when running in bare mode.
2026-10-06 11:13:20.205 Thread 'MainThread': missing ScriptRunContext! This warning can be ignored when running in bare mode.
2026-10-06 11:13:20.216 Thread 'MainThread': missing ScriptRunContext! This warning can be ignored when running in bare mode.
2026-10-06 11:13:20.226 Thread 'MainThread': missing ScriptRunContext! This warning can be ignored when running in bare mode.
2026-10-06 11:13:20.236 Thread 'MainThread': missing ScriptRunContext! This warning can be ignored when running in bare mode.
2026-10-06 11:13:20.246 Thread 'MainThread': missing ScriptRunContext! This warning can be ignored when running in bare mode.
2026-10-06 11:13:20.256 Thread 'MainThread': missing ScriptRunContext! This warning can be ignored when running in bare mode.
2026-10-06 11:13:20.266 Thread 'MainThread': missing ScriptRunContext! This warning can be ignored when running in bare mode.
2026-10-06 11:13:20.276 Thread 'MainThread': missing ScriptRunContext! This warning can be ignored when running in bare mode.
2026-10-06 11:13:20.286 Thread 'MainThread': missing ScriptRunContext! This warning can be ignored when running in bare mode.
2026-10-06 11:13:20.297 Thread 'MainThread': missing ScriptRunContext! This warning can be ignored when running in bare mode.
2026-10-06 11:13:20.307 Thread 'MainThread': missing ScriptRunContext! This warning can be ignored when running in bare mode.
2026-10-06 11:13:20.317 Thread 'MainThread': missing ScriptRunContext! This warning can be ignored when running in bare mode.
2026-10-06 11:13:20.330 Thread 'MainThread': missing ScriptRunContext! This warning can be ignored when running in bare mode.
2026-10-06 11:13:20.340 Thread 'MainThread': missing ScriptRunContext! This warning can be ignored when running in bare mode.
2026-10-06 11:13:20.350 Thread 'MainThread': missing ScriptRunContext! This warning can be ignored when running in bare mode.
2026-10-06 11:13:20.363 Thread 'MainThread': missing ScriptRunContext! This warning can be ignored when running in bare mode.
2026-10-06 11:13:20.373 Thread 'MainThread': missing ScriptRunContext! This warning can be ignored when running in bare mode.
2026-10-06 11:13:20.386 Thread 'MainThread': missing ScriptRunContext! This warning can be ignored when running in bare mode.
2026-10-06 11:13:20.397 Thread 'MainThread': missing ScriptRunContext! This warning can be ignored when running in bare mode.
2026-10-06 11:13:20.409 Thread 'MainThread': missing ScriptRunContext! This warning can be ignored when running in bare mode.
2026-10-06 11:13:20.421 Thread 'MainThread': missing ScriptRunContext! This warning can be ignored when running in bare mode.
2026-10-06 11:13:20.432 Thread 'MainThread': missing ScriptRunContext! This warning can be ignored when running in bare mode.
2026-10-06 11:13:20.444 Thread 'MainThread': missing ScriptRunContext! This warning can be ignored when running in bare mode.
2026-10-06 11:13:20.456 Thread 'MainThread': missing ScriptRunContext! This warning can be ignored when running in bare mode.
2026-10-06 11:13:20.468 Thread 'MainThread': missing ScriptRunContext! This warning can be ignored when running in bare mode.
2026-10-06 11:13:20.478 Thread 'MainThread': missing ScriptRunContext! This warning can be ignored when running in bare mode.
2026-10-06 11:13:20.491 Thread 'MainThread': missing ScriptRunContext! This warning can be ignored when running in bare mode.
2026-10-06 11:13:20.502 Thread 'MainThread': missing ScriptRunContext! This warning can be ignored when running in bare mode.
2026-10-06 11:13:20.513 Thread 'MainThread': missing ScriptRunContext! This warning can be ignored when running in bare mode.
2026-10-06 11:13:20.571 Thread 'MainThread': missing ScriptRunContext! This warning can be ignored when running in bare mode.
2026-10-06 11:13:20.574 Thread 'MainThread': missing ScriptRunContext! This warning can be ignored when running in bare mode.
2026-10-06 11:13:20.574 Thread 'MainThread': missing ScriptRunContext! This warning can be ignored when running in bare mode.
2026-10-06 11:13:20.574 Thread 'MainThread': missing ScriptRunContext! This warning can be ignored when running in bare mode.
2026-10-06 11:13:20.574 Thread 'MainThread': missing ScriptRunContext! This warning can be ignored when running in bare mode.
2026-10-06 11:13:20.575 Thread 'MainThread': missing ScriptRunContext! This warning can be ignored when running in bare mode.
2026-10-06 11:13:20.575 Thread 'MainThread': missing ScriptRunContext! This warning can be ignored when running in bare mode.
2026-10-06 11:13:20.575 Thread 'MainThread': missing ScriptRunContext! This warning can be ignored when running in bare mode.
2026-10-06 11:13:20.575 Thread 'MainThread': missing ScriptRunContext! This warning can be ignored when running in bare mode.
2026-10-06 11:13:20.575 Thread 'MainThread': missing ScriptRunContext! This warning can be ignored when running in bare mode.
2026-10-06 11:13:20.575 Thread 'MainThread': missing ScriptRunContext! This warning can be ignored when running in bare mode.
2026-10-06 11:13:20.575 Thread 'MainThread': missing ScriptRunContext! This warning can be ignored when running in bare mode.
2026-10-06 11:13:20.575 Thread 'MainThread': missing ScriptRunContext! This warning can be ignored when running in bare mode.
2026-10-06 11:13:20.575 Thread 'MainThread': missing ScriptRunContext! This warning can be ignored when running in bare mode.
2026-10-06 11:13:20.575 Thread 'MainThread': missing ScriptRunContext! This warning can be ignored when running in bare mode.
2026-10-06 11:13:20.575 Thread 'MainThread': missing ScriptRunContext! This warning can be ignored when running in bare mode.
2026-10-06 11:13:20.575 Thread 'MainThread': missing ScriptRunContext! This warning can be ignored when running in bare mode.
2026-10-06 11:13:20.575 Thread 'MainThread': missing ScriptRunContext! This warning can be ignored when running in bare mode.
2026-10-06 11:13:20.575 Thread 'MainThread': missing ScriptRunContext! This warning can be ignored when running in bare mode.
2026-10-06 11:13:20.575 Thread 'MainThread': missing ScriptRunContext! This warning can be ignored when running in bare mode.
2026-10-06 11:13:20.575 Thread 'MainThread': missing ScriptRunContext! This warning can be ignored when running in bare mode.
2026-10-06 11:13:20.576 Thread 'MainThread': missing ScriptRunContext! This warning can be ignored when running in bare mode.
2026-10-06 11:13:20.576 Thread 'MainThread': missing ScriptRunContext! This warning can be ignored when running in bare mode.
2026-10-06 11:13:20.576 Thread 'MainThread': missing ScriptRunContext! This warning can be ignored when running in bare mode.
2026-10-06 11:13:20.576 Thread 'MainThread': missing ScriptRunContext! This warning can be ignored when running in bare mode.
2026-10-06 11:13:20.576 Thread 'MainThread': missing ScriptRunContext! This warning can be ignored when running in bare mode.
2026-10-06 11:13:20.576 Thread 'MainThread': missing ScriptRunContext! This warning can be ignored when running in bare mode.
2026-10-06 11:13:20.576 Thread 'MainThread': missing ScriptRunContext! This warning can be ignored when running in bare mode.
2026-10-06 11:13:20.576 Thread 'MainThread': missing ScriptRunContext! This warning can be ignored when running in bare mode.
2026-10-06 11:13:20.576 Thread 'MainThread': missing ScriptRunContext! This warning can be ignored when running in bare mode.
2026-10-06 11:13:20.576 Thread 'MainThread': missing ScriptRunContext! This warning can be ignored when running in bare mode.
2026-10-06 11:13:20.576 Thread 'MainThread': missing ScriptRunContext! This warning can be ignored when running in bare mode.
2026-10-06 11:13:20.576 Thread 'MainThread': missing ScriptRunContext! This warning can be ignored when running in bare mode.
2026-10-06 11:13:20.576 Thread 'MainThread': missing ScriptRunContext! This warning can be ignored when running in bare mode.
2026-10-06 11:13:20.576 Thread 'MainThread': missing ScriptRunContext! This warning can be ignored when running in bare mode.
2026-10-06 11:13:20.576 Thread 'MainThread': missing ScriptRunContext! This warning can be ignored when running in bare mode.
2026-10-06 11:13:20.576 Thread 'MainThread': missing ScriptRunContext! This warning can be ignored when running in bare mode.
2026-10-06 11:13:20.576 Thread 'MainThread': missing ScriptRunContext! This warning can be ignored when running in bare mode.
2026-10-06 11:13:20.576 Thread 'MainThread': missing ScriptRunContext! This warning can be ignored when running in bare mode.
2026-10-06 11:13:20.577 Thread 'MainThread': missing ScriptRunContext! This warning can be ignored when running in bare mode.
2026-10-06 11:13:20.577 Thread 'MainThread': missing ScriptRunContext! This warning can be ignored when running in bare mode.
2026-10-06 11:13:20.577 Thread 'MainThread': missing ScriptRunContext! This warning can be ignored when running in bare mode.
2026-10-06 11:13:20.577 Thread 'MainThread': missing ScriptRunContext! This warning can be ignored when running in bare mode.
2026-10-06 11:13:20.577 Thread 'MainThread': missing ScriptRunContext! This warning can be ignored when running in bare mode.
2026-10-06 11:13:20.577 Thread 'MainThread': missing ScriptRunContext! This warning can be ignored when running in bare mode.
2026-10-06 11:13:20.577 Thread 'MainThread': missing ScriptRunContext! This warning can be ignored when running in bare mode.
2026-10-06 11:13:20.637 Thread 'MainThread': missing ScriptRunContext! This warning can be ignored when running in bare mode.
2026-10-06 11:13:20.640 Thread 'MainThread': missing ScriptRunContext! This warning can be ignored when running in bare mode.
2026-10-06 11:13:20.640 Thread 'MainThread': missing ScriptRunContext! This warning can be ignored when running in bare mode.
2026-10-06 11:13:20.640 Thread 'MainThread': missing ScriptRunContext! This warning can be ignored when running in bare mode.
2026-10-06 11:13:20.640 Thread 'MainThread': missing ScriptRunContext! This warning can be ignored when running in bare mode.
2026-10-06 11:13:20.640 Thread 'MainThread': missing ScriptRunContext! This warning can be ignored when running in bare mode.
2026-10-06 11:13:20.640 Thread 'MainThread': missing ScriptRunContext! This warning can be ignored when running in bare mode.
2026-10-06 11:13:20.640 Thread 'MainThread': missing ScriptRunContext! This warning can be ignored when running in bare mode.
2026-10-06 11:13:20.640 Thread 'MainThread': missing ScriptRunContext! This warning can be ignored when running in bare mode.
2026-10-06 11:13:20.640 Thread 'MainThread': missing ScriptRunContext! This warning can be ignored when running in bare mode.
2026-10-06 11:13:20.640 Thread 'MainThread': missing ScriptRunContext! This warning can be ignored when running in bare mode.
2026-10-06 11:13:20.640 Thread 'MainThread': missing ScriptRunContext! This warning can be ignored when running in bare mode.
2026-10-06 11:13:20.640 Thread 'MainThread': missing ScriptRunContext! This warning can be ignored when running in bare mode.
2026-10-06 11:13:20.641 Thread 'MainThread': missing ScriptRunContext! This warning can be ignored when running in bare mode.
2026-10-06 11:13:20.641 Thread 'MainThread': missing ScriptRunContext! This warning can be ignored when running in bare mode.
2026-10-06 11:13:20.641 Thread 'MainThread': missing ScriptRunContext! This warning can be ignored when running in bare mode.
2026-10-06 11:13:20.641 Thread 'MainThread': missing ScriptRunContext! This warning can be ignored when running in bare mode.
2026-10-06 11:13:20.641 Thread 'MainThread': missing ScriptRunContext! This warning can be ignored when running in bare mode.
2026-10-06 11:13:20.641 Thread 'MainThread': missing ScriptRunContext! This warning can be ignored when running in bare mode.
2026-10-06 11:13:20.641 Thread 'MainThread': missing ScriptRunContext! This warning can be ignored when running in bare mode.
2026-10-06 11:13:20.641 Thread 'MainThread': missing ScriptRunContext! This warning can be ignored when running in bare mode.
2026-10-06 11:13:20.641 Thread 'MainThread': missing ScriptRunContext! This warning can be ignored when running in bare mode.
2026-10-06 11:13:20.641 Thread 'MainThread': missing ScriptRunContext! This warning can be ignored when running in bare mode.
2026-10-06 11:13:20.641 Thread 'MainThread': missing ScriptRunContext! This warning can be ignored when running in bare mode.
2026-10-06 11:13:20.641 Thread 'MainThread': missing ScriptRunContext! This warning can be ignored when running in bare mode.
2026-10-06 11:13:20.641 Thread 'MainThread': missing ScriptRunContext! This warning can be ignored when running in bare mode.
2026-10-06 11:13:20.641 Thread 'MainThread': missing ScriptRunContext! This warning can be ignored when running in bare mode.
2026-10-06 11:13:20.641 Thread 'MainThread': missing ScriptRunContext! This warning can be ignored when running in bare mode.
2026-10-06 11:13:20.641 Thread 'MainThread': missing ScriptRunContext! This warning can be ignored when running in bare mode.
2026-10-06 11:13:20.641 Thread 'MainThread': missing ScriptRunContext! This warning can be ignored when running in bare mode.
2026-10-06 11:13:20.641 Thread 'MainThread': missing ScriptRunContext! This warning can be ignored when running in bare mode.
2026-10-06 11:13:20.642 Thread 'MainThread': missing ScriptRunContext! This warning can be ignored when running in bare mode.
2026-10-06 11:13:20.642 Thread 'MainThread': missing ScriptRunContext! This warning can be ignored when running in bare mode.
2026-10-06 11:13:20.642 Thread 'MainThread': missing ScriptRunContext! This warning can be ignored when running in bare mode.
2026-10-06 11:13:20.642 Thread 'MainThread': missing ScriptRunContext! This warning can be ignored when running in bare mode.
2026-10-06 11:13:20.642 Thread 'MainThread': missing ScriptRunContext! This warning can be ignored when running in bare mode.
2026-10-06 11:13:20.642 Thread 'MainThread': missing ScriptRunContext! This warning can be ignored when running in bare mode.
2026-10-06 11:13:20.642 Thread 'MainThread': missing ScriptRunContext! This warning can be ignored when running in bare mode.
2026-10-06 11:13:20.642 Thread 'MainThread': missing ScriptRunContext! This warning can be ignored when running in bare mode.
2026-10-06 11:13:20.642 Thread 'MainThread': missing ScriptRunContext! This warning can be ignored when running in bare mode.
2026-10-06 11:13:20.642 Thread 'MainThread': missing ScriptRunContext! This warning can be ignored when running in bare mode.
2026-10-06 11:13:20.642 Thread 'MainThread': missing ScriptRunContext! This warning can be ignored when running in bare mode.
2026-10-06 11:13:20.642 Thread 'MainThread': missing ScriptRunContext! This warning can be ignored when running in bare mode.
2026-10-06 11:13:20.642 Thread 'MainThread': missing ScriptRunContext! This warning can be ignored when running in bare mode.
2026-10-06 11:13:20.642 Thread 'MainThread': missing ScriptRunContext! This warning can be ignored when running in bare mode.
2026-10-06 11:13:20.642 Thread 'MainThread': missing ScriptRunContext! This warning can be ignored when running in bare mode.
2026-10-06 11:13:20.700 Thread 'MainThread': missing ScriptRunContext! This warning can be ignored when running in bare mode.
2026-10-06 11:13:20.703 Thread 'MainThread': missing ScriptRunContext! This warning can be ignored when running in bare mode.
2026-10-06 11:13:20.703 Thread 'MainThread': missing ScriptRunContext! This warning can be ignored when running in bare mode.
2026-10-06 11:13:20.703 Thread 'MainThread': missing ScriptRunContext! This warning can be ignored when running in bare mode.
2026-10-06 11:13:20.703 Thread 'MainThread': missing ScriptRunContext! This warning can be ignored when running in bare mode.
2026-10-06 11:13:20.703 Thread 'MainThread': missing ScriptRunContext! This warning can be ignored when running in bare mode.
2026-10-06 11:13:20.703 Thread 'MainThread': missing ScriptRunContext! This warning can be ignored when running in bare mode.
2026-10-06 11:13:20.703 Thread 'MainThread': missing ScriptRunContext! This warning can be ignored when running in bare mode.
2026-10-06 11:13:20.703 Thread 'MainThread': missing ScriptRunContext! This warning can be ignored when running in bare mode.
2026-10-06 11:13:20.703 Thread 'MainThread': missing ScriptRunContext! This warning can be ignored when running in bare mode.
2026-10-06 11:13:20.703 Thread 'MainThread': missing ScriptRunContext! This warning can be ignored when running in bare mode.
2026-10-06 11:13:20.703 Thread 'MainThread': missing ScriptRunContext! This warning can be ignored when running in bare mode.
2026-10-06 11:13:20.703 Thread 'MainThread': missing ScriptRunContext! This warning can be ignored when running in bare mode.
2026-10-06 11:13:20.703 Thread 'MainThread': missing ScriptRunContext! This warning can be ignored when running in bare mode.
2026-10-06 11:13:20.703 Thread 'MainThread': missing ScriptRunContext! This warning can be ignored when running in bare mode.
2026-10-06 11:13:20.703 Thread 'MainThread': missing ScriptRunContext! This warning can be ignored when running in bare mode.
2026-10-06 11:13:20.704 Thread 'MainThread': missing ScriptRunContext! This warning can be ignored when running in bare mode.
2026-10-06 11:13:20.704 Thread 'MainThread': missing ScriptRunContext! This warning can be ignored when running in bare mode.
2026-10-06 11:13:20.704 Thread 'MainThread': missing ScriptRunContext! This warning can be ignored when running in bare mode.
2026-10-06 11:13:20.704 Thread 'MainThread': missing ScriptRunContext! This warning can be ignored when running in bare mode.
2026-10-06 11:13:20.704 Thread 'MainThread': missing ScriptRunContext! This warning can be ignored when running in bare mode.
2026-10-06 11:13:20.704 Thread 'MainThread': missing ScriptRunContext! This warning can be ignored when running in bare mode.
2026-10-06 11:13:20.704 Thread 'MainThread': missing ScriptRunContext! This warning can be ignored when running in bare mode.
2026-10-06 11:13:20.704 Thread 'MainThread': missing ScriptRunContext! This warning can be ignored when running in bare mode.
2026-10-06 11:13:20.704 Thread 'MainThread': missing ScriptRunContext! This warning can be ignored when running in bare mode.
2026-10-06 11:13:20.704 Thread 'MainThread': missing ScriptRunContext! This warning can be ignored when running in bare mode.
2026-10-06 11:13:20.704 Thread 'MainThread': missing ScriptRunContext! This warning can be ignored when running in bare mode.
2026-10-06 11:13:20.704 Thread 'MainThread': missing ScriptRunContext! This warning can be ignored when running in bare mode.
2026-10-06 11:13:20.704 Thread 'MainThread': missing ScriptRunContext! This warning can be ignored when running in bare mode.
2026-10-06 11:13:20.704 Thread 'MainThread': missing ScriptRunContext! This warning can be ignored when running in bare mode.
2026-10-06 11:13:20.704 Thread 'MainThread': missing ScriptRunContext! This warning can be ignored when running in bare mode.
2026-10-06 11:13:20.704 Thread 'MainThread': missing ScriptRunContext! This warning can be ignored when running in bare mode.
2026-10-06 11:13:20.704 Thread 'MainThread': missing ScriptRunContext! This warning can be ignored when running in bare mode.
2026-10-06 11:13:20.704 Thread 'MainThread': missing ScriptRunContext! This warning can be ignored when running in bare mode.
2026-10-06 11:13:20.704 Thread 'MainThread': missing ScriptRunContext! This warning can be ignored when running in bare mode.
2026-10-06 11:13:20.704 Thread 'MainThread': missing ScriptRunContext! This warning can be ignored when running in bare mode.
2026-10-06 11:13:20.705 Thread 'MainThread': missing ScriptRunContext! This warning can be ignored when running in bare mode.
2026-10-06 11:13:20.705 Thread 'MainThread': missing ScriptRunContext! This warning can be ignored when running in bare mode.
2026-10-06 11:13:20.705 Thread 'MainThread': missing ScriptRunContext! This warning can be ignored when running in bare mode.
2026-10-06 11:13:20.705 Thread 'MainThread': missing ScriptRunContext! This warning can be ignored when running in bare mode.
2026-10-06 11:13:20.705 Thread 'MainThread': missing ScriptRunContext! This warning can be ignored when running in bare mode.
2026-10-06 11:13:20.705 Thread 'MainThread': missing ScriptRunContext! This warning can be ignored when running in bare mode.
2026-10-06 11:13:20.705 Thread 'MainThread': missing ScriptRunContext! This warning can be ignored when running in bare mode.
2026-10-06 11:13:20.705 Thread 'MainThread': missing ScriptRunContext! This warning can be ignored when running in bare mode.
2026-10-06 11:13:20.705 Thread 'MainThread': missing ScriptRunContext! This warning can be ignored when running in bare mode.
2026-10-06 11:13:20.705 Thread 'MainThread': missing ScriptRunContext! This warning can be ignored when running in bare mode.
2026-10-06 11:13:20.765 Thread 'MainThread': missing ScriptRunContext! This warning can be ignored when running in bare mode.
2026-10-06 11:13:20.768 Thread 'MainThread': missing ScriptRunContext! This warning can be ignored when running in bare mode.
2026-10-06 11:13:20.768 Thread 'MainThread': missing ScriptRunContext! This warning can be ignored when running in bare mode.
2026-10-06 11:13:20.768 Thread 'MainThread': missing ScriptRunContext! This warning can be ignored when running in bare mode.
2026-10-06 11:13:20.768 Thread 'MainThread': missing ScriptRunContext! This warning can be ignored when running in bare mode.
2026-10-06 11:13:20.768 Thread 'MainThread': missing ScriptRunContext! This warning can be ignored when running in bare mode.
2026-10-06 11:13:20.768 Thread 'MainThread': missing ScriptRunContext! This warning can be ignored when running in bare mode.
2026-10-06 11:13:20.768 Thread 'MainThread': missing ScriptRunContext! This warning can be ignored when running in bare mode.
2026-10-06 11:13:20.768 Thread 'MainThread': missing ScriptRunContext! This warning can be ignored when running in bare mode.
2026-10-06 11:13:20.768 Thread 'MainThread': missing ScriptRunContext! This warning can be ignored when running in bare mode.
2026-10-06 11:13:20.769 Thread 'MainThread': missing ScriptRunContext! This warning can be ignored when running in bare mode.
2026-10-06 11:13:20.769 Thread 'MainThread': missing ScriptRunContext! This warning can be ignored when running in bare mode.
2026-10-06 11:13:20.769 Thread 'MainThread': missing ScriptRunContext! This warning can be ignored when running in bare mode.
2026-10-06 11:13:20.769 Thread 'MainThread': missing ScriptRunContext! This warning can be ignored when running in bare mode.
2026-10-06 11:13:20.769 Thread 'MainThread': missing ScriptRunContext! This warning can be ignored when running in bare mode.
2026-10-06 11:13:20.769 Thread 'MainThread': missing ScriptRunContext! This warning can be ignored when running in bare mode.
2026-10-06 11:13:20.769 Thread 'MainThread': missing ScriptRunContext! This warning can be ignored when running in bare mode.
2026-10-06 11:13:20.769 Thread 'MainThread': missing ScriptRunContext! This warning can be ignored when running in bare mode.
2026-10-06 11:13:20.769 Thread 'MainThread': missing ScriptRunContext! This warning can be ignored when running in bare mode.
2026-10-06 11:13:20.769 Thread 'MainThread': missing ScriptRunContext! This warning can be ignored when running in bare mode.
2026-10-06 11:13:20.769 Thread 'MainThread': missing ScriptRunContext! This warning can be ignored when running in bare mode.
2026-10-06 11:13:20.769 Thread 'MainThread': missing ScriptRunContext! This warning can be ignored when running in bare mode.
2026-10-06 11:13:20.769 Thread 'MainThread': missing ScriptRunContext! This warning can be ignored when running in bare mode.
2026-10-06 11:13:20.769 Thread 'MainThread': missing ScriptRunContext! This warning can be ignored when running in bare mode.
2026-10-06 11:13:20.769 Thread 'MainThread': missing ScriptRunContext! This warning can be ignored when running in bare mode.
2026-10-06 11:13:20.769 Thread 'MainThread': missing ScriptRunContext! This warning can be ignored when running in bare mode.
2026-10-06 11:13:20.769 Thread 'MainThread': missing ScriptRunContext! This warning can be ignored when running in bare mode.
2026-10-06 11:13:20.769 Thread 'MainThread': missing ScriptRunContext! This warning can be ignored when running in bare mode.
2026-10-06 11:13:20.769 Thread 'MainThread': missing ScriptRunContext! This warning can be ignored when running in bare mode.
2026-10-06 11:13:20.769 Thread 'MainThread': missing ScriptRunContext! This warning can be ignored when running in bare mode.
2026-10-06 11:13:20.770 Thread 'MainThread': missing ScriptRunContext! This warning can be ignored when running in bare mode.
2026-10-06 11:13:20.770 Thread 'MainThread': missing ScriptRunContext! This warning can be ignored when running in bare mode.
2026-10-06 11:13:20.770 Thread 'MainThread': missing ScriptRunContext! This warning can be ignored when running in bare mode.
2026-10-06 11:13:20.770 Thread 'MainThread': missing ScriptRunContext! This warning can be ignored when running in bare mode.
2026-10-06 11:13:20.770 Thread 'MainThread': missing ScriptRunContext! This warning can be ignored when running in bare mode.
2026-10-06 11:13:20.770 Thread 'MainThread': missing ScriptRunContext! This warning can be ignored when running in bare mode.
2026-10-06 11:13:20.770 Thread 'MainThread': missing ScriptRunContext! This warning can be ignored when running in bare mode.
2026-10-06 11:13:20.770 Thread 'MainThread': missing ScriptRunContext! This warning can be ignored when running in bare mode.
2026-10-06 11:13:20.770 Thread 'MainThread': missing ScriptRunContext! This warning can be ignored when running in bare mode.
2026-10-06 11:13:20.770 Thread 'MainThread': missing ScriptRunContext! This warning can be ignored when running in bare mode.
2026-10-06 11:13:20.770 Thread 'MainThread': missing ScriptRunContext! This warning can be ignored when running in bare mode.
2026-10-06 11:13:20.770 Thread 'MainThread': missing ScriptRunContext! This warning can be ignored when running in bare mode.
2026-10-06 11:13:20.770 Thread 'MainThread': missing ScriptRunContext! This warning can be ignored when running in bare mode.
2026-10-06 11:13:20.770 Thread 'MainThread': missing ScriptRunContext! This warning can be ignored when running in bare mode.
2026-10-06 11:13:20.770 Thread 'MainThread': missing ScriptRunContext! This warning can be ignored when running in bare mode.
2026-10-06 11:13:20.770 Thread 'MainThread': missing ScriptRunContext! This warning can be ignored when running in bare mode.
2026-10-06 11:13:20.829 Thread 'MainThread': missing ScriptRunContext! This warning can be ignored when running in bare mode.
2026-10-06 11:13:20.832 Thread 'MainThread': missing ScriptRunContext! This warning can be ignored when running in bare mode.
2026-10-06 11:13:20.832 Thread 'MainThread': missing ScriptRunContext! This warning can be ignored when running in bare mode.
2026-10-06 11:13:20.832 Thread 'MainThread': missing ScriptRunContext! This warning can be ignored when running in bare mode.
2026-10-06 11:13:20.832 Thread 'MainThread': missing ScriptRunContext! This warning can be ignored when running in bare mode.
2026-10-06 11:13:20.832 Thread 'MainThread': missing ScriptRunContext! This warning can be ignored when running in bare mode.
2026-10-06 11:13:20.832 Thread 'MainThread': missing ScriptRunContext! This warning can be ignored when running in bare mode.
2026-10-06 11:13:20.832 Thread 'MainThread': missing ScriptRunContext! This warning can be ignored when running in bare mode.
2026-10-06 11:13:20.832 Thread 'MainThread': missing ScriptRunContext! This warning can be ignored when running in bare mode.
2026-10-06 11:13:20.832 Thread 'MainThread': missing ScriptRunContext! This warning can be ignored when running in bare mode.
2026-10-06 11:13:20.832 Thread 'MainThread': missing ScriptRunContext! This warning can be ignored when running in bare mode.
2026-10-06 11:13:20.832 Thread 'MainThread': missing ScriptRunContext! This warning can be ignored when running in bare mode.
2026-10-06 11:13:20.832 Thread 'MainThread': missing ScriptRunContext! This warning can be ignored when running in bare mode.
2026-10-06 11:13:20.832 Thread 'MainThread': missing ScriptRunContext! This warning can be ignored when running in bare mode.
2026-10-06 11:13:20.832 Thread 'MainThread': missing ScriptRunContext! This warning can be ignored when running in bare mode.
2026-10-06 11:13:20.832 Thread 'MainThread': missing ScriptRunContext! This warning can be ignored when running in bare mode.
2026-10-06 11:13:20.832 Thread 'MainThread': missing ScriptRunContext! This warning can be ignored when running in bare mode.
2026-10-06 11:13:20.832 Thread 'MainThread': missing ScriptRunContext! This warning can be ignored when running in bare mode.
2026-10-06 11:13:20.832 Thread 'MainThread': missing ScriptRunContext! This warning can be ignored when running in bare mode.
2026-10-06 11:13:20.833 Thread 'MainThread': missing ScriptRunContext! This warning can be ignored when running in bare mode.
2026-10-06 11:13:20.833 Thread 'MainThread': missing ScriptRunContext! This warning can be ignored when running in bare mode.
2026-10-06 11:13:20.833 Thread 'MainThread': missing ScriptRunContext! This warning can be ignored when running in bare mode.
2026-10-06 11:13:20.833 Thread 'MainThread': missing ScriptRunContext! This warning can be ignored when running in bare mode.
2026-10-06 11:13:20.833 Thread 'MainThread': missing ScriptRunContext! This warning can be ignored when running in bare mode.
2026-10-06 11:13:20.833 Thread 'MainThread': missing ScriptRunContext! This warning can be ignored when running in bare mode.
2026-10-06 11:13:20.833 Thread 'MainThread': missing ScriptRunContext! This warning can be ignored when running in bare mode.
2026-10-06 11:13:20.833 Thread 'MainThread': missing ScriptRunContext! This warning can be ignored when running in bare mode.
2026-10-06 11:13:20.833 Thread 'MainThread': missing ScriptRunContext! This warning can be ignored when running in bare mode.
2026-10-06 11:13:20.833 Thread 'MainThread': missing ScriptRunContext! This warning can be ignored when running in bare mode.
2026-10-06 11:13:20.833 Thread 'MainThread': missing ScriptRunContext! This warning can be ignored when running in bare mode.
2026-10-06 11:13:20.833 Thread 'MainThread': missing ScriptRunContext! This warning can be ignored when running in bare mode.
2026-10-06 11:13:20.833 Thread 'MainThread': missing ScriptRunContext! This warning can be ignored when running in bare mode.
2026-10-06 11:13:20.833 Thread 'MainThread': missing ScriptRunContext! This warning can be ignored when running in bare mode.
2026-10-06 11:13:20.833 Thread 'MainThread': missing ScriptRunContext! This warning can be ignored when running in bare mode.
2026-10-06 11:13:20.833 Thread 'MainThread': missing ScriptRunContext! This warning can be ignored when running in bare mode.
2026-10-06 11:13:20.833 Thread 'MainThread': missing ScriptRunContext! This warning can be ignored when running in bare mode.
2026-10-06 11:13:20.833 Thread 'MainThread': missing ScriptRunContext! This warning can be ignored when running in bare mode.
2026-10-06 11:13:20.833 Thread 'MainThread': missing ScriptRunContext! This warning can be ignored when running in bare mode.
2026-10-06 11:13:20.833 Thread 'MainThread': missing ScriptRunContext! This warning can be ignored when running in bare mode.
2026-10-06 11:13:20.834 Thread 'MainThread': missing ScriptRunContext! This warning can be ignored when running in bare mode.
2026-10-06 11:13:20.834 Thread 'MainThread': missing ScriptRunContext! This warning can be ignored when running in bare mode.
2026-10-06 11:13:20.834 Thread 'MainThread': missing ScriptRunContext! This warning can be ignored when running in bare mode.
2026-10-06 11:13:20.834 Thread 'MainThread': missing ScriptRunContext! This warning can be ignored when running in bare mode.
2026-10-06 11:13:20.834 Thread 'MainThread': missing ScriptRunContext! This warning can be ignored when running in bare mode.
2026-10-06 11:13:20.834 Thread 'MainThread': missing ScriptRunContext! This warning can be ignored when running in bare mode.
2026-10-06 11:13:20.834 Thread 'MainThread': missing ScriptRunContext! This warning can be ignored when running in bare mode.
2026-10-06 11:13:20.898 Thread 'MainThread': missing ScriptRunContext! This warning can be ignored when running in bare mode.
2026-10-06 11:13:20.901 Thread 'MainThread': missing ScriptRunContext! This warning can be ignored when running in bare mode.
2026-10-06 11:13:20.901 Thread 'MainThread': missing ScriptRunContext! This warning can be ignored when running in bare mode.
2026-10-06 11:13:20.901 Thread 'MainThread': missing ScriptRunContext! This warning can be ignored when running in bare mode.
2026-10-06 11:13:20.901 Thread 'MainThread': missing ScriptRunContext! This warning can be ignored when running in bare mode.
2026-10-06 11:13:20.901 Thread 'MainThread': missing ScriptRunContext! This warning can be ignored when running in bare mode.
2026-10-06 11:13:20.901 Thread 'MainThread': missing ScriptRunContext! This warning can be ignored when running in bare mode.
2026-10-06 11:13:20.901 Thread 'MainThread': missing ScriptRunContext! This warning can be ignored when running in bare mode.
2026-10-06 11:13:20.901 Thread 'MainThread': missing ScriptRunContext! This warning can be ignored when running in bare mode.
2026-10-06 11:13:20.902 Thread 'MainThread': missing ScriptRunContext! This warning can be ignored when running in bare mode.
2026-10-06 11:13:20.902 Thread 'MainThread': missing ScriptRunContext! This warning can be ignored when running in bare mode.
2026-10-06 11:13:20.902 Thread 'MainThread': missing ScriptRunContext! This warning can be ignored when running in bare mode.
2026-10-06 11:13:20.902 Thread 'MainThread': missing ScriptRunContext! This warning can be ignored when running in bare mode.
2026-10-06 11:13:20.902 Thread 'MainThread': missing ScriptRunContext! This warning can be ignored when running in bare mode.
2026-10-06 11:13:20.902 Thread 'MainThread': missing ScriptRunContext! This warning can be ignored when running in bare mode.
2026-10-06 11:13:20.902 Thread 'MainThread': missing ScriptRunContext! This warning can be ignored when running in bare mode.
2026-10-06 11:13:20.902 Thread 'MainThread': missing ScriptRunContext! This warning can be ignored when running in bare mode.
2026-10-06 11:13:20.902 Thread 'MainThread': missing ScriptRunContext! This warning can be ignored when running in bare mode.
2026-10-06 11:13:20.902 Thread 'MainThread': missing ScriptRunContext! This warning can be ignored when running in bare mode.
2026-10-06 11:13:20.902 Thread 'MainThread': missing ScriptRunContext! This warning can be ignored when running in bare mode.
2026-10-06 11:13:20.902 Thread 'MainThread': missing ScriptRunContext! This warning can be ignored when running in bare mode.
2026-10-06 11:13:20.902 Thread 'MainThread': missing ScriptRunContext! This warning can be ignored when running in bare mode.
2026-10-06 11:13:20.902 Thread 'MainThread': missing ScriptRunContext! This warning can be ignored when running in bare mode.
2026-10-06 11:13:20.902 Thread 'MainThread': missing ScriptRunContext! This warning can be ignored when running in bare mode.
2026-10-06 11:13:20.902 Thread 'MainThread': missing ScriptRunContext! This warning can be ignored when running in bare mode.
2026-10-06 11:13:20.903 Thread 'MainThread': missing ScriptRunContext! This warning can be ignored when running in bare mode.
2026-10-06 11:13:20.903 Thread 'MainThread': missing ScriptRunContext! This warning can be ignored when running in bare mode.
2026-10-06 11:13:20.903 Thread 'MainThread': missing ScriptRunContext! This warning can be ignored when running in bare mode.
2026-10-06 11:13:20.903 Thread 'MainThread': missing ScriptRunContext! This warning can be ignored when running in bare mode.
2026-10-06 11:13:20.903 Thread 'MainThread': missing ScriptRunContext! This warning can be ignored when running in bare mode.
2026-10-06 11:13:20.903 Thread 'MainThread': missing ScriptRunContext! This warning can be ignored when running in bare mode.
2026-10-06 11:13:20.903 Thread 'MainThread': missing ScriptRunContext! This warning can be ignored when running in bare mode.
2026-10-06 11:13:20.903 Thread 'MainThread': missing ScriptRunContext! This warning can be ignored when running in bare mode.
2026-10-06 11:13:20.903 Thread 'MainThread': missing ScriptRunContext! This warning can be ignored when running in bare mode.
2026-10-06 11:13:20.903 Thread 'MainThread': missing ScriptRunContext! This warning can be ignored when running in bare mode.
2026-10-06 11:13:20.903 Thread 'MainThread': missing ScriptRunContext! This warning can be ignored when running in bare mode.
2026-10-06 11:13:20.903 Thread 'MainThread': missing ScriptRunContext! This warning can be ignored when running in bare mode.
2026-10-06 11:13:20.903 Thread 'MainThread': missing ScriptRunContext! This warning can be ignored when running in bare mode.
2026-10-06 11:13:20.903 Thread 'MainThread': missing ScriptRunContext! This warning can be ignored when running in bare mode.
2026-10-06 11:13:20.903 Thread 'MainThread': missing ScriptRunContext! This warning can be ignored when running in bare mode.
2026-10-06 11:13:20.903 Thread 'MainThread': missing ScriptRunContext! This warning can be ignored when running in bare mode.
2026-10-06 11:13:20.903 Thread 'MainThread': missing ScriptRunContext! This warning can be ignored when running in bare mode.
2026-10-06 11:13:20.903 Thread 'MainThread': missing ScriptRunContext! This warning can be ignored when running in bare mode.
2026-10-06 11:13:20.903 Thread 'MainThread': missing ScriptRunContext! This warning can be ignored when running in bare mode.
2026-10-06 11:13:20.904 Thread 'MainThread': missing ScriptRunContext! This warning can be ignored when running in bare mode.
2026-10-06 11:13:20.904 Thread 'MainThread': missing ScriptRunContext! This warning can be ignored when running in bare mode.
2026-10-06 11:13:20.967 Thread 'MainThread': missing ScriptRunContext! This warning can be ignored when running in bare mode.
2026-10-06 11:13:20.970 Thread 'MainThread': missing ScriptRunContext! This warning can be ignored when running in bare mode.
2026-10-06 11:13:20.970 Thread 'MainThread': missing ScriptRunContext! This warning can be ignored when running in bare mode.
2026-10-06 11:13:20.970 Thread 'MainThread': missing ScriptRunContext! This warning can be ignored when running in bare mode.
2026-10-06 11:13:20.971 Thread 'MainThread': missing ScriptRunContext! This warning can be ignored when running in bare mode.
2026-10-06 11:13:20.971 Thread 'MainThread': missing ScriptRunContext! This warning can be ignored when running in bare mode.
2026-10-06 11:13:20.971 Thread 'MainThread': missing ScriptRunContext! This warning can be ignored when running in bare mode.
2026-10-06 11:13:20.971 Thread 'MainThread': missing ScriptRunContext! This warning can be ignored when running in bare mode.
2026-10-06 11:13:20.971 Thread 'MainThread': missing ScriptRunContext! This warning can be ignored when running in bare mode.
2026-10-06 11:13:20.971 Thread 'MainThread': missing ScriptRunContext! This warning can be ignored when running in bare mode.
2026-10-06 11:13:20.971 Thread 'MainThread': missing ScriptRunContext! This warning can be ignored when running in bare mode.
2026-10-06 11:13:20.971 Thread 'MainThread': missing ScriptRunContext! This warning can be ignored when running in bare mode.
2026-10-06 11:13:20.971 Thread 'MainThread': missing ScriptRunContext! This warning can be ignored when running in bare mode.
2026-10-06 11:13:20.971 Thread 'MainThread': missing ScriptRunContext! This warning can be ignored when running in bare mode.
2026-10-06 11:13:20.971 Thread 'MainThread': missing ScriptRunContext! This warning can be ignored when running in bare mode.
2026-10-06 11:13:20.971 Thread 'MainThread': missing ScriptRunContext! This warning can be ignored when running in bare mode.
2026-10-06 11:13:20.971 Thread 'MainThread': missing ScriptRunContext! This warning can be ignored when running in bare mode.
2026-10-06 11:13:20.971 Thread 'MainThread': missing ScriptRunContext! This warning can be ignored when running in bare mode.
2026-10-06 11:13:20.971 Thread 'MainThread': missing ScriptRunContext! This warning can be ignored when running in bare mode.
2026-10-06 11:13:20.971 Thread 'MainThread': missing ScriptRunContext! This warning can be ignored when running in bare mode.
2026-10-06 11:13:20.972 Thread 'MainThread': missing ScriptRunContext! This warning can be ignored when running in bare mode.
2026-10-06 11:13:20.972 Thread 'MainThread': missing ScriptRunContext! This warning can be ignored when running in bare mode.
2026-10-06 11:13:20.972 Thread 'MainThread': missing ScriptRunContext! This warning can be ignored when running in bare mode.
2026-10-06 11:13:20.972 Thread 'MainThread': missing ScriptRunContext! This warning can be ignored when running in bare mode.
2026-10-06 11:13:20.972 Thread 'MainThread': missing ScriptRunContext! This warning can be ignored when running in bare mode.
2026-10-06 11:13:20.972 Thread 'MainThread': missing ScriptRunContext! This warning can be ignored when running in bare mode.
2026-10-06 11:13:20.972 Thread 'MainThread': missing ScriptRunContext! This warning can be ignored when running in bare mode.
2026-10-06 11:13:20.972 Thread 'MainThread': missing ScriptRunContext! This warning can be ignored when running in bare mode.
2026-10-06 11:13:20.972 Thread 'MainThread': missing ScriptRunContext! This warning can be ignored when running in bare mode.
2026-10-06 11:13:20.972 Thread 'MainThread': missing ScriptRunContext! This warning can be ignored when running in bare mode.
2026-10-06 11:13:20.972 Thread 'MainThread': missing ScriptRunContext! This warning can be ignored when running in bare mode.
2026-10-06 11:13:20.972 Thread 'MainThread': missing ScriptRunContext! This warning can be ignored when running in bare mode.
2026-10-06 11:13:20.973 Thread 'MainThread': missing ScriptRunContext! This warning can be ignored when running in bare mode.
2026-10-06 11:13:20.973 Thread 'MainThread': missing ScriptRunContext! This warning can be ignored when running in bare mode.
2026-10-06 11:13:20.973 Thread 'MainThread': missing ScriptRunContext! This warning can be ignored when running in bare mode.
2026-10-06 11:13:20.973 Thread 'MainThread': missing ScriptRunContext! This warning can be ignored when running in bare mode.
2026-10-06 11:13:20.973 Thread 'MainThread': missing ScriptRunContext! This warning can be ignored when running in bare mode.
2026-10-06 11:13:20.973 Thread 'MainThread': missing ScriptRunContext! This warning can be ignored when running in bare mode.
2026-10-06 11:13:20.973 Thread 'MainThread': missing ScriptRunContext! This warning can be ignored when running in bare mode.
2026-10-06 11:13:20.973 Thread 'MainThread': missing ScriptRunContext! This warning can be ignored when running in bare mode.
2026-10-06 11:13:20.973 Thread 'MainThread': missing ScriptRunContext! This warning can be ignored when running in bare mode.
2026-10-06 11:13:20.973 Thread 'MainThread': missing ScriptRunContext! This warning can be ignored when running in bare mode.
2026-10-06 11:13:20.973 Thread 'MainThread': missing ScriptRunContext! This warning can be ignored when running in bare mode.
2026-10-06 11:13:20.973 Thread 'MainThread': missing ScriptRunContext! This warning can be ignored when running in bare mode.
2026-10-06 11:13:20.973 Thread 'MainThread': missing ScriptRunContext! This warning can be ignored when running in bare mode.
2026-10-06 11:13:20.973 Thread 'MainThread': missing ScriptRunContext! This warning can be ignored when running in bare mode.
.......2026-10-06 11:13:23.701 Thread 'MainThread': missing ScriptRunContext! This warning can be ignored when running in bare mode.
2026-10-06 11:13:23.701 Thread 'MainThread': missing ScriptRunContext! This warning can be ignored when running in bare mode.
2026-10-06 11:13:23.701 Thread 'MainThread': missing ScriptRunContext! This warning can be ignored when running in bare mode.
2026-10-06 11:13:23.701 Thread 'MainThread': missing ScriptRunContext! This warning can be ignored when running in bare mode.
2026-10-06 11:13:23.701 Thread 'MainThread': missing ScriptRunContext! This warning can be ignored when running in bare mode.
2026-10-06 11:13:23.701 Thread 'MainThread': missing ScriptRunContext! This warning can be ignored when running in bare mode.
2026-10-06 11:13:23.701 Thread 'MainThread': missing ScriptRunContext! This warning can be ignored when running in bare mode.
2026-10-06 11:13:25.031 Please replace `use_container_width` with `width`.

`use_container_width` will be removed after 2025-12-31.

For `use_container_width=True`, use `width='stretch'`. For `use_container_width=False`, use `width='content'`.
2026-10-06 11:13:25.473 Please replace `use_container_width` with `width`.

`use_container_width` will be removed after 2025-12-31.

For `use_container_width=True`, use `width='stretch'`. For `use_container_width=False`, use `width='content'`.
.2026-10-06 11:13:25.506 Thread 'MainThread': missing ScriptRunContext! This warning can be ignored when running in bare mode.
2026-10-06 11:13:25.507 Thread 'MainThread': missing ScriptRunContext! This warning can be ignored when running in bare mode.
2026-10-06 11:13:25.507 Thread 'MainThread': missing ScriptRunContext! This warning can be ignored when running in bare mode.
2026-10-06 11:13:25.507 Thread 'MainThread': missing ScriptRunContext! This warning can be ignored when running in bare mode.
2026-10-06 11:13:25.507 Thread 'MainThread': missing ScriptRunContext! This warning can be ignored when running in bare mode.
2026-10-06 11:13:25.507 Thread 'MainThread': missing ScriptRunContext! This warning can be ignored when running in bare mode.
2026-10-06 11:13:25.507 Thread 'MainThread': missing ScriptRunContext! This warning can be ignored when running in bare mode.
2026-10-06 11:13:26.894 Please replace `use_container_width` with `width`.

`use_container_width` will be removed after 2025-12-31.

For `use_container_width=True`, use `width='stretch'`. For `use_container_width=False`, use `width='content'`.
2026-10-06 11:13:27.261 Please replace `use_container_width` with `width`.

`use_container_width` will be removed after 2025-12-31.

For `use_container_width=True`, use `width='stretch'`. For `use_container_width=False`, use `width='content'`.
2026-10-06 11:13:27.588 Please replace `use_container_width` with `width`.

`use_container_width` will be removed after 2025-12-31.

For `use_container_width=True`, use `width='stretch'`. For `use_container_width=False`, use `width='content'`.
2026-10-06 11:13:27.976 Please replace `use_container_width` with `width`.

`use_container_width` will be removed after 2025-12-31.

For `use_container_width=True`, use `width='stretch'`. For `use_container_width=False`, use `width='content'`.
2026-10-06 11:13:28.340 Please replace `use_container_width` with `width`.

`use_container_width` will be removed after 2025-12-31.

For `use_container_width=True`, use `width='stretch'`. For `use_container_width=False`, use `width='content'`.
2026-10-06 11:13:28.664 Please replace `use_container_width` with `width`.

`use_container_width` will be removed after 2025-12-31.

For `use_container_width=True`, use `width='stretch'`. For `use_container_width=False`, use `width='content'`.
2026-10-06 11:13:29.031 Please replace `use_container_width` with `width`.

`use_container_width` will be removed after 2025-12-31.

For `use_container_width=True`, use `width='stretch'`. For `use_container_width=False`, use `width='content'`.
2026-10-06 11:13:29.485 Please replace `use_container_width` with `width`.

`use_container_width` will be removed after 2025-12-31.

For `use_container_width=True`, use `width='stretch'`. For `use_container_width=False`, use `width='content'`.
2026-10-06 11:13:29.919 Please replace `use_container_width` with `width`.

`use_container_width` will be removed after 2025-12-31.

For `use_container_width=True`, use `width='stretch'`. For `use_container_width=False`, use `width='content'`.
2026-10-06 11:13:30.215 Please replace `use_container_width` with `width`.

`use_container_width` will be removed after 2025-12-31.

For `use_container_width=True`, use `width='stretch'`. For `use_container_width=False`, use `width='content'`.
2026-10-06 11:13:30.239 Thread 'MainThread': missing ScriptRunContext! This warning can be ignored when running in bare mode.
2026-10-06 11:13:30.242 Thread 'MainThread': missing ScriptRunContext! This warning can be ignored when running in bare mode.
2026-10-06 11:13:30.242 Thread 'MainThread': missing ScriptRunContext! This warning can be ignored when running in bare mode.
2026-10-06 11:13:30.242 Thread 'MainThread': missing ScriptRunContext! This warning can be ignored when running in bare mode.
2026-10-06 11:13:30.242 Thread 'MainThread': missing ScriptRunContext! This warning can be ignored when running in bare mode.
2026-10-06 11:13:30.242 Thread 'MainThread': missing ScriptRunContext! This warning can be ignored when running in bare mode.
2026-10-06 11:13:30.243 Thread 'MainThread': missing ScriptRunContext! This warning can be ignored when running in bare mode.
2026-10-06 11:13:30.243 Thread 'MainThread': missing ScriptRunContext! This warning can be ignored when running in bare mode.
2026-10-06 11:13:30.243 Thread 'MainThread': missing ScriptRunContext! This warning can be ignored when running in bare mode.
2026-10-06 11:13:30.244 Thread 'MainThread': missing ScriptRunContext! This warning can be ignored when running in bare mode.
2026-10-06 11:13:30.244 Thread 'MainThread': missing ScriptRunContext! This warning can be ignored when running in bare mode.
2026-10-06 11:13:30.244 Thread 'MainThread': missing ScriptRunContext! This warning can be ignored when running in bare mode.
2026-10-06 11:13:30.244 Thread 'MainThread': missing ScriptRunContext! This warning can be ignored when running in bare mode.
2026-10-06 11:13:30.244 Thread 'MainThread': missing ScriptRunContext! This warning can be ignored when running in bare mode.
2026-10-06 11:13:30.244 Thread 'MainThread': missing ScriptRunContext! This warning can be ignored when running in bare mode.
2026-10-06 11:13:30.244 Thread 'MainThread': missing ScriptRunContext! This warning can be ignored when running in bare mode.
2026-10-06 11:13:30.244 Thread 'MainThread': missing ScriptRunContext! This warning can be ignored when running in bare mode.
2026-10-06 11:13:30.244 Thread 'MainThread': missing ScriptRunContext! This warning can be ignored when running in bare mode.
2026-10-06 11:13:30.244 Thread 'MainThread': missing ScriptRunContext! This warning can be ignored when running in bare mode.
2026-10-06 11:13:30.245 Thread 'MainThread': missing ScriptRunContext! This warning can be ignored when running in bare mode.
2026-10-06 11:13:30.245 Thread 'MainThread': missing ScriptRunContext! This warning can be ignored when running in bare mode.
2026-10-06 11:13:30.245 Thread 'MainThread': missing ScriptRunContext! This warning can be ignored when running in bare mode.
2026-10-06 11:13:30.245 Thread 'MainThread': missing ScriptRunContext! This warning can be ignored when running in bare mode.
2026-10-06 11:13:30.245 Thread 'MainThread': missing ScriptRunContext! This warning can be ignored when running in bare mode.
2026-10-06 11:13:30.245 Thread 'MainThread': missing ScriptRunContext! This warning can be ignored when running in bare mode.
2026-10-06 11:13:30.245 Thread 'MainThread': missing ScriptRunContext! This warning can be ignored when running in bare mode.
2026-10-06 11:13:30.245 Thread 'MainThread': missing ScriptRunContext! This warning can be ignored when running in bare mode.
2026-10-06 11:13:30.245 Thread 'MainThread': missing ScriptRunContext! This warning can be ignored when running in bare mode.
2026-10-06 11:13:30.245 Thread 'MainThread': missing ScriptRunContext! This warning can be ignored when running in bare mode.
2026-10-06 11:13:30.245 Thread 'MainThread': missing ScriptRunContext! This warning can be ignored when running in bare mode.
2026-10-06 11:13:30.245 Thread 'MainThread': missing ScriptRunContext! This warning can be ignored when running in bare mode.
2026-10-06 11:13:30.245 Thread 'MainThread': missing ScriptRunContext! This warning can be ignored when running in bare mode.
2026-10-06 11:13:30.245 Thread 'MainThread': missing ScriptRunContext! This warning can be ignored when running in bare mode.
2026-10-06 11:13:30.245 Thread 'MainThread': missing ScriptRunContext! This warning can be ignored when running in bare mode.
2026-10-06 11:13:30.245 Thread 'MainThread': missing ScriptRunContext! This warning can be ignored when running in bare mode.
2026-10-06 11:13:30.245 Thread 'MainThread': missing ScriptRunContext! This warning can be ignored when running in bare mode.
2026-10-06 11:13:30.246 Thread 'MainThread': missing ScriptRunContext! This warning can be ignored when running in bare mode.
2026-10-06 11:13:30.246 Thread 'MainThread': missing ScriptRunContext! This warning can be ignored when running in bare mode.
2026-10-06 11:13:30.246 Thread 'MainThread': missing ScriptRunContext! This warning can be ignored when running in bare mode.
2026-10-06 11:13:30.246 Thread 'MainThread': missing ScriptRunContext! This warning can be ignored when running in bare mode.
2026-10-06 11:13:30.246 Thread 'MainThread': missing ScriptRunContext! This warning can be ignored when running in bare mode.
2026-10-06 11:13:30.246 Thread 'MainThread': missing ScriptRunContext! This warning can be ignored when running in bare mode.
2026-10-06 11:13:30.246 Thread 'MainThread': missing ScriptRunContext! This warning can be ignored when running in bare mode.
2026-10-06 11:13:30.246 Thread 'MainThread': missing ScriptRunContext! This warning can be ignored when running in bare mode.
2026-10-06 11:13:30.246 Thread 'MainThread': missing ScriptRunContext! This warning can be ignored when running in bare mode.
2026-10-06 11:13:30.246 Thread 'MainThread': missing ScriptRunContext! This warning can be ignored when running in bare mode.
.2026-10-06 11:13:30.265 Thread 'MainThread': missing ScriptRunContext! This warning can be ignored when running in bare mode.
2026-10-06 11:13:30.265 Thread 'MainThread': missing ScriptRunContext! This warning can be ignored when running in bare mode.
2026-10-06 11:13:30.265 Thread 'MainThread': missing ScriptRunContext! This warning can be ignored when running in bare mode.
2026-10-06 11:13:30.265 Thread 'MainThread': missing ScriptRunContext! This warning can be ignored when running in bare mode.
2026-10-06 11:13:30.265 Thread 'MainThread': missing ScriptRunContext! This warning can be ignored when running in bare mode.
2026-10-06 11:13:30.265 Thread 'MainThread': missing ScriptRunContext! This warning can be ignored when running in bare mode.
2026-10-06 11:13:30.265 Thread 'MainThread': missing ScriptRunContext! This warning can be ignored when running in bare mode.
2026-10-06 11:13:31.540 Please replace `use_container_width` with `width`.

`use_container_width` will be removed after 2025-12-31.

For `use_container_width=True`, use `width='stretch'`. For `use_container_width=False`, use `width='content'`.
2026-10-06 11:13:31.849 Please replace `use_container_width` with `width`.

`use_container_width` will be removed after 2025-12-31.

For `use_container_width=True`, use `width='stretch'`. For `use_container_width=False`, use `width='content'`.
2026-10-06 11:13:31.874 Thread 'MainThread': missing ScriptRunContext! This warning can be ignored when running in bare mode.
2026-10-06 11:13:32.184 Please replace `use_container_width` with `width`.

`use_container_width` will be removed after 2025-12-31.

For `use_container_width=True`, use `width='stretch'`. For `use_container_width=False`, use `width='content'`.
2026-10-06 11:13:32.202 Thread 'MainThread': missing ScriptRunContext! This warning can be ignored when running in bare mode.
.2026-10-06 11:13:32.683 Thread 'MainThread': missing ScriptRunContext! This warning can be ignored when running in bare mode.
2026-10-06 11:13:32.683 Thread 'MainThread': missing ScriptRunContext! This warning can be ignored when running in bare mode.
2026-10-06 11:13:32.683 Thread 'MainThread': missing ScriptRunContext! This warning can be ignored when running in bare mode.
2026-10-06 11:13:32.683 Thread 'MainThread': missing ScriptRunContext! This warning can be ignored when running in bare mode.
2026-10-06 11:13:32.683 Thread 'MainThread': missing ScriptRunContext! This warning can be ignored when running in bare mode.
2026-10-06 11:13:32.683 Thread 'MainThread': missing ScriptRunContext! This warning can be ignored when running in bare mode.
2026-10-06 11:13:32.683 Thread 'MainThread': missing ScriptRunContext! This warning can be ignored when running in bare mode.
2026-10-06 11:13:33.963 Please replace `use_container_width` with `width`.

`use_container_width` will be removed after 2025-12-31.

For `use_container_width=True`, use `width='stretch'`. For `use_container_width=False`, use `width='content'`.
2026-10-06 11:13:34.279 Please replace `use_container_width` with `width`.

`use_container_width` will be removed after 2025-12-31.

For `use_container_width=True`, use `width='stretch'`. For `use_container_width=False`, use `width='content'`.
.2026-10-06 11:13:34.298 Thread 'MainThread': missing ScriptRunContext! This warning can be ignored when running in bare mode.
2026-10-06 11:13:34.299 Thread 'MainThread': missing ScriptRunContext! This warning can be ignored when running in bare mode.
2026-10-06 11:13:34.299 Thread 'MainThread': missing ScriptRunContext! This warning can be ignored when running in bare mode.
2026-10-06 11:13:34.299 Thread 'MainThread': missing ScriptRunContext! This warning can be ignored when running in bare mode.
2026-10-06 11:13:34.299 Thread 'MainThread': missing ScriptRunContext! This warning can be ignored when running in bare mode.
2026-10-06 11:13:34.299 Thread 'MainThread': missing ScriptRunContext! This warning can be ignored when running in bare mode.
2026-10-06 11:13:34.299 Thread 'MainThread': missing ScriptRunContext! This warning can be ignored when running in bare mode.
Learning Scene validator rejected domain=spatial_dynamics reason=scene: missing fields=['assumptions', 'axes', 'bindings', 'learning_goal', 'metrics', 'objects', 'parameters', 'quantities', 'scene_id', 'scene_version', 'series', 'source_pages', 'time', 'title']; unknown fields=[]
.2026-10-06 11:13:35.934 Thread 'MainThread': missing ScriptRunContext! This warning can be ignored when running in bare mode.
2026-10-06 11:13:35.934 Thread 'MainThread': missing ScriptRunContext! This warning can be ignored when running in bare mode.
2026-10-06 11:13:35.934 Thread 'MainThread': missing ScriptRunContext! This warning can be ignored when running in bare mode.
2026-10-06 11:13:35.934 Thread 'MainThread': missing ScriptRunContext! This warning can be ignored when running in bare mode.
2026-10-06 11:13:35.934 Thread 'MainThread': missing ScriptRunContext! This warning can be ignored when running in bare mode.
2026-10-06 11:13:35.934 Thread 'MainThread': missing ScriptRunContext! This warning can be ignored when running in bare mode.
2026-10-06 11:13:35.934 Thread 'MainThread': missing ScriptRunContext! This warning can be ignored when running in bare mode.
2026-10-06 11:13:37.129 Please replace `use_container_width` with `width`.

`use_container_width` will be removed after 2025-12-31.

For `use_container_width=True`, use `width='stretch'`. For `use_container_width=False`, use `width='content'`.
.2026-10-06 11:13:37.416 Thread 'MainThread': missing ScriptRunContext! This warning can be ignored when running in bare mode.
2026-10-06 11:13:37.417 Thread 'MainThread': missing ScriptRunContext! This warning can be ignored when running in bare mode.
2026-10-06 11:13:37.417 Thread 'MainThread': missing ScriptRunContext! This warning can be ignored when running in bare mode.
2026-10-06 11:13:37.417 Thread 'MainThread': missing ScriptRunContext! This warning can be ignored when running in bare mode.
2026-10-06 11:13:37.417 Thread 'MainThread': missing ScriptRunContext! This warning can be ignored when running in bare mode.
2026-10-06 11:13:37.417 Thread 'MainThread': missing ScriptRunContext! This warning can be ignored when running in bare mode.
2026-10-06 11:13:37.417 Thread 'MainThread': missing ScriptRunContext! This warning can be ignored when running in bare mode.
2026-10-06 11:13:38.751 Please replace `use_container_width` with `width`.

`use_container_width` will be removed after 2025-12-31.

For `use_container_width=True`, use `width='stretch'`. For `use_container_width=False`, use `width='content'`.
2026-10-06 11:13:39.116 Please replace `use_container_width` with `width`.

`use_container_width` will be removed after 2025-12-31.

For `use_container_width=True`, use `width='stretch'`. For `use_container_width=False`, use `width='content'`.
2026-10-06 11:13:39.545 Please replace `use_container_width` with `width`.

`use_container_width` will be removed after 2025-12-31.

For `use_container_width=True`, use `width='stretch'`. For `use_container_width=False`, use `width='content'`.
2026-10-06 11:13:39.573 Thread 'MainThread': missing ScriptRunContext! This warning can be ignored when running in bare mode.
2026-10-06 11:13:39.575 Thread 'MainThread': missing ScriptRunContext! This warning can be ignored when running in bare mode.
2026-10-06 11:13:39.575 Thread 'MainThread': missing ScriptRunContext! This warning can be ignored when running in bare mode.
2026-10-06 11:13:39.575 Thread 'MainThread': missing ScriptRunContext! This warning can be ignored when running in bare mode.
2026-10-06 11:13:39.575 Thread 'MainThread': missing ScriptRunContext! This warning can be ignored when running in bare mode.
2026-10-06 11:13:39.576 Thread 'MainThread': missing ScriptRunContext! This warning can be ignored when running in bare mode.
2026-10-06 11:13:39.576 Thread 'MainThread': missing ScriptRunContext! This warning can be ignored when running in bare mode.
2026-10-06 11:13:39.576 Thread 'MainThread': missing ScriptRunContext! This warning can be ignored when running in bare mode.
2026-10-06 11:13:39.576 Thread 'MainThread': missing ScriptRunContext! This warning can be ignored when running in bare mode.
2026-10-06 11:13:39.576 Thread 'MainThread': missing ScriptRunContext! This warning can be ignored when running in bare mode.
2026-10-06 11:13:39.576 Thread 'MainThread': missing ScriptRunContext! This warning can be ignored when running in bare mode.
2026-10-06 11:13:39.576 Thread 'MainThread': missing ScriptRunContext! This warning can be ignored when running in bare mode.
2026-10-06 11:13:39.577 Thread 'MainThread': missing ScriptRunContext! This warning can be ignored when running in bare mode.
2026-10-06 11:13:39.577 Thread 'MainThread': missing ScriptRunContext! This warning can be ignored when running in bare mode.
2026-10-06 11:13:39.577 Thread 'MainThread': missing ScriptRunContext! This warning can be ignored when running in bare mode.
2026-10-06 11:13:39.577 Thread 'MainThread': missing ScriptRunContext! This warning can be ignored when running in bare mode.
2026-10-06 11:13:39.577 Thread 'MainThread': missing ScriptRunContext! This warning can be ignored when running in bare mode.
2026-10-06 11:13:39.577 Thread 'MainThread': missing ScriptRunContext! This warning can be ignored when running in bare mode.
2026-10-06 11:13:39.577 Thread 'MainThread': missing ScriptRunContext! This warning can be ignored when running in bare mode.
2026-10-06 11:13:39.577 Thread 'MainThread': missing ScriptRunContext! This warning can be ignored when running in bare mode.
2026-10-06 11:13:39.578 Thread 'MainThread': missing ScriptRunContext! This warning can be ignored when running in bare mode.
2026-10-06 11:13:39.578 Thread 'MainThread': missing ScriptRunContext! This warning can be ignored when running in bare mode.
2026-10-06 11:13:39.578 Thread 'MainThread': missing ScriptRunContext! This warning can be ignored when running in bare mode.
2026-10-06 11:13:39.578 Thread 'MainThread': missing ScriptRunContext! This warning can be ignored when running in bare mode.
2026-10-06 11:13:39.578 Thread 'MainThread': missing ScriptRunContext! This warning can be ignored when running in bare mode.
2026-10-06 11:13:39.578 Thread 'MainThread': missing ScriptRunContext! This warning can be ignored when running in bare mode.
2026-10-06 11:13:39.579 Thread 'MainThread': missing ScriptRunContext! This warning can be ignored when running in bare mode.
2026-10-06 11:13:39.579 Thread 'MainThread': missing ScriptRunContext! This warning can be ignored when running in bare mode.
2026-10-06 11:13:39.579 Thread 'MainThread': missing ScriptRunContext! This warning can be ignored when running in bare mode.
2026-10-06 11:13:39.579 Thread 'MainThread': missing ScriptRunContext! This warning can be ignored when running in bare mode.
2026-10-06 11:13:39.579 Thread 'MainThread': missing ScriptRunContext! This warning can be ignored when running in bare mode.
2026-10-06 11:13:39.580 Thread 'MainThread': missing ScriptRunContext! This warning can be ignored when running in bare mode.
2026-10-06 11:13:39.580 Thread 'MainThread': missing ScriptRunContext! This warning can be ignored when running in bare mode.
2026-10-06 11:13:39.580 Thread 'MainThread': missing ScriptRunContext! This warning can be ignored when running in bare mode.
2026-10-06 11:13:39.580 Thread 'MainThread': missing ScriptRunContext! This warning can be ignored when running in bare mode.
2026-10-06 11:13:39.580 Thread 'MainThread': missing ScriptRunContext! This warning can be ignored when running in bare mode.
2026-10-06 11:13:39.581 Thread 'MainThread': missing ScriptRunContext! This warning can be ignored when running in bare mode.
2026-10-06 11:13:39.581 Thread 'MainThread': missing ScriptRunContext! This warning can be ignored when running in bare mode.
2026-10-06 11:13:39.581 Thread 'MainThread': missing ScriptRunContext! This warning can be ignored when running in bare mode.
2026-10-06 11:13:39.581 Thread 'MainThread': missing ScriptRunContext! This warning can be ignored when running in bare mode.
2026-10-06 11:13:39.581 Thread 'MainThread': missing ScriptRunContext! This warning can be ignored when running in bare mode.
2026-10-06 11:13:39.582 Thread 'MainThread': missing ScriptRunContext! This warning can be ignored when running in bare mode.
2026-10-06 11:13:39.582 Thread 'MainThread': missing ScriptRunContext! This warning can be ignored when running in bare mode.
2026-10-06 11:13:39.582 Thread 'MainThread': missing ScriptRunContext! This warning can be ignored when running in bare mode.
2026-10-06 11:13:39.582 Thread 'MainThread': missing ScriptRunContext! This warning can be ignored when running in bare mode.
2026-10-06 11:13:39.582 Thread 'MainThread': missing ScriptRunContext! This warning can be ignored when running in bare mode.
.......2026-10-06 11:13:43.692 Thread 'MainThread': missing ScriptRunContext! This warning can be ignored when running in bare mode.
2026-10-06 11:13:43.699 Thread 'MainThread': missing ScriptRunContext! This warning can be ignored when running in bare mode.
2026-10-06 11:13:43.699 Thread 'MainThread': missing ScriptRunContext! This warning can be ignored when running in bare mode.
2026-10-06 11:13:43.699 Thread 'MainThread': missing ScriptRunContext! This warning can be ignored when running in bare mode.
2026-10-06 11:13:43.699 Thread 'MainThread': missing ScriptRunContext! This warning can be ignored when running in bare mode.
2026-10-06 11:13:43.700 Thread 'MainThread': missing ScriptRunContext! This warning can be ignored when running in bare mode.
2026-10-06 11:13:43.700 Thread 'MainThread': missing ScriptRunContext! This warning can be ignored when running in bare mode.
2026-10-06 11:13:43.700 Thread 'MainThread': missing ScriptRunContext! This warning can be ignored when running in bare mode.
2026-10-06 11:13:43.700 Thread 'MainThread': missing ScriptRunContext! This warning can be ignored when running in bare mode.
2026-10-06 11:13:43.700 Thread 'MainThread': missing ScriptRunContext! This warning can be ignored when running in bare mode.
2026-10-06 11:13:43.700 Thread 'MainThread': missing ScriptRunContext! This warning can be ignored when running in bare mode.
2026-10-06 11:13:43.700 Thread 'MainThread': missing ScriptRunContext! This warning can be ignored when running in bare mode.
2026-10-06 11:13:43.700 Thread 'MainThread': missing ScriptRunContext! This warning can be ignored when running in bare mode.
2026-10-06 11:13:43.700 Thread 'MainThread': missing ScriptRunContext! This warning can be ignored when running in bare mode.
2026-10-06 11:13:43.701 Thread 'MainThread': missing ScriptRunContext! This warning can be ignored when running in bare mode.
2026-10-06 11:13:43.701 Thread 'MainThread': missing ScriptRunContext! This warning can be ignored when running in bare mode.
2026-10-06 11:13:43.701 Thread 'MainThread': missing ScriptRunContext! This warning can be ignored when running in bare mode.
2026-10-06 11:13:43.701 Thread 'MainThread': missing ScriptRunContext! This warning can be ignored when running in bare mode.
2026-10-06 11:13:43.701 Thread 'MainThread': missing ScriptRunContext! This warning can be ignored when running in bare mode.
2026-10-06 11:13:43.701 Thread 'MainThread': missing ScriptRunContext! This warning can be ignored when running in bare mode.
2026-10-06 11:13:43.701 Thread 'MainThread': missing ScriptRunContext! This warning can be ignored when running in bare mode.
2026-10-06 11:13:43.701 Thread 'MainThread': missing ScriptRunContext! This warning can be ignored when running in bare mode.
2026-10-06 11:13:43.701 Thread 'MainThread': missing ScriptRunContext! This warning can be ignored when running in bare mode.
2026-10-06 11:13:43.701 Thread 'MainThread': missing ScriptRunContext! This warning can be ignored when running in bare mode.
2026-10-06 11:13:43.702 Thread 'MainThread': missing ScriptRunContext! This warning can be ignored when running in bare mode.
2026-10-06 11:13:43.702 Thread 'MainThread': missing ScriptRunContext! This warning can be ignored when running in bare mode.
2026-10-06 11:13:43.702 Thread 'MainThread': missing ScriptRunContext! This warning can be ignored when running in bare mode.
2026-10-06 11:13:43.702 Thread 'MainThread': missing ScriptRunContext! This warning can be ignored when running in bare mode.
2026-10-06 11:13:43.702 Thread 'MainThread': missing ScriptRunContext! This warning can be ignored when running in bare mode.
2026-10-06 11:13:43.702 Thread 'MainThread': missing ScriptRunContext! This warning can be ignored when running in bare mode.
2026-10-06 11:13:43.702 Thread 'MainThread': missing ScriptRunContext! This warning can be ignored when running in bare mode.
2026-10-06 11:13:43.702 Thread 'MainThread': missing ScriptRunContext! This warning can be ignored when running in bare mode.
2026-10-06 11:13:43.702 Thread 'MainThread': missing ScriptRunContext! This warning can be ignored when running in bare mode.
2026-10-06 11:13:43.702 Thread 'MainThread': missing ScriptRunContext! This warning can be ignored when running in bare mode.
2026-10-06 11:13:43.703 Thread 'MainThread': missing ScriptRunContext! This warning can be ignored when running in bare mode.
2026-10-06 11:13:43.703 Thread 'MainThread': missing ScriptRunContext! This warning can be ignored when running in bare mode.
2026-10-06 11:13:43.703 Thread 'MainThread': missing ScriptRunContext! This warning can be ignored when running in bare mode.
2026-10-06 11:13:43.703 Thread 'MainThread': missing ScriptRunContext! This warning can be ignored when running in bare mode.
2026-10-06 11:13:43.703 Thread 'MainThread': missing ScriptRunContext! This warning can be ignored when running in bare mode.
2026-10-06 11:13:43.703 Thread 'MainThread': missing ScriptRunContext! This warning can be ignored when running in bare mode.
2026-10-06 11:13:43.703 Thread 'MainThread': missing ScriptRunContext! This warning can be ignored when running in bare mode.
2026-10-06 11:13:43.703 Thread 'MainThread': missing ScriptRunContext! This warning can be ignored when running in bare mode.
2026-10-06 11:13:43.703 Thread 'MainThread': missing ScriptRunContext! This warning can be ignored when running in bare mode.
2026-10-06 11:13:43.704 Thread 'MainThread': missing ScriptRunContext! This warning can be ignored when running in bare mode.
2026-10-06 11:13:43.704 Thread 'MainThread': missing ScriptRunContext! This warning can be ignored when running in bare mode.
2026-10-06 11:13:43.704 Thread 'MainThread': missing ScriptRunContext! This warning can be ignored when running in bare mode.
.......2026-10-06 11:13:44.934 Thread 'MainThread': missing ScriptRunContext! This warning can be ignored when running in bare mode.
2026-10-06 11:13:44.934 Thread 'MainThread': missing ScriptRunContext! This warning can be ignored when running in bare mode.
2026-10-06 11:13:44.934 Thread 'MainThread': missing ScriptRunContext! This warning can be ignored when running in bare mode.
2026-10-06 11:13:44.934 Thread 'MainThread': missing ScriptRunContext! This warning can be ignored when running in bare mode.
2026-10-06 11:13:44.935 Thread 'MainThread': missing ScriptRunContext! This warning can be ignored when running in bare mode.
2026-10-06 11:13:44.935 Thread 'MainThread': missing ScriptRunContext! This warning can be ignored when running in bare mode.
2026-10-06 11:13:44.935 Thread 'MainThread': missing ScriptRunContext! This warning can be ignored when running in bare mode.
2026-10-06 11:13:46.402 Please replace `use_container_width` with `width`.

`use_container_width` will be removed after 2025-12-31.

For `use_container_width=True`, use `width='stretch'`. For `use_container_width=False`, use `width='content'`.
2026-10-06 11:13:46.698 Please replace `use_container_width` with `width`.

`use_container_width` will be removed after 2025-12-31.

For `use_container_width=True`, use `width='stretch'`. For `use_container_width=False`, use `width='content'`.
2026-10-06 11:13:47.062 Please replace `use_container_width` with `width`.

`use_container_width` will be removed after 2025-12-31.

For `use_container_width=True`, use `width='stretch'`. For `use_container_width=False`, use `width='content'`.
2026-10-06 11:13:47.093 Thread 'MainThread': missing ScriptRunContext! This warning can be ignored when running in bare mode.
2026-10-06 11:13:47.098 Thread 'MainThread': missing ScriptRunContext! This warning can be ignored when running in bare mode.
2026-10-06 11:13:47.098 Thread 'MainThread': missing ScriptRunContext! This warning can be ignored when running in bare mode.
2026-10-06 11:13:47.098 Thread 'MainThread': missing ScriptRunContext! This warning can be ignored when running in bare mode.
2026-10-06 11:13:47.098 Thread 'MainThread': missing ScriptRunContext! This warning can be ignored when running in bare mode.
2026-10-06 11:13:47.098 Thread 'MainThread': missing ScriptRunContext! This warning can be ignored when running in bare mode.
2026-10-06 11:13:47.098 Thread 'MainThread': missing ScriptRunContext! This warning can be ignored when running in bare mode.
2026-10-06 11:13:47.098 Thread 'MainThread': missing ScriptRunContext! This warning can be ignored when running in bare mode.
2026-10-06 11:13:47.098 Thread 'MainThread': missing ScriptRunContext! This warning can be ignored when running in bare mode.
2026-10-06 11:13:47.098 Thread 'MainThread': missing ScriptRunContext! This warning can be ignored when running in bare mode.
2026-10-06 11:13:47.099 Thread 'MainThread': missing ScriptRunContext! This warning can be ignored when running in bare mode.
2026-10-06 11:13:47.099 Thread 'MainThread': missing ScriptRunContext! This warning can be ignored when running in bare mode.
2026-10-06 11:13:47.099 Thread 'MainThread': missing ScriptRunContext! This warning can be ignored when running in bare mode.
2026-10-06 11:13:47.099 Thread 'MainThread': missing ScriptRunContext! This warning can be ignored when running in bare mode.
2026-10-06 11:13:47.099 Thread 'MainThread': missing ScriptRunContext! This warning can be ignored when running in bare mode.
2026-10-06 11:13:47.099 Thread 'MainThread': missing ScriptRunContext! This warning can be ignored when running in bare mode.
2026-10-06 11:13:47.099 Thread 'MainThread': missing ScriptRunContext! This warning can be ignored when running in bare mode.
2026-10-06 11:13:47.099 Thread 'MainThread': missing ScriptRunContext! This warning can be ignored when running in bare mode.
2026-10-06 11:13:47.100 Thread 'MainThread': missing ScriptRunContext! This warning can be ignored when running in bare mode.
2026-10-06 11:13:47.100 Thread 'MainThread': missing ScriptRunContext! This warning can be ignored when running in bare mode.
2026-10-06 11:13:47.100 Thread 'MainThread': missing ScriptRunContext! This warning can be ignored when running in bare mode.
2026-10-06 11:13:47.100 Thread 'MainThread': missing ScriptRunContext! This warning can be ignored when running in bare mode.
2026-10-06 11:13:47.100 Thread 'MainThread': missing ScriptRunContext! This warning can be ignored when running in bare mode.
2026-10-06 11:13:47.100 Thread 'MainThread': missing ScriptRunContext! This warning can be ignored when running in bare mode.
2026-10-06 11:13:47.100 Thread 'MainThread': missing ScriptRunContext! This warning can be ignored when running in bare mode.
2026-10-06 11:13:47.100 Thread 'MainThread': missing ScriptRunContext! This warning can be ignored when running in bare mode.
2026-10-06 11:13:47.100 Thread 'MainThread': missing ScriptRunContext! This warning can be ignored when running in bare mode.
2026-10-06 11:13:47.100 Thread 'MainThread': missing ScriptRunContext! This warning can be ignored when running in bare mode.
2026-10-06 11:13:47.100 Thread 'MainThread': missing ScriptRunContext! This warning can be ignored when running in bare mode.
2026-10-06 11:13:47.100 Thread 'MainThread': missing ScriptRunContext! This warning can be ignored when running in bare mode.
2026-10-06 11:13:47.100 Thread 'MainThread': missing ScriptRunContext! This warning can be ignored when running in bare mode.
2026-10-06 11:13:47.101 Thread 'MainThread': missing ScriptRunContext! This warning can be ignored when running in bare mode.
2026-10-06 11:13:47.101 Thread 'MainThread': missing ScriptRunContext! This warning can be ignored when running in bare mode.
2026-10-06 11:13:47.101 Thread 'MainThread': missing ScriptRunContext! This warning can be ignored when running in bare mode.
2026-10-06 11:13:47.101 Thread 'MainThread': missing ScriptRunContext! This warning can be ignored when running in bare mode.
2026-10-06 11:13:47.101 Thread 'MainThread': missing ScriptRunContext! This warning can be ignored when running in bare mode.
2026-10-06 11:13:47.101 Thread 'MainThread': missing ScriptRunContext! This warning can be ignored when running in bare mode.
2026-10-06 11:13:47.101 Thread 'MainThread': missing ScriptRunContext! This warning can be ignored when running in bare mode.
2026-10-06 11:13:47.101 Thread 'MainThread': missing ScriptRunContext! This warning can be ignored when running in bare mode.
2026-10-06 11:13:47.101 Thread 'MainThread': missing ScriptRunContext! This warning can be ignored when running in bare mode.
2026-10-06 11:13:47.101 Thread 'MainThread': missing ScriptRunContext! This warning can be ignored when running in bare mode.
2026-10-06 11:13:47.101 Thread 'MainThread': missing ScriptRunContext! This warning can be ignored when running in bare mode.
2026-10-06 11:13:47.101 Thread 'MainThread': missing ScriptRunContext! This warning can be ignored when running in bare mode.
2026-10-06 11:13:47.101 Thread 'MainThread': missing ScriptRunContext! This warning can be ignored when running in bare mode.
2026-10-06 11:13:47.101 Thread 'MainThread': missing ScriptRunContext! This warning can be ignored when running in bare mode.
2026-10-06 11:13:47.102 Thread 'MainThread': missing ScriptRunContext! This warning can be ignored when running in bare mode.
.2026-10-06 11:13:47.114 Thread 'MainThread': missing ScriptRunContext! This warning can be ignored when running in bare mode.
2026-10-06 11:13:47.114 Thread 'MainThread': missing ScriptRunContext! This warning can be ignored when running in bare mode.
2026-10-06 11:13:47.114 Thread 'MainThread': missing ScriptRunContext! This warning can be ignored when running in bare mode.
2026-10-06 11:13:47.115 Thread 'MainThread': missing ScriptRunContext! This warning can be ignored when running in bare mode.
2026-10-06 11:13:47.115 Thread 'MainThread': missing ScriptRunContext! This warning can be ignored when running in bare mode.
2026-10-06 11:13:47.115 Thread 'MainThread': missing ScriptRunContext! This warning can be ignored when running in bare mode.
2026-10-06 11:13:47.115 Thread 'MainThread': missing ScriptRunContext! This warning can be ignored when running in bare mode.
.2026-10-06 11:13:48.660 Thread 'MainThread': missing ScriptRunContext! This warning can be ignored when running in bare mode.
2026-10-06 11:13:48.660 Thread 'MainThread': missing ScriptRunContext! This warning can be ignored when running in bare mode.
2026-10-06 11:13:48.660 Thread 'MainThread': missing ScriptRunContext! This warning can be ignored when running in bare mode.
2026-10-06 11:13:48.660 Thread 'MainThread': missing ScriptRunContext! This warning can be ignored when running in bare mode.
2026-10-06 11:13:48.660 Thread 'MainThread': missing ScriptRunContext! This warning can be ignored when running in bare mode.
2026-10-06 11:13:48.661 Thread 'MainThread': missing ScriptRunContext! This warning can be ignored when running in bare mode.
2026-10-06 11:13:48.661 Thread 'MainThread': missing ScriptRunContext! This warning can be ignored when running in bare mode.
2026-10-06 11:13:49.942 Please replace `use_container_width` with `width`.

`use_container_width` will be removed after 2025-12-31.

For `use_container_width=True`, use `width='stretch'`. For `use_container_width=False`, use `width='content'`.
2026-10-06 11:13:49.958 Thread 'MainThread': missing ScriptRunContext! This warning can be ignored when running in bare mode.
2026-10-06 11:13:49.961 Thread 'MainThread': missing ScriptRunContext! This warning can be ignored when running in bare mode.
2026-10-06 11:13:49.961 Thread 'MainThread': missing ScriptRunContext! This warning can be ignored when running in bare mode.
2026-10-06 11:13:49.962 Thread 'MainThread': missing ScriptRunContext! This warning can be ignored when running in bare mode.
2026-10-06 11:13:49.962 Thread 'MainThread': missing ScriptRunContext! This warning can be ignored when running in bare mode.
2026-10-06 11:13:49.962 Thread 'MainThread': missing ScriptRunContext! This warning can be ignored when running in bare mode.
2026-10-06 11:13:49.962 Thread 'MainThread': missing ScriptRunContext! This warning can be ignored when running in bare mode.
2026-10-06 11:13:49.962 Thread 'MainThread': missing ScriptRunContext! This warning can be ignored when running in bare mode.
2026-10-06 11:13:49.962 Thread 'MainThread': missing ScriptRunContext! This warning can be ignored when running in bare mode.
2026-10-06 11:13:49.962 Thread 'MainThread': missing ScriptRunContext! This warning can be ignored when running in bare mode.
2026-10-06 11:13:49.962 Thread 'MainThread': missing ScriptRunContext! This warning can be ignored when running in bare mode.
2026-10-06 11:13:49.963 Thread 'MainThread': missing ScriptRunContext! This warning can be ignored when running in bare mode.
2026-10-06 11:13:49.963 Thread 'MainThread': missing ScriptRunContext! This warning can be ignored when running in bare mode.
2026-10-06 11:13:49.963 Thread 'MainThread': missing ScriptRunContext! This warning can be ignored when running in bare mode.
2026-10-06 11:13:49.963 Thread 'MainThread': missing ScriptRunContext! This warning can be ignored when running in bare mode.
2026-10-06 11:13:49.963 Thread 'MainThread': missing ScriptRunContext! This warning can be ignored when running in bare mode.
2026-10-06 11:13:49.963 Thread 'MainThread': missing ScriptRunContext! This warning can be ignored when running in bare mode.
2026-10-06 11:13:49.963 Thread 'MainThread': missing ScriptRunContext! This warning can be ignored when running in bare mode.
2026-10-06 11:13:49.964 Thread 'MainThread': missing ScriptRunContext! This warning can be ignored when running in bare mode.
2026-10-06 11:13:49.964 Thread 'MainThread': missing ScriptRunContext! This warning can be ignored when running in bare mode.
2026-10-06 11:13:49.964 Thread 'MainThread': missing ScriptRunContext! This warning can be ignored when running in bare mode.
2026-10-06 11:13:49.964 Thread 'MainThread': missing ScriptRunContext! This warning can be ignored when running in bare mode.
2026-10-06 11:13:49.964 Thread 'MainThread': missing ScriptRunContext! This warning can be ignored when running in bare mode.
2026-10-06 11:13:49.964 Thread 'MainThread': missing ScriptRunContext! This warning can be ignored when running in bare mode.
2026-10-06 11:13:49.964 Thread 'MainThread': missing ScriptRunContext! This warning can be ignored when running in bare mode.
2026-10-06 11:13:49.964 Thread 'MainThread': missing ScriptRunContext! This warning can be ignored when running in bare mode.
2026-10-06 11:13:49.964 Thread 'MainThread': missing ScriptRunContext! This warning can be ignored when running in bare mode.
2026-10-06 11:13:49.964 Thread 'MainThread': missing ScriptRunContext! This warning can be ignored when running in bare mode.
2026-10-06 11:13:49.965 Thread 'MainThread': missing ScriptRunContext! This warning can be ignored when running in bare mode.
2026-10-06 11:13:49.965 Thread 'MainThread': missing ScriptRunContext! This warning can be ignored when running in bare mode.
2026-10-06 11:13:49.965 Thread 'MainThread': missing ScriptRunContext! This warning can be ignored when running in bare mode.
2026-10-06 11:13:49.965 Thread 'MainThread': missing ScriptRunContext! This warning can be ignored when running in bare mode.
2026-10-06 11:13:49.965 Thread 'MainThread': missing ScriptRunContext! This warning can be ignored when running in bare mode.
2026-10-06 11:13:49.965 Thread 'MainThread': missing ScriptRunContext! This warning can be ignored when running in bare mode.
2026-10-06 11:13:49.965 Thread 'MainThread': missing ScriptRunContext! This warning can be ignored when running in bare mode.
2026-10-06 11:13:49.965 Thread 'MainThread': missing ScriptRunContext! This warning can be ignored when running in bare mode.
2026-10-06 11:13:49.965 Thread 'MainThread': missing ScriptRunContext! This warning can be ignored when running in bare mode.
2026-10-06 11:13:49.965 Thread 'MainThread': missing ScriptRunContext! This warning can be ignored when running in bare mode.
2026-10-06 11:13:49.966 Thread 'MainThread': missing ScriptRunContext! This warning can be ignored when running in bare mode.
2026-10-06 11:13:49.966 Thread 'MainThread': missing ScriptRunContext! This warning can be ignored when running in bare mode.
2026-10-06 11:13:49.966 Thread 'MainThread': missing ScriptRunContext! This warning can be ignored when running in bare mode.
2026-10-06 11:13:49.966 Thread 'MainThread': missing ScriptRunContext! This warning can be ignored when running in bare mode.
2026-10-06 11:13:49.966 Thread 'MainThread': missing ScriptRunContext! This warning can be ignored when running in bare mode.
2026-10-06 11:13:49.966 Thread 'MainThread': missing ScriptRunContext! This warning can be ignored when running in bare mode.
2026-10-06 11:13:49.966 Thread 'MainThread': missing ScriptRunContext! This warning can be ignored when running in bare mode.
2026-10-06 11:13:49.966 Thread 'MainThread': missing ScriptRunContext! This warning can be ignored when running in bare mode.
.2026-10-06 11:13:49.976 Thread 'MainThread': missing ScriptRunContext! This warning can be ignored when running in bare mode.
2026-10-06 11:13:49.976 Thread 'MainThread': missing ScriptRunContext! This warning can be ignored when running in bare mode.
2026-10-06 11:13:49.976 Thread 'MainThread': missing ScriptRunContext! This warning can be ignored when running in bare mode.
2026-10-06 11:13:49.976 Thread 'MainThread': missing ScriptRunContext! This warning can be ignored when running in bare mode.
2026-10-06 11:13:49.976 Thread 'MainThread': missing ScriptRunContext! This warning can be ignored when running in bare mode.
2026-10-06 11:13:49.976 Thread 'MainThread': missing ScriptRunContext! This warning can be ignored when running in bare mode.
2026-10-06 11:13:49.976 Thread 'MainThread': missing ScriptRunContext! This warning can be ignored when running in bare mode.
2026-10-06 11:13:49.976 Thread 'MainThread': missing ScriptRunContext! This warning can be ignored when running in bare mode.
2026-10-06 11:13:49.976 Thread 'MainThread': missing ScriptRunContext! This warning can be ignored when running in bare mode.
2026-10-06 11:13:51.348 Please replace `use_container_width` with `width`.

`use_container_width` will be removed after 2025-12-31.

For `use_container_width=True`, use `width='stretch'`. For `use_container_width=False`, use `width='content'`.
..2026-10-06 11:13:51.533 Thread 'MainThread': missing ScriptRunContext! This warning can be ignored when running in bare mode.
2026-10-06 11:13:51.535 Thread 'MainThread': missing ScriptRunContext! This warning can be ignored when running in bare mode.
2026-10-06 11:13:51.535 Thread 'MainThread': missing ScriptRunContext! This warning can be ignored when running in bare mode.
2026-10-06 11:13:51.535 Thread 'MainThread': missing ScriptRunContext! This warning can be ignored when running in bare mode.
2026-10-06 11:13:51.535 Thread 'MainThread': missing ScriptRunContext! This warning can be ignored when running in bare mode.
2026-10-06 11:13:51.535 Thread 'MainThread': missing ScriptRunContext! This warning can be ignored when running in bare mode.
2026-10-06 11:13:51.535 Thread 'MainThread': missing ScriptRunContext! This warning can be ignored when running in bare mode.
2026-10-06 11:13:51.535 Thread 'MainThread': missing ScriptRunContext! This warning can be ignored when running in bare mode.
2026-10-06 11:13:51.535 Thread 'MainThread': missing ScriptRunContext! This warning can be ignored when running in bare mode.
2026-10-06 11:13:51.535 Thread 'MainThread': missing ScriptRunContext! This warning can be ignored when running in bare mode.
2026-10-06 11:13:51.536 Thread 'MainThread': missing ScriptRunContext! This warning can be ignored when running in bare mode.
2026-10-06 11:13:51.536 Thread 'MainThread': missing ScriptRunContext! This warning can be ignored when running in bare mode.
2026-10-06 11:13:51.536 Thread 'MainThread': missing ScriptRunContext! This warning can be ignored when running in bare mode.
2026-10-06 11:13:51.536 Thread 'MainThread': missing ScriptRunContext! This warning can be ignored when running in bare mode.
2026-10-06 11:13:51.536 Thread 'MainThread': missing ScriptRunContext! This warning can be ignored when running in bare mode.
2026-10-06 11:13:51.536 Thread 'MainThread': missing ScriptRunContext! This warning can be ignored when running in bare mode.
2026-10-06 11:13:51.536 Thread 'MainThread': missing ScriptRunContext! This warning can be ignored when running in bare mode.
2026-10-06 11:13:51.536 Thread 'MainThread': missing ScriptRunContext! This warning can be ignored when running in bare mode.
2026-10-06 11:13:51.536 Thread 'MainThread': missing ScriptRunContext! This warning can be ignored when running in bare mode.
2026-10-06 11:13:51.536 Thread 'MainThread': missing ScriptRunContext! This warning can be ignored when running in bare mode.
2026-10-06 11:13:51.537 Thread 'MainThread': missing ScriptRunContext! This warning can be ignored when running in bare mode.
2026-10-06 11:13:51.537 Thread 'MainThread': missing ScriptRunContext! This warning can be ignored when running in bare mode.
2026-10-06 11:13:51.537 Thread 'MainThread': missing ScriptRunContext! This warning can be ignored when running in bare mode.
2026-10-06 11:13:51.537 Thread 'MainThread': missing ScriptRunContext! This warning can be ignored when running in bare mode.
2026-10-06 11:13:51.537 Thread 'MainThread': missing ScriptRunContext! This warning can be ignored when running in bare mode.
2026-10-06 11:13:51.537 Thread 'MainThread': missing ScriptRunContext! This warning can be ignored when running in bare mode.
2026-10-06 11:13:51.537 Thread 'MainThread': missing ScriptRunContext! This warning can be ignored when running in bare mode.
2026-10-06 11:13:51.537 Thread 'MainThread': missing ScriptRunContext! This warning can be ignored when running in bare mode.
2026-10-06 11:13:51.537 Thread 'MainThread': missing ScriptRunContext! This warning can be ignored when running in bare mode.
2026-10-06 11:13:51.537 Thread 'MainThread': missing ScriptRunContext! This warning can be ignored when running in bare mode.
2026-10-06 11:13:51.537 Thread 'MainThread': missing ScriptRunContext! This warning can be ignored when running in bare mode.
2026-10-06 11:13:51.537 Thread 'MainThread': missing ScriptRunContext! This warning can be ignored when running in bare mode.
2026-10-06 11:13:51.537 Thread 'MainThread': missing ScriptRunContext! This warning can be ignored when running in bare mode.
2026-10-06 11:13:51.538 Thread 'MainThread': missing ScriptRunContext! This warning can be ignored when running in bare mode.
2026-10-06 11:13:51.538 Thread 'MainThread': missing ScriptRunContext! This warning can be ignored when running in bare mode.
2026-10-06 11:13:51.538 Thread 'MainThread': missing ScriptRunContext! This warning can be ignored when running in bare mode.
2026-10-06 11:13:51.538 Thread 'MainThread': missing ScriptRunContext! This warning can be ignored when running in bare mode.
2026-10-06 11:13:51.538 Thread 'MainThread': missing ScriptRunContext! This warning can be ignored when running in bare mode.
2026-10-06 11:13:51.538 Thread 'MainThread': missing ScriptRunContext! This warning can be ignored when running in bare mode.
2026-10-06 11:13:51.538 Thread 'MainThread': missing ScriptRunContext! This warning can be ignored when running in bare mode.
2026-10-06 11:13:51.538 Thread 'MainThread': missing ScriptRunContext! This warning can be ignored when running in bare mode.
2026-10-06 11:13:51.538 Thread 'MainThread': missing ScriptRunContext! This warning can be ignored when running in bare mode.
2026-10-06 11:13:51.538 Thread 'MainThread': missing ScriptRunContext! This warning can be ignored when running in bare mode.
2026-10-06 11:13:51.538 Thread 'MainThread': missing ScriptRunContext! This warning can be ignored when running in bare mode.
2026-10-06 11:13:51.538 Thread 'MainThread': missing ScriptRunContext! This warning can be ignored when running in bare mode.
2026-10-06 11:13:51.538 Thread 'MainThread': missing ScriptRunContext! This warning can be ignored when running in bare mode.
...........2026-10-06 11:13:52.586 Thread 'MainThread': missing ScriptRunContext! This warning can be ignored when running in bare mode.
2026-10-06 11:13:52.587 Thread 'MainThread': missing ScriptRunContext! This warning can be ignored when running in bare mode.
2026-10-06 11:13:52.588 Thread 'MainThread': missing ScriptRunContext! This warning can be ignored when running in bare mode.
2026-10-06 11:13:52.588 Thread 'MainThread': missing ScriptRunContext! This warning can be ignored when running in bare mode.
2026-10-06 11:13:52.588 Thread 'MainThread': missing ScriptRunContext! This warning can be ignored when running in bare mode.
2026-10-06 11:13:52.589 Thread 'MainThread': missing ScriptRunContext! This warning can be ignored when running in bare mode.
2026-10-06 11:13:52.589 Thread 'MainThread': missing ScriptRunContext! This warning can be ignored when running in bare mode.
2026-10-06 11:13:52.589 Thread 'MainThread': missing ScriptRunContext! This warning can be ignored when running in bare mode.
2026-10-06 11:13:52.589 Thread 'MainThread': missing ScriptRunContext! This warning can be ignored when running in bare mode.
2026-10-06 11:13:52.589 Thread 'MainThread': missing ScriptRunContext! This warning can be ignored when running in bare mode.
2026-10-06 11:13:52.589 Thread 'MainThread': missing ScriptRunContext! This warning can be ignored when running in bare mode.
2026-10-06 11:13:52.589 Thread 'MainThread': missing ScriptRunContext! This warning can be ignored when running in bare mode.
2026-10-06 11:13:52.589 Thread 'MainThread': missing ScriptRunContext! This warning can be ignored when running in bare mode.
2026-10-06 11:13:52.589 Thread 'MainThread': missing ScriptRunContext! This warning can be ignored when running in bare mode.
2026-10-06 11:13:52.590 Thread 'MainThread': missing ScriptRunContext! This warning can be ignored when running in bare mode.
2026-10-06 11:13:52.590 Thread 'MainThread': missing ScriptRunContext! This warning can be ignored when running in bare mode.
2026-10-06 11:13:52.590 Thread 'MainThread': missing ScriptRunContext! This warning can be ignored when running in bare mode.
2026-10-06 11:13:52.590 Thread 'MainThread': missing ScriptRunContext! This warning can be ignored when running in bare mode.
2026-10-06 11:13:52.590 Thread 'MainThread': missing ScriptRunContext! This warning can be ignored when running in bare mode.
2026-10-06 11:13:52.590 Thread 'MainThread': missing ScriptRunContext! This warning can be ignored when running in bare mode.
2026-10-06 11:13:52.590 Thread 'MainThread': missing ScriptRunContext! This warning can be ignored when running in bare mode.
2026-10-06 11:13:52.590 Thread 'MainThread': missing ScriptRunContext! This warning can be ignored when running in bare mode.
2026-10-06 11:13:52.590 Thread 'MainThread': missing ScriptRunContext! This warning can be ignored when running in bare mode.
2026-10-06 11:13:52.590 Thread 'MainThread': missing ScriptRunContext! This warning can be ignored when running in bare mode.
2026-10-06 11:13:52.590 Thread 'MainThread': missing ScriptRunContext! This warning can be ignored when running in bare mode.
2026-10-06 11:13:52.590 Thread 'MainThread': missing ScriptRunContext! This warning can be ignored when running in bare mode.
2026-10-06 11:13:52.590 Thread 'MainThread': missing ScriptRunContext! This warning can be ignored when running in bare mode.
2026-10-06 11:13:52.590 Thread 'MainThread': missing ScriptRunContext! This warning can be ignored when running in bare mode.
2026-10-06 11:13:52.590 Thread 'MainThread': missing ScriptRunContext! This warning can be ignored when running in bare mode.
2026-10-06 11:13:52.590 Thread 'MainThread': missing ScriptRunContext! This warning can be ignored when running in bare mode.
2026-10-06 11:13:52.590 Thread 'MainThread': missing ScriptRunContext! This warning can be ignored when running in bare mode.
2026-10-06 11:13:52.591 Thread 'MainThread': missing ScriptRunContext! This warning can be ignored when running in bare mode.
2026-10-06 11:13:52.591 Thread 'MainThread': missing ScriptRunContext! This warning can be ignored when running in bare mode.
2026-10-06 11:13:52.591 Thread 'MainThread': missing ScriptRunContext! This warning can be ignored when running in bare mode.
2026-10-06 11:13:52.591 Thread 'MainThread': missing ScriptRunContext! This warning can be ignored when running in bare mode.
2026-10-06 11:13:52.591 Thread 'MainThread': missing ScriptRunContext! This warning can be ignored when running in bare mode.
2026-10-06 11:13:52.591 Thread 'MainThread': missing ScriptRunContext! This warning can be ignored when running in bare mode.
2026-10-06 11:13:52.591 Thread 'MainThread': missing ScriptRunContext! This warning can be ignored when running in bare mode.
2026-10-06 11:13:52.591 Thread 'MainThread': missing ScriptRunContext! This warning can be ignored when running in bare mode.
2026-10-06 11:13:52.591 Thread 'MainThread': missing ScriptRunContext! This warning can be ignored when running in bare mode.
2026-10-06 11:13:52.591 Thread 'MainThread': missing ScriptRunContext! This warning can be ignored when running in bare mode.
2026-10-06 11:13:52.591 Thread 'MainThread': missing ScriptRunContext! This warning can be ignored when running in bare mode.
2026-10-06 11:13:52.591 Thread 'MainThread': missing ScriptRunContext! This warning can be ignored when running in bare mode.
2026-10-06 11:13:52.591 Thread 'MainThread': missing ScriptRunContext! This warning can be ignored when running in bare mode.
2026-10-06 11:13:52.591 Thread 'MainThread': missing ScriptRunContext! This warning can be ignored when running in bare mode.
2026-10-06 11:13:52.591 Thread 'MainThread': missing ScriptRunContext! This warning can be ignored when running in bare mode.
2026-10-06 11:13:52.602 Thread 'MainThread': missing ScriptRunContext! This warning can be ignored when running in bare mode.
2026-10-06 11:13:52.612 Thread 'MainThread': missing ScriptRunContext! This warning can be ignored when running in bare mode.
2026-10-06 11:13:52.619 Thread 'MainThread': missing ScriptRunContext! This warning can be ignored when running in bare mode.
2026-10-06 11:13:52.619 Thread 'MainThread': missing ScriptRunContext! This warning can be ignored when running in bare mode.
..........2026-10-06 11:13:54.442 Thread 'MainThread': missing ScriptRunContext! This warning can be ignored when running in bare mode.
2026-10-06 11:13:54.442 Thread 'MainThread': missing ScriptRunContext! This warning can be ignored when running in bare mode.
2026-10-06 11:13:54.442 Thread 'MainThread': missing ScriptRunContext! This warning can be ignored when running in bare mode.
2026-10-06 11:13:54.442 Thread 'MainThread': missing ScriptRunContext! This warning can be ignored when running in bare mode.
2026-10-06 11:13:54.442 Thread 'MainThread': missing ScriptRunContext! This warning can be ignored when running in bare mode.
2026-10-06 11:13:54.442 Thread 'MainThread': missing ScriptRunContext! This warning can be ignored when running in bare mode.
2026-10-06 11:13:54.442 Thread 'MainThread': missing ScriptRunContext! This warning can be ignored when running in bare mode.
2026-10-06 11:13:56.126 Please replace `use_container_width` with `width`.

`use_container_width` will be removed after 2025-12-31.

For `use_container_width=True`, use `width='stretch'`. For `use_container_width=False`, use `width='content'`.
2026-10-06 11:13:56.732 Please replace `use_container_width` with `width`.

`use_container_width` will be removed after 2025-12-31.

For `use_container_width=True`, use `width='stretch'`. For `use_container_width=False`, use `width='content'`.
2026-10-06 11:13:57.445 Please replace `use_container_width` with `width`.

`use_container_width` will be removed after 2025-12-31.

For `use_container_width=True`, use `width='stretch'`. For `use_container_width=False`, use `width='content'`.
.2026-10-06 11:13:58.495 Thread 'MainThread': missing ScriptRunContext! This warning can be ignored when running in bare mode.
......2026-10-06 11:13:59.833 Thread 'MainThread': missing ScriptRunContext! This warning can be ignored when running in bare mode.
2026-10-06 11:13:59.833 Thread 'MainThread': missing ScriptRunContext! This warning can be ignored when running in bare mode.
2026-10-06 11:13:59.834 Thread 'MainThread': missing ScriptRunContext! This warning can be ignored when running in bare mode.
2026-10-06 11:13:59.834 Thread 'MainThread': missing ScriptRunContext! This warning can be ignored when running in bare mode.
2026-10-06 11:13:59.834 Thread 'MainThread': missing ScriptRunContext! This warning can be ignored when running in bare mode.
2026-10-06 11:13:59.834 Thread 'MainThread': missing ScriptRunContext! This warning can be ignored when running in bare mode.
2026-10-06 11:13:59.834 Thread 'MainThread': missing ScriptRunContext! This warning can be ignored when running in bare mode.
2026-10-06 11:13:59.834 Thread 'MainThread': missing ScriptRunContext! This warning can be ignored when running in bare mode.
2026-10-06 11:13:59.834 Thread 'MainThread': missing ScriptRunContext! This warning can be ignored when running in bare mode.
2026-10-06 11:13:59.834 Thread 'MainThread': missing ScriptRunContext! This warning can be ignored when running in bare mode.
2026-10-06 11:13:59.835 Thread 'MainThread': missing ScriptRunContext! This warning can be ignored when running in bare mode.
2026-10-06 11:13:59.835 Thread 'MainThread': missing ScriptRunContext! This warning can be ignored when running in bare mode.
2026-10-06 11:13:59.835 Thread 'MainThread': missing ScriptRunContext! This warning can be ignored when running in bare mode.
2026-10-06 11:13:59.835 Thread 'MainThread': missing ScriptRunContext! This warning can be ignored when running in bare mode.
.....2026-10-06 11:14:00.469 Thread 'MainThread': missing ScriptRunContext! This warning can be ignored when running in bare mode.
2026-10-06 11:14:00.469 Thread 'MainThread': missing ScriptRunContext! This warning can be ignored when running in bare mode.
2026-10-06 11:14:00.469 Thread 'MainThread': missing ScriptRunContext! This warning can be ignored when running in bare mode.
2026-10-06 11:14:00.469 Thread 'MainThread': missing ScriptRunContext! This warning can be ignored when running in bare mode.
2026-10-06 11:14:00.469 Thread 'MainThread': missing ScriptRunContext! This warning can be ignored when running in bare mode.
2026-10-06 11:14:00.470 Thread 'MainThread': missing ScriptRunContext! This warning can be ignored when running in bare mode.
2026-10-06 11:14:00.470 Thread 'MainThread': missing ScriptRunContext! This warning can be ignored when running in bare mode.
2026-10-06 11:14:00.470 Thread 'MainThread': missing ScriptRunContext! This warning can be ignored when running in bare mode.
2026-10-06 11:14:00.470 Thread 'MainThread': missing ScriptRunContext! This warning can be ignored when running in bare mode.
2026-10-06 11:14:00.470 Thread 'MainThread': missing ScriptRunContext! This warning can be ignored when running in bare mode.
2026-10-06 11:14:00.470 Thread 'MainThread': missing ScriptRunContext! This warning can be ignored when running in bare mode.
2026-10-06 11:14:00.470 Thread 'MainThread': missing ScriptRunContext! This warning can be ignored when running in bare mode.
2026-10-06 11:14:00.470 Thread 'MainThread': missing ScriptRunContext! This warning can be ignored when running in bare mode.
2026-10-06 11:14:00.471 Thread 'MainThread': missing ScriptRunContext! This warning can be ignored when running in bare mode.
................2026-10-06 11:14:00.871 Thread 'MainThread': missing ScriptRunContext! This warning can be ignored when running in bare mode.
2026-10-06 11:14:00.933 Thread 'MainThread': missing ScriptRunContext! This warning can be ignored when running in bare mode.
2026-10-06 11:14:00.933 Thread 'MainThread': missing ScriptRunContext! This warning can be ignored when running in bare mode.
2026-10-06 11:14:00.933 Thread 'MainThread': missing ScriptRunContext! This warning can be ignored when running in bare mode.
2026-10-06 11:14:00.937 Thread 'MainThread': missing ScriptRunContext! This warning can be ignored when running in bare mode.
2026-10-06 11:14:00.937 Thread 'MainThread': missing ScriptRunContext! This warning can be ignored when running in bare mode.
2026-10-06 11:14:00.937 Thread 'MainThread': missing ScriptRunContext! This warning can be ignored when running in bare mode.
2026-10-06 11:14:01.283 Thread 'MainThread': missing ScriptRunContext! This warning can be ignored when running in bare mode.
Source Atlas rejected reason=atlas_version: unsupported
.2026-10-06 11:14:03.401 Thread 'MainThread': missing ScriptRunContext! This warning can be ignored when running in bare mode.
2026-10-06 11:14:03.444 Thread 'MainThread': missing ScriptRunContext! This warning can be ignored when running in bare mode.
2026-10-06 11:14:03.444 Thread 'MainThread': missing ScriptRunContext! This warning can be ignored when running in bare mode.
2026-10-06 11:14:03.444 Thread 'MainThread': missing ScriptRunContext! This warning can be ignored when running in bare mode.
2026-10-06 11:14:03.448 Thread 'MainThread': missing ScriptRunContext! This warning can be ignored when running in bare mode.
2026-10-06 11:14:03.448 Thread 'MainThread': missing ScriptRunContext! This warning can be ignored when running in bare mode.
2026-10-06 11:14:03.448 Thread 'MainThread': missing ScriptRunContext! This warning can be ignored when running in bare mode.
2026-10-06 11:14:03.808 Thread 'MainThread': missing ScriptRunContext! This warning can be ignored when running in bare mode.
2026-10-06 11:14:06.043 Please replace `use_container_width` with `width`.

`use_container_width` will be removed after 2025-12-31.

For `use_container_width=True`, use `width='stretch'`. For `use_container_width=False`, use `width='content'`.
2026-10-06 11:14:06.495 Please replace `use_container_width` with `width`.

`use_container_width` will be removed after 2025-12-31.

For `use_container_width=True`, use `width='stretch'`. For `use_container_width=False`, use `width='content'`.
.2026-10-06 11:14:07.304 Thread 'MainThread': missing ScriptRunContext! This warning can be ignored when running in bare mode.
2026-10-06 11:14:07.342 Thread 'MainThread': missing ScriptRunContext! This warning can be ignored when running in bare mode.
2026-10-06 11:14:07.342 Thread 'MainThread': missing ScriptRunContext! This warning can be ignored when running in bare mode.
2026-10-06 11:14:07.342 Thread 'MainThread': missing ScriptRunContext! This warning can be ignored when running in bare mode.
2026-10-06 11:14:07.346 Thread 'MainThread': missing ScriptRunContext! This warning can be ignored when running in bare mode.
2026-10-06 11:14:07.346 Thread 'MainThread': missing ScriptRunContext! This warning can be ignored when running in bare mode.
2026-10-06 11:14:07.346 Thread 'MainThread': missing ScriptRunContext! This warning can be ignored when running in bare mode.
2026-10-06 11:14:07.651 Thread 'MainThread': missing ScriptRunContext! This warning can be ignored when running in bare mode.
2026-10-06 11:14:07.651 Thread 'MainThread': missing ScriptRunContext! This warning can be ignored when running in bare mode.
.2026-10-06 11:14:08.515 Thread 'MainThread': missing ScriptRunContext! This warning can be ignored when running in bare mode.
2026-10-06 11:14:08.547 Thread 'MainThread': missing ScriptRunContext! This warning can be ignored when running in bare mode.
2026-10-06 11:14:08.547 Thread 'MainThread': missing ScriptRunContext! This warning can be ignored when running in bare mode.
2026-10-06 11:14:08.547 Thread 'MainThread': missing ScriptRunContext! This warning can be ignored when running in bare mode.
2026-10-06 11:14:08.550 Thread 'MainThread': missing ScriptRunContext! This warning can be ignored when running in bare mode.
2026-10-06 11:14:08.550 Thread 'MainThread': missing ScriptRunContext! This warning can be ignored when running in bare mode.
2026-10-06 11:14:08.550 Thread 'MainThread': missing ScriptRunContext! This warning can be ignored when running in bare mode.
2026-10-06 11:14:08.827 Thread 'MainThread': missing ScriptRunContext! This warning can be ignored when running in bare mode.
2026-10-06 11:14:08.827 Thread 'MainThread': missing ScriptRunContext! This warning can be ignored when running in bare mode.
2026-10-06 11:14:11.486 Thread 'MainThread': missing ScriptRunContext! This warning can be ignored when running in bare mode.
2026-10-06 11:14:12.632 Please replace `use_container_width` with `width`.

`use_container_width` will be removed after 2025-12-31.

For `use_container_width=True`, use `width='stretch'`. For `use_container_width=False`, use `width='content'`.
2026-10-06 11:14:13.013 Please replace `use_container_width` with `width`.

`use_container_width` will be removed after 2025-12-31.

For `use_container_width=True`, use `width='stretch'`. For `use_container_width=False`, use `width='content'`.
...2026-10-06 11:14:13.792 Thread 'MainThread': missing ScriptRunContext! This warning can be ignored when running in bare mode.
2026-10-06 11:14:13.792 Thread 'MainThread': missing ScriptRunContext! This warning can be ignored when running in bare mode.
2026-10-06 11:14:14.514 Thread 'MainThread': missing ScriptRunContext! This warning can be ignored when running in bare mode.
2026-10-06 11:14:14.515 Thread 'MainThread': missing ScriptRunContext! This warning can be ignored when running in bare mode.
.2026-10-06 11:14:14.623 Thread 'MainThread': missing ScriptRunContext! This warning can be ignored when running in bare mode.
2026-10-06 11:14:14.624 Thread 'MainThread': missing ScriptRunContext! This warning can be ignored when running in bare mode.
2026-10-06 11:14:15.269 Thread 'MainThread': missing ScriptRunContext! This warning can be ignored when running in bare mode.
2026-10-06 11:14:15.269 Thread 'MainThread': missing ScriptRunContext! This warning can be ignored when running in bare mode.
.2026-10-06 11:14:15.379 Thread 'MainThread': missing ScriptRunContext! This warning can be ignored when running in bare mode.
2026-10-06 11:14:15.380 Thread 'MainThread': missing ScriptRunContext! This warning can be ignored when running in bare mode.
.2026-10-06 11:14:16.077 Thread 'MainThread': missing ScriptRunContext! This warning can be ignored when running in bare mode.
2026-10-06 11:14:16.077 Thread 'MainThread': missing ScriptRunContext! This warning can be ignored when running in bare mode.
2026-10-06 11:14:16.648 Thread 'MainThread': missing ScriptRunContext! This warning can be ignored when running in bare mode.
2026-10-06 11:14:16.648 Thread 'MainThread': missing ScriptRunContext! This warning can be ignored when running in bare mode.
.2026-10-06 11:14:16.980 Thread 'MainThread': missing ScriptRunContext! This warning can be ignored when running in bare mode.
2026-10-06 11:14:16.980 Thread 'MainThread': missing ScriptRunContext! This warning can be ignored when running in bare mode.
.2026-10-06 11:14:17.880 Thread 'MainThread': missing ScriptRunContext! This warning can be ignored when running in bare mode.
2026-10-06 11:14:17.880 Thread 'MainThread': missing ScriptRunContext! This warning can be ignored when running in bare mode.
2026-10-06 11:14:18.510 Thread 'MainThread': missing ScriptRunContext! This warning can be ignored when running in bare mode.
2026-10-06 11:14:18.510 Thread 'MainThread': missing ScriptRunContext! This warning can be ignored when running in bare mode.
.2026-10-06 11:14:18.569 Thread 'MainThread': missing ScriptRunContext! This warning can be ignored when running in bare mode.
2026-10-06 11:14:18.608 Thread 'MainThread': missing ScriptRunContext! This warning can be ignored when running in bare mode.
2026-10-06 11:14:18.608 Thread 'MainThread': missing ScriptRunContext! This warning can be ignored when running in bare mode.
2026-10-06 11:14:18.609 Thread 'MainThread': missing ScriptRunContext! This warning can be ignored when running in bare mode.
2026-10-06 11:14:18.611 Thread 'MainThread': missing ScriptRunContext! This warning can be ignored when running in bare mode.
2026-10-06 11:14:18.611 Thread 'MainThread': missing ScriptRunContext! This warning can be ignored when running in bare mode.
2026-10-06 11:14:18.611 Thread 'MainThread': missing ScriptRunContext! This warning can be ignored when running in bare mode.
2026-10-06 11:14:18.877 Thread 'MainThread': missing ScriptRunContext! This warning can be ignored when running in bare mode.
2026-10-06 11:14:18.877 Thread 'MainThread': missing ScriptRunContext! This warning can be ignored when running in bare mode.
.2026-10-06 11:14:20.030 Thread 'MainThread': missing ScriptRunContext! This warning can be ignored when running in bare mode.
2026-10-06 11:14:20.064 Thread 'MainThread': missing ScriptRunContext! This warning can be ignored when running in bare mode.
2026-10-06 11:14:20.065 Thread 'MainThread': missing ScriptRunContext! This warning can be ignored when running in bare mode.
2026-10-06 11:14:20.065 Thread 'MainThread': missing ScriptRunContext! This warning can be ignored when running in bare mode.
2026-10-06 11:14:20.067 Thread 'MainThread': missing ScriptRunContext! This warning can be ignored when running in bare mode.
2026-10-06 11:14:20.067 Thread 'MainThread': missing ScriptRunContext! This warning can be ignored when running in bare mode.
2026-10-06 11:14:20.067 Thread 'MainThread': missing ScriptRunContext! This warning can be ignored when running in bare mode.
2026-10-06 11:14:20.338 Thread 'MainThread': missing ScriptRunContext! This warning can be ignored when running in bare mode.
.2026-10-06 11:14:21.285 Thread 'MainThread': missing ScriptRunContext! This warning can be ignored when running in bare mode.
2026-10-06 11:14:21.315 Thread 'MainThread': missing ScriptRunContext! This warning can be ignored when running in bare mode.
2026-10-06 11:14:21.316 Thread 'MainThread': missing ScriptRunContext! This warning can be ignored when running in bare mode.
2026-10-06 11:14:21.316 Thread 'MainThread': missing ScriptRunContext! This warning can be ignored when running in bare mode.
2026-10-06 11:14:21.318 Thread 'MainThread': missing ScriptRunContext! This warning can be ignored when running in bare mode.
2026-10-06 11:14:21.319 Thread 'MainThread': missing ScriptRunContext! This warning can be ignored when running in bare mode.
2026-10-06 11:14:21.319 Thread 'MainThread': missing ScriptRunContext! This warning can be ignored when running in bare mode.
2026-10-06 11:14:21.605 Thread 'MainThread': missing ScriptRunContext! This warning can be ignored when running in bare mode.
2026-10-06 11:14:23.762 Please replace `use_container_width` with `width`.

`use_container_width` will be removed after 2025-12-31.

For `use_container_width=True`, use `width='stretch'`. For `use_container_width=False`, use `width='content'`.
2026-10-06 11:14:24.135 Please replace `use_container_width` with `width`.

`use_container_width` will be removed after 2025-12-31.

For `use_container_width=True`, use `width='stretch'`. For `use_container_width=False`, use `width='content'`.
.2026-10-06 11:14:24.442 Thread 'MainThread': missing ScriptRunContext! This warning can be ignored when running in bare mode.
2026-10-06 11:14:24.482 Thread 'MainThread': missing ScriptRunContext! This warning can be ignored when running in bare mode.
2026-10-06 11:14:24.482 Thread 'MainThread': missing ScriptRunContext! This warning can be ignored when running in bare mode.
2026-10-06 11:14:24.482 Thread 'MainThread': missing ScriptRunContext! This warning can be ignored when running in bare mode.
2026-10-06 11:14:24.484 Thread 'MainThread': missing ScriptRunContext! This warning can be ignored when running in bare mode.
2026-10-06 11:14:24.485 Thread 'MainThread': missing ScriptRunContext! This warning can be ignored when running in bare mode.
2026-10-06 11:14:24.485 Thread 'MainThread': missing ScriptRunContext! This warning can be ignored when running in bare mode.
2026-10-06 11:14:24.814 Thread 'MainThread': missing ScriptRunContext! This warning can be ignored when running in bare mode.
Local document UI structure_available=False parser_available=True requested_pages=[1, 2] reason=ValueError
..........Local document adapter rejected counts={'requested_pages': [], 'parsed_pages': [], 'chars': {}, 'regions_produced': 0, 'normalized_regions': 0} reason=document: selected pages
Local document adapter rejected counts={'requested_pages': [], 'parsed_pages': [], 'chars': {}, 'regions_produced': 0, 'normalized_regions': 0} reason=document: selected pages
Local document adapter rejected counts={'requested_pages': [], 'parsed_pages': [], 'chars': {}, 'regions_produced': 0, 'normalized_regions': 0} reason=document: selected pages
Local document adapter rejected counts={'requested_pages': [], 'parsed_pages': [], 'chars': {}, 'regions_produced': 0, 'normalized_regions': 0} reason=document: selected pages
Local document adapter rejected counts={'requested_pages': [], 'parsed_pages': [], 'chars': {}, 'regions_produced': 0, 'normalized_regions': 0} reason=document: selected pages
Local document adapter rejected counts={'requested_pages': [3], 'parsed_pages': [], 'chars': {}, 'regions_produced': 0, 'normalized_regions': 0} reason=document: page outside PDF
...Local document adapter rejected counts={'requested_pages': [1], 'parsed_pages': [1], 'chars': {1: 125}, 'regions_produced': 21, 'normalized_regions': 0} reason=document: native box
.....Local document adapter rejected counts={'requested_pages': [1], 'parsed_pages': [1], 'chars': {1: 17}, 'regions_produced': 1, 'normalized_regions': 0} reason=document: invalid region fields: regions[0].plain_text
Local document adapter rejected counts={'requested_pages': [1], 'parsed_pages': [1], 'chars': {1: 21}, 'regions_produced': 1, 'normalized_regions': 0} reason=document: invalid region fields: regions[0].plain_text
.2026-10-06 11:14:28.945 Thread 'MainThread': missing ScriptRunContext! This warning can be ignored when running in bare mode.
2026-10-06 11:14:28.980 Thread 'MainThread': missing ScriptRunContext! This warning can be ignored when running in bare mode.
2026-10-06 11:14:28.980 Thread 'MainThread': missing ScriptRunContext! This warning can be ignored when running in bare mode.
2026-10-06 11:14:28.980 Thread 'MainThread': missing ScriptRunContext! This warning can be ignored when running in bare mode.
2026-10-06 11:14:28.983 Thread 'MainThread': missing ScriptRunContext! This warning can be ignored when running in bare mode.
2026-10-06 11:14:28.983 Thread 'MainThread': missing ScriptRunContext! This warning can be ignored when running in bare mode.
2026-10-06 11:14:28.984 Thread 'MainThread': missing ScriptRunContext! This warning can be ignored when running in bare mode.
2026-10-06 11:14:29.254 Thread 'MainThread': missing ScriptRunContext! This warning can be ignored when running in bare mode.
2026-10-06 11:14:29.254 Thread 'MainThread': missing ScriptRunContext! This warning can be ignored when running in bare mode.
2026-10-06 11:14:29.259 Thread 'MainThread': missing ScriptRunContext! This warning can be ignored when running in bare mode.
2026-10-06 11:14:29.392 Thread 'MainThread': missing ScriptRunContext! This warning can be ignored when running in bare mode.
2026-10-06 11:14:29.392 Thread 'MainThread': missing ScriptRunContext! This warning can be ignored when running in bare mode.
Local document UI structure_available=False parser_available=True requested_pages=[1] reason=document: no native text regions (no OCR)
.2026-10-06 11:14:30.556 Thread 'MainThread': missing ScriptRunContext! This warning can be ignored when running in bare mode.
2026-10-06 11:14:30.588 Thread 'MainThread': missing ScriptRunContext! This warning can be ignored when running in bare mode.
2026-10-06 11:14:30.588 Thread 'MainThread': missing ScriptRunContext! This warning can be ignored when running in bare mode.
2026-10-06 11:14:30.588 Thread 'MainThread': missing ScriptRunContext! This warning can be ignored when running in bare mode.
2026-10-06 11:14:30.590 Thread 'MainThread': missing ScriptRunContext! This warning can be ignored when running in bare mode.
2026-10-06 11:14:30.590 Thread 'MainThread': missing ScriptRunContext! This warning can be ignored when running in bare mode.
2026-10-06 11:14:30.590 Thread 'MainThread': missing ScriptRunContext! This warning can be ignored when running in bare mode.
2026-10-06 11:14:30.830 Thread 'MainThread': missing ScriptRunContext! This warning can be ignored when running in bare mode.
2026-10-06 11:14:30.830 Thread 'MainThread': missing ScriptRunContext! This warning can be ignored when running in bare mode.
2026-10-06 11:14:30.835 Thread 'MainThread': missing ScriptRunContext! This warning can be ignored when running in bare mode.
.2026-10-06 11:14:32.450 Thread 'MainThread': missing ScriptRunContext! This warning can be ignored when running in bare mode.
2026-10-06 11:14:32.493 Thread 'MainThread': missing ScriptRunContext! This warning can be ignored when running in bare mode.
2026-10-06 11:14:32.493 Thread 'MainThread': missing ScriptRunContext! This warning can be ignored when running in bare mode.
2026-10-06 11:14:32.493 Thread 'MainThread': missing ScriptRunContext! This warning can be ignored when running in bare mode.
2026-10-06 11:14:32.496 Thread 'MainThread': missing ScriptRunContext! This warning can be ignored when running in bare mode.
2026-10-06 11:14:32.496 Thread 'MainThread': missing ScriptRunContext! This warning can be ignored when running in bare mode.
2026-10-06 11:14:32.496 Thread 'MainThread': missing ScriptRunContext! This warning can be ignored when running in bare mode.
2026-10-06 11:14:32.792 Thread 'MainThread': missing ScriptRunContext! This warning can be ignored when running in bare mode.
2026-10-06 11:14:32.793 Thread 'MainThread': missing ScriptRunContext! This warning can be ignored when running in bare mode.
2026-10-06 11:14:32.798 Thread 'MainThread': missing ScriptRunContext! This warning can be ignored when running in bare mode.
..2026-10-06 11:14:34.640 Thread 'MainThread': missing ScriptRunContext! This warning can be ignored when running in bare mode.
2026-10-06 11:14:34.672 Thread 'MainThread': missing ScriptRunContext! This warning can be ignored when running in bare mode.
2026-10-06 11:14:34.672 Thread 'MainThread': missing ScriptRunContext! This warning can be ignored when running in bare mode.
2026-10-06 11:14:34.672 Thread 'MainThread': missing ScriptRunContext! This warning can be ignored when running in bare mode.
2026-10-06 11:14:34.675 Thread 'MainThread': missing ScriptRunContext! This warning can be ignored when running in bare mode.
2026-10-06 11:14:34.675 Thread 'MainThread': missing ScriptRunContext! This warning can be ignored when running in bare mode.
2026-10-06 11:14:34.676 Thread 'MainThread': missing ScriptRunContext! This warning can be ignored when running in bare mode.
2026-10-06 11:14:34.956 Thread 'MainThread': missing ScriptRunContext! This warning can be ignored when running in bare mode.
2026-10-06 11:14:34.956 Thread 'MainThread': missing ScriptRunContext! This warning can be ignored when running in bare mode.
2026-10-06 11:14:34.961 Thread 'MainThread': missing ScriptRunContext! This warning can be ignored when running in bare mode.
..2026-10-06 11:14:37.575 Thread 'MainThread': missing ScriptRunContext! This warning can be ignored when running in bare mode.
2026-10-06 11:14:37.575 Thread 'MainThread': missing ScriptRunContext! This warning can be ignored when running in bare mode.
2026-10-06 11:14:37.575 Thread 'MainThread': missing ScriptRunContext! This warning can be ignored when running in bare mode.
2026-10-06 11:14:37.575 Thread 'MainThread': missing ScriptRunContext! This warning can be ignored when running in bare mode.
2026-10-06 11:14:37.575 Thread 'MainThread': missing ScriptRunContext! This warning can be ignored when running in bare mode.
2026-10-06 11:14:37.575 Thread 'MainThread': missing ScriptRunContext! This warning can be ignored when running in bare mode.
.2026-10-06 11:14:39.890 Thread 'MainThread': missing ScriptRunContext! This warning can be ignored when running in bare mode.
2026-10-06 11:14:39.890 Thread 'MainThread': missing ScriptRunContext! This warning can be ignored when running in bare mode.
2026-10-06 11:14:39.891 Thread 'MainThread': missing ScriptRunContext! This warning can be ignored when running in bare mode.
2026-10-06 11:14:39.891 Thread 'MainThread': missing ScriptRunContext! This warning can be ignored when running in bare mode.
2026-10-06 11:14:39.891 Thread 'MainThread': missing ScriptRunContext! This warning can be ignored when running in bare mode.
2026-10-06 11:14:39.891 Thread 'MainThread': missing ScriptRunContext! This warning can be ignored when running in bare mode.
2026-10-06 11:14:41.355 Thread 'MainThread': missing ScriptRunContext! This warning can be ignored when running in bare mode.
.2026-10-06 11:14:41.662 Thread 'MainThread': missing ScriptRunContext! This warning can be ignored when running in bare mode.
2026-10-06 11:14:41.662 Thread 'MainThread': missing ScriptRunContext! This warning can be ignored when running in bare mode.
2026-10-06 11:14:41.662 Thread 'MainThread': missing ScriptRunContext! This warning can be ignored when running in bare mode.
2026-10-06 11:14:41.662 Thread 'MainThread': missing ScriptRunContext! This warning can be ignored when running in bare mode.
2026-10-06 11:14:41.662 Thread 'MainThread': missing ScriptRunContext! This warning can be ignored when running in bare mode.
2026-10-06 11:14:41.662 Thread 'MainThread': missing ScriptRunContext! This warning can be ignored when running in bare mode.
2026-10-06 11:14:41.834 Thread 'MainThread': missing ScriptRunContext! This warning can be ignored when running in bare mode.
2026-10-06 11:14:41.837 Thread 'MainThread': missing ScriptRunContext! This warning can be ignored when running in bare mode.
2026-10-06 11:14:41.837 Thread 'MainThread': missing ScriptRunContext! This warning can be ignored when running in bare mode.
2026-10-06 11:14:41.837 Thread 'MainThread': missing ScriptRunContext! This warning can be ignored when running in bare mode.
2026-10-06 11:14:41.838 Thread 'MainThread': missing ScriptRunContext! This warning can be ignored when running in bare mode.
2026-10-06 11:14:41.967 Thread 'MainThread': missing ScriptRunContext! This warning can be ignored when running in bare mode.
2026-10-06 11:14:41.967 Thread 'MainThread': missing ScriptRunContext! This warning can be ignored when running in bare mode.
Local document UI structure_available=False parser_available=True requested_pages=[1] reason=document: no native text regions (no OCR)
2026-10-06 11:14:43.655 Please replace `use_container_width` with `width`.

`use_container_width` will be removed after 2025-12-31.

For `use_container_width=True`, use `width='stretch'`. For `use_container_width=False`, use `width='content'`.
.2026-10-06 11:14:43.671 Thread 'MainThread': missing ScriptRunContext! This warning can be ignored when running in bare mode.
2026-10-06 11:14:43.671 Thread 'MainThread': missing ScriptRunContext! This warning can be ignored when running in bare mode.
2026-10-06 11:14:43.671 Thread 'MainThread': missing ScriptRunContext! This warning can be ignored when running in bare mode.
2026-10-06 11:14:43.671 Thread 'MainThread': missing ScriptRunContext! This warning can be ignored when running in bare mode.
2026-10-06 11:14:43.671 Thread 'MainThread': missing ScriptRunContext! This warning can be ignored when running in bare mode.
2026-10-06 11:14:43.671 Thread 'MainThread': missing ScriptRunContext! This warning can be ignored when running in bare mode.
2026-10-06 11:14:43.823 Thread 'MainThread': missing ScriptRunContext! This warning can be ignored when running in bare mode.
2026-10-06 11:14:43.825 Thread 'MainThread': missing ScriptRunContext! This warning can be ignored when running in bare mode.
2026-10-06 11:14:43.825 Thread 'MainThread': missing ScriptRunContext! This warning can be ignored when running in bare mode.
2026-10-06 11:14:43.825 Thread 'MainThread': missing ScriptRunContext! This warning can be ignored when running in bare mode.
2026-10-06 11:14:43.826 Thread 'MainThread': missing ScriptRunContext! This warning can be ignored when running in bare mode.
2026-10-06 11:14:43.826 Thread 'MainThread': missing ScriptRunContext! This warning can be ignored when running in bare mode.
2026-10-06 11:14:45.482 Please replace `use_container_width` with `width`.

`use_container_width` will be removed after 2025-12-31.

For `use_container_width=True`, use `width='stretch'`. For `use_container_width=False`, use `width='content'`.
.2026-10-06 11:14:45.520 Thread 'MainThread': missing ScriptRunContext! This warning can be ignored when running in bare mode.
2026-10-06 11:14:45.520 Thread 'MainThread': missing ScriptRunContext! This warning can be ignored when running in bare mode.
2026-10-06 11:14:45.520 Thread 'MainThread': missing ScriptRunContext! This warning can be ignored when running in bare mode.
2026-10-06 11:14:45.520 Thread 'MainThread': missing ScriptRunContext! This warning can be ignored when running in bare mode.
2026-10-06 11:14:45.521 Thread 'MainThread': missing ScriptRunContext! This warning can be ignored when running in bare mode.
2026-10-06 11:14:45.521 Thread 'MainThread': missing ScriptRunContext! This warning can be ignored when running in bare mode.
.2026-10-06 11:14:47.630 Thread 'MainThread': missing ScriptRunContext! This warning can be ignored when running in bare mode.
2026-10-06 11:14:47.630 Thread 'MainThread': missing ScriptRunContext! This warning can be ignored when running in bare mode.
2026-10-06 11:14:47.631 Thread 'MainThread': missing ScriptRunContext! This warning can be ignored when running in bare mode.
2026-10-06 11:14:47.631 Thread 'MainThread': missing ScriptRunContext! This warning can be ignored when running in bare mode.
2026-10-06 11:14:47.631 Thread 'MainThread': missing ScriptRunContext! This warning can be ignored when running in bare mode.
2026-10-06 11:14:47.631 Thread 'MainThread': missing ScriptRunContext! This warning can be ignored when running in bare mode.
.2026-10-06 11:14:50.294 Thread 'MainThread': missing ScriptRunContext! This warning can be ignored when running in bare mode.
2026-10-06 11:14:50.294 Thread 'MainThread': missing ScriptRunContext! This warning can be ignored when running in bare mode.
2026-10-06 11:14:50.294 Thread 'MainThread': missing ScriptRunContext! This warning can be ignored when running in bare mode.
2026-10-06 11:14:50.294 Thread 'MainThread': missing ScriptRunContext! This warning can be ignored when running in bare mode.
2026-10-06 11:14:50.294 Thread 'MainThread': missing ScriptRunContext! This warning can be ignored when running in bare mode.
2026-10-06 11:14:50.294 Thread 'MainThread': missing ScriptRunContext! This warning can be ignored when running in bare mode.
2026-10-06 11:14:50.295 Thread 'MainThread': missing ScriptRunContext! This warning can be ignored when running in bare mode.
2026-10-06 11:14:50.295 Thread 'MainThread': missing ScriptRunContext! This warning can be ignored when running in bare mode.
.2026-10-06 11:14:51.710 Thread 'MainThread': missing ScriptRunContext! This warning can be ignored when running in bare mode.
2026-10-06 11:14:51.710 Thread 'MainThread': missing ScriptRunContext! This warning can be ignored when running in bare mode.
2026-10-06 11:14:51.711 Thread 'MainThread': missing ScriptRunContext! This warning can be ignored when running in bare mode.
2026-10-06 11:14:51.711 Thread 'MainThread': missing ScriptRunContext! This warning can be ignored when running in bare mode.
2026-10-06 11:14:51.711 Thread 'MainThread': missing ScriptRunContext! This warning can be ignored when running in bare mode.
2026-10-06 11:14:51.711 Thread 'MainThread': missing ScriptRunContext! This warning can be ignored when running in bare mode.
2026-10-06 11:14:51.912 Thread 'MainThread': missing ScriptRunContext! This warning can be ignored when running in bare mode.
2026-10-06 11:14:51.914 Thread 'MainThread': missing ScriptRunContext! This warning can be ignored when running in bare mode.
2026-10-06 11:14:51.914 Thread 'MainThread': missing ScriptRunContext! This warning can be ignored when running in bare mode.
2026-10-06 11:14:51.915 Thread 'MainThread': missing ScriptRunContext! This warning can be ignored when running in bare mode.
2026-10-06 11:14:51.915 Thread 'MainThread': missing ScriptRunContext! This warning can be ignored when running in bare mode.
2026-10-06 11:14:54.080 Please replace `use_container_width` with `width`.

`use_container_width` will be removed after 2025-12-31.

For `use_container_width=True`, use `width='stretch'`. For `use_container_width=False`, use `width='content'`.
2026-10-06 11:14:54.465 Please replace `use_container_width` with `width`.

`use_container_width` will be removed after 2025-12-31.

For `use_container_width=True`, use `width='stretch'`. For `use_container_width=False`, use `width='content'`.
.2026-10-06 11:14:55.160 Thread 'MainThread': missing ScriptRunContext! This warning can be ignored when running in bare mode.
2026-10-06 11:14:55.160 Thread 'MainThread': missing ScriptRunContext! This warning can be ignored when running in bare mode.
2026-10-06 11:14:55.160 Thread 'MainThread': missing ScriptRunContext! This warning can be ignored when running in bare mode.
2026-10-06 11:14:55.161 Thread 'MainThread': missing ScriptRunContext! This warning can be ignored when running in bare mode.
2026-10-06 11:14:55.161 Thread 'MainThread': missing ScriptRunContext! This warning can be ignored when running in bare mode.
2026-10-06 11:14:55.161 Thread 'MainThread': missing ScriptRunContext! This warning can be ignored when running in bare mode.
2026-10-06 11:14:55.343 Thread 'MainThread': missing ScriptRunContext! This warning can be ignored when running in bare mode.
2026-10-06 11:14:55.345 Thread 'MainThread': missing ScriptRunContext! This warning can be ignored when running in bare mode.
2026-10-06 11:14:55.346 Thread 'MainThread': missing ScriptRunContext! This warning can be ignored when running in bare mode.
2026-10-06 11:14:55.346 Thread 'MainThread': missing ScriptRunContext! This warning can be ignored when running in bare mode.
2026-10-06 11:14:55.346 Thread 'MainThread': missing ScriptRunContext! This warning can be ignored when running in bare mode.
2026-10-06 11:14:56.565 Please replace `use_container_width` with `width`.

`use_container_width` will be removed after 2025-12-31.

For `use_container_width=True`, use `width='stretch'`. For `use_container_width=False`, use `width='content'`.
2026-10-06 11:14:56.876 Please replace `use_container_width` with `width`.

`use_container_width` will be removed after 2025-12-31.

For `use_container_width=True`, use `width='stretch'`. For `use_container_width=False`, use `width='content'`.
2026-10-06 11:14:57.775 Please replace `use_container_width` with `width`.

`use_container_width` will be removed after 2025-12-31.

For `use_container_width=True`, use `width='stretch'`. For `use_container_width=False`, use `width='content'`.
.2026-10-06 11:14:57.798 Thread 'MainThread': missing ScriptRunContext! This warning can be ignored when running in bare mode.
2026-10-06 11:14:57.798 Thread 'MainThread': missing ScriptRunContext! This warning can be ignored when running in bare mode.
2026-10-06 11:14:57.798 Thread 'MainThread': missing ScriptRunContext! This warning can be ignored when running in bare mode.
2026-10-06 11:14:57.798 Thread 'MainThread': missing ScriptRunContext! This warning can be ignored when running in bare mode.
2026-10-06 11:14:57.798 Thread 'MainThread': missing ScriptRunContext! This warning can be ignored when running in bare mode.
2026-10-06 11:14:57.798 Thread 'MainThread': missing ScriptRunContext! This warning can be ignored when running in bare mode.
2026-10-06 11:14:57.985 Thread 'MainThread': missing ScriptRunContext! This warning can be ignored when running in bare mode.
2026-10-06 11:14:57.988 Thread 'MainThread': missing ScriptRunContext! This warning can be ignored when running in bare mode.
2026-10-06 11:14:57.988 Thread 'MainThread': missing ScriptRunContext! This warning can be ignored when running in bare mode.
2026-10-06 11:14:57.989 Thread 'MainThread': missing ScriptRunContext! This warning can be ignored when running in bare mode.
2026-10-06 11:14:57.989 Thread 'MainThread': missing ScriptRunContext! This warning can be ignored when running in bare mode.
2026-10-06 11:15:00.255 Please replace `use_container_width` with `width`.

`use_container_width` will be removed after 2025-12-31.

For `use_container_width=True`, use `width='stretch'`. For `use_container_width=False`, use `width='content'`.
.2026-10-06 11:15:00.766 Thread 'MainThread': missing ScriptRunContext! This warning can be ignored when running in bare mode.
2026-10-06 11:15:00.766 Thread 'MainThread': missing ScriptRunContext! This warning can be ignored when running in bare mode.
2026-10-06 11:15:00.766 Thread 'MainThread': missing ScriptRunContext! This warning can be ignored when running in bare mode.
2026-10-06 11:15:00.766 Thread 'MainThread': missing ScriptRunContext! This warning can be ignored when running in bare mode.
2026-10-06 11:15:00.766 Thread 'MainThread': missing ScriptRunContext! This warning can be ignored when running in bare mode.
2026-10-06 11:15:00.766 Thread 'MainThread': missing ScriptRunContext! This warning can be ignored when running in bare mode.
2026-10-06 11:15:00.810 Thread 'MainThread': missing ScriptRunContext! This warning can be ignored when running in bare mode.
2026-10-06 11:15:00.810 Thread 'MainThread': missing ScriptRunContext! This warning can be ignored when running in bare mode.
2026-10-06 11:15:00.810 Thread 'MainThread': missing ScriptRunContext! This warning can be ignored when running in bare mode.
2026-10-06 11:15:00.811 Thread 'MainThread': missing ScriptRunContext! This warning can be ignored when running in bare mode.
................2026-10-06 11:15:04.906 Thread 'MainThread': missing ScriptRunContext! This warning can be ignored when running in bare mode.
2026-10-06 11:15:04.906 Thread 'MainThread': missing ScriptRunContext! This warning can be ignored when running in bare mode.
2026-10-06 11:15:04.906 Thread 'MainThread': missing ScriptRunContext! This warning can be ignored when running in bare mode.
2026-10-06 11:15:04.906 Thread 'MainThread': missing ScriptRunContext! This warning can be ignored when running in bare mode.
2026-10-06 11:15:04.906 Thread 'MainThread': missing ScriptRunContext! This warning can be ignored when running in bare mode.
2026-10-06 11:15:04.907 Thread 'MainThread': missing ScriptRunContext! This warning can be ignored when running in bare mode.
2026-10-06 11:15:04.907 Thread 'MainThread': missing ScriptRunContext! This warning can be ignored when running in bare mode.
2026-10-06 11:15:04.907 Thread 'MainThread': missing ScriptRunContext! This warning can be ignored when running in bare mode.
.2026-10-06 11:15:07.623 Thread 'MainThread': missing ScriptRunContext! This warning can be ignored when running in bare mode.
2026-10-06 11:15:07.623 Thread 'MainThread': missing ScriptRunContext! This warning can be ignored when running in bare mode.
2026-10-06 11:15:07.623 Thread 'MainThread': missing ScriptRunContext! This warning can be ignored when running in bare mode.
2026-10-06 11:15:07.623 Thread 'MainThread': missing ScriptRunContext! This warning can be ignored when running in bare mode.
2026-10-06 11:15:07.623 Thread 'MainThread': missing ScriptRunContext! This warning can be ignored when running in bare mode.
2026-10-06 11:15:07.623 Thread 'MainThread': missing ScriptRunContext! This warning can be ignored when running in bare mode.
2026-10-06 11:15:07.623 Thread 'MainThread': missing ScriptRunContext! This warning can be ignored when running in bare mode.
.2026-10-06 11:15:08.360 Thread 'MainThread': missing ScriptRunContext! This warning can be ignored when running in bare mode.
2026-10-06 11:15:08.360 Thread 'MainThread': missing ScriptRunContext! This warning can be ignored when running in bare mode.
2026-10-06 11:15:08.360 Thread 'MainThread': missing ScriptRunContext! This warning can be ignored when running in bare mode.
2026-10-06 11:15:08.360 Thread 'MainThread': missing ScriptRunContext! This warning can be ignored when running in bare mode.
2026-10-06 11:15:08.360 Thread 'MainThread': missing ScriptRunContext! This warning can be ignored when running in bare mode.
2026-10-06 11:15:08.360 Thread 'MainThread': missing ScriptRunContext! This warning can be ignored when running in bare mode.
2026-10-06 11:15:08.360 Thread 'MainThread': missing ScriptRunContext! This warning can be ignored when running in bare mode.
2026-10-06 11:15:08.392 Thread 'MainThread': missing ScriptRunContext! This warning can be ignored when running in bare mode.
2026-10-06 11:15:08.392 Thread 'MainThread': missing ScriptRunContext! This warning can be ignored when running in bare mode.
2026-10-06 11:15:08.392 Thread 'MainThread': missing ScriptRunContext! This warning can be ignored when running in bare mode.
2026-10-06 11:15:08.392 Thread 'MainThread': missing ScriptRunContext! This warning can be ignored when running in bare mode.
.2026-10-06 11:15:10.139 Thread 'MainThread': missing ScriptRunContext! This warning can be ignored when running in bare mode.
2026-10-06 11:15:10.139 Thread 'MainThread': missing ScriptRunContext! This warning can be ignored when running in bare mode.
2026-10-06 11:15:10.139 Thread 'MainThread': missing ScriptRunContext! This warning can be ignored when running in bare mode.
2026-10-06 11:15:10.139 Thread 'MainThread': missing ScriptRunContext! This warning can be ignored when running in bare mode.
2026-10-06 11:15:10.139 Thread 'MainThread': missing ScriptRunContext! This warning can be ignored when running in bare mode.
2026-10-06 11:15:10.139 Thread 'MainThread': missing ScriptRunContext! This warning can be ignored when running in bare mode.
2026-10-06 11:15:10.139 Thread 'MainThread': missing ScriptRunContext! This warning can be ignored when running in bare mode.
.2026-10-06 11:15:12.440 Thread 'MainThread': missing ScriptRunContext! This warning can be ignored when running in bare mode.
2026-10-06 11:15:12.440 Thread 'MainThread': missing ScriptRunContext! This warning can be ignored when running in bare mode.
2026-10-06 11:15:12.440 Thread 'MainThread': missing ScriptRunContext! This warning can be ignored when running in bare mode.
2026-10-06 11:15:12.440 Thread 'MainThread': missing ScriptRunContext! This warning can be ignored when running in bare mode.
2026-10-06 11:15:12.440 Thread 'MainThread': missing ScriptRunContext! This warning can be ignored when running in bare mode.
2026-10-06 11:15:12.440 Thread 'MainThread': missing ScriptRunContext! This warning can be ignored when running in bare mode.
2026-10-06 11:15:12.440 Thread 'MainThread': missing ScriptRunContext! This warning can be ignored when running in bare mode.
..Learning representation rejected stage=request code=external_failure path=$
..Learning representation rejected stage=response code=incomplete path=$
Learning representation rejected stage=response code=response_bound path=$
Learning representation rejected stage=normalize code=fields path=$
Learning representation rejected stage=response code=refusal path=$
...................Learning representation rejected stage=request code=external_failure path=$
..Learning representation rejected stage=normalize code=reference path=$.process.collections[0].semantic_id
....2026-10-06 11:15:14.555 Thread 'MainThread': missing ScriptRunContext! This warning can be ignored when running in bare mode.
.2026-10-06 11:15:17.850 Thread 'MainThread': missing ScriptRunContext! This warning can be ignored when running in bare mode.
2026-10-06 11:15:17.851 Thread 'MainThread': missing ScriptRunContext! This warning can be ignored when running in bare mode.
2026-10-06 11:15:17.851 Thread 'MainThread': missing ScriptRunContext! This warning can be ignored when running in bare mode.
2026-10-06 11:15:17.851 Thread 'MainThread': missing ScriptRunContext! This warning can be ignored when running in bare mode.
2026-10-06 11:15:17.851 Thread 'MainThread': missing ScriptRunContext! This warning can be ignored when running in bare mode.
2026-10-06 11:15:17.851 Thread 'MainThread': missing ScriptRunContext! This warning can be ignored when running in bare mode.
Learning representation rejected stage=normalize code=reference path=$
...............2026-10-06 11:15:23.443 Thread 'MainThread': missing ScriptRunContext! This warning can be ignored when running in bare mode.
2026-10-06 11:15:23.443 Thread 'MainThread': missing ScriptRunContext! This warning can be ignored when running in bare mode.
2026-10-06 11:15:23.443 Thread 'MainThread': missing ScriptRunContext! This warning can be ignored when running in bare mode.
2026-10-06 11:15:23.443 Thread 'MainThread': missing ScriptRunContext! This warning can be ignored when running in bare mode.
2026-10-06 11:15:23.443 Thread 'MainThread': missing ScriptRunContext! This warning can be ignored when running in bare mode.
2026-10-06 11:15:23.443 Thread 'MainThread': missing ScriptRunContext! This warning can be ignored when running in bare mode.
2026-10-06 11:15:23.443 Thread 'MainThread': missing ScriptRunContext! This warning can be ignored when running in bare mode.
2026-10-06 11:15:23.443 Thread 'MainThread': missing ScriptRunContext! This warning can be ignored when running in bare mode.
2026-10-06 11:15:25.263 Please replace `use_container_width` with `width`.

`use_container_width` will be removed after 2025-12-31.

For `use_container_width=True`, use `width='stretch'`. For `use_container_width=False`, use `width='content'`.
2026-10-06 11:15:25.665 Please replace `use_container_width` with `width`.

`use_container_width` will be removed after 2025-12-31.

For `use_container_width=True`, use `width='stretch'`. For `use_container_width=False`, use `width='content'`.
2026-10-06 11:15:28.208 Please replace `use_container_width` with `width`.

`use_container_width` will be removed after 2025-12-31.

For `use_container_width=True`, use `width='stretch'`. For `use_container_width=False`, use `width='content'`.
.2026-10-06 11:15:28.249 Thread 'MainThread': missing ScriptRunContext! This warning can be ignored when running in bare mode.
2026-10-06 11:15:28.249 Thread 'MainThread': missing ScriptRunContext! This warning can be ignored when running in bare mode.
2026-10-06 11:15:28.250 Thread 'MainThread': missing ScriptRunContext! This warning can be ignored when running in bare mode.
2026-10-06 11:15:28.250 Thread 'MainThread': missing ScriptRunContext! This warning can be ignored when running in bare mode.
2026-10-06 11:15:28.250 Thread 'MainThread': missing ScriptRunContext! This warning can be ignored when running in bare mode.
2026-10-06 11:15:28.250 Thread 'MainThread': missing ScriptRunContext! This warning can be ignored when running in bare mode.
2026-10-06 11:15:28.250 Thread 'MainThread': missing ScriptRunContext! This warning can be ignored when running in bare mode.
2026-10-06 11:15:28.250 Thread 'MainThread': missing ScriptRunContext! This warning can be ignored when running in bare mode.
2026-10-06 11:15:31.772 Please replace `use_container_width` with `width`.

`use_container_width` will be removed after 2025-12-31.

For `use_container_width=True`, use `width='stretch'`. For `use_container_width=False`, use `width='content'`.
2026-10-06 11:15:32.179 Please replace `use_container_width` with `width`.

`use_container_width` will be removed after 2025-12-31.

For `use_container_width=True`, use `width='stretch'`. For `use_container_width=False`, use `width='content'`.
2026-10-06 11:15:32.509 Please replace `use_container_width` with `width`.

`use_container_width` will be removed after 2025-12-31.

For `use_container_width=True`, use `width='stretch'`. For `use_container_width=False`, use `width='content'`.
.2026-10-06 11:15:32.558 Thread 'MainThread': missing ScriptRunContext! This warning can be ignored when running in bare mode.
2026-10-06 11:15:32.558 Thread 'MainThread': missing ScriptRunContext! This warning can be ignored when running in bare mode.
2026-10-06 11:15:32.558 Thread 'MainThread': missing ScriptRunContext! This warning can be ignored when running in bare mode.
2026-10-06 11:15:32.558 Thread 'MainThread': missing ScriptRunContext! This warning can be ignored when running in bare mode.
2026-10-06 11:15:32.558 Thread 'MainThread': missing ScriptRunContext! This warning can be ignored when running in bare mode.
2026-10-06 11:15:32.558 Thread 'MainThread': missing ScriptRunContext! This warning can be ignored when running in bare mode.
2026-10-06 11:15:32.559 Thread 'MainThread': missing ScriptRunContext! This warning can be ignored when running in bare mode.
2026-10-06 11:15:32.559 Thread 'MainThread': missing ScriptRunContext! This warning can be ignored when running in bare mode.
2026-10-06 11:15:32.559 Thread 'MainThread': missing ScriptRunContext! This warning can be ignored when running in bare mode.
2026-10-06 11:15:33.730 Please replace `use_container_width` with `width`.

`use_container_width` will be removed after 2025-12-31.

For `use_container_width=True`, use `width='stretch'`. For `use_container_width=False`, use `width='content'`.
2026-10-06 11:15:34.149 Please replace `use_container_width` with `width`.

`use_container_width` will be removed after 2025-12-31.

For `use_container_width=True`, use `width='stretch'`. For `use_container_width=False`, use `width='content'`.
2026-10-06 11:15:34.929 Please replace `use_container_width` with `width`.

`use_container_width` will be removed after 2025-12-31.

For `use_container_width=True`, use `width='stretch'`. For `use_container_width=False`, use `width='content'`.
.2026-10-06 11:15:34.955 Thread 'MainThread': missing ScriptRunContext! This warning can be ignored when running in bare mode.
2026-10-06 11:15:34.955 Thread 'MainThread': missing ScriptRunContext! This warning can be ignored when running in bare mode.
2026-10-06 11:15:34.955 Thread 'MainThread': missing ScriptRunContext! This warning can be ignored when running in bare mode.
2026-10-06 11:15:34.955 Thread 'MainThread': missing ScriptRunContext! This warning can be ignored when running in bare mode.
2026-10-06 11:15:34.955 Thread 'MainThread': missing ScriptRunContext! This warning can be ignored when running in bare mode.
2026-10-06 11:15:34.956 Thread 'MainThread': missing ScriptRunContext! This warning can be ignored when running in bare mode.
2026-10-06 11:15:34.956 Thread 'MainThread': missing ScriptRunContext! This warning can be ignored when running in bare mode.
2026-10-06 11:15:34.956 Thread 'MainThread': missing ScriptRunContext! This warning can be ignored when running in bare mode.
Learning representation rejected stage=normalize code=duplicate_runtime_id path=$.process.transitions[0].id
..........2026-10-06 11:15:38.241 Thread 'MainThread': missing ScriptRunContext! This warning can be ignored when running in bare mode.
2026-10-06 11:15:38.241 Thread 'MainThread': missing ScriptRunContext! This warning can be ignored when running in bare mode.
2026-10-06 11:15:39.376 The widget with key "product_language" was created with a default value but also had its value set via the Session State API.
Stack (most recent call last):
  File "C:\Users\88690\AppData\Local\Python\pythoncore-3.14-64\Lib\threading.py", line 1044, in _bootstrap
    self._bootstrap_inner()
  File "C:\Users\88690\AppData\Local\Python\pythoncore-3.14-64\Lib\threading.py", line 1082, in _bootstrap_inner
    self._context.run(self.run)
  File "C:\Users\88690\AppData\Local\Python\pythoncore-3.14-64\Lib\threading.py", line 1024, in run
    self._target(*self._args, **self._kwargs)
  File "C:\Users\88690\AppData\Local\Python\pythoncore-3.14-64\Lib\site-packages\streamlit\testing\v1\local_script_runner.py", line 144, in _run_script_thread
    super()._run_script_thread()
  File "C:\Users\88690\AppData\Local\Python\pythoncore-3.14-64\Lib\site-packages\streamlit\runtime\scriptrunner\script_runner.py", line 423, in _run_script_thread
    self._run_script(request.rerun_data)
  File "C:\Users\88690\AppData\Local\Python\pythoncore-3.14-64\Lib\site-packages\streamlit\runtime\scriptrunner\script_runner.py", line 934, in _run_script
    ) = exec_func_with_error_handling(code_to_exec, ctx)
  File "C:\Users\88690\AppData\Local\Python\pythoncore-3.14-64\Lib\site-packages\streamlit\runtime\scriptrunner\exec_code.py", line 136, in exec_func_with_error_handling
    result = func()
  File "C:\Users\88690\AppData\Local\Python\pythoncore-3.14-64\Lib\site-packages\streamlit\runtime\scriptrunner\script_runner.py", line 909, in code_to_exec
    exec(code, module.__dict__)  # noqa: S102
  File "C:\Users\88690\OneDrive\桌面\visual-learning-lab\tests\manual_day23.py", line 42, in <module>
    runpy.run_path(str(ROOT / "app.py"), run_name="__main__")
  File "<frozen runpy>", line 294, in run_path
  File "<frozen runpy>", line 98, in _run_module_code
  File "<frozen runpy>", line 88, in _run_code
  File "C:\Users\88690\OneDrive\桌面\visual-learning-lab\app.py", line 2788, in <module>
    render_header()
  File "C:\Users\88690\OneDrive\桌面\visual-learning-lab\presentation.py", line 55, in render_header
    st.selectbox("語言 / Language", options=list(LANGUAGE_NAMES),
  File "C:\Users\88690\AppData\Local\Python\pythoncore-3.14-64\Lib\site-packages\streamlit\runtime\metrics_util.py", line 725, in wrapped_func
    result = non_optional_func(*args, **kwargs)
  File "C:\Users\88690\AppData\Local\Python\pythoncore-3.14-64\Lib\site-packages\streamlit\elements\widgets\selectbox.py", line 636, in selectbox
    return self._selectbox(
  File "C:\Users\88690\AppData\Local\Python\pythoncore-3.14-64\Lib\site-packages\streamlit\elements\widgets\selectbox.py", line 685, in _selectbox
    check_widget_policies(
  File "C:\Users\88690\AppData\Local\Python\pythoncore-3.14-64\Lib\site-packages\streamlit\elements\lib\policies.py", line 146, in check_widget_policies
    check_session_state_rules(
  File "C:\Users\88690\AppData\Local\Python\pythoncore-3.14-64\Lib\site-packages\streamlit\elements\lib\policies.py", line 90, in check_session_state_rules
    _LOGGER.warning(
2026-10-06 11:15:39.563 Please replace `use_container_width` with `width`.

`use_container_width` will be removed after 2025-12-31.

For `use_container_width=True`, use `width='stretch'`. For `use_container_width=False`, use `width='content'`.
2026-10-06 11:15:39.597 Thread 'MainThread': missing ScriptRunContext! This warning can be ignored when running in bare mode.
2026-10-06 11:15:39.597 Thread 'MainThread': missing ScriptRunContext! This warning can be ignored when running in bare mode.
2026-10-06 11:15:40.861 Thread 'MainThread': missing ScriptRunContext! This warning can be ignored when running in bare mode.
2026-10-06 11:15:40.861 Thread 'MainThread': missing ScriptRunContext! This warning can be ignored when running in bare mode.
.................2026-10-06 11:15:44.608 Thread 'MainThread': missing ScriptRunContext! This warning can be ignored when running in bare mode.
2026-10-06 11:15:46.891 Please replace `use_container_width` with `width`.

`use_container_width` will be removed after 2025-12-31.

For `use_container_width=True`, use `width='stretch'`. For `use_container_width=False`, use `width='content'`.
.2026-10-06 11:15:46.936 Thread 'MainThread': missing ScriptRunContext! This warning can be ignored when running in bare mode.
2026-10-06 11:15:46.937 Thread 'MainThread': missing ScriptRunContext! This warning can be ignored when running in bare mode.
2026-10-06 11:15:46.937 Thread 'MainThread': missing ScriptRunContext! This warning can be ignored when running in bare mode.
2026-10-06 11:15:46.937 Thread 'MainThread': missing ScriptRunContext! This warning can be ignored when running in bare mode.
2026-10-06 11:15:46.937 Thread 'MainThread': missing ScriptRunContext! This warning can be ignored when running in bare mode.
2026-10-06 11:15:46.937 Thread 'MainThread': missing ScriptRunContext! This warning can be ignored when running in bare mode.
2026-10-06 11:15:46.937 Thread 'MainThread': missing ScriptRunContext! This warning can be ignored when running in bare mode.
2026-10-06 11:15:46.937 Thread 'MainThread': missing ScriptRunContext! This warning can be ignored when running in bare mode.
2026-10-06 11:15:46.937 Thread 'MainThread': missing ScriptRunContext! This warning can be ignored when running in bare mode.
2026-10-06 11:15:46.938 Thread 'MainThread': missing ScriptRunContext! This warning can be ignored when running in bare mode.
2026-10-06 11:15:46.938 Thread 'MainThread': missing ScriptRunContext! This warning can be ignored when running in bare mode.
2026-10-06 11:15:46.938 Thread 'MainThread': missing ScriptRunContext! This warning can be ignored when running in bare mode.
2026-10-06 11:15:46.939 Thread 'MainThread': missing ScriptRunContext! This warning can be ignored when running in bare mode.
2026-10-06 11:15:46.939 Thread 'MainThread': missing ScriptRunContext! This warning can be ignored when running in bare mode.
2026-10-06 11:15:46.939 Thread 'MainThread': missing ScriptRunContext! This warning can be ignored when running in bare mode.
2026-10-06 11:15:46.939 Thread 'MainThread': missing ScriptRunContext! This warning can be ignored when running in bare mode.
2026-10-06 11:15:46.939 Thread 'MainThread': missing ScriptRunContext! This warning can be ignored when running in bare mode.
2026-10-06 11:15:46.939 Thread 'MainThread': missing ScriptRunContext! This warning can be ignored when running in bare mode.
2026-10-06 11:15:46.940 Thread 'MainThread': missing ScriptRunContext! This warning can be ignored when running in bare mode.
2026-10-06 11:15:46.940 Thread 'MainThread': missing ScriptRunContext! This warning can be ignored when running in bare mode.
2026-10-06 11:15:46.940 Thread 'MainThread': missing ScriptRunContext! This warning can be ignored when running in bare mode.
2026-10-06 11:15:46.940 Thread 'MainThread': missing ScriptRunContext! This warning can be ignored when running in bare mode.
2026-10-06 11:15:46.940 Thread 'MainThread': missing ScriptRunContext! This warning can be ignored when running in bare mode.
2026-10-06 11:15:46.940 Thread 'MainThread': missing ScriptRunContext! This warning can be ignored when running in bare mode.
2026-10-06 11:15:46.941 Thread 'MainThread': missing ScriptRunContext! This warning can be ignored when running in bare mode.
2026-10-06 11:15:46.941 Thread 'MainThread': missing ScriptRunContext! This warning can be ignored when running in bare mode.
2026-10-06 11:15:46.941 Thread 'MainThread': missing ScriptRunContext! This warning can be ignored when running in bare mode.
2026-10-06 11:15:46.941 Thread 'MainThread': missing ScriptRunContext! This warning can be ignored when running in bare mode.
2026-10-06 11:15:46.942 Thread 'MainThread': missing ScriptRunContext! This warning can be ignored when running in bare mode.
2026-10-06 11:15:46.942 Thread 'MainThread': missing ScriptRunContext! This warning can be ignored when running in bare mode.
2026-10-06 11:15:46.942 Thread 'MainThread': missing ScriptRunContext! This warning can be ignored when running in bare mode.
2026-10-06 11:15:46.942 Thread 'MainThread': missing ScriptRunContext! This warning can be ignored when running in bare mode.
2026-10-06 11:15:46.942 Thread 'MainThread': missing ScriptRunContext! This warning can be ignored when running in bare mode.
2026-10-06 11:15:46.942 Thread 'MainThread': missing ScriptRunContext! This warning can be ignored when running in bare mode.
2026-10-06 11:15:46.943 Thread 'MainThread': missing ScriptRunContext! This warning can be ignored when running in bare mode.
2026-10-06 11:15:46.943 Thread 'MainThread': missing ScriptRunContext! This warning can be ignored when running in bare mode.
2026-10-06 11:15:46.943 Thread 'MainThread': missing ScriptRunContext! This warning can be ignored when running in bare mode.
2026-10-06 11:15:46.943 Thread 'MainThread': missing ScriptRunContext! This warning can be ignored when running in bare mode.
2026-10-06 11:15:46.943 Thread 'MainThread': missing ScriptRunContext! This warning can be ignored when running in bare mode.
2026-10-06 11:15:46.943 Thread 'MainThread': missing ScriptRunContext! This warning can be ignored when running in bare mode.
2026-10-06 11:15:46.944 Thread 'MainThread': missing ScriptRunContext! This warning can be ignored when running in bare mode.
2026-10-06 11:15:46.944 Thread 'MainThread': missing ScriptRunContext! This warning can be ignored when running in bare mode.
2026-10-06 11:15:46.944 Thread 'MainThread': missing ScriptRunContext! This warning can be ignored when running in bare mode.
2026-10-06 11:15:46.944 Thread 'MainThread': missing ScriptRunContext! This warning can be ignored when running in bare mode.
2026-10-06 11:15:46.944 Thread 'MainThread': missing ScriptRunContext! This warning can be ignored when running in bare mode.
2026-10-06 11:15:46.944 Thread 'MainThread': missing ScriptRunContext! This warning can be ignored when running in bare mode.
.2026-10-06 11:15:47.233 Thread 'MainThread': missing ScriptRunContext! This warning can be ignored when running in bare mode.
2026-10-06 11:15:47.233 Thread 'MainThread': missing ScriptRunContext! This warning can be ignored when running in bare mode.
2026-10-06 11:15:47.233 Thread 'MainThread': missing ScriptRunContext! This warning can be ignored when running in bare mode.
2026-10-06 11:15:47.233 Thread 'MainThread': missing ScriptRunContext! This warning can be ignored when running in bare mode.
2026-10-06 11:15:47.234 Thread 'MainThread': missing ScriptRunContext! This warning can be ignored when running in bare mode.
2026-10-06 11:15:47.234 Thread 'MainThread': missing ScriptRunContext! This warning can be ignored when running in bare mode.
2026-10-06 11:15:47.234 Thread 'MainThread': missing ScriptRunContext! This warning can be ignored when running in bare mode.
2026-10-06 11:15:47.234 Thread 'MainThread': missing ScriptRunContext! This warning can be ignored when running in bare mode.
2026-10-06 11:15:47.235 Thread 'MainThread': missing ScriptRunContext! This warning can be ignored when running in bare mode.
.2026-10-06 11:15:52.918 Thread 'MainThread': missing ScriptRunContext! This warning can be ignored when running in bare mode.
2026-10-06 11:15:52.919 Thread 'MainThread': missing ScriptRunContext! This warning can be ignored when running in bare mode.
2026-10-06 11:15:52.919 Thread 'MainThread': missing ScriptRunContext! This warning can be ignored when running in bare mode.
2026-10-06 11:15:52.919 Thread 'MainThread': missing ScriptRunContext! This warning can be ignored when running in bare mode.
2026-10-06 11:15:52.919 Thread 'MainThread': missing ScriptRunContext! This warning can be ignored when running in bare mode.
2026-10-06 11:15:52.919 Thread 'MainThread': missing ScriptRunContext! This warning can be ignored when running in bare mode.
2026-10-06 11:15:52.919 Thread 'MainThread': missing ScriptRunContext! This warning can be ignored when running in bare mode.
2026-10-06 11:15:52.919 Thread 'MainThread': missing ScriptRunContext! This warning can be ignored when running in bare mode.
2026-10-06 11:15:52.921 Thread 'MainThread': missing ScriptRunContext! This warning can be ignored when running in bare mode.
.2026-10-06 11:15:54.507 Thread 'MainThread': missing ScriptRunContext! This warning can be ignored when running in bare mode.
2026-10-06 11:15:54.507 Thread 'MainThread': missing ScriptRunContext! This warning can be ignored when running in bare mode.
2026-10-06 11:15:56.775 Thread 'MainThread': missing ScriptRunContext! This warning can be ignored when running in bare mode.
2026-10-06 11:15:56.775 Thread 'MainThread': missing ScriptRunContext! This warning can be ignored when running in bare mode.
2026-10-06 11:15:58.138 Thread 'MainThread': missing ScriptRunContext! This warning can be ignored when running in bare mode.
2026-10-06 11:15:58.138 Thread 'MainThread': missing ScriptRunContext! This warning can be ignored when running in bare mode.
2026-10-06 11:15:59.080 Please replace `use_container_width` with `width`.

`use_container_width` will be removed after 2025-12-31.

For `use_container_width=True`, use `width='stretch'`. For `use_container_width=False`, use `width='content'`.
2026-10-06 11:15:59.119 Please replace `use_container_width` with `width`.

`use_container_width` will be removed after 2025-12-31.

For `use_container_width=True`, use `width='stretch'`. For `use_container_width=False`, use `width='content'`.
2026-10-06 11:15:59.223 Please replace `use_container_width` with `width`.

`use_container_width` will be removed after 2025-12-31.

For `use_container_width=True`, use `width='stretch'`. For `use_container_width=False`, use `width='content'`.
2026-10-06 11:15:59.263 Please replace `use_container_width` with `width`.

`use_container_width` will be removed after 2025-12-31.

For `use_container_width=True`, use `width='stretch'`. For `use_container_width=False`, use `width='content'`.
2026-10-06 11:15:59.533 Please replace `use_container_width` with `width`.

`use_container_width` will be removed after 2025-12-31.

For `use_container_width=True`, use `width='stretch'`. For `use_container_width=False`, use `width='content'`.
2026-10-06 11:15:59.581 Please replace `use_container_width` with `width`.

`use_container_width` will be removed after 2025-12-31.

For `use_container_width=True`, use `width='stretch'`. For `use_container_width=False`, use `width='content'`.
.
----------------------------------------------------------------------
Ran 388 tests in 292.819s

OK
