2026-10-09 21:31:23.834 Thread 'MainThread': missing ScriptRunContext! This warning can be ignored when running in bare mode.
2026-10-09 21:31:24.371 Thread 'MainThread': missing ScriptRunContext! This warning can be ignored when running in bare mode.
2026-10-09 21:31:25.141 Thread 'MainThread': missing ScriptRunContext! This warning can be ignored when running in bare mode.
2026-10-09 21:31:25.182 Thread 'MainThread': missing ScriptRunContext! This warning can be ignored when running in bare mode.
2026-10-09 21:31:25.615 Thread 'MainThread': missing ScriptRunContext! This warning can be ignored when running in bare mode.
2026-10-09 21:31:25.641 Thread 'MainThread': missing ScriptRunContext! This warning can be ignored when running in bare mode.
2026-10-09 21:31:25.641 Thread 'MainThread': missing ScriptRunContext! This warning can be ignored when running in bare mode.
2026-10-09 21:31:25.641 Thread 'MainThread': missing ScriptRunContext! This warning can be ignored when running in bare mode.
2026-10-09 21:31:25.641 Thread 'MainThread': missing ScriptRunContext! This warning can be ignored when running in bare mode.
2026-10-09 21:31:25.642 Thread 'MainThread': missing ScriptRunContext! This warning can be ignored when running in bare mode.
2026-10-09 21:31:25.642 Thread 'MainThread': missing ScriptRunContext! This warning can be ignored when running in bare mode.
2026-10-09 21:31:25.642 Thread 'MainThread': missing ScriptRunContext! This warning can be ignored when running in bare mode.
2026-10-09 21:31:25.642 Thread 'MainThread': missing ScriptRunContext! This warning can be ignored when running in bare mode.
2026-10-09 21:31:28.134 Please replace `use_container_width` with `width`.

`use_container_width` will be removed after 2025-12-31.

For `use_container_width=True`, use `width='stretch'`. For `use_container_width=False`, use `width='content'`.
2026-10-09 21:31:28.406 Please replace `use_container_width` with `width`.

`use_container_width` will be removed after 2025-12-31.

For `use_container_width=True`, use `width='stretch'`. For `use_container_width=False`, use `width='content'`.
2026-10-09 21:31:30.036 Thread 'MainThread': missing ScriptRunContext! This warning can be ignored when running in bare mode.
2026-10-09 21:31:30.037 Thread 'MainThread': missing ScriptRunContext! This warning can be ignored when running in bare mode.
2026-10-09 21:31:30.037 Thread 'MainThread': missing ScriptRunContext! This warning can be ignored when running in bare mode.
2026-10-09 21:31:30.037 Thread 'MainThread': missing ScriptRunContext! This warning can be ignored when running in bare mode.
2026-10-09 21:31:30.037 Thread 'MainThread': missing ScriptRunContext! This warning can be ignored when running in bare mode.
2026-10-09 21:31:30.037 Thread 'MainThread': missing ScriptRunContext! This warning can be ignored when running in bare mode.
2026-10-09 21:31:30.037 Thread 'MainThread': missing ScriptRunContext! This warning can be ignored when running in bare mode.
2026-10-09 21:31:30.037 Thread 'MainThread': missing ScriptRunContext! This warning can be ignored when running in bare mode.
2026-10-09 21:31:31.045 Please replace `use_container_width` with `width`.

`use_container_width` will be removed after 2025-12-31.

For `use_container_width=True`, use `width='stretch'`. For `use_container_width=False`, use `width='content'`.
2026-10-09 21:31:31.301 Please replace `use_container_width` with `width`.

`use_container_width` will be removed after 2025-12-31.

For `use_container_width=True`, use `width='stretch'`. For `use_container_width=False`, use `width='content'`.
2026-10-09 21:31:31.307 Thread 'MainThread': missing ScriptRunContext! This warning can be ignored when running in bare mode.
2026-10-09 21:31:31.307 Thread 'MainThread': missing ScriptRunContext! This warning can be ignored when running in bare mode.
2026-10-09 21:31:31.308 Thread 'MainThread': missing ScriptRunContext! This warning can be ignored when running in bare mode.
2026-10-09 21:31:31.308 Thread 'MainThread': missing ScriptRunContext! This warning can be ignored when running in bare mode.
2026-10-09 21:31:31.308 Thread 'MainThread': missing ScriptRunContext! This warning can be ignored when running in bare mode.
2026-10-09 21:31:31.308 Thread 'MainThread': missing ScriptRunContext! This warning can be ignored when running in bare mode.
2026-10-09 21:31:31.308 Thread 'MainThread': missing ScriptRunContext! This warning can be ignored when running in bare mode.
2026-10-09 21:31:32.853 Thread 'MainThread': missing ScriptRunContext! This warning can be ignored when running in bare mode.
2026-10-09 21:31:32.853 Thread 'MainThread': missing ScriptRunContext! This warning can be ignored when running in bare mode.
2026-10-09 21:31:32.853 Thread 'MainThread': missing ScriptRunContext! This warning can be ignored when running in bare mode.
2026-10-09 21:31:32.853 Thread 'MainThread': missing ScriptRunContext! This warning can be ignored when running in bare mode.
2026-10-09 21:31:32.853 Thread 'MainThread': missing ScriptRunContext! This warning can be ignored when running in bare mode.
2026-10-09 21:31:32.853 Thread 'MainThread': missing ScriptRunContext! This warning can be ignored when running in bare mode.
2026-10-09 21:31:32.853 Thread 'MainThread': missing ScriptRunContext! This warning can be ignored when running in bare mode.
2026-10-09 21:31:32.853 Thread 'MainThread': missing ScriptRunContext! This warning can be ignored when running in bare mode.
2026-10-09 21:31:32.862 Thread 'MainThread': missing ScriptRunContext! This warning can be ignored when running in bare mode.
2026-10-09 21:31:32.863 Thread 'MainThread': missing ScriptRunContext! This warning can be ignored when running in bare mode.
2026-10-09 21:31:32.863 Thread 'MainThread': missing ScriptRunContext! This warning can be ignored when running in bare mode.
Analogy rejected stage=request code=RuntimeError path=$
Analogy rejected stage=response code=response_bound path=$
Analogy rejected stage=normalize code=mapping path=$
Analogy rejected stage=normalize code=mapping path=$
Analogy rejected stage=normalize code=mapping path=$
Analogy rejected stage=normalize code=mapping path=$
Analogy rejected stage=normalize code=mapping path=$
Analogy rejected stage=normalize code=mapping path=$
Analogy rejected stage=normalize code=mapping path=$
Analogy rejected stage=normalize code=mapping path=$
Analogy rejected stage=normalize code=mapping path=$
Analogy rejected stage=normalize code=mapping path=$
Analogy rejected stage=response code=incomplete_response path=$
Analogy rejected stage=response code=model_refusal path=$
Analogy rejected stage=response code=invalid_json path=$
Analogy rejected stage=request code=RuntimeError path=$
Analogy rejected stage=request code=RuntimeError path=$
Analogy rejected stage=normalize code=numeric_bounds path=$.parameters[0].step
2026-10-09 21:31:39.173 Thread 'MainThread': missing ScriptRunContext! This warning can be ignored when running in bare mode.
2026-10-09 21:31:39.174 Thread 'MainThread': missing ScriptRunContext! This warning can be ignored when running in bare mode.
2026-10-09 21:31:39.174 Thread 'MainThread': missing ScriptRunContext! This warning can be ignored when running in bare mode.
2026-10-09 21:31:39.174 Thread 'MainThread': missing ScriptRunContext! This warning can be ignored when running in bare mode.
2026-10-09 21:31:39.174 Thread 'MainThread': missing ScriptRunContext! This warning can be ignored when running in bare mode.
2026-10-09 21:31:39.174 Thread 'MainThread': missing ScriptRunContext! This warning can be ignored when running in bare mode.
2026-10-09 21:31:39.174 Thread 'MainThread': missing ScriptRunContext! This warning can be ignored when running in bare mode.
2026-10-09 21:31:39.174 Thread 'MainThread': missing ScriptRunContext! This warning can be ignored when running in bare mode.
Analogy rejected stage=renderer code=RuntimeError path=$
2026-10-09 21:31:41.609 Thread 'MainThread': missing ScriptRunContext! This warning can be ignored when running in bare mode.
2026-10-09 21:31:41.609 Thread 'MainThread': missing ScriptRunContext! This warning can be ignored when running in bare mode.
2026-10-09 21:31:41.609 Thread 'MainThread': missing ScriptRunContext! This warning can be ignored when running in bare mode.
2026-10-09 21:31:41.609 Thread 'MainThread': missing ScriptRunContext! This warning can be ignored when running in bare mode.
2026-10-09 21:31:41.609 Thread 'MainThread': missing ScriptRunContext! This warning can be ignored when running in bare mode.
2026-10-09 21:31:41.610 Thread 'MainThread': missing ScriptRunContext! This warning can be ignored when running in bare mode.
2026-10-09 21:31:41.610 Thread 'MainThread': missing ScriptRunContext! This warning can be ignored when running in bare mode.
2026-10-09 21:31:41.610 Thread 'MainThread': missing ScriptRunContext! This warning can be ignored when running in bare mode.
Analogy rejected stage=renderer code=RuntimeError path=$
Analogy rejected stage=normalize code=geometry_bounds path=$.primitives
2026-10-09 21:31:43.847 Thread 'MainThread': missing ScriptRunContext! This warning can be ignored when running in bare mode.
2026-10-09 21:31:43.847 Thread 'MainThread': missing ScriptRunContext! This warning can be ignored when running in bare mode.
2026-10-09 21:31:43.847 Thread 'MainThread': missing ScriptRunContext! This warning can be ignored when running in bare mode.
2026-10-09 21:31:43.847 Thread 'MainThread': missing ScriptRunContext! This warning can be ignored when running in bare mode.
2026-10-09 21:31:43.847 Thread 'MainThread': missing ScriptRunContext! This warning can be ignored when running in bare mode.
2026-10-09 21:31:43.847 Thread 'MainThread': missing ScriptRunContext! This warning can be ignored when running in bare mode.
2026-10-09 21:31:43.847 Thread 'MainThread': missing ScriptRunContext! This warning can be ignored when running in bare mode.
2026-10-09 21:31:47.391 Thread 'MainThread': missing ScriptRunContext! This warning can be ignored when running in bare mode.
2026-10-09 21:31:47.391 Thread 'MainThread': missing ScriptRunContext! This warning can be ignored when running in bare mode.
2026-10-09 21:31:47.391 Thread 'MainThread': missing ScriptRunContext! This warning can be ignored when running in bare mode.
2026-10-09 21:31:47.391 Thread 'MainThread': missing ScriptRunContext! This warning can be ignored when running in bare mode.
2026-10-09 21:31:47.391 Thread 'MainThread': missing ScriptRunContext! This warning can be ignored when running in bare mode.
2026-10-09 21:31:47.391 Thread 'MainThread': missing ScriptRunContext! This warning can be ignored when running in bare mode.
2026-10-09 21:31:47.391 Thread 'MainThread': missing ScriptRunContext! This warning can be ignored when running in bare mode.
Analogy rejected stage=normalize code=mapping path=$.mappings[0]
Analogy rejected stage=normalize code=unsafe_expression path=$.primitives[0].radius
Analogy rejected stage=normalize code=envelope_fields path=$
Analogy rejected stage=normalize code=unsafe_expression path=$
Analogy rejected stage=normalize code=unsafe_expression path=$
Analogy rejected stage=normalize code=unsafe_expression path=$
Analogy rejected stage=normalize code=unsafe_expression path=$
Analogy rejected stage=normalize code=unsafe_expression path=$
Analogy rejected stage=normalize code=unsafe_expression path=$
2026-10-09 21:31:49.291 Thread 'MainThread': missing ScriptRunContext! This warning can be ignored when running in bare mode.
2026-10-09 21:31:49.291 Thread 'MainThread': missing ScriptRunContext! This warning can be ignored when running in bare mode.
2026-10-09 21:31:49.291 Thread 'MainThread': missing ScriptRunContext! This warning can be ignored when running in bare mode.
2026-10-09 21:31:49.291 Thread 'MainThread': missing ScriptRunContext! This warning can be ignored when running in bare mode.
2026-10-09 21:31:49.291 Thread 'MainThread': missing ScriptRunContext! This warning can be ignored when running in bare mode.
2026-10-09 21:31:49.291 Thread 'MainThread': missing ScriptRunContext! This warning can be ignored when running in bare mode.
2026-10-09 21:31:49.291 Thread 'MainThread': missing ScriptRunContext! This warning can be ignored when running in bare mode.
2026-10-09 21:31:49.292 Thread 'MainThread': missing ScriptRunContext! This warning can be ignored when running in bare mode.
Analogy rejected stage=normalize code=unsafe_expression path=$.primitives[0].radius
Analogy rejected stage=normalize code=unsafe_expression path=$.primitives[0].radius
Analogy rejected stage=normalize code=unsafe_expression path=$.primitives[0].radius
Analogy rejected stage=normalize code=unsafe_expression path=$.primitives[0].radius
2026-10-09 21:31:53.799 Thread 'MainThread': missing ScriptRunContext! This warning can be ignored when running in bare mode.
2026-10-09 21:31:53.800 Thread 'MainThread': missing ScriptRunContext! This warning can be ignored when running in bare mode.
2026-10-09 21:31:53.800 Thread 'MainThread': missing ScriptRunContext! This warning can be ignored when running in bare mode.
2026-10-09 21:31:53.800 Thread 'MainThread': missing ScriptRunContext! This warning can be ignored when running in bare mode.
2026-10-09 21:31:53.800 Thread 'MainThread': missing ScriptRunContext! This warning can be ignored when running in bare mode.
2026-10-09 21:31:53.800 Thread 'MainThread': missing ScriptRunContext! This warning can be ignored when running in bare mode.
2026-10-09 21:31:53.800 Thread 'MainThread': missing ScriptRunContext! This warning can be ignored when running in bare mode.
2026-10-09 21:31:55.067 Thread 'MainThread': missing ScriptRunContext! This warning can be ignored when running in bare mode.
2026-10-09 21:31:55.067 Thread 'MainThread': missing ScriptRunContext! This warning can be ignored when running in bare mode.
2026-10-09 21:31:55.067 Thread 'MainThread': missing ScriptRunContext! This warning can be ignored when running in bare mode.
2026-10-09 21:31:55.067 Thread 'MainThread': missing ScriptRunContext! This warning can be ignored when running in bare mode.
2026-10-09 21:31:55.067 Thread 'MainThread': missing ScriptRunContext! This warning can be ignored when running in bare mode.
2026-10-09 21:31:55.068 Thread 'MainThread': missing ScriptRunContext! This warning can be ignored when running in bare mode.
2026-10-09 21:31:55.068 Thread 'MainThread': missing ScriptRunContext! This warning can be ignored when running in bare mode.
2026-10-09 21:31:56.662 Thread 'MainThread': missing ScriptRunContext! This warning can be ignored when running in bare mode.
2026-10-09 21:31:56.662 Thread 'MainThread': missing ScriptRunContext! This warning can be ignored when running in bare mode.
2026-10-09 21:31:56.662 Thread 'MainThread': missing ScriptRunContext! This warning can be ignored when running in bare mode.
2026-10-09 21:31:56.662 Thread 'MainThread': missing ScriptRunContext! This warning can be ignored when running in bare mode.
2026-10-09 21:31:56.662 Thread 'MainThread': missing ScriptRunContext! This warning can be ignored when running in bare mode.
2026-10-09 21:31:56.662 Thread 'MainThread': missing ScriptRunContext! This warning can be ignored when running in bare mode.
2026-10-09 21:31:56.662 Thread 'MainThread': missing ScriptRunContext! This warning can be ignored when running in bare mode.
2026-10-09 21:31:57.251 Please replace `use_container_width` with `width`.

`use_container_width` will be removed after 2025-12-31.

For `use_container_width=True`, use `width='stretch'`. For `use_container_width=False`, use `width='content'`.
2026-10-09 21:31:57.472 Please replace `use_container_width` with `width`.

`use_container_width` will be removed after 2025-12-31.

For `use_container_width=True`, use `width='stretch'`. For `use_container_width=False`, use `width='content'`.
2026-10-09 21:31:57.483 Thread 'MainThread': missing ScriptRunContext! This warning can be ignored when running in bare mode.
2026-10-09 21:31:57.483 Thread 'MainThread': missing ScriptRunContext! This warning can be ignored when running in bare mode.
2026-10-09 21:31:57.483 Thread 'MainThread': missing ScriptRunContext! This warning can be ignored when running in bare mode.
2026-10-09 21:31:57.483 Thread 'MainThread': missing ScriptRunContext! This warning can be ignored when running in bare mode.
2026-10-09 21:31:57.483 Thread 'MainThread': missing ScriptRunContext! This warning can be ignored when running in bare mode.
2026-10-09 21:31:57.483 Thread 'MainThread': missing ScriptRunContext! This warning can be ignored when running in bare mode.
2026-10-09 21:31:57.483 Thread 'MainThread': missing ScriptRunContext! This warning can be ignored when running in bare mode.
2026-10-09 21:31:58.181 Thread 'MainThread': missing ScriptRunContext! This warning can be ignored when running in bare mode.
2026-10-09 21:31:58.181 Thread 'MainThread': missing ScriptRunContext! This warning can be ignored when running in bare mode.
2026-10-09 21:31:58.181 Thread 'MainThread': missing ScriptRunContext! This warning can be ignored when running in bare mode.
2026-10-09 21:31:58.181 Thread 'MainThread': missing ScriptRunContext! This warning can be ignored when running in bare mode.
2026-10-09 21:31:59.123 Thread 'MainThread': missing ScriptRunContext! This warning can be ignored when running in bare mode.
2026-10-09 21:31:59.124 Thread 'MainThread': missing ScriptRunContext! This warning can be ignored when running in bare mode.
2026-10-09 21:31:59.124 Thread 'MainThread': missing ScriptRunContext! This warning can be ignored when running in bare mode.
2026-10-09 21:31:59.124 Thread 'MainThread': missing ScriptRunContext! This warning can be ignored when running in bare mode.
2026-10-09 21:31:59.124 Thread 'MainThread': missing ScriptRunContext! This warning can be ignored when running in bare mode.
2026-10-09 21:31:59.124 Thread 'MainThread': missing ScriptRunContext! This warning can be ignored when running in bare mode.
2026-10-09 21:31:59.124 Thread 'MainThread': missing ScriptRunContext! This warning can be ignored when running in bare mode.
2026-10-09 21:32:04.171 Thread 'MainThread': missing ScriptRunContext! This warning can be ignored when running in bare mode.
2026-10-09 21:32:04.171 Thread 'MainThread': missing ScriptRunContext! This warning can be ignored when running in bare mode.
2026-10-09 21:32:04.171 Thread 'MainThread': missing ScriptRunContext! This warning can be ignored when running in bare mode.
2026-10-09 21:32:04.171 Thread 'MainThread': missing ScriptRunContext! This warning can be ignored when running in bare mode.
2026-10-09 21:32:04.171 Thread 'MainThread': missing ScriptRunContext! This warning can be ignored when running in bare mode.
2026-10-09 21:32:04.171 Thread 'MainThread': missing ScriptRunContext! This warning can be ignored when running in bare mode.
2026-10-09 21:32:04.171 Thread 'MainThread': missing ScriptRunContext! This warning can be ignored when running in bare mode.
2026-10-09 21:32:05.528 Thread 'MainThread': missing ScriptRunContext! This warning can be ignored when running in bare mode.
2026-10-09 21:32:05.529 Thread 'MainThread': missing ScriptRunContext! This warning can be ignored when running in bare mode.
2026-10-09 21:32:05.529 Thread 'MainThread': missing ScriptRunContext! This warning can be ignored when running in bare mode.
2026-10-09 21:32:05.529 Thread 'MainThread': missing ScriptRunContext! This warning can be ignored when running in bare mode.
2026-10-09 21:32:05.529 Thread 'MainThread': missing ScriptRunContext! This warning can be ignored when running in bare mode.
2026-10-09 21:32:05.529 Thread 'MainThread': missing ScriptRunContext! This warning can be ignored when running in bare mode.
2026-10-09 21:32:05.529 Thread 'MainThread': missing ScriptRunContext! This warning can be ignored when running in bare mode.
2026-10-09 21:32:06.677 Thread 'MainThread': missing ScriptRunContext! This warning can be ignored when running in bare mode.
2026-10-09 21:32:06.885 Thread 'MainThread': missing ScriptRunContext! This warning can be ignored when running in bare mode.
2026-10-09 21:32:06.886 Thread 'MainThread': missing ScriptRunContext! This warning can be ignored when running in bare mode.
2026-10-09 21:32:06.886 Thread 'MainThread': missing ScriptRunContext! This warning can be ignored when running in bare mode.
2026-10-09 21:32:06.886 Thread 'MainThread': missing ScriptRunContext! This warning can be ignored when running in bare mode.
2026-10-09 21:32:06.886 Thread 'MainThread': missing ScriptRunContext! This warning can be ignored when running in bare mode.
2026-10-09 21:32:06.886 Thread 'MainThread': missing ScriptRunContext! This warning can be ignored when running in bare mode.
2026-10-09 21:32:06.886 Thread 'MainThread': missing ScriptRunContext! This warning can be ignored when running in bare mode.
2026-10-09 21:32:08.880 Thread 'MainThread': missing ScriptRunContext! This warning can be ignored when running in bare mode.
2026-10-09 21:32:08.880 Thread 'MainThread': missing ScriptRunContext! This warning can be ignored when running in bare mode.
2026-10-09 21:32:08.881 Thread 'MainThread': missing ScriptRunContext! This warning can be ignored when running in bare mode.
2026-10-09 21:32:08.881 Thread 'MainThread': missing ScriptRunContext! This warning can be ignored when running in bare mode.
2026-10-09 21:32:08.881 Thread 'MainThread': missing ScriptRunContext! This warning can be ignored when running in bare mode.
2026-10-09 21:32:08.881 Thread 'MainThread': missing ScriptRunContext! This warning can be ignored when running in bare mode.
2026-10-09 21:32:08.881 Thread 'MainThread': missing ScriptRunContext! This warning can be ignored when running in bare mode.
2026-10-09 21:32:09.973 Thread 'MainThread': missing ScriptRunContext! This warning can be ignored when running in bare mode.
2026-10-09 21:32:11.451 Thread 'MainThread': missing ScriptRunContext! This warning can be ignored when running in bare mode.
2026-10-09 21:32:11.452 Thread 'MainThread': missing ScriptRunContext! This warning can be ignored when running in bare mode.
2026-10-09 21:32:11.452 Thread 'MainThread': missing ScriptRunContext! This warning can be ignored when running in bare mode.
2026-10-09 21:32:11.452 Thread 'MainThread': missing ScriptRunContext! This warning can be ignored when running in bare mode.
2026-10-09 21:32:11.452 Thread 'MainThread': missing ScriptRunContext! This warning can be ignored when running in bare mode.
2026-10-09 21:32:11.452 Thread 'MainThread': missing ScriptRunContext! This warning can be ignored when running in bare mode.
2026-10-09 21:32:11.452 Thread 'MainThread': missing ScriptRunContext! This warning can be ignored when running in bare mode.
2026-10-09 21:32:12.372 Please replace `use_container_width` with `width`.

`use_container_width` will be removed after 2025-12-31.

For `use_container_width=True`, use `width='stretch'`. For `use_container_width=False`, use `width='content'`.
2026-10-09 21:32:13.234 Thread 'MainThread': missing ScriptRunContext! This warning can be ignored when running in bare mode.
2026-10-09 21:32:13.234 Thread 'MainThread': missing ScriptRunContext! This warning can be ignored when running in bare mode.
2026-10-09 21:32:13.628 Please replace `use_container_width` with `width`.

`use_container_width` will be removed after 2025-12-31.

For `use_container_width=True`, use `width='stretch'`. For `use_container_width=False`, use `width='content'`.
2026-10-09 21:32:14.185 Thread 'MainThread': missing ScriptRunContext! This warning can be ignored when running in bare mode.
2026-10-09 21:32:14.185 Thread 'MainThread': missing ScriptRunContext! This warning can be ignored when running in bare mode.
2026-10-09 21:32:14.185 Thread 'MainThread': missing ScriptRunContext! This warning can be ignored when running in bare mode.
2026-10-09 21:32:14.185 Thread 'MainThread': missing ScriptRunContext! This warning can be ignored when running in bare mode.
2026-10-09 21:32:14.185 Thread 'MainThread': missing ScriptRunContext! This warning can be ignored when running in bare mode.
2026-10-09 21:32:14.186 Thread 'MainThread': missing ScriptRunContext! This warning can be ignored when running in bare mode.
2026-10-09 21:32:14.186 Thread 'MainThread': missing ScriptRunContext! This warning can be ignored when running in bare mode.
2026-10-09 21:32:14.837 Please replace `use_container_width` with `width`.

`use_container_width` will be removed after 2025-12-31.

For `use_container_width=True`, use `width='stretch'`. For `use_container_width=False`, use `width='content'`.
2026-10-09 21:32:15.702 Please replace `use_container_width` with `width`.

`use_container_width` will be removed after 2025-12-31.

For `use_container_width=True`, use `width='stretch'`. For `use_container_width=False`, use `width='content'`.
2026-10-09 21:32:15.986 Please replace `use_container_width` with `width`.

`use_container_width` will be removed after 2025-12-31.

For `use_container_width=True`, use `width='stretch'`. For `use_container_width=False`, use `width='content'`.
2026-10-09 21:32:16.220 Please replace `use_container_width` with `width`.

`use_container_width` will be removed after 2025-12-31.

For `use_container_width=True`, use `width='stretch'`. For `use_container_width=False`, use `width='content'`.
2026-10-09 21:32:16.448 Please replace `use_container_width` with `width`.

`use_container_width` will be removed after 2025-12-31.

For `use_container_width=True`, use `width='stretch'`. For `use_container_width=False`, use `width='content'`.
2026-10-09 21:32:16.672 Please replace `use_container_width` with `width`.

`use_container_width` will be removed after 2025-12-31.

For `use_container_width=True`, use `width='stretch'`. For `use_container_width=False`, use `width='content'`.
2026-10-09 21:32:18.738 Please replace `use_container_width` with `width`.

`use_container_width` will be removed after 2025-12-31.

For `use_container_width=True`, use `width='stretch'`. For `use_container_width=False`, use `width='content'`.
2026-10-09 21:32:19.195 Please replace `use_container_width` with `width`.

`use_container_width` will be removed after 2025-12-31.

For `use_container_width=True`, use `width='stretch'`. For `use_container_width=False`, use `width='content'`.
2026-10-09 21:32:19.205 Thread 'MainThread': missing ScriptRunContext! This warning can be ignored when running in bare mode.
2026-10-09 21:32:19.205 Thread 'MainThread': missing ScriptRunContext! This warning can be ignored when running in bare mode.
2026-10-09 21:32:19.205 Thread 'MainThread': missing ScriptRunContext! This warning can be ignored when running in bare mode.
2026-10-09 21:32:19.205 Thread 'MainThread': missing ScriptRunContext! This warning can be ignored when running in bare mode.
2026-10-09 21:32:19.205 Thread 'MainThread': missing ScriptRunContext! This warning can be ignored when running in bare mode.
2026-10-09 21:32:19.205 Thread 'MainThread': missing ScriptRunContext! This warning can be ignored when running in bare mode.
2026-10-09 21:32:19.205 Thread 'MainThread': missing ScriptRunContext! This warning can be ignored when running in bare mode.
2026-10-09 21:32:19.922 Please replace `use_container_width` with `width`.

`use_container_width` will be removed after 2025-12-31.

For `use_container_width=True`, use `width='stretch'`. For `use_container_width=False`, use `width='content'`.
2026-10-09 21:32:20.144 Please replace `use_container_width` with `width`.

`use_container_width` will be removed after 2025-12-31.

For `use_container_width=True`, use `width='stretch'`. For `use_container_width=False`, use `width='content'`.
2026-10-09 21:32:20.153 Thread 'MainThread': missing ScriptRunContext! This warning can be ignored when running in bare mode.
2026-10-09 21:32:20.154 Thread 'MainThread': missing ScriptRunContext! This warning can be ignored when running in bare mode.
2026-10-09 21:32:20.154 Thread 'MainThread': missing ScriptRunContext! This warning can be ignored when running in bare mode.
2026-10-09 21:32:20.154 Thread 'MainThread': missing ScriptRunContext! This warning can be ignored when running in bare mode.
2026-10-09 21:32:20.154 Thread 'MainThread': missing ScriptRunContext! This warning can be ignored when running in bare mode.
2026-10-09 21:32:20.154 Thread 'MainThread': missing ScriptRunContext! This warning can be ignored when running in bare mode.
2026-10-09 21:32:20.154 Thread 'MainThread': missing ScriptRunContext! This warning can be ignored when running in bare mode.
2026-10-09 21:32:20.357 Please replace `use_container_width` with `width`.

`use_container_width` will be removed after 2025-12-31.

For `use_container_width=True`, use `width='stretch'`. For `use_container_width=False`, use `width='content'`.
2026-10-09 21:32:20.576 Please replace `use_container_width` with `width`.

`use_container_width` will be removed after 2025-12-31.

For `use_container_width=True`, use `width='stretch'`. For `use_container_width=False`, use `width='content'`.
2026-10-09 21:32:20.808 Please replace `use_container_width` with `width`.

`use_container_width` will be removed after 2025-12-31.

For `use_container_width=True`, use `width='stretch'`. For `use_container_width=False`, use `width='content'`.
2026-10-09 21:32:21.026 Please replace `use_container_width` with `width`.

`use_container_width` will be removed after 2025-12-31.

For `use_container_width=True`, use `width='stretch'`. For `use_container_width=False`, use `width='content'`.
2026-10-09 21:32:21.251 Please replace `use_container_width` with `width`.

`use_container_width` will be removed after 2025-12-31.

For `use_container_width=True`, use `width='stretch'`. For `use_container_width=False`, use `width='content'`.
2026-10-09 21:32:21.475 Please replace `use_container_width` with `width`.

`use_container_width` will be removed after 2025-12-31.

For `use_container_width=True`, use `width='stretch'`. For `use_container_width=False`, use `width='content'`.
2026-10-09 21:32:21.484 Thread 'MainThread': missing ScriptRunContext! This warning can be ignored when running in bare mode.
2026-10-09 21:32:21.485 Thread 'MainThread': missing ScriptRunContext! This warning can be ignored when running in bare mode.
2026-10-09 21:32:21.485 Thread 'MainThread': missing ScriptRunContext! This warning can be ignored when running in bare mode.
2026-10-09 21:32:21.485 Thread 'MainThread': missing ScriptRunContext! This warning can be ignored when running in bare mode.
2026-10-09 21:32:21.485 Thread 'MainThread': missing ScriptRunContext! This warning can be ignored when running in bare mode.
2026-10-09 21:32:21.485 Thread 'MainThread': missing ScriptRunContext! This warning can be ignored when running in bare mode.
2026-10-09 21:32:21.485 Thread 'MainThread': missing ScriptRunContext! This warning can be ignored when running in bare mode.
2026-10-09 21:32:22.083 Please replace `use_container_width` with `width`.

`use_container_width` will be removed after 2025-12-31.

For `use_container_width=True`, use `width='stretch'`. For `use_container_width=False`, use `width='content'`.
2026-10-09 21:32:22.297 Please replace `use_container_width` with `width`.

`use_container_width` will be removed after 2025-12-31.

For `use_container_width=True`, use `width='stretch'`. For `use_container_width=False`, use `width='content'`.
2026-10-09 21:32:22.511 Please replace `use_container_width` with `width`.

`use_container_width` will be removed after 2025-12-31.

For `use_container_width=True`, use `width='stretch'`. For `use_container_width=False`, use `width='content'`.
2026-10-09 21:32:22.743 Please replace `use_container_width` with `width`.

`use_container_width` will be removed after 2025-12-31.

For `use_container_width=True`, use `width='stretch'`. For `use_container_width=False`, use `width='content'`.
2026-10-09 21:32:22.957 Please replace `use_container_width` with `width`.

`use_container_width` will be removed after 2025-12-31.

For `use_container_width=True`, use `width='stretch'`. For `use_container_width=False`, use `width='content'`.
2026-10-09 21:32:22.966 Thread 'MainThread': missing ScriptRunContext! This warning can be ignored when running in bare mode.
2026-10-09 21:32:22.966 Thread 'MainThread': missing ScriptRunContext! This warning can be ignored when running in bare mode.
2026-10-09 21:32:22.966 Thread 'MainThread': missing ScriptRunContext! This warning can be ignored when running in bare mode.
2026-10-09 21:32:22.966 Thread 'MainThread': missing ScriptRunContext! This warning can be ignored when running in bare mode.
2026-10-09 21:32:23.585 Please replace `use_container_width` with `width`.

`use_container_width` will be removed after 2025-12-31.

For `use_container_width=True`, use `width='stretch'`. For `use_container_width=False`, use `width='content'`.
2026-10-09 21:32:23.804 Please replace `use_container_width` with `width`.

`use_container_width` will be removed after 2025-12-31.

For `use_container_width=True`, use `width='stretch'`. For `use_container_width=False`, use `width='content'`.
2026-10-09 21:32:23.995 Thread 'MainThread': missing ScriptRunContext! This warning can be ignored when running in bare mode.
2026-10-09 21:32:23.995 Session state does not function when running a script without `streamlit run`
2026-10-09 21:32:24.017 Thread 'MainThread': missing ScriptRunContext! This warning can be ignored when running in bare mode.
2026-10-09 21:32:24.020 Thread 'MainThread': missing ScriptRunContext! This warning can be ignored when running in bare mode.
2026-10-09 21:32:24.022 Thread 'MainThread': missing ScriptRunContext! This warning can be ignored when running in bare mode.
2026-10-09 21:32:24.024 Thread 'MainThread': missing ScriptRunContext! This warning can be ignored when running in bare mode.
2026-10-09 21:32:24.026 Thread 'MainThread': missing ScriptRunContext! This warning can be ignored when running in bare mode.
2026-10-09 21:32:24.028 Thread 'MainThread': missing ScriptRunContext! This warning can be ignored when running in bare mode.
2026-10-09 21:32:24.030 Thread 'MainThread': missing ScriptRunContext! This warning can be ignored when running in bare mode.
2026-10-09 21:32:24.032 Thread 'MainThread': missing ScriptRunContext! This warning can be ignored when running in bare mode.
2026-10-09 21:32:24.034 Thread 'MainThread': missing ScriptRunContext! This warning can be ignored when running in bare mode.
2026-10-09 21:32:24.037 Thread 'MainThread': missing ScriptRunContext! This warning can be ignored when running in bare mode.
2026-10-09 21:32:24.039 Thread 'MainThread': missing ScriptRunContext! This warning can be ignored when running in bare mode.
2026-10-09 21:32:24.041 Thread 'MainThread': missing ScriptRunContext! This warning can be ignored when running in bare mode.
2026-10-09 21:32:24.043 Thread 'MainThread': missing ScriptRunContext! This warning can be ignored when running in bare mode.
2026-10-09 21:32:24.045 Thread 'MainThread': missing ScriptRunContext! This warning can be ignored when running in bare mode.
2026-10-09 21:32:24.047 Thread 'MainThread': missing ScriptRunContext! This warning can be ignored when running in bare mode.
2026-10-09 21:32:24.049 Thread 'MainThread': missing ScriptRunContext! This warning can be ignored when running in bare mode.
2026-10-09 21:32:24.051 Thread 'MainThread': missing ScriptRunContext! This warning can be ignored when running in bare mode.
2026-10-09 21:32:24.053 Thread 'MainThread': missing ScriptRunContext! This warning can be ignored when running in bare mode.
2026-10-09 21:32:24.055 Thread 'MainThread': missing ScriptRunContext! This warning can be ignored when running in bare mode.
2026-10-09 21:32:24.057 Thread 'MainThread': missing ScriptRunContext! This warning can be ignored when running in bare mode.
2026-10-09 21:32:24.059 Thread 'MainThread': missing ScriptRunContext! This warning can be ignored when running in bare mode.
2026-10-09 21:32:24.061 Thread 'MainThread': missing ScriptRunContext! This warning can be ignored when running in bare mode.
2026-10-09 21:32:24.063 Thread 'MainThread': missing ScriptRunContext! This warning can be ignored when running in bare mode.
2026-10-09 21:32:24.065 Thread 'MainThread': missing ScriptRunContext! This warning can be ignored when running in bare mode.
2026-10-09 21:32:24.068 Thread 'MainThread': missing ScriptRunContext! This warning can be ignored when running in bare mode.
2026-10-09 21:32:24.070 Thread 'MainThread': missing ScriptRunContext! This warning can be ignored when running in bare mode.
2026-10-09 21:32:24.073 Thread 'MainThread': missing ScriptRunContext! This warning can be ignored when running in bare mode.
2026-10-09 21:32:24.075 Thread 'MainThread': missing ScriptRunContext! This warning can be ignored when running in bare mode.
2026-10-09 21:32:24.077 Thread 'MainThread': missing ScriptRunContext! This warning can be ignored when running in bare mode.
2026-10-09 21:32:24.079 Thread 'MainThread': missing ScriptRunContext! This warning can be ignored when running in bare mode.
2026-10-09 21:32:24.081 Thread 'MainThread': missing ScriptRunContext! This warning can be ignored when running in bare mode.
2026-10-09 21:32:24.083 Thread 'MainThread': missing ScriptRunContext! This warning can be ignored when running in bare mode.
2026-10-09 21:32:24.086 Thread 'MainThread': missing ScriptRunContext! This warning can be ignored when running in bare mode.
2026-10-09 21:32:24.088 Thread 'MainThread': missing ScriptRunContext! This warning can be ignored when running in bare mode.
2026-10-09 21:32:24.091 Thread 'MainThread': missing ScriptRunContext! This warning can be ignored when running in bare mode.
2026-10-09 21:32:24.093 Thread 'MainThread': missing ScriptRunContext! This warning can be ignored when running in bare mode.
2026-10-09 21:32:24.095 Thread 'MainThread': missing ScriptRunContext! This warning can be ignored when running in bare mode.
2026-10-09 21:32:24.097 Thread 'MainThread': missing ScriptRunContext! This warning can be ignored when running in bare mode.
2026-10-09 21:32:24.099 Thread 'MainThread': missing ScriptRunContext! This warning can be ignored when running in bare mode.
2026-10-09 21:32:24.102 Thread 'MainThread': missing ScriptRunContext! This warning can be ignored when running in bare mode.
2026-10-09 21:32:24.104 Thread 'MainThread': missing ScriptRunContext! This warning can be ignored when running in bare mode.
2026-10-09 21:32:24.106 Thread 'MainThread': missing ScriptRunContext! This warning can be ignored when running in bare mode.
2026-10-09 21:32:24.108 Thread 'MainThread': missing ScriptRunContext! This warning can be ignored when running in bare mode.
2026-10-09 21:32:24.110 Thread 'MainThread': missing ScriptRunContext! This warning can be ignored when running in bare mode.
2026-10-09 21:32:24.112 Thread 'MainThread': missing ScriptRunContext! This warning can be ignored when running in bare mode.
2026-10-09 21:32:24.115 Thread 'MainThread': missing ScriptRunContext! This warning can be ignored when running in bare mode.
2026-10-09 21:32:24.118 Thread 'MainThread': missing ScriptRunContext! This warning can be ignored when running in bare mode.
2026-10-09 21:32:24.120 Thread 'MainThread': missing ScriptRunContext! This warning can be ignored when running in bare mode.
2026-10-09 21:32:24.122 Thread 'MainThread': missing ScriptRunContext! This warning can be ignored when running in bare mode.
2026-10-09 21:32:24.124 Thread 'MainThread': missing ScriptRunContext! This warning can be ignored when running in bare mode.
2026-10-09 21:32:24.127 Thread 'MainThread': missing ScriptRunContext! This warning can be ignored when running in bare mode.
2026-10-09 21:32:24.129 Thread 'MainThread': missing ScriptRunContext! This warning can be ignored when running in bare mode.
2026-10-09 21:32:24.131 Thread 'MainThread': missing ScriptRunContext! This warning can be ignored when running in bare mode.
2026-10-09 21:32:24.133 Thread 'MainThread': missing ScriptRunContext! This warning can be ignored when running in bare mode.
2026-10-09 21:32:24.136 Thread 'MainThread': missing ScriptRunContext! This warning can be ignored when running in bare mode.
2026-10-09 21:32:24.138 Thread 'MainThread': missing ScriptRunContext! This warning can be ignored when running in bare mode.
2026-10-09 21:32:24.140 Thread 'MainThread': missing ScriptRunContext! This warning can be ignored when running in bare mode.
2026-10-09 21:32:24.142 Thread 'MainThread': missing ScriptRunContext! This warning can be ignored when running in bare mode.
2026-10-09 21:32:24.145 Thread 'MainThread': missing ScriptRunContext! This warning can be ignored when running in bare mode.
2026-10-09 21:32:24.147 Thread 'MainThread': missing ScriptRunContext! This warning can be ignored when running in bare mode.
2026-10-09 21:32:24.149 Thread 'MainThread': missing ScriptRunContext! This warning can be ignored when running in bare mode.
2026-10-09 21:32:24.152 Thread 'MainThread': missing ScriptRunContext! This warning can be ignored when running in bare mode.
2026-10-09 21:32:24.154 Thread 'MainThread': missing ScriptRunContext! This warning can be ignored when running in bare mode.
2026-10-09 21:32:24.156 Thread 'MainThread': missing ScriptRunContext! This warning can be ignored when running in bare mode.
2026-10-09 21:32:24.158 Thread 'MainThread': missing ScriptRunContext! This warning can be ignored when running in bare mode.
2026-10-09 21:32:24.161 Thread 'MainThread': missing ScriptRunContext! This warning can be ignored when running in bare mode.
2026-10-09 21:32:24.163 Thread 'MainThread': missing ScriptRunContext! This warning can be ignored when running in bare mode.
2026-10-09 21:32:24.165 Thread 'MainThread': missing ScriptRunContext! This warning can be ignored when running in bare mode.
2026-10-09 21:32:24.168 Thread 'MainThread': missing ScriptRunContext! This warning can be ignored when running in bare mode.
2026-10-09 21:32:24.170 Thread 'MainThread': missing ScriptRunContext! This warning can be ignored when running in bare mode.
2026-10-09 21:32:24.172 Thread 'MainThread': missing ScriptRunContext! This warning can be ignored when running in bare mode.
2026-10-09 21:32:24.175 Thread 'MainThread': missing ScriptRunContext! This warning can be ignored when running in bare mode.
2026-10-09 21:32:24.177 Thread 'MainThread': missing ScriptRunContext! This warning can be ignored when running in bare mode.
2026-10-09 21:32:24.179 Thread 'MainThread': missing ScriptRunContext! This warning can be ignored when running in bare mode.
2026-10-09 21:32:24.182 Thread 'MainThread': missing ScriptRunContext! This warning can be ignored when running in bare mode.
2026-10-09 21:32:24.184 Thread 'MainThread': missing ScriptRunContext! This warning can be ignored when running in bare mode.
2026-10-09 21:32:24.186 Thread 'MainThread': missing ScriptRunContext! This warning can be ignored when running in bare mode.
2026-10-09 21:32:24.188 Thread 'MainThread': missing ScriptRunContext! This warning can be ignored when running in bare mode.
2026-10-09 21:32:24.191 Thread 'MainThread': missing ScriptRunContext! This warning can be ignored when running in bare mode.
2026-10-09 21:32:24.193 Thread 'MainThread': missing ScriptRunContext! This warning can be ignored when running in bare mode.
2026-10-09 21:32:24.195 Thread 'MainThread': missing ScriptRunContext! This warning can be ignored when running in bare mode.
2026-10-09 21:32:24.198 Thread 'MainThread': missing ScriptRunContext! This warning can be ignored when running in bare mode.
2026-10-09 21:32:24.200 Thread 'MainThread': missing ScriptRunContext! This warning can be ignored when running in bare mode.
2026-10-09 21:32:24.202 Thread 'MainThread': missing ScriptRunContext! This warning can be ignored when running in bare mode.
2026-10-09 21:32:24.205 Thread 'MainThread': missing ScriptRunContext! This warning can be ignored when running in bare mode.
2026-10-09 21:32:24.207 Thread 'MainThread': missing ScriptRunContext! This warning can be ignored when running in bare mode.
2026-10-09 21:32:24.209 Thread 'MainThread': missing ScriptRunContext! This warning can be ignored when running in bare mode.
2026-10-09 21:32:24.211 Thread 'MainThread': missing ScriptRunContext! This warning can be ignored when running in bare mode.
2026-10-09 21:32:24.214 Thread 'MainThread': missing ScriptRunContext! This warning can be ignored when running in bare mode.
2026-10-09 21:32:24.216 Thread 'MainThread': missing ScriptRunContext! This warning can be ignored when running in bare mode.
2026-10-09 21:32:24.218 Thread 'MainThread': missing ScriptRunContext! This warning can be ignored when running in bare mode.
2026-10-09 21:32:24.220 Thread 'MainThread': missing ScriptRunContext! This warning can be ignored when running in bare mode.
2026-10-09 21:32:24.222 Thread 'MainThread': missing ScriptRunContext! This warning can be ignored when running in bare mode.
2026-10-09 21:32:24.225 Thread 'MainThread': missing ScriptRunContext! This warning can be ignored when running in bare mode.
2026-10-09 21:32:24.228 Thread 'MainThread': missing ScriptRunContext! This warning can be ignored when running in bare mode.
2026-10-09 21:32:24.230 Thread 'MainThread': missing ScriptRunContext! This warning can be ignored when running in bare mode.
2026-10-09 21:32:24.232 Thread 'MainThread': missing ScriptRunContext! This warning can be ignored when running in bare mode.
2026-10-09 21:32:24.235 Thread 'MainThread': missing ScriptRunContext! This warning can be ignored when running in bare mode.
2026-10-09 21:32:24.237 Thread 'MainThread': missing ScriptRunContext! This warning can be ignored when running in bare mode.
2026-10-09 21:32:24.239 Thread 'MainThread': missing ScriptRunContext! This warning can be ignored when running in bare mode.
2026-10-09 21:32:24.242 Thread 'MainThread': missing ScriptRunContext! This warning can be ignored when running in bare mode.
2026-10-09 21:32:24.244 Thread 'MainThread': missing ScriptRunContext! This warning can be ignored when running in bare mode.
2026-10-09 21:32:24.246 Thread 'MainThread': missing ScriptRunContext! This warning can be ignored when running in bare mode.
2026-10-09 21:32:24.248 Thread 'MainThread': missing ScriptRunContext! This warning can be ignored when running in bare mode.
2026-10-09 21:32:24.251 Thread 'MainThread': missing ScriptRunContext! This warning can be ignored when running in bare mode.
2026-10-09 21:32:24.253 Thread 'MainThread': missing ScriptRunContext! This warning can be ignored when running in bare mode.
2026-10-09 21:32:24.255 Thread 'MainThread': missing ScriptRunContext! This warning can be ignored when running in bare mode.
2026-10-09 21:32:24.258 Thread 'MainThread': missing ScriptRunContext! This warning can be ignored when running in bare mode.
2026-10-09 21:32:24.260 Thread 'MainThread': missing ScriptRunContext! This warning can be ignored when running in bare mode.
2026-10-09 21:32:24.262 Thread 'MainThread': missing ScriptRunContext! This warning can be ignored when running in bare mode.
2026-10-09 21:32:24.264 Thread 'MainThread': missing ScriptRunContext! This warning can be ignored when running in bare mode.
2026-10-09 21:32:24.266 Thread 'MainThread': missing ScriptRunContext! This warning can be ignored when running in bare mode.
2026-10-09 21:32:24.269 Thread 'MainThread': missing ScriptRunContext! This warning can be ignored when running in bare mode.
2026-10-09 21:32:24.271 Thread 'MainThread': missing ScriptRunContext! This warning can be ignored when running in bare mode.
2026-10-09 21:32:24.274 Thread 'MainThread': missing ScriptRunContext! This warning can be ignored when running in bare mode.
2026-10-09 21:32:24.276 Thread 'MainThread': missing ScriptRunContext! This warning can be ignored when running in bare mode.
2026-10-09 21:32:24.279 Thread 'MainThread': missing ScriptRunContext! This warning can be ignored when running in bare mode.
2026-10-09 21:32:24.281 Thread 'MainThread': missing ScriptRunContext! This warning can be ignored when running in bare mode.
2026-10-09 21:32:24.283 Thread 'MainThread': missing ScriptRunContext! This warning can be ignored when running in bare mode.
2026-10-09 21:32:24.286 Thread 'MainThread': missing ScriptRunContext! This warning can be ignored when running in bare mode.
2026-10-09 21:32:24.289 Thread 'MainThread': missing ScriptRunContext! This warning can be ignored when running in bare mode.
2026-10-09 21:32:24.458 Thread 'MainThread': missing ScriptRunContext! This warning can be ignored when running in bare mode.
2026-10-09 21:32:24.459 Thread 'MainThread': missing ScriptRunContext! This warning can be ignored when running in bare mode.
2026-10-09 21:32:24.459 Thread 'MainThread': missing ScriptRunContext! This warning can be ignored when running in bare mode.
2026-10-09 21:32:24.459 Thread 'MainThread': missing ScriptRunContext! This warning can be ignored when running in bare mode.
2026-10-09 21:32:24.667 Thread 'MainThread': missing ScriptRunContext! This warning can be ignored when running in bare mode.
2026-10-09 21:32:24.682 Thread 'MainThread': missing ScriptRunContext! This warning can be ignored when running in bare mode.
2026-10-09 21:32:24.684 Thread 'MainThread': missing ScriptRunContext! This warning can be ignored when running in bare mode.
2026-10-09 21:32:24.686 Thread 'MainThread': missing ScriptRunContext! This warning can be ignored when running in bare mode.
2026-10-09 21:32:24.688 Thread 'MainThread': missing ScriptRunContext! This warning can be ignored when running in bare mode.
2026-10-09 21:32:24.690 Thread 'MainThread': missing ScriptRunContext! This warning can be ignored when running in bare mode.
2026-10-09 21:32:24.691 Thread 'MainThread': missing ScriptRunContext! This warning can be ignored when running in bare mode.
2026-10-09 21:32:24.694 Thread 'MainThread': missing ScriptRunContext! This warning can be ignored when running in bare mode.
2026-10-09 21:32:24.696 Thread 'MainThread': missing ScriptRunContext! This warning can be ignored when running in bare mode.
2026-10-09 21:32:24.698 Thread 'MainThread': missing ScriptRunContext! This warning can be ignored when running in bare mode.
2026-10-09 21:32:24.700 Thread 'MainThread': missing ScriptRunContext! This warning can be ignored when running in bare mode.
2026-10-09 21:32:24.702 Thread 'MainThread': missing ScriptRunContext! This warning can be ignored when running in bare mode.
2026-10-09 21:32:24.705 Thread 'MainThread': missing ScriptRunContext! This warning can be ignored when running in bare mode.
2026-10-09 21:32:24.708 Thread 'MainThread': missing ScriptRunContext! This warning can be ignored when running in bare mode.
2026-10-09 21:32:24.710 Thread 'MainThread': missing ScriptRunContext! This warning can be ignored when running in bare mode.
2026-10-09 21:32:24.712 Thread 'MainThread': missing ScriptRunContext! This warning can be ignored when running in bare mode.
2026-10-09 21:32:24.714 Thread 'MainThread': missing ScriptRunContext! This warning can be ignored when running in bare mode.
2026-10-09 21:32:24.716 Thread 'MainThread': missing ScriptRunContext! This warning can be ignored when running in bare mode.
2026-10-09 21:32:24.718 Thread 'MainThread': missing ScriptRunContext! This warning can be ignored when running in bare mode.
2026-10-09 21:32:24.721 Thread 'MainThread': missing ScriptRunContext! This warning can be ignored when running in bare mode.
2026-10-09 21:32:24.724 Thread 'MainThread': missing ScriptRunContext! This warning can be ignored when running in bare mode.
2026-10-09 21:32:24.726 Thread 'MainThread': missing ScriptRunContext! This warning can be ignored when running in bare mode.
2026-10-09 21:32:24.729 Thread 'MainThread': missing ScriptRunContext! This warning can be ignored when running in bare mode.
2026-10-09 21:32:24.731 Thread 'MainThread': missing ScriptRunContext! This warning can be ignored when running in bare mode.
2026-10-09 21:32:24.733 Thread 'MainThread': missing ScriptRunContext! This warning can be ignored when running in bare mode.
2026-10-09 21:32:24.735 Thread 'MainThread': missing ScriptRunContext! This warning can be ignored when running in bare mode.
2026-10-09 21:32:24.738 Thread 'MainThread': missing ScriptRunContext! This warning can be ignored when running in bare mode.
2026-10-09 21:32:24.740 Thread 'MainThread': missing ScriptRunContext! This warning can be ignored when running in bare mode.
2026-10-09 21:32:24.743 Thread 'MainThread': missing ScriptRunContext! This warning can be ignored when running in bare mode.
2026-10-09 21:32:24.745 Thread 'MainThread': missing ScriptRunContext! This warning can be ignored when running in bare mode.
2026-10-09 21:32:24.747 Thread 'MainThread': missing ScriptRunContext! This warning can be ignored when running in bare mode.
2026-10-09 21:32:24.750 Thread 'MainThread': missing ScriptRunContext! This warning can be ignored when running in bare mode.
2026-10-09 21:32:24.752 Thread 'MainThread': missing ScriptRunContext! This warning can be ignored when running in bare mode.
2026-10-09 21:32:24.755 Thread 'MainThread': missing ScriptRunContext! This warning can be ignored when running in bare mode.
2026-10-09 21:32:24.757 Thread 'MainThread': missing ScriptRunContext! This warning can be ignored when running in bare mode.
2026-10-09 21:32:24.759 Thread 'MainThread': missing ScriptRunContext! This warning can be ignored when running in bare mode.
2026-10-09 21:32:24.761 Thread 'MainThread': missing ScriptRunContext! This warning can be ignored when running in bare mode.
2026-10-09 21:32:24.763 Thread 'MainThread': missing ScriptRunContext! This warning can be ignored when running in bare mode.
2026-10-09 21:32:24.765 Thread 'MainThread': missing ScriptRunContext! This warning can be ignored when running in bare mode.
2026-10-09 21:32:24.768 Thread 'MainThread': missing ScriptRunContext! This warning can be ignored when running in bare mode.
2026-10-09 21:32:24.770 Thread 'MainThread': missing ScriptRunContext! This warning can be ignored when running in bare mode.
2026-10-09 21:32:24.773 Thread 'MainThread': missing ScriptRunContext! This warning can be ignored when running in bare mode.
2026-10-09 21:32:24.775 Thread 'MainThread': missing ScriptRunContext! This warning can be ignored when running in bare mode.
2026-10-09 21:32:24.777 Thread 'MainThread': missing ScriptRunContext! This warning can be ignored when running in bare mode.
2026-10-09 21:32:24.780 Thread 'MainThread': missing ScriptRunContext! This warning can be ignored when running in bare mode.
2026-10-09 21:32:24.782 Thread 'MainThread': missing ScriptRunContext! This warning can be ignored when running in bare mode.
2026-10-09 21:32:24.784 Thread 'MainThread': missing ScriptRunContext! This warning can be ignored when running in bare mode.
2026-10-09 21:32:24.786 Thread 'MainThread': missing ScriptRunContext! This warning can be ignored when running in bare mode.
2026-10-09 21:32:24.789 Thread 'MainThread': missing ScriptRunContext! This warning can be ignored when running in bare mode.
2026-10-09 21:32:24.791 Thread 'MainThread': missing ScriptRunContext! This warning can be ignored when running in bare mode.
2026-10-09 21:32:24.793 Thread 'MainThread': missing ScriptRunContext! This warning can be ignored when running in bare mode.
2026-10-09 21:32:24.795 Thread 'MainThread': missing ScriptRunContext! This warning can be ignored when running in bare mode.
2026-10-09 21:32:24.798 Thread 'MainThread': missing ScriptRunContext! This warning can be ignored when running in bare mode.
2026-10-09 21:32:24.800 Thread 'MainThread': missing ScriptRunContext! This warning can be ignored when running in bare mode.
2026-10-09 21:32:24.802 Thread 'MainThread': missing ScriptRunContext! This warning can be ignored when running in bare mode.
2026-10-09 21:32:24.806 Thread 'MainThread': missing ScriptRunContext! This warning can be ignored when running in bare mode.
2026-10-09 21:32:24.810 Thread 'MainThread': missing ScriptRunContext! This warning can be ignored when running in bare mode.
2026-10-09 21:32:24.812 Thread 'MainThread': missing ScriptRunContext! This warning can be ignored when running in bare mode.
2026-10-09 21:32:24.814 Thread 'MainThread': missing ScriptRunContext! This warning can be ignored when running in bare mode.
2026-10-09 21:32:24.817 Thread 'MainThread': missing ScriptRunContext! This warning can be ignored when running in bare mode.
2026-10-09 21:32:24.820 Thread 'MainThread': missing ScriptRunContext! This warning can be ignored when running in bare mode.
2026-10-09 21:32:24.822 Thread 'MainThread': missing ScriptRunContext! This warning can be ignored when running in bare mode.
2026-10-09 21:32:24.825 Thread 'MainThread': missing ScriptRunContext! This warning can be ignored when running in bare mode.
2026-10-09 21:32:24.828 Thread 'MainThread': missing ScriptRunContext! This warning can be ignored when running in bare mode.
2026-10-09 21:32:24.830 Thread 'MainThread': missing ScriptRunContext! This warning can be ignored when running in bare mode.
2026-10-09 21:32:24.833 Thread 'MainThread': missing ScriptRunContext! This warning can be ignored when running in bare mode.
2026-10-09 21:32:24.836 Thread 'MainThread': missing ScriptRunContext! This warning can be ignored when running in bare mode.
2026-10-09 21:32:24.840 Thread 'MainThread': missing ScriptRunContext! This warning can be ignored when running in bare mode.
2026-10-09 21:32:24.843 Thread 'MainThread': missing ScriptRunContext! This warning can be ignored when running in bare mode.
2026-10-09 21:32:24.846 Thread 'MainThread': missing ScriptRunContext! This warning can be ignored when running in bare mode.
2026-10-09 21:32:24.848 Thread 'MainThread': missing ScriptRunContext! This warning can be ignored when running in bare mode.
2026-10-09 21:32:24.852 Thread 'MainThread': missing ScriptRunContext! This warning can be ignored when running in bare mode.
2026-10-09 21:32:24.855 Thread 'MainThread': missing ScriptRunContext! This warning can be ignored when running in bare mode.
2026-10-09 21:32:24.858 Thread 'MainThread': missing ScriptRunContext! This warning can be ignored when running in bare mode.
2026-10-09 21:32:24.860 Thread 'MainThread': missing ScriptRunContext! This warning can be ignored when running in bare mode.
2026-10-09 21:32:24.862 Thread 'MainThread': missing ScriptRunContext! This warning can be ignored when running in bare mode.
2026-10-09 21:32:24.866 Thread 'MainThread': missing ScriptRunContext! This warning can be ignored when running in bare mode.
2026-10-09 21:32:24.868 Thread 'MainThread': missing ScriptRunContext! This warning can be ignored when running in bare mode.
2026-10-09 21:32:24.871 Thread 'MainThread': missing ScriptRunContext! This warning can be ignored when running in bare mode.
2026-10-09 21:32:24.874 Thread 'MainThread': missing ScriptRunContext! This warning can be ignored when running in bare mode.
2026-10-09 21:32:24.876 Thread 'MainThread': missing ScriptRunContext! This warning can be ignored when running in bare mode.
2026-10-09 21:32:24.878 Thread 'MainThread': missing ScriptRunContext! This warning can be ignored when running in bare mode.
2026-10-09 21:32:24.881 Thread 'MainThread': missing ScriptRunContext! This warning can be ignored when running in bare mode.
2026-10-09 21:32:24.883 Thread 'MainThread': missing ScriptRunContext! This warning can be ignored when running in bare mode.
2026-10-09 21:32:24.886 Thread 'MainThread': missing ScriptRunContext! This warning can be ignored when running in bare mode.
2026-10-09 21:32:24.888 Thread 'MainThread': missing ScriptRunContext! This warning can be ignored when running in bare mode.
2026-10-09 21:32:24.891 Thread 'MainThread': missing ScriptRunContext! This warning can be ignored when running in bare mode.
2026-10-09 21:32:24.893 Thread 'MainThread': missing ScriptRunContext! This warning can be ignored when running in bare mode.
2026-10-09 21:32:24.896 Thread 'MainThread': missing ScriptRunContext! This warning can be ignored when running in bare mode.
2026-10-09 21:32:24.898 Thread 'MainThread': missing ScriptRunContext! This warning can be ignored when running in bare mode.
2026-10-09 21:32:24.901 Thread 'MainThread': missing ScriptRunContext! This warning can be ignored when running in bare mode.
2026-10-09 21:32:24.903 Thread 'MainThread': missing ScriptRunContext! This warning can be ignored when running in bare mode.
2026-10-09 21:32:24.905 Thread 'MainThread': missing ScriptRunContext! This warning can be ignored when running in bare mode.
2026-10-09 21:32:24.908 Thread 'MainThread': missing ScriptRunContext! This warning can be ignored when running in bare mode.
2026-10-09 21:32:24.910 Thread 'MainThread': missing ScriptRunContext! This warning can be ignored when running in bare mode.
2026-10-09 21:32:24.913 Thread 'MainThread': missing ScriptRunContext! This warning can be ignored when running in bare mode.
2026-10-09 21:32:24.916 Thread 'MainThread': missing ScriptRunContext! This warning can be ignored when running in bare mode.
2026-10-09 21:32:24.918 Thread 'MainThread': missing ScriptRunContext! This warning can be ignored when running in bare mode.
2026-10-09 21:32:24.920 Thread 'MainThread': missing ScriptRunContext! This warning can be ignored when running in bare mode.
2026-10-09 21:32:24.923 Thread 'MainThread': missing ScriptRunContext! This warning can be ignored when running in bare mode.
2026-10-09 21:32:24.925 Thread 'MainThread': missing ScriptRunContext! This warning can be ignored when running in bare mode.
2026-10-09 21:32:24.928 Thread 'MainThread': missing ScriptRunContext! This warning can be ignored when running in bare mode.
2026-10-09 21:32:24.931 Thread 'MainThread': missing ScriptRunContext! This warning can be ignored when running in bare mode.
2026-10-09 21:32:24.933 Thread 'MainThread': missing ScriptRunContext! This warning can be ignored when running in bare mode.
2026-10-09 21:32:24.936 Thread 'MainThread': missing ScriptRunContext! This warning can be ignored when running in bare mode.
2026-10-09 21:32:24.939 Thread 'MainThread': missing ScriptRunContext! This warning can be ignored when running in bare mode.
2026-10-09 21:32:24.941 Thread 'MainThread': missing ScriptRunContext! This warning can be ignored when running in bare mode.
2026-10-09 21:32:24.944 Thread 'MainThread': missing ScriptRunContext! This warning can be ignored when running in bare mode.
2026-10-09 21:32:24.946 Thread 'MainThread': missing ScriptRunContext! This warning can be ignored when running in bare mode.
2026-10-09 21:32:24.949 Thread 'MainThread': missing ScriptRunContext! This warning can be ignored when running in bare mode.
2026-10-09 21:32:24.951 Thread 'MainThread': missing ScriptRunContext! This warning can be ignored when running in bare mode.
2026-10-09 21:32:24.954 Thread 'MainThread': missing ScriptRunContext! This warning can be ignored when running in bare mode.
2026-10-09 21:32:24.956 Thread 'MainThread': missing ScriptRunContext! This warning can be ignored when running in bare mode.
2026-10-09 21:32:24.958 Thread 'MainThread': missing ScriptRunContext! This warning can be ignored when running in bare mode.
2026-10-09 21:32:24.960 Thread 'MainThread': missing ScriptRunContext! This warning can be ignored when running in bare mode.
2026-10-09 21:32:24.963 Thread 'MainThread': missing ScriptRunContext! This warning can be ignored when running in bare mode.
2026-10-09 21:32:24.966 Thread 'MainThread': missing ScriptRunContext! This warning can be ignored when running in bare mode.
2026-10-09 21:32:24.968 Thread 'MainThread': missing ScriptRunContext! This warning can be ignored when running in bare mode.
2026-10-09 21:32:24.971 Thread 'MainThread': missing ScriptRunContext! This warning can be ignored when running in bare mode.
2026-10-09 21:32:24.973 Thread 'MainThread': missing ScriptRunContext! This warning can be ignored when running in bare mode.
2026-10-09 21:32:24.975 Thread 'MainThread': missing ScriptRunContext! This warning can be ignored when running in bare mode.
2026-10-09 21:32:24.978 Thread 'MainThread': missing ScriptRunContext! This warning can be ignored when running in bare mode.
2026-10-09 21:32:25.134 Thread 'MainThread': missing ScriptRunContext! This warning can be ignored when running in bare mode.
2026-10-09 21:32:25.134 Thread 'MainThread': missing ScriptRunContext! This warning can be ignored when running in bare mode.
2026-10-09 21:32:25.134 Thread 'MainThread': missing ScriptRunContext! This warning can be ignored when running in bare mode.
2026-10-09 21:32:25.134 Thread 'MainThread': missing ScriptRunContext! This warning can be ignored when running in bare mode.
2026-10-09 21:32:25.237 Thread 'MainThread': missing ScriptRunContext! This warning can be ignored when running in bare mode.
2026-10-09 21:32:25.251 Thread 'MainThread': missing ScriptRunContext! This warning can be ignored when running in bare mode.
2026-10-09 21:32:25.253 Thread 'MainThread': missing ScriptRunContext! This warning can be ignored when running in bare mode.
2026-10-09 21:32:25.255 Thread 'MainThread': missing ScriptRunContext! This warning can be ignored when running in bare mode.
2026-10-09 21:32:25.257 Thread 'MainThread': missing ScriptRunContext! This warning can be ignored when running in bare mode.
2026-10-09 21:32:25.258 Thread 'MainThread': missing ScriptRunContext! This warning can be ignored when running in bare mode.
2026-10-09 21:32:25.260 Thread 'MainThread': missing ScriptRunContext! This warning can be ignored when running in bare mode.
2026-10-09 21:32:25.262 Thread 'MainThread': missing ScriptRunContext! This warning can be ignored when running in bare mode.
2026-10-09 21:32:25.264 Thread 'MainThread': missing ScriptRunContext! This warning can be ignored when running in bare mode.
2026-10-09 21:32:25.266 Thread 'MainThread': missing ScriptRunContext! This warning can be ignored when running in bare mode.
2026-10-09 21:32:25.268 Thread 'MainThread': missing ScriptRunContext! This warning can be ignored when running in bare mode.
2026-10-09 21:32:25.270 Thread 'MainThread': missing ScriptRunContext! This warning can be ignored when running in bare mode.
2026-10-09 21:32:25.272 Thread 'MainThread': missing ScriptRunContext! This warning can be ignored when running in bare mode.
2026-10-09 21:32:25.274 Thread 'MainThread': missing ScriptRunContext! This warning can be ignored when running in bare mode.
2026-10-09 21:32:25.276 Thread 'MainThread': missing ScriptRunContext! This warning can be ignored when running in bare mode.
2026-10-09 21:32:25.278 Thread 'MainThread': missing ScriptRunContext! This warning can be ignored when running in bare mode.
2026-10-09 21:32:25.280 Thread 'MainThread': missing ScriptRunContext! This warning can be ignored when running in bare mode.
2026-10-09 21:32:25.281 Thread 'MainThread': missing ScriptRunContext! This warning can be ignored when running in bare mode.
2026-10-09 21:32:25.283 Thread 'MainThread': missing ScriptRunContext! This warning can be ignored when running in bare mode.
2026-10-09 21:32:25.285 Thread 'MainThread': missing ScriptRunContext! This warning can be ignored when running in bare mode.
2026-10-09 21:32:25.287 Thread 'MainThread': missing ScriptRunContext! This warning can be ignored when running in bare mode.
2026-10-09 21:32:25.289 Thread 'MainThread': missing ScriptRunContext! This warning can be ignored when running in bare mode.
2026-10-09 21:32:25.291 Thread 'MainThread': missing ScriptRunContext! This warning can be ignored when running in bare mode.
2026-10-09 21:32:25.293 Thread 'MainThread': missing ScriptRunContext! This warning can be ignored when running in bare mode.
2026-10-09 21:32:25.295 Thread 'MainThread': missing ScriptRunContext! This warning can be ignored when running in bare mode.
2026-10-09 21:32:25.297 Thread 'MainThread': missing ScriptRunContext! This warning can be ignored when running in bare mode.
2026-10-09 21:32:25.299 Thread 'MainThread': missing ScriptRunContext! This warning can be ignored when running in bare mode.
2026-10-09 21:32:25.301 Thread 'MainThread': missing ScriptRunContext! This warning can be ignored when running in bare mode.
2026-10-09 21:32:25.303 Thread 'MainThread': missing ScriptRunContext! This warning can be ignored when running in bare mode.
2026-10-09 21:32:25.305 Thread 'MainThread': missing ScriptRunContext! This warning can be ignored when running in bare mode.
2026-10-09 21:32:25.307 Thread 'MainThread': missing ScriptRunContext! This warning can be ignored when running in bare mode.
2026-10-09 21:32:25.309 Thread 'MainThread': missing ScriptRunContext! This warning can be ignored when running in bare mode.
2026-10-09 21:32:25.311 Thread 'MainThread': missing ScriptRunContext! This warning can be ignored when running in bare mode.
2026-10-09 21:32:25.313 Thread 'MainThread': missing ScriptRunContext! This warning can be ignored when running in bare mode.
2026-10-09 21:32:25.315 Thread 'MainThread': missing ScriptRunContext! This warning can be ignored when running in bare mode.
2026-10-09 21:32:25.317 Thread 'MainThread': missing ScriptRunContext! This warning can be ignored when running in bare mode.
2026-10-09 21:32:25.319 Thread 'MainThread': missing ScriptRunContext! This warning can be ignored when running in bare mode.
2026-10-09 21:32:25.321 Thread 'MainThread': missing ScriptRunContext! This warning can be ignored when running in bare mode.
2026-10-09 21:32:25.323 Thread 'MainThread': missing ScriptRunContext! This warning can be ignored when running in bare mode.
2026-10-09 21:32:25.325 Thread 'MainThread': missing ScriptRunContext! This warning can be ignored when running in bare mode.
2026-10-09 21:32:25.327 Thread 'MainThread': missing ScriptRunContext! This warning can be ignored when running in bare mode.
2026-10-09 21:32:25.329 Thread 'MainThread': missing ScriptRunContext! This warning can be ignored when running in bare mode.
2026-10-09 21:32:25.331 Thread 'MainThread': missing ScriptRunContext! This warning can be ignored when running in bare mode.
2026-10-09 21:32:25.333 Thread 'MainThread': missing ScriptRunContext! This warning can be ignored when running in bare mode.
2026-10-09 21:32:25.335 Thread 'MainThread': missing ScriptRunContext! This warning can be ignored when running in bare mode.
2026-10-09 21:32:25.339 Thread 'MainThread': missing ScriptRunContext! This warning can be ignored when running in bare mode.
2026-10-09 21:32:25.341 Thread 'MainThread': missing ScriptRunContext! This warning can be ignored when running in bare mode.
2026-10-09 21:32:25.343 Thread 'MainThread': missing ScriptRunContext! This warning can be ignored when running in bare mode.
2026-10-09 21:32:25.346 Thread 'MainThread': missing ScriptRunContext! This warning can be ignored when running in bare mode.
2026-10-09 21:32:25.348 Thread 'MainThread': missing ScriptRunContext! This warning can be ignored when running in bare mode.
2026-10-09 21:32:25.350 Thread 'MainThread': missing ScriptRunContext! This warning can be ignored when running in bare mode.
2026-10-09 21:32:25.352 Thread 'MainThread': missing ScriptRunContext! This warning can be ignored when running in bare mode.
2026-10-09 21:32:25.354 Thread 'MainThread': missing ScriptRunContext! This warning can be ignored when running in bare mode.
2026-10-09 21:32:25.356 Thread 'MainThread': missing ScriptRunContext! This warning can be ignored when running in bare mode.
2026-10-09 21:32:25.359 Thread 'MainThread': missing ScriptRunContext! This warning can be ignored when running in bare mode.
2026-10-09 21:32:25.361 Thread 'MainThread': missing ScriptRunContext! This warning can be ignored when running in bare mode.
2026-10-09 21:32:25.363 Thread 'MainThread': missing ScriptRunContext! This warning can be ignored when running in bare mode.
2026-10-09 21:32:25.366 Thread 'MainThread': missing ScriptRunContext! This warning can be ignored when running in bare mode.
2026-10-09 21:32:25.368 Thread 'MainThread': missing ScriptRunContext! This warning can be ignored when running in bare mode.
2026-10-09 21:32:25.370 Thread 'MainThread': missing ScriptRunContext! This warning can be ignored when running in bare mode.
2026-10-09 21:32:25.373 Thread 'MainThread': missing ScriptRunContext! This warning can be ignored when running in bare mode.
2026-10-09 21:32:25.375 Thread 'MainThread': missing ScriptRunContext! This warning can be ignored when running in bare mode.
2026-10-09 21:32:25.377 Thread 'MainThread': missing ScriptRunContext! This warning can be ignored when running in bare mode.
2026-10-09 21:32:25.379 Thread 'MainThread': missing ScriptRunContext! This warning can be ignored when running in bare mode.
2026-10-09 21:32:25.382 Thread 'MainThread': missing ScriptRunContext! This warning can be ignored when running in bare mode.
2026-10-09 21:32:25.384 Thread 'MainThread': missing ScriptRunContext! This warning can be ignored when running in bare mode.
2026-10-09 21:32:25.386 Thread 'MainThread': missing ScriptRunContext! This warning can be ignored when running in bare mode.
2026-10-09 21:32:25.389 Thread 'MainThread': missing ScriptRunContext! This warning can be ignored when running in bare mode.
2026-10-09 21:32:25.391 Thread 'MainThread': missing ScriptRunContext! This warning can be ignored when running in bare mode.
2026-10-09 21:32:25.393 Thread 'MainThread': missing ScriptRunContext! This warning can be ignored when running in bare mode.
2026-10-09 21:32:25.395 Thread 'MainThread': missing ScriptRunContext! This warning can be ignored when running in bare mode.
2026-10-09 21:32:25.398 Thread 'MainThread': missing ScriptRunContext! This warning can be ignored when running in bare mode.
2026-10-09 21:32:25.400 Thread 'MainThread': missing ScriptRunContext! This warning can be ignored when running in bare mode.
2026-10-09 21:32:25.402 Thread 'MainThread': missing ScriptRunContext! This warning can be ignored when running in bare mode.
2026-10-09 21:32:25.404 Thread 'MainThread': missing ScriptRunContext! This warning can be ignored when running in bare mode.
2026-10-09 21:32:25.407 Thread 'MainThread': missing ScriptRunContext! This warning can be ignored when running in bare mode.
2026-10-09 21:32:25.409 Thread 'MainThread': missing ScriptRunContext! This warning can be ignored when running in bare mode.
2026-10-09 21:32:25.411 Thread 'MainThread': missing ScriptRunContext! This warning can be ignored when running in bare mode.
2026-10-09 21:32:25.415 Thread 'MainThread': missing ScriptRunContext! This warning can be ignored when running in bare mode.
2026-10-09 21:32:25.417 Thread 'MainThread': missing ScriptRunContext! This warning can be ignored when running in bare mode.
2026-10-09 21:32:25.420 Thread 'MainThread': missing ScriptRunContext! This warning can be ignored when running in bare mode.
2026-10-09 21:32:25.422 Thread 'MainThread': missing ScriptRunContext! This warning can be ignored when running in bare mode.
2026-10-09 21:32:25.424 Thread 'MainThread': missing ScriptRunContext! This warning can be ignored when running in bare mode.
2026-10-09 21:32:25.426 Thread 'MainThread': missing ScriptRunContext! This warning can be ignored when running in bare mode.
2026-10-09 21:32:25.429 Thread 'MainThread': missing ScriptRunContext! This warning can be ignored when running in bare mode.
2026-10-09 21:32:25.431 Thread 'MainThread': missing ScriptRunContext! This warning can be ignored when running in bare mode.
2026-10-09 21:32:25.433 Thread 'MainThread': missing ScriptRunContext! This warning can be ignored when running in bare mode.
2026-10-09 21:32:25.435 Thread 'MainThread': missing ScriptRunContext! This warning can be ignored when running in bare mode.
2026-10-09 21:32:25.437 Thread 'MainThread': missing ScriptRunContext! This warning can be ignored when running in bare mode.
2026-10-09 21:32:25.439 Thread 'MainThread': missing ScriptRunContext! This warning can be ignored when running in bare mode.
2026-10-09 21:32:25.442 Thread 'MainThread': missing ScriptRunContext! This warning can be ignored when running in bare mode.
2026-10-09 21:32:25.444 Thread 'MainThread': missing ScriptRunContext! This warning can be ignored when running in bare mode.
2026-10-09 21:32:25.446 Thread 'MainThread': missing ScriptRunContext! This warning can be ignored when running in bare mode.
2026-10-09 21:32:25.448 Thread 'MainThread': missing ScriptRunContext! This warning can be ignored when running in bare mode.
2026-10-09 21:32:25.450 Thread 'MainThread': missing ScriptRunContext! This warning can be ignored when running in bare mode.
2026-10-09 21:32:25.453 Thread 'MainThread': missing ScriptRunContext! This warning can be ignored when running in bare mode.
2026-10-09 21:32:25.455 Thread 'MainThread': missing ScriptRunContext! This warning can be ignored when running in bare mode.
2026-10-09 21:32:25.457 Thread 'MainThread': missing ScriptRunContext! This warning can be ignored when running in bare mode.
2026-10-09 21:32:25.459 Thread 'MainThread': missing ScriptRunContext! This warning can be ignored when running in bare mode.
2026-10-09 21:32:25.461 Thread 'MainThread': missing ScriptRunContext! This warning can be ignored when running in bare mode.
2026-10-09 21:32:25.464 Thread 'MainThread': missing ScriptRunContext! This warning can be ignored when running in bare mode.
2026-10-09 21:32:25.466 Thread 'MainThread': missing ScriptRunContext! This warning can be ignored when running in bare mode.
2026-10-09 21:32:25.468 Thread 'MainThread': missing ScriptRunContext! This warning can be ignored when running in bare mode.
2026-10-09 21:32:25.471 Thread 'MainThread': missing ScriptRunContext! This warning can be ignored when running in bare mode.
2026-10-09 21:32:25.473 Thread 'MainThread': missing ScriptRunContext! This warning can be ignored when running in bare mode.
2026-10-09 21:32:25.476 Thread 'MainThread': missing ScriptRunContext! This warning can be ignored when running in bare mode.
2026-10-09 21:32:25.479 Thread 'MainThread': missing ScriptRunContext! This warning can be ignored when running in bare mode.
2026-10-09 21:32:25.481 Thread 'MainThread': missing ScriptRunContext! This warning can be ignored when running in bare mode.
2026-10-09 21:32:25.484 Thread 'MainThread': missing ScriptRunContext! This warning can be ignored when running in bare mode.
2026-10-09 21:32:25.486 Thread 'MainThread': missing ScriptRunContext! This warning can be ignored when running in bare mode.
2026-10-09 21:32:25.489 Thread 'MainThread': missing ScriptRunContext! This warning can be ignored when running in bare mode.
2026-10-09 21:32:25.491 Thread 'MainThread': missing ScriptRunContext! This warning can be ignored when running in bare mode.
2026-10-09 21:32:25.494 Thread 'MainThread': missing ScriptRunContext! This warning can be ignored when running in bare mode.
2026-10-09 21:32:25.496 Thread 'MainThread': missing ScriptRunContext! This warning can be ignored when running in bare mode.
2026-10-09 21:32:25.499 Thread 'MainThread': missing ScriptRunContext! This warning can be ignored when running in bare mode.
2026-10-09 21:32:25.501 Thread 'MainThread': missing ScriptRunContext! This warning can be ignored when running in bare mode.
2026-10-09 21:32:25.504 Thread 'MainThread': missing ScriptRunContext! This warning can be ignored when running in bare mode.
2026-10-09 21:32:25.507 Thread 'MainThread': missing ScriptRunContext! This warning can be ignored when running in bare mode.
2026-10-09 21:32:25.510 Thread 'MainThread': missing ScriptRunContext! This warning can be ignored when running in bare mode.
2026-10-09 21:32:25.512 Thread 'MainThread': missing ScriptRunContext! This warning can be ignored when running in bare mode.
2026-10-09 21:32:25.514 Thread 'MainThread': missing ScriptRunContext! This warning can be ignored when running in bare mode.
2026-10-09 21:32:25.517 Thread 'MainThread': missing ScriptRunContext! This warning can be ignored when running in bare mode.
2026-10-09 21:32:25.709 Thread 'MainThread': missing ScriptRunContext! This warning can be ignored when running in bare mode.
2026-10-09 21:32:25.709 Thread 'MainThread': missing ScriptRunContext! This warning can be ignored when running in bare mode.
2026-10-09 21:32:25.709 Thread 'MainThread': missing ScriptRunContext! This warning can be ignored when running in bare mode.
2026-10-09 21:32:25.709 Thread 'MainThread': missing ScriptRunContext! This warning can be ignored when running in bare mode.
2026-10-09 21:32:25.834 Thread 'MainThread': missing ScriptRunContext! This warning can be ignored when running in bare mode.
2026-10-09 21:32:25.852 Thread 'MainThread': missing ScriptRunContext! This warning can be ignored when running in bare mode.
2026-10-09 21:32:25.854 Thread 'MainThread': missing ScriptRunContext! This warning can be ignored when running in bare mode.
2026-10-09 21:32:25.856 Thread 'MainThread': missing ScriptRunContext! This warning can be ignored when running in bare mode.
2026-10-09 21:32:25.858 Thread 'MainThread': missing ScriptRunContext! This warning can be ignored when running in bare mode.
2026-10-09 21:32:25.860 Thread 'MainThread': missing ScriptRunContext! This warning can be ignored when running in bare mode.
2026-10-09 21:32:25.861 Thread 'MainThread': missing ScriptRunContext! This warning can be ignored when running in bare mode.
2026-10-09 21:32:25.863 Thread 'MainThread': missing ScriptRunContext! This warning can be ignored when running in bare mode.
2026-10-09 21:32:25.865 Thread 'MainThread': missing ScriptRunContext! This warning can be ignored when running in bare mode.
2026-10-09 21:32:25.867 Thread 'MainThread': missing ScriptRunContext! This warning can be ignored when running in bare mode.
2026-10-09 21:32:25.868 Thread 'MainThread': missing ScriptRunContext! This warning can be ignored when running in bare mode.
2026-10-09 21:32:25.870 Thread 'MainThread': missing ScriptRunContext! This warning can be ignored when running in bare mode.
2026-10-09 21:32:25.871 Thread 'MainThread': missing ScriptRunContext! This warning can be ignored when running in bare mode.
2026-10-09 21:32:25.873 Thread 'MainThread': missing ScriptRunContext! This warning can be ignored when running in bare mode.
2026-10-09 21:32:25.875 Thread 'MainThread': missing ScriptRunContext! This warning can be ignored when running in bare mode.
2026-10-09 21:32:25.877 Thread 'MainThread': missing ScriptRunContext! This warning can be ignored when running in bare mode.
2026-10-09 21:32:25.879 Thread 'MainThread': missing ScriptRunContext! This warning can be ignored when running in bare mode.
2026-10-09 21:32:25.881 Thread 'MainThread': missing ScriptRunContext! This warning can be ignored when running in bare mode.
2026-10-09 21:32:25.882 Thread 'MainThread': missing ScriptRunContext! This warning can be ignored when running in bare mode.
2026-10-09 21:32:25.884 Thread 'MainThread': missing ScriptRunContext! This warning can be ignored when running in bare mode.
2026-10-09 21:32:25.886 Thread 'MainThread': missing ScriptRunContext! This warning can be ignored when running in bare mode.
2026-10-09 21:32:25.887 Thread 'MainThread': missing ScriptRunContext! This warning can be ignored when running in bare mode.
2026-10-09 21:32:25.889 Thread 'MainThread': missing ScriptRunContext! This warning can be ignored when running in bare mode.
2026-10-09 21:32:25.891 Thread 'MainThread': missing ScriptRunContext! This warning can be ignored when running in bare mode.
2026-10-09 21:32:25.892 Thread 'MainThread': missing ScriptRunContext! This warning can be ignored when running in bare mode.
2026-10-09 21:32:25.894 Thread 'MainThread': missing ScriptRunContext! This warning can be ignored when running in bare mode.
2026-10-09 21:32:25.895 Thread 'MainThread': missing ScriptRunContext! This warning can be ignored when running in bare mode.
2026-10-09 21:32:25.897 Thread 'MainThread': missing ScriptRunContext! This warning can be ignored when running in bare mode.
2026-10-09 21:32:25.899 Thread 'MainThread': missing ScriptRunContext! This warning can be ignored when running in bare mode.
2026-10-09 21:32:25.901 Thread 'MainThread': missing ScriptRunContext! This warning can be ignored when running in bare mode.
2026-10-09 21:32:25.902 Thread 'MainThread': missing ScriptRunContext! This warning can be ignored when running in bare mode.
2026-10-09 21:32:25.904 Thread 'MainThread': missing ScriptRunContext! This warning can be ignored when running in bare mode.
2026-10-09 21:32:25.906 Thread 'MainThread': missing ScriptRunContext! This warning can be ignored when running in bare mode.
2026-10-09 21:32:25.908 Thread 'MainThread': missing ScriptRunContext! This warning can be ignored when running in bare mode.
2026-10-09 21:32:25.909 Thread 'MainThread': missing ScriptRunContext! This warning can be ignored when running in bare mode.
2026-10-09 21:32:25.911 Thread 'MainThread': missing ScriptRunContext! This warning can be ignored when running in bare mode.
2026-10-09 21:32:25.913 Thread 'MainThread': missing ScriptRunContext! This warning can be ignored when running in bare mode.
2026-10-09 21:32:25.916 Thread 'MainThread': missing ScriptRunContext! This warning can be ignored when running in bare mode.
2026-10-09 21:32:25.919 Thread 'MainThread': missing ScriptRunContext! This warning can be ignored when running in bare mode.
2026-10-09 21:32:25.923 Thread 'MainThread': missing ScriptRunContext! This warning can be ignored when running in bare mode.
2026-10-09 21:32:25.926 Thread 'MainThread': missing ScriptRunContext! This warning can be ignored when running in bare mode.
2026-10-09 21:32:25.930 Thread 'MainThread': missing ScriptRunContext! This warning can be ignored when running in bare mode.
2026-10-09 21:32:25.934 Thread 'MainThread': missing ScriptRunContext! This warning can be ignored when running in bare mode.
2026-10-09 21:32:25.937 Thread 'MainThread': missing ScriptRunContext! This warning can be ignored when running in bare mode.
2026-10-09 21:32:25.941 Thread 'MainThread': missing ScriptRunContext! This warning can be ignored when running in bare mode.
2026-10-09 21:32:25.944 Thread 'MainThread': missing ScriptRunContext! This warning can be ignored when running in bare mode.
2026-10-09 21:32:25.946 Thread 'MainThread': missing ScriptRunContext! This warning can be ignored when running in bare mode.
2026-10-09 21:32:25.948 Thread 'MainThread': missing ScriptRunContext! This warning can be ignored when running in bare mode.
2026-10-09 21:32:25.950 Thread 'MainThread': missing ScriptRunContext! This warning can be ignored when running in bare mode.
2026-10-09 21:32:25.953 Thread 'MainThread': missing ScriptRunContext! This warning can be ignored when running in bare mode.
2026-10-09 21:32:25.955 Thread 'MainThread': missing ScriptRunContext! This warning can be ignored when running in bare mode.
2026-10-09 21:32:25.957 Thread 'MainThread': missing ScriptRunContext! This warning can be ignored when running in bare mode.
2026-10-09 21:32:25.959 Thread 'MainThread': missing ScriptRunContext! This warning can be ignored when running in bare mode.
2026-10-09 21:32:25.960 Thread 'MainThread': missing ScriptRunContext! This warning can be ignored when running in bare mode.
2026-10-09 21:32:25.962 Thread 'MainThread': missing ScriptRunContext! This warning can be ignored when running in bare mode.
2026-10-09 21:32:25.965 Thread 'MainThread': missing ScriptRunContext! This warning can be ignored when running in bare mode.
2026-10-09 21:32:25.969 Thread 'MainThread': missing ScriptRunContext! This warning can be ignored when running in bare mode.
2026-10-09 21:32:25.973 Thread 'MainThread': missing ScriptRunContext! This warning can be ignored when running in bare mode.
2026-10-09 21:32:25.975 Thread 'MainThread': missing ScriptRunContext! This warning can be ignored when running in bare mode.
2026-10-09 21:32:25.977 Thread 'MainThread': missing ScriptRunContext! This warning can be ignored when running in bare mode.
2026-10-09 21:32:25.979 Thread 'MainThread': missing ScriptRunContext! This warning can be ignored when running in bare mode.
2026-10-09 21:32:25.981 Thread 'MainThread': missing ScriptRunContext! This warning can be ignored when running in bare mode.
2026-10-09 21:32:25.983 Thread 'MainThread': missing ScriptRunContext! This warning can be ignored when running in bare mode.
2026-10-09 21:32:25.985 Thread 'MainThread': missing ScriptRunContext! This warning can be ignored when running in bare mode.
2026-10-09 21:32:25.987 Thread 'MainThread': missing ScriptRunContext! This warning can be ignored when running in bare mode.
2026-10-09 21:32:25.989 Thread 'MainThread': missing ScriptRunContext! This warning can be ignored when running in bare mode.
2026-10-09 21:32:25.991 Thread 'MainThread': missing ScriptRunContext! This warning can be ignored when running in bare mode.
2026-10-09 21:32:25.993 Thread 'MainThread': missing ScriptRunContext! This warning can be ignored when running in bare mode.
2026-10-09 21:32:25.995 Thread 'MainThread': missing ScriptRunContext! This warning can be ignored when running in bare mode.
2026-10-09 21:32:25.998 Thread 'MainThread': missing ScriptRunContext! This warning can be ignored when running in bare mode.
2026-10-09 21:32:26.000 Thread 'MainThread': missing ScriptRunContext! This warning can be ignored when running in bare mode.
2026-10-09 21:32:26.002 Thread 'MainThread': missing ScriptRunContext! This warning can be ignored when running in bare mode.
2026-10-09 21:32:26.005 Thread 'MainThread': missing ScriptRunContext! This warning can be ignored when running in bare mode.
2026-10-09 21:32:26.007 Thread 'MainThread': missing ScriptRunContext! This warning can be ignored when running in bare mode.
2026-10-09 21:32:26.009 Thread 'MainThread': missing ScriptRunContext! This warning can be ignored when running in bare mode.
2026-10-09 21:32:26.011 Thread 'MainThread': missing ScriptRunContext! This warning can be ignored when running in bare mode.
2026-10-09 21:32:26.013 Thread 'MainThread': missing ScriptRunContext! This warning can be ignored when running in bare mode.
2026-10-09 21:32:26.015 Thread 'MainThread': missing ScriptRunContext! This warning can be ignored when running in bare mode.
2026-10-09 21:32:26.017 Thread 'MainThread': missing ScriptRunContext! This warning can be ignored when running in bare mode.
2026-10-09 21:32:26.018 Thread 'MainThread': missing ScriptRunContext! This warning can be ignored when running in bare mode.
2026-10-09 21:32:26.020 Thread 'MainThread': missing ScriptRunContext! This warning can be ignored when running in bare mode.
2026-10-09 21:32:26.022 Thread 'MainThread': missing ScriptRunContext! This warning can be ignored when running in bare mode.
2026-10-09 21:32:26.024 Thread 'MainThread': missing ScriptRunContext! This warning can be ignored when running in bare mode.
2026-10-09 21:32:26.026 Thread 'MainThread': missing ScriptRunContext! This warning can be ignored when running in bare mode.
2026-10-09 21:32:26.028 Thread 'MainThread': missing ScriptRunContext! This warning can be ignored when running in bare mode.
2026-10-09 21:32:26.029 Thread 'MainThread': missing ScriptRunContext! This warning can be ignored when running in bare mode.
2026-10-09 21:32:26.031 Thread 'MainThread': missing ScriptRunContext! This warning can be ignored when running in bare mode.
2026-10-09 21:32:26.033 Thread 'MainThread': missing ScriptRunContext! This warning can be ignored when running in bare mode.
2026-10-09 21:32:26.034 Thread 'MainThread': missing ScriptRunContext! This warning can be ignored when running in bare mode.
2026-10-09 21:32:26.036 Thread 'MainThread': missing ScriptRunContext! This warning can be ignored when running in bare mode.
2026-10-09 21:32:26.038 Thread 'MainThread': missing ScriptRunContext! This warning can be ignored when running in bare mode.
2026-10-09 21:32:26.040 Thread 'MainThread': missing ScriptRunContext! This warning can be ignored when running in bare mode.
2026-10-09 21:32:26.043 Thread 'MainThread': missing ScriptRunContext! This warning can be ignored when running in bare mode.
2026-10-09 21:32:26.045 Thread 'MainThread': missing ScriptRunContext! This warning can be ignored when running in bare mode.
2026-10-09 21:32:26.047 Thread 'MainThread': missing ScriptRunContext! This warning can be ignored when running in bare mode.
2026-10-09 21:32:26.048 Thread 'MainThread': missing ScriptRunContext! This warning can be ignored when running in bare mode.
2026-10-09 21:32:26.050 Thread 'MainThread': missing ScriptRunContext! This warning can be ignored when running in bare mode.
2026-10-09 21:32:26.053 Thread 'MainThread': missing ScriptRunContext! This warning can be ignored when running in bare mode.
2026-10-09 21:32:26.054 Thread 'MainThread': missing ScriptRunContext! This warning can be ignored when running in bare mode.
2026-10-09 21:32:26.056 Thread 'MainThread': missing ScriptRunContext! This warning can be ignored when running in bare mode.
2026-10-09 21:32:26.060 Thread 'MainThread': missing ScriptRunContext! This warning can be ignored when running in bare mode.
2026-10-09 21:32:26.062 Thread 'MainThread': missing ScriptRunContext! This warning can be ignored when running in bare mode.
2026-10-09 21:32:26.064 Thread 'MainThread': missing ScriptRunContext! This warning can be ignored when running in bare mode.
2026-10-09 21:32:26.065 Thread 'MainThread': missing ScriptRunContext! This warning can be ignored when running in bare mode.
2026-10-09 21:32:26.067 Thread 'MainThread': missing ScriptRunContext! This warning can be ignored when running in bare mode.
2026-10-09 21:32:26.069 Thread 'MainThread': missing ScriptRunContext! This warning can be ignored when running in bare mode.
2026-10-09 21:32:26.070 Thread 'MainThread': missing ScriptRunContext! This warning can be ignored when running in bare mode.
2026-10-09 21:32:26.072 Thread 'MainThread': missing ScriptRunContext! This warning can be ignored when running in bare mode.
2026-10-09 21:32:26.074 Thread 'MainThread': missing ScriptRunContext! This warning can be ignored when running in bare mode.
2026-10-09 21:32:26.075 Thread 'MainThread': missing ScriptRunContext! This warning can be ignored when running in bare mode.
2026-10-09 21:32:26.077 Thread 'MainThread': missing ScriptRunContext! This warning can be ignored when running in bare mode.
2026-10-09 21:32:26.079 Thread 'MainThread': missing ScriptRunContext! This warning can be ignored when running in bare mode.
2026-10-09 21:32:26.080 Thread 'MainThread': missing ScriptRunContext! This warning can be ignored when running in bare mode.
2026-10-09 21:32:26.082 Thread 'MainThread': missing ScriptRunContext! This warning can be ignored when running in bare mode.
2026-10-09 21:32:26.085 Thread 'MainThread': missing ScriptRunContext! This warning can be ignored when running in bare mode.
2026-10-09 21:32:26.086 Thread 'MainThread': missing ScriptRunContext! This warning can be ignored when running in bare mode.
2026-10-09 21:32:26.088 Thread 'MainThread': missing ScriptRunContext! This warning can be ignored when running in bare mode.
2026-10-09 21:32:26.090 Thread 'MainThread': missing ScriptRunContext! This warning can be ignored when running in bare mode.
2026-10-09 21:32:26.092 Thread 'MainThread': missing ScriptRunContext! This warning can be ignored when running in bare mode.
2026-10-09 21:32:26.093 Thread 'MainThread': missing ScriptRunContext! This warning can be ignored when running in bare mode.
2026-10-09 21:32:26.095 Thread 'MainThread': missing ScriptRunContext! This warning can be ignored when running in bare mode.
2026-10-09 21:32:26.097 Thread 'MainThread': missing ScriptRunContext! This warning can be ignored when running in bare mode.
2026-10-09 21:32:26.250 Thread 'MainThread': missing ScriptRunContext! This warning can be ignored when running in bare mode.
2026-10-09 21:32:26.251 Thread 'MainThread': missing ScriptRunContext! This warning can be ignored when running in bare mode.
2026-10-09 21:32:26.251 Thread 'MainThread': missing ScriptRunContext! This warning can be ignored when running in bare mode.
2026-10-09 21:32:26.251 Thread 'MainThread': missing ScriptRunContext! This warning can be ignored when running in bare mode.
2026-10-09 21:32:26.338 Thread 'MainThread': missing ScriptRunContext! This warning can be ignored when running in bare mode.
2026-10-09 21:32:26.359 Thread 'MainThread': missing ScriptRunContext! This warning can be ignored when running in bare mode.
2026-10-09 21:32:26.361 Thread 'MainThread': missing ScriptRunContext! This warning can be ignored when running in bare mode.
2026-10-09 21:32:26.368 Thread 'MainThread': missing ScriptRunContext! This warning can be ignored when running in bare mode.
2026-10-09 21:32:26.371 Thread 'MainThread': missing ScriptRunContext! This warning can be ignored when running in bare mode.
2026-10-09 21:32:26.375 Thread 'MainThread': missing ScriptRunContext! This warning can be ignored when running in bare mode.
2026-10-09 21:32:26.379 Thread 'MainThread': missing ScriptRunContext! This warning can be ignored when running in bare mode.
2026-10-09 21:32:26.383 Thread 'MainThread': missing ScriptRunContext! This warning can be ignored when running in bare mode.
2026-10-09 21:32:26.387 Thread 'MainThread': missing ScriptRunContext! This warning can be ignored when running in bare mode.
2026-10-09 21:32:26.391 Thread 'MainThread': missing ScriptRunContext! This warning can be ignored when running in bare mode.
2026-10-09 21:32:26.395 Thread 'MainThread': missing ScriptRunContext! This warning can be ignored when running in bare mode.
2026-10-09 21:32:26.401 Thread 'MainThread': missing ScriptRunContext! This warning can be ignored when running in bare mode.
2026-10-09 21:32:26.405 Thread 'MainThread': missing ScriptRunContext! This warning can be ignored when running in bare mode.
2026-10-09 21:32:26.411 Thread 'MainThread': missing ScriptRunContext! This warning can be ignored when running in bare mode.
2026-10-09 21:32:26.414 Thread 'MainThread': missing ScriptRunContext! This warning can be ignored when running in bare mode.
2026-10-09 21:32:26.417 Thread 'MainThread': missing ScriptRunContext! This warning can be ignored when running in bare mode.
2026-10-09 21:32:26.620 Thread 'MainThread': missing ScriptRunContext! This warning can be ignored when running in bare mode.
2026-10-09 21:32:26.623 Thread 'MainThread': missing ScriptRunContext! This warning can be ignored when running in bare mode.
2026-10-09 21:32:26.626 Thread 'MainThread': missing ScriptRunContext! This warning can be ignored when running in bare mode.
2026-10-09 21:32:26.629 Thread 'MainThread': missing ScriptRunContext! This warning can be ignored when running in bare mode.
2026-10-09 21:32:26.632 Thread 'MainThread': missing ScriptRunContext! This warning can be ignored when running in bare mode.
2026-10-09 21:32:26.635 Thread 'MainThread': missing ScriptRunContext! This warning can be ignored when running in bare mode.
2026-10-09 21:32:26.637 Thread 'MainThread': missing ScriptRunContext! This warning can be ignored when running in bare mode.
2026-10-09 21:32:26.639 Thread 'MainThread': missing ScriptRunContext! This warning can be ignored when running in bare mode.
2026-10-09 21:32:26.642 Thread 'MainThread': missing ScriptRunContext! This warning can be ignored when running in bare mode.
2026-10-09 21:32:26.644 Thread 'MainThread': missing ScriptRunContext! This warning can be ignored when running in bare mode.
2026-10-09 21:32:26.647 Thread 'MainThread': missing ScriptRunContext! This warning can be ignored when running in bare mode.
2026-10-09 21:32:26.650 Thread 'MainThread': missing ScriptRunContext! This warning can be ignored when running in bare mode.
2026-10-09 21:32:26.652 Thread 'MainThread': missing ScriptRunContext! This warning can be ignored when running in bare mode.
2026-10-09 21:32:26.655 Thread 'MainThread': missing ScriptRunContext! This warning can be ignored when running in bare mode.
2026-10-09 21:32:26.657 Thread 'MainThread': missing ScriptRunContext! This warning can be ignored when running in bare mode.
2026-10-09 21:32:26.659 Thread 'MainThread': missing ScriptRunContext! This warning can be ignored when running in bare mode.
2026-10-09 21:32:26.661 Thread 'MainThread': missing ScriptRunContext! This warning can be ignored when running in bare mode.
2026-10-09 21:32:26.664 Thread 'MainThread': missing ScriptRunContext! This warning can be ignored when running in bare mode.
2026-10-09 21:32:26.666 Thread 'MainThread': missing ScriptRunContext! This warning can be ignored when running in bare mode.
2026-10-09 21:32:26.668 Thread 'MainThread': missing ScriptRunContext! This warning can be ignored when running in bare mode.
2026-10-09 21:32:26.670 Thread 'MainThread': missing ScriptRunContext! This warning can be ignored when running in bare mode.
2026-10-09 21:32:26.672 Thread 'MainThread': missing ScriptRunContext! This warning can be ignored when running in bare mode.
2026-10-09 21:32:26.674 Thread 'MainThread': missing ScriptRunContext! This warning can be ignored when running in bare mode.
2026-10-09 21:32:26.676 Thread 'MainThread': missing ScriptRunContext! This warning can be ignored when running in bare mode.
2026-10-09 21:32:26.678 Thread 'MainThread': missing ScriptRunContext! This warning can be ignored when running in bare mode.
2026-10-09 21:32:26.680 Thread 'MainThread': missing ScriptRunContext! This warning can be ignored when running in bare mode.
2026-10-09 21:32:26.682 Thread 'MainThread': missing ScriptRunContext! This warning can be ignored when running in bare mode.
2026-10-09 21:32:26.684 Thread 'MainThread': missing ScriptRunContext! This warning can be ignored when running in bare mode.
2026-10-09 21:32:26.685 Thread 'MainThread': missing ScriptRunContext! This warning can be ignored when running in bare mode.
2026-10-09 21:32:26.687 Thread 'MainThread': missing ScriptRunContext! This warning can be ignored when running in bare mode.
2026-10-09 21:32:26.689 Thread 'MainThread': missing ScriptRunContext! This warning can be ignored when running in bare mode.
2026-10-09 21:32:26.691 Thread 'MainThread': missing ScriptRunContext! This warning can be ignored when running in bare mode.
2026-10-09 21:32:26.693 Thread 'MainThread': missing ScriptRunContext! This warning can be ignored when running in bare mode.
2026-10-09 21:32:26.695 Thread 'MainThread': missing ScriptRunContext! This warning can be ignored when running in bare mode.
2026-10-09 21:32:26.697 Thread 'MainThread': missing ScriptRunContext! This warning can be ignored when running in bare mode.
2026-10-09 21:32:26.699 Thread 'MainThread': missing ScriptRunContext! This warning can be ignored when running in bare mode.
2026-10-09 21:32:26.701 Thread 'MainThread': missing ScriptRunContext! This warning can be ignored when running in bare mode.
2026-10-09 21:32:26.703 Thread 'MainThread': missing ScriptRunContext! This warning can be ignored when running in bare mode.
2026-10-09 21:32:26.705 Thread 'MainThread': missing ScriptRunContext! This warning can be ignored when running in bare mode.
2026-10-09 21:32:26.707 Thread 'MainThread': missing ScriptRunContext! This warning can be ignored when running in bare mode.
2026-10-09 21:32:26.709 Thread 'MainThread': missing ScriptRunContext! This warning can be ignored when running in bare mode.
2026-10-09 21:32:26.710 Thread 'MainThread': missing ScriptRunContext! This warning can be ignored when running in bare mode.
2026-10-09 21:32:26.712 Thread 'MainThread': missing ScriptRunContext! This warning can be ignored when running in bare mode.
2026-10-09 21:32:26.714 Thread 'MainThread': missing ScriptRunContext! This warning can be ignored when running in bare mode.
2026-10-09 21:32:26.716 Thread 'MainThread': missing ScriptRunContext! This warning can be ignored when running in bare mode.
2026-10-09 21:32:26.717 Thread 'MainThread': missing ScriptRunContext! This warning can be ignored when running in bare mode.
2026-10-09 21:32:26.719 Thread 'MainThread': missing ScriptRunContext! This warning can be ignored when running in bare mode.
2026-10-09 21:32:26.721 Thread 'MainThread': missing ScriptRunContext! This warning can be ignored when running in bare mode.
2026-10-09 21:32:26.723 Thread 'MainThread': missing ScriptRunContext! This warning can be ignored when running in bare mode.
2026-10-09 21:32:26.724 Thread 'MainThread': missing ScriptRunContext! This warning can be ignored when running in bare mode.
2026-10-09 21:32:26.726 Thread 'MainThread': missing ScriptRunContext! This warning can be ignored when running in bare mode.
2026-10-09 21:32:26.728 Thread 'MainThread': missing ScriptRunContext! This warning can be ignored when running in bare mode.
2026-10-09 21:32:26.730 Thread 'MainThread': missing ScriptRunContext! This warning can be ignored when running in bare mode.
2026-10-09 21:32:26.731 Thread 'MainThread': missing ScriptRunContext! This warning can be ignored when running in bare mode.
2026-10-09 21:32:26.733 Thread 'MainThread': missing ScriptRunContext! This warning can be ignored when running in bare mode.
2026-10-09 21:32:26.735 Thread 'MainThread': missing ScriptRunContext! This warning can be ignored when running in bare mode.
2026-10-09 21:32:26.736 Thread 'MainThread': missing ScriptRunContext! This warning can be ignored when running in bare mode.
2026-10-09 21:32:26.738 Thread 'MainThread': missing ScriptRunContext! This warning can be ignored when running in bare mode.
2026-10-09 21:32:26.740 Thread 'MainThread': missing ScriptRunContext! This warning can be ignored when running in bare mode.
2026-10-09 21:32:26.742 Thread 'MainThread': missing ScriptRunContext! This warning can be ignored when running in bare mode.
2026-10-09 21:32:26.745 Thread 'MainThread': missing ScriptRunContext! This warning can be ignored when running in bare mode.
2026-10-09 21:32:26.747 Thread 'MainThread': missing ScriptRunContext! This warning can be ignored when running in bare mode.
2026-10-09 21:32:26.749 Thread 'MainThread': missing ScriptRunContext! This warning can be ignored when running in bare mode.
2026-10-09 21:32:26.751 Thread 'MainThread': missing ScriptRunContext! This warning can be ignored when running in bare mode.
2026-10-09 21:32:26.752 Thread 'MainThread': missing ScriptRunContext! This warning can be ignored when running in bare mode.
2026-10-09 21:32:26.754 Thread 'MainThread': missing ScriptRunContext! This warning can be ignored when running in bare mode.
2026-10-09 21:32:26.756 Thread 'MainThread': missing ScriptRunContext! This warning can be ignored when running in bare mode.
2026-10-09 21:32:26.758 Thread 'MainThread': missing ScriptRunContext! This warning can be ignored when running in bare mode.
2026-10-09 21:32:26.759 Thread 'MainThread': missing ScriptRunContext! This warning can be ignored when running in bare mode.
2026-10-09 21:32:26.761 Thread 'MainThread': missing ScriptRunContext! This warning can be ignored when running in bare mode.
2026-10-09 21:32:26.763 Thread 'MainThread': missing ScriptRunContext! This warning can be ignored when running in bare mode.
2026-10-09 21:32:26.764 Thread 'MainThread': missing ScriptRunContext! This warning can be ignored when running in bare mode.
2026-10-09 21:32:26.766 Thread 'MainThread': missing ScriptRunContext! This warning can be ignored when running in bare mode.
2026-10-09 21:32:26.768 Thread 'MainThread': missing ScriptRunContext! This warning can be ignored when running in bare mode.
2026-10-09 21:32:26.769 Thread 'MainThread': missing ScriptRunContext! This warning can be ignored when running in bare mode.
2026-10-09 21:32:26.771 Thread 'MainThread': missing ScriptRunContext! This warning can be ignored when running in bare mode.
2026-10-09 21:32:26.773 Thread 'MainThread': missing ScriptRunContext! This warning can be ignored when running in bare mode.
2026-10-09 21:32:26.775 Thread 'MainThread': missing ScriptRunContext! This warning can be ignored when running in bare mode.
2026-10-09 21:32:26.777 Thread 'MainThread': missing ScriptRunContext! This warning can be ignored when running in bare mode.
2026-10-09 21:32:26.779 Thread 'MainThread': missing ScriptRunContext! This warning can be ignored when running in bare mode.
2026-10-09 21:32:26.780 Thread 'MainThread': missing ScriptRunContext! This warning can be ignored when running in bare mode.
2026-10-09 21:32:26.782 Thread 'MainThread': missing ScriptRunContext! This warning can be ignored when running in bare mode.
2026-10-09 21:32:26.784 Thread 'MainThread': missing ScriptRunContext! This warning can be ignored when running in bare mode.
2026-10-09 21:32:26.785 Thread 'MainThread': missing ScriptRunContext! This warning can be ignored when running in bare mode.
2026-10-09 21:32:26.787 Thread 'MainThread': missing ScriptRunContext! This warning can be ignored when running in bare mode.
2026-10-09 21:32:26.789 Thread 'MainThread': missing ScriptRunContext! This warning can be ignored when running in bare mode.
2026-10-09 21:32:26.791 Thread 'MainThread': missing ScriptRunContext! This warning can be ignored when running in bare mode.
2026-10-09 21:32:26.792 Thread 'MainThread': missing ScriptRunContext! This warning can be ignored when running in bare mode.
2026-10-09 21:32:26.794 Thread 'MainThread': missing ScriptRunContext! This warning can be ignored when running in bare mode.
2026-10-09 21:32:26.796 Thread 'MainThread': missing ScriptRunContext! This warning can be ignored when running in bare mode.
2026-10-09 21:32:26.797 Thread 'MainThread': missing ScriptRunContext! This warning can be ignored when running in bare mode.
2026-10-09 21:32:26.799 Thread 'MainThread': missing ScriptRunContext! This warning can be ignored when running in bare mode.
2026-10-09 21:32:26.801 Thread 'MainThread': missing ScriptRunContext! This warning can be ignored when running in bare mode.
2026-10-09 21:32:26.803 Thread 'MainThread': missing ScriptRunContext! This warning can be ignored when running in bare mode.
2026-10-09 21:32:26.804 Thread 'MainThread': missing ScriptRunContext! This warning can be ignored when running in bare mode.
2026-10-09 21:32:26.806 Thread 'MainThread': missing ScriptRunContext! This warning can be ignored when running in bare mode.
2026-10-09 21:32:26.808 Thread 'MainThread': missing ScriptRunContext! This warning can be ignored when running in bare mode.
2026-10-09 21:32:26.810 Thread 'MainThread': missing ScriptRunContext! This warning can be ignored when running in bare mode.
2026-10-09 21:32:26.811 Thread 'MainThread': missing ScriptRunContext! This warning can be ignored when running in bare mode.
2026-10-09 21:32:26.813 Thread 'MainThread': missing ScriptRunContext! This warning can be ignored when running in bare mode.
2026-10-09 21:32:26.815 Thread 'MainThread': missing ScriptRunContext! This warning can be ignored when running in bare mode.
2026-10-09 21:32:26.816 Thread 'MainThread': missing ScriptRunContext! This warning can be ignored when running in bare mode.
2026-10-09 21:32:26.818 Thread 'MainThread': missing ScriptRunContext! This warning can be ignored when running in bare mode.
2026-10-09 21:32:26.819 Thread 'MainThread': missing ScriptRunContext! This warning can be ignored when running in bare mode.
2026-10-09 21:32:26.821 Thread 'MainThread': missing ScriptRunContext! This warning can be ignored when running in bare mode.
2026-10-09 21:32:26.823 Thread 'MainThread': missing ScriptRunContext! This warning can be ignored when running in bare mode.
2026-10-09 21:32:26.962 Thread 'MainThread': missing ScriptRunContext! This warning can be ignored when running in bare mode.
2026-10-09 21:32:26.962 Thread 'MainThread': missing ScriptRunContext! This warning can be ignored when running in bare mode.
2026-10-09 21:32:26.962 Thread 'MainThread': missing ScriptRunContext! This warning can be ignored when running in bare mode.
2026-10-09 21:32:26.962 Thread 'MainThread': missing ScriptRunContext! This warning can be ignored when running in bare mode.
2026-10-09 21:32:27.398 Thread 'MainThread': missing ScriptRunContext! This warning can be ignored when running in bare mode.
2026-10-09 21:32:27.399 Thread 'MainThread': missing ScriptRunContext! This warning can be ignored when running in bare mode.
2026-10-09 21:32:27.399 Thread 'MainThread': missing ScriptRunContext! This warning can be ignored when running in bare mode.
2026-10-09 21:32:27.399 Thread 'MainThread': missing ScriptRunContext! This warning can be ignored when running in bare mode.
2026-10-09 21:32:27.399 Thread 'MainThread': missing ScriptRunContext! This warning can be ignored when running in bare mode.
2026-10-09 21:32:27.399 Thread 'MainThread': missing ScriptRunContext! This warning can be ignored when running in bare mode.
2026-10-09 21:32:27.399 Thread 'MainThread': missing ScriptRunContext! This warning can be ignored when running in bare mode.
2026-10-09 21:32:28.176 Please replace `use_container_width` with `width`.

`use_container_width` will be removed after 2025-12-31.

For `use_container_width=True`, use `width='stretch'`. For `use_container_width=False`, use `width='content'`.
2026-10-09 21:32:28.413 Please replace `use_container_width` with `width`.

`use_container_width` will be removed after 2025-12-31.

For `use_container_width=True`, use `width='stretch'`. For `use_container_width=False`, use `width='content'`.
2026-10-09 21:32:28.656 Please replace `use_container_width` with `width`.

`use_container_width` will be removed after 2025-12-31.

For `use_container_width=True`, use `width='stretch'`. For `use_container_width=False`, use `width='content'`.
2026-10-09 21:32:28.920 Please replace `use_container_width` with `width`.

`use_container_width` will be removed after 2025-12-31.

For `use_container_width=True`, use `width='stretch'`. For `use_container_width=False`, use `width='content'`.
2026-10-09 21:32:29.188 Please replace `use_container_width` with `width`.

`use_container_width` will be removed after 2025-12-31.

For `use_container_width=True`, use `width='stretch'`. For `use_container_width=False`, use `width='content'`.
2026-10-09 21:32:29.437 Thread 'MainThread': missing ScriptRunContext! This warning can be ignored when running in bare mode.
2026-10-09 21:32:29.437 Thread 'MainThread': missing ScriptRunContext! This warning can be ignored when running in bare mode.
2026-10-09 21:32:29.437 Thread 'MainThread': missing ScriptRunContext! This warning can be ignored when running in bare mode.
2026-10-09 21:32:29.437 Thread 'MainThread': missing ScriptRunContext! This warning can be ignored when running in bare mode.
2026-10-09 21:32:29.437 Thread 'MainThread': missing ScriptRunContext! This warning can be ignored when running in bare mode.
2026-10-09 21:32:29.437 Thread 'MainThread': missing ScriptRunContext! This warning can be ignored when running in bare mode.
2026-10-09 21:32:29.437 Thread 'MainThread': missing ScriptRunContext! This warning can be ignored when running in bare mode.
2026-10-09 21:32:30.172 Please replace `use_container_width` with `width`.

`use_container_width` will be removed after 2025-12-31.

For `use_container_width=True`, use `width='stretch'`. For `use_container_width=False`, use `width='content'`.
2026-10-09 21:32:30.398 Please replace `use_container_width` with `width`.

`use_container_width` will be removed after 2025-12-31.

For `use_container_width=True`, use `width='stretch'`. For `use_container_width=False`, use `width='content'`.
2026-10-09 21:32:30.407 Thread 'MainThread': missing ScriptRunContext! This warning can be ignored when running in bare mode.
2026-10-09 21:32:30.407 Thread 'MainThread': missing ScriptRunContext! This warning can be ignored when running in bare mode.
2026-10-09 21:32:30.407 Thread 'MainThread': missing ScriptRunContext! This warning can be ignored when running in bare mode.
2026-10-09 21:32:30.407 Thread 'MainThread': missing ScriptRunContext! This warning can be ignored when running in bare mode.
2026-10-09 21:32:30.407 Thread 'MainThread': missing ScriptRunContext! This warning can be ignored when running in bare mode.
2026-10-09 21:32:30.407 Thread 'MainThread': missing ScriptRunContext! This warning can be ignored when running in bare mode.
2026-10-09 21:32:30.642 Please replace `use_container_width` with `width`.

`use_container_width` will be removed after 2025-12-31.

For `use_container_width=True`, use `width='stretch'`. For `use_container_width=False`, use `width='content'`.
2026-10-09 21:32:31.665 Please replace `use_container_width` with `width`.

`use_container_width` will be removed after 2025-12-31.

For `use_container_width=True`, use `width='stretch'`. For `use_container_width=False`, use `width='content'`.
2026-10-09 21:32:32.589 Please replace `use_container_width` with `width`.

`use_container_width` will be removed after 2025-12-31.

For `use_container_width=True`, use `width='stretch'`. For `use_container_width=False`, use `width='content'`.
2026-10-09 21:32:33.325 Please replace `use_container_width` with `width`.

`use_container_width` will be removed after 2025-12-31.

For `use_container_width=True`, use `width='stretch'`. For `use_container_width=False`, use `width='content'`.
2026-10-09 21:32:34.316 Please replace `use_container_width` with `width`.

`use_container_width` will be removed after 2025-12-31.

For `use_container_width=True`, use `width='stretch'`. For `use_container_width=False`, use `width='content'`.
2026-10-09 21:32:34.353 Please replace `use_container_width` with `width`.

`use_container_width` will be removed after 2025-12-31.

For `use_container_width=True`, use `width='stretch'`. For `use_container_width=False`, use `width='content'`.
2026-10-09 21:32:34.595 Please replace `use_container_width` with `width`.

`use_container_width` will be removed after 2025-12-31.

For `use_container_width=True`, use `width='stretch'`. For `use_container_width=False`, use `width='content'`.
2026-10-09 21:32:34.637 Please replace `use_container_width` with `width`.

`use_container_width` will be removed after 2025-12-31.

For `use_container_width=True`, use `width='stretch'`. For `use_container_width=False`, use `width='content'`.
2026-10-09 21:32:34.901 Please replace `use_container_width` with `width`.

`use_container_width` will be removed after 2025-12-31.

For `use_container_width=True`, use `width='stretch'`. For `use_container_width=False`, use `width='content'`.
2026-10-09 21:32:34.935 Please replace `use_container_width` with `width`.

`use_container_width` will be removed after 2025-12-31.

For `use_container_width=True`, use `width='stretch'`. For `use_container_width=False`, use `width='content'`.
2026-10-09 21:32:35.169 Please replace `use_container_width` with `width`.

`use_container_width` will be removed after 2025-12-31.

For `use_container_width=True`, use `width='stretch'`. For `use_container_width=False`, use `width='content'`.
2026-10-09 21:32:35.206 Please replace `use_container_width` with `width`.

`use_container_width` will be removed after 2025-12-31.

For `use_container_width=True`, use `width='stretch'`. For `use_container_width=False`, use `width='content'`.
2026-10-09 21:32:35.217 Thread 'MainThread': missing ScriptRunContext! This warning can be ignored when running in bare mode.
2026-10-09 21:32:35.217 Thread 'MainThread': missing ScriptRunContext! This warning can be ignored when running in bare mode.
2026-10-09 21:32:35.217 Thread 'MainThread': missing ScriptRunContext! This warning can be ignored when running in bare mode.
2026-10-09 21:32:35.217 Thread 'MainThread': missing ScriptRunContext! This warning can be ignored when running in bare mode.
2026-10-09 21:32:35.217 Thread 'MainThread': missing ScriptRunContext! This warning can be ignored when running in bare mode.
2026-10-09 21:32:35.217 Thread 'MainThread': missing ScriptRunContext! This warning can be ignored when running in bare mode.
2026-10-09 21:32:35.217 Thread 'MainThread': missing ScriptRunContext! This warning can be ignored when running in bare mode.
2026-10-09 21:32:35.950 Please replace `use_container_width` with `width`.

`use_container_width` will be removed after 2025-12-31.

For `use_container_width=True`, use `width='stretch'`. For `use_container_width=False`, use `width='content'`.
2026-10-09 21:32:36.206 Please replace `use_container_width` with `width`.

`use_container_width` will be removed after 2025-12-31.

For `use_container_width=True`, use `width='stretch'`. For `use_container_width=False`, use `width='content'`.
2026-10-09 21:32:36.963 Thread 'MainThread': missing ScriptRunContext! This warning can be ignored when running in bare mode.
2026-10-09 21:32:36.963 Thread 'MainThread': missing ScriptRunContext! This warning can be ignored when running in bare mode.
2026-10-09 21:32:36.963 Thread 'MainThread': missing ScriptRunContext! This warning can be ignored when running in bare mode.
2026-10-09 21:32:36.963 Thread 'MainThread': missing ScriptRunContext! This warning can be ignored when running in bare mode.
2026-10-09 21:32:36.963 Thread 'MainThread': missing ScriptRunContext! This warning can be ignored when running in bare mode.
2026-10-09 21:32:36.963 Thread 'MainThread': missing ScriptRunContext! This warning can be ignored when running in bare mode.
2026-10-09 21:32:36.963 Thread 'MainThread': missing ScriptRunContext! This warning can be ignored when running in bare mode.
2026-10-09 21:32:37.668 Please replace `use_container_width` with `width`.

`use_container_width` will be removed after 2025-12-31.

For `use_container_width=True`, use `width='stretch'`. For `use_container_width=False`, use `width='content'`.
2026-10-09 21:32:37.901 Please replace `use_container_width` with `width`.

`use_container_width` will be removed after 2025-12-31.

For `use_container_width=True`, use `width='stretch'`. For `use_container_width=False`, use `width='content'`.
2026-10-09 21:32:38.861 Thread 'MainThread': missing ScriptRunContext! This warning can be ignored when running in bare mode.
2026-10-09 21:32:38.861 Thread 'MainThread': missing ScriptRunContext! This warning can be ignored when running in bare mode.
2026-10-09 21:32:38.861 Thread 'MainThread': missing ScriptRunContext! This warning can be ignored when running in bare mode.
2026-10-09 21:32:38.861 Thread 'MainThread': missing ScriptRunContext! This warning can be ignored when running in bare mode.
2026-10-09 21:32:38.861 Thread 'MainThread': missing ScriptRunContext! This warning can be ignored when running in bare mode.
2026-10-09 21:32:38.861 Thread 'MainThread': missing ScriptRunContext! This warning can be ignored when running in bare mode.
2026-10-09 21:32:38.861 Thread 'MainThread': missing ScriptRunContext! This warning can be ignored when running in bare mode.
2026-10-09 21:32:39.645 Please replace `use_container_width` with `width`.

`use_container_width` will be removed after 2025-12-31.

For `use_container_width=True`, use `width='stretch'`. For `use_container_width=False`, use `width='content'`.
2026-10-09 21:32:39.896 Please replace `use_container_width` with `width`.

`use_container_width` will be removed after 2025-12-31.

For `use_container_width=True`, use `width='stretch'`. For `use_container_width=False`, use `width='content'`.
2026-10-09 21:32:40.658 Thread 'MainThread': missing ScriptRunContext! This warning can be ignored when running in bare mode.
2026-10-09 21:32:40.658 Thread 'MainThread': missing ScriptRunContext! This warning can be ignored when running in bare mode.
2026-10-09 21:32:40.658 Thread 'MainThread': missing ScriptRunContext! This warning can be ignored when running in bare mode.
2026-10-09 21:32:40.659 Thread 'MainThread': missing ScriptRunContext! This warning can be ignored when running in bare mode.
2026-10-09 21:32:40.659 Thread 'MainThread': missing ScriptRunContext! This warning can be ignored when running in bare mode.
2026-10-09 21:32:40.659 Thread 'MainThread': missing ScriptRunContext! This warning can be ignored when running in bare mode.
2026-10-09 21:32:40.659 Thread 'MainThread': missing ScriptRunContext! This warning can be ignored when running in bare mode.
2026-10-09 21:32:41.374 Please replace `use_container_width` with `width`.

`use_container_width` will be removed after 2025-12-31.

For `use_container_width=True`, use `width='stretch'`. For `use_container_width=False`, use `width='content'`.
2026-10-09 21:32:42.015 Please replace `use_container_width` with `width`.

`use_container_width` will be removed after 2025-12-31.

For `use_container_width=True`, use `width='stretch'`. For `use_container_width=False`, use `width='content'`.
2026-10-09 21:32:43.156 Please replace `use_container_width` with `width`.

`use_container_width` will be removed after 2025-12-31.

For `use_container_width=True`, use `width='stretch'`. For `use_container_width=False`, use `width='content'`.
2026-10-09 21:32:44.112 Please replace `use_container_width` with `width`.

`use_container_width` will be removed after 2025-12-31.

For `use_container_width=True`, use `width='stretch'`. For `use_container_width=False`, use `width='content'`.
2026-10-09 21:32:45.054 Please replace `use_container_width` with `width`.

`use_container_width` will be removed after 2025-12-31.

For `use_container_width=True`, use `width='stretch'`. For `use_container_width=False`, use `width='content'`.
2026-10-09 21:32:46.024 Please replace `use_container_width` with `width`.

`use_container_width` will be removed after 2025-12-31.

For `use_container_width=True`, use `width='stretch'`. For `use_container_width=False`, use `width='content'`.
2026-10-09 21:32:49.127 Please replace `use_container_width` with `width`.

`use_container_width` will be removed after 2025-12-31.

For `use_container_width=True`, use `width='stretch'`. For `use_container_width=False`, use `width='content'`.
2026-10-09 21:32:50.228 Please replace `use_container_width` with `width`.

`use_container_width` will be removed after 2025-12-31.

For `use_container_width=True`, use `width='stretch'`. For `use_container_width=False`, use `width='content'`.
2026-10-09 21:32:50.877 Thread 'MainThread': missing ScriptRunContext! This warning can be ignored when running in bare mode.
2026-10-09 21:32:50.877 Thread 'MainThread': missing ScriptRunContext! This warning can be ignored when running in bare mode.
2026-10-09 21:32:50.877 Thread 'MainThread': missing ScriptRunContext! This warning can be ignored when running in bare mode.
2026-10-09 21:32:50.877 Thread 'MainThread': missing ScriptRunContext! This warning can be ignored when running in bare mode.
2026-10-09 21:32:50.877 Thread 'MainThread': missing ScriptRunContext! This warning can be ignored when running in bare mode.
2026-10-09 21:32:50.877 Thread 'MainThread': missing ScriptRunContext! This warning can be ignored when running in bare mode.
2026-10-09 21:32:50.877 Thread 'MainThread': missing ScriptRunContext! This warning can be ignored when running in bare mode.
2026-10-09 21:32:51.508 Please replace `use_container_width` with `width`.

`use_container_width` will be removed after 2025-12-31.

For `use_container_width=True`, use `width='stretch'`. For `use_container_width=False`, use `width='content'`.
2026-10-09 21:32:51.745 Please replace `use_container_width` with `width`.

`use_container_width` will be removed after 2025-12-31.

For `use_container_width=True`, use `width='stretch'`. For `use_container_width=False`, use `width='content'`.
2026-10-09 21:32:52.608 Please replace `use_container_width` with `width`.

`use_container_width` will be removed after 2025-12-31.

For `use_container_width=True`, use `width='stretch'`. For `use_container_width=False`, use `width='content'`.
2026-10-09 21:32:52.643 Please replace `use_container_width` with `width`.

`use_container_width` will be removed after 2025-12-31.

For `use_container_width=True`, use `width='stretch'`. For `use_container_width=False`, use `width='content'`.
2026-10-09 21:32:52.859 Please replace `use_container_width` with `width`.

`use_container_width` will be removed after 2025-12-31.

For `use_container_width=True`, use `width='stretch'`. For `use_container_width=False`, use `width='content'`.
2026-10-09 21:32:52.871 Thread 'MainThread': missing ScriptRunContext! This warning can be ignored when running in bare mode.
2026-10-09 21:32:53.295 Please replace `use_container_width` with `width`.

`use_container_width` will be removed after 2025-12-31.

For `use_container_width=True`, use `width='stretch'`. For `use_container_width=False`, use `width='content'`.
2026-10-09 21:32:53.308 Thread 'MainThread': missing ScriptRunContext! This warning can be ignored when running in bare mode.
2026-10-09 21:32:53.309 Thread 'MainThread': missing ScriptRunContext! This warning can be ignored when running in bare mode.
2026-10-09 21:32:53.309 Thread 'MainThread': missing ScriptRunContext! This warning can be ignored when running in bare mode.
2026-10-09 21:32:53.309 Thread 'MainThread': missing ScriptRunContext! This warning can be ignored when running in bare mode.
2026-10-09 21:32:53.309 Thread 'MainThread': missing ScriptRunContext! This warning can be ignored when running in bare mode.
2026-10-09 21:32:53.309 Thread 'MainThread': missing ScriptRunContext! This warning can be ignored when running in bare mode.
2026-10-09 21:32:53.309 Thread 'MainThread': missing ScriptRunContext! This warning can be ignored when running in bare mode.
2026-10-09 21:32:54.138 Please replace `use_container_width` with `width`.

`use_container_width` will be removed after 2025-12-31.

For `use_container_width=True`, use `width='stretch'`. For `use_container_width=False`, use `width='content'`.
2026-10-09 21:32:54.143 Please replace `use_container_width` with `width`.

`use_container_width` will be removed after 2025-12-31.

For `use_container_width=True`, use `width='stretch'`. For `use_container_width=False`, use `width='content'`.
2026-10-09 21:32:54.159 Please replace `use_container_width` with `width`.

`use_container_width` will be removed after 2025-12-31.

For `use_container_width=True`, use `width='stretch'`. For `use_container_width=False`, use `width='content'`.
2026-10-09 21:32:54.366 Please replace `use_container_width` with `width`.

`use_container_width` will be removed after 2025-12-31.

For `use_container_width=True`, use `width='stretch'`. For `use_container_width=False`, use `width='content'`.
2026-10-09 21:32:54.370 Please replace `use_container_width` with `width`.

`use_container_width` will be removed after 2025-12-31.

For `use_container_width=True`, use `width='stretch'`. For `use_container_width=False`, use `width='content'`.
2026-10-09 21:32:54.385 Please replace `use_container_width` with `width`.

`use_container_width` will be removed after 2025-12-31.

For `use_container_width=True`, use `width='stretch'`. For `use_container_width=False`, use `width='content'`.
2026-10-09 21:32:54.574 Please replace `use_container_width` with `width`.

`use_container_width` will be removed after 2025-12-31.

For `use_container_width=True`, use `width='stretch'`. For `use_container_width=False`, use `width='content'`.
2026-10-09 21:32:54.577 Please replace `use_container_width` with `width`.

`use_container_width` will be removed after 2025-12-31.

For `use_container_width=True`, use `width='stretch'`. For `use_container_width=False`, use `width='content'`.
2026-10-09 21:32:54.592 Please replace `use_container_width` with `width`.

`use_container_width` will be removed after 2025-12-31.

For `use_container_width=True`, use `width='stretch'`. For `use_container_width=False`, use `width='content'`.
2026-10-09 21:32:54.799 Please replace `use_container_width` with `width`.

`use_container_width` will be removed after 2025-12-31.

For `use_container_width=True`, use `width='stretch'`. For `use_container_width=False`, use `width='content'`.
2026-10-09 21:32:55.037 Please replace `use_container_width` with `width`.

`use_container_width` will be removed after 2025-12-31.

For `use_container_width=True`, use `width='stretch'`. For `use_container_width=False`, use `width='content'`.
2026-10-09 21:32:55.247 Please replace `use_container_width` with `width`.

`use_container_width` will be removed after 2025-12-31.

For `use_container_width=True`, use `width='stretch'`. For `use_container_width=False`, use `width='content'`.
2026-10-09 21:32:55.250 Please replace `use_container_width` with `width`.

`use_container_width` will be removed after 2025-12-31.

For `use_container_width=True`, use `width='stretch'`. For `use_container_width=False`, use `width='content'`.
2026-10-09 21:32:55.267 Please replace `use_container_width` with `width`.

`use_container_width` will be removed after 2025-12-31.

For `use_container_width=True`, use `width='stretch'`. For `use_container_width=False`, use `width='content'`.
2026-10-09 21:32:55.490 Please replace `use_container_width` with `width`.

`use_container_width` will be removed after 2025-12-31.

For `use_container_width=True`, use `width='stretch'`. For `use_container_width=False`, use `width='content'`.
2026-10-09 21:32:55.494 Please replace `use_container_width` with `width`.

`use_container_width` will be removed after 2025-12-31.

For `use_container_width=True`, use `width='stretch'`. For `use_container_width=False`, use `width='content'`.
2026-10-09 21:32:55.517 Please replace `use_container_width` with `width`.

`use_container_width` will be removed after 2025-12-31.

For `use_container_width=True`, use `width='stretch'`. For `use_container_width=False`, use `width='content'`.
2026-10-09 21:32:55.722 Please replace `use_container_width` with `width`.

`use_container_width` will be removed after 2025-12-31.

For `use_container_width=True`, use `width='stretch'`. For `use_container_width=False`, use `width='content'`.
2026-10-09 21:32:55.725 Please replace `use_container_width` with `width`.

`use_container_width` will be removed after 2025-12-31.

For `use_container_width=True`, use `width='stretch'`. For `use_container_width=False`, use `width='content'`.
2026-10-09 21:32:55.743 Please replace `use_container_width` with `width`.

`use_container_width` will be removed after 2025-12-31.

For `use_container_width=True`, use `width='stretch'`. For `use_container_width=False`, use `width='content'`.
2026-10-09 21:32:55.932 Please replace `use_container_width` with `width`.

`use_container_width` will be removed after 2025-12-31.

For `use_container_width=True`, use `width='stretch'`. For `use_container_width=False`, use `width='content'`.
2026-10-09 21:32:55.935 Please replace `use_container_width` with `width`.

`use_container_width` will be removed after 2025-12-31.

For `use_container_width=True`, use `width='stretch'`. For `use_container_width=False`, use `width='content'`.
2026-10-09 21:32:55.954 Please replace `use_container_width` with `width`.

`use_container_width` will be removed after 2025-12-31.

For `use_container_width=True`, use `width='stretch'`. For `use_container_width=False`, use `width='content'`.
2026-10-09 21:32:55.962 Thread 'MainThread': missing ScriptRunContext! This warning can be ignored when running in bare mode.
2026-10-09 21:32:55.962 Thread 'MainThread': missing ScriptRunContext! This warning can be ignored when running in bare mode.
2026-10-09 21:32:55.962 Thread 'MainThread': missing ScriptRunContext! This warning can be ignored when running in bare mode.
2026-10-09 21:32:55.962 Thread 'MainThread': missing ScriptRunContext! This warning can be ignored when running in bare mode.
2026-10-09 21:32:55.962 Thread 'MainThread': missing ScriptRunContext! This warning can be ignored when running in bare mode.
2026-10-09 21:32:55.962 Thread 'MainThread': missing ScriptRunContext! This warning can be ignored when running in bare mode.
2026-10-09 21:32:55.962 Thread 'MainThread': missing ScriptRunContext! This warning can be ignored when running in bare mode.
Learning Scene validator rejected domain=probability_sets reason=Unsupported Learning Scene version or domain.
2026-10-09 21:32:56.924 Thread 'MainThread': missing ScriptRunContext! This warning can be ignored when running in bare mode.
2026-10-09 21:32:56.924 Thread 'MainThread': missing ScriptRunContext! This warning can be ignored when running in bare mode.
2026-10-09 21:32:56.925 Thread 'MainThread': missing ScriptRunContext! This warning can be ignored when running in bare mode.
2026-10-09 21:32:56.925 Thread 'MainThread': missing ScriptRunContext! This warning can be ignored when running in bare mode.
2026-10-09 21:32:56.925 Thread 'MainThread': missing ScriptRunContext! This warning can be ignored when running in bare mode.
2026-10-09 21:32:56.925 Thread 'MainThread': missing ScriptRunContext! This warning can be ignored when running in bare mode.
2026-10-09 21:32:57.781 Thread 'MainThread': missing ScriptRunContext! This warning can be ignored when running in bare mode.
2026-10-09 21:32:58.015 Thread 'MainThread': missing ScriptRunContext! This warning can be ignored when running in bare mode.
2026-10-09 21:32:58.018 Thread 'MainThread': missing ScriptRunContext! This warning can be ignored when running in bare mode.
2026-10-09 21:32:58.018 Thread 'MainThread': missing ScriptRunContext! This warning can be ignored when running in bare mode.
2026-10-09 21:32:58.018 Thread 'MainThread': missing ScriptRunContext! This warning can be ignored when running in bare mode.
2026-10-09 21:32:58.018 Thread 'MainThread': missing ScriptRunContext! This warning can be ignored when running in bare mode.
2026-10-09 21:32:58.018 Thread 'MainThread': missing ScriptRunContext! This warning can be ignored when running in bare mode.
2026-10-09 21:32:58.018 Thread 'MainThread': missing ScriptRunContext! This warning can be ignored when running in bare mode.
2026-10-09 21:32:58.018 Thread 'MainThread': missing ScriptRunContext! This warning can be ignored when running in bare mode.
2026-10-09 21:32:58.018 Thread 'MainThread': missing ScriptRunContext! This warning can be ignored when running in bare mode.
2026-10-09 21:32:58.018 Thread 'MainThread': missing ScriptRunContext! This warning can be ignored when running in bare mode.
2026-10-09 21:32:58.018 Thread 'MainThread': missing ScriptRunContext! This warning can be ignored when running in bare mode.
2026-10-09 21:32:58.018 Thread 'MainThread': missing ScriptRunContext! This warning can be ignored when running in bare mode.
2026-10-09 21:32:58.018 Thread 'MainThread': missing ScriptRunContext! This warning can be ignored when running in bare mode.
2026-10-09 21:32:58.018 Thread 'MainThread': missing ScriptRunContext! This warning can be ignored when running in bare mode.
2026-10-09 21:32:58.018 Thread 'MainThread': missing ScriptRunContext! This warning can be ignored when running in bare mode.
2026-10-09 21:32:58.019 Thread 'MainThread': missing ScriptRunContext! This warning can be ignored when running in bare mode.
2026-10-09 21:32:58.019 Thread 'MainThread': missing ScriptRunContext! This warning can be ignored when running in bare mode.
2026-10-09 21:32:58.019 Thread 'MainThread': missing ScriptRunContext! This warning can be ignored when running in bare mode.
2026-10-09 21:32:58.019 Thread 'MainThread': missing ScriptRunContext! This warning can be ignored when running in bare mode.
2026-10-09 21:32:58.019 Thread 'MainThread': missing ScriptRunContext! This warning can be ignored when running in bare mode.
2026-10-09 21:32:58.019 Thread 'MainThread': missing ScriptRunContext! This warning can be ignored when running in bare mode.
2026-10-09 21:32:58.019 Thread 'MainThread': missing ScriptRunContext! This warning can be ignored when running in bare mode.
2026-10-09 21:32:58.019 Thread 'MainThread': missing ScriptRunContext! This warning can be ignored when running in bare mode.
2026-10-09 21:32:58.019 Thread 'MainThread': missing ScriptRunContext! This warning can be ignored when running in bare mode.
2026-10-09 21:32:58.019 Thread 'MainThread': missing ScriptRunContext! This warning can be ignored when running in bare mode.
2026-10-09 21:32:58.019 Thread 'MainThread': missing ScriptRunContext! This warning can be ignored when running in bare mode.
2026-10-09 21:32:58.019 Thread 'MainThread': missing ScriptRunContext! This warning can be ignored when running in bare mode.
2026-10-09 21:32:58.019 Thread 'MainThread': missing ScriptRunContext! This warning can be ignored when running in bare mode.
2026-10-09 21:32:58.019 Thread 'MainThread': missing ScriptRunContext! This warning can be ignored when running in bare mode.
2026-10-09 21:32:58.019 Thread 'MainThread': missing ScriptRunContext! This warning can be ignored when running in bare mode.
2026-10-09 21:32:58.019 Thread 'MainThread': missing ScriptRunContext! This warning can be ignored when running in bare mode.
2026-10-09 21:32:58.019 Thread 'MainThread': missing ScriptRunContext! This warning can be ignored when running in bare mode.
2026-10-09 21:32:58.020 Thread 'MainThread': missing ScriptRunContext! This warning can be ignored when running in bare mode.
2026-10-09 21:32:58.020 Thread 'MainThread': missing ScriptRunContext! This warning can be ignored when running in bare mode.
2026-10-09 21:32:58.020 Thread 'MainThread': missing ScriptRunContext! This warning can be ignored when running in bare mode.
2026-10-09 21:32:58.020 Thread 'MainThread': missing ScriptRunContext! This warning can be ignored when running in bare mode.
2026-10-09 21:32:58.020 Thread 'MainThread': missing ScriptRunContext! This warning can be ignored when running in bare mode.
2026-10-09 21:32:58.020 Thread 'MainThread': missing ScriptRunContext! This warning can be ignored when running in bare mode.
2026-10-09 21:32:58.020 Thread 'MainThread': missing ScriptRunContext! This warning can be ignored when running in bare mode.
2026-10-09 21:32:58.020 Thread 'MainThread': missing ScriptRunContext! This warning can be ignored when running in bare mode.
2026-10-09 21:32:58.020 Thread 'MainThread': missing ScriptRunContext! This warning can be ignored when running in bare mode.
2026-10-09 21:32:58.020 Thread 'MainThread': missing ScriptRunContext! This warning can be ignored when running in bare mode.
2026-10-09 21:32:58.020 Thread 'MainThread': missing ScriptRunContext! This warning can be ignored when running in bare mode.
2026-10-09 21:32:58.020 Thread 'MainThread': missing ScriptRunContext! This warning can be ignored when running in bare mode.
2026-10-09 21:32:58.020 Thread 'MainThread': missing ScriptRunContext! This warning can be ignored when running in bare mode.
2026-10-09 21:32:58.020 Thread 'MainThread': missing ScriptRunContext! This warning can be ignored when running in bare mode.
2026-10-09 21:32:58.088 Thread 'MainThread': missing ScriptRunContext! This warning can be ignored when running in bare mode.
2026-10-09 21:32:58.091 Thread 'MainThread': missing ScriptRunContext! This warning can be ignored when running in bare mode.
2026-10-09 21:32:58.091 Thread 'MainThread': missing ScriptRunContext! This warning can be ignored when running in bare mode.
2026-10-09 21:32:58.091 Thread 'MainThread': missing ScriptRunContext! This warning can be ignored when running in bare mode.
2026-10-09 21:32:58.091 Thread 'MainThread': missing ScriptRunContext! This warning can be ignored when running in bare mode.
2026-10-09 21:32:58.091 Thread 'MainThread': missing ScriptRunContext! This warning can be ignored when running in bare mode.
2026-10-09 21:32:58.091 Thread 'MainThread': missing ScriptRunContext! This warning can be ignored when running in bare mode.
2026-10-09 21:32:58.091 Thread 'MainThread': missing ScriptRunContext! This warning can be ignored when running in bare mode.
2026-10-09 21:32:58.091 Thread 'MainThread': missing ScriptRunContext! This warning can be ignored when running in bare mode.
2026-10-09 21:32:58.091 Thread 'MainThread': missing ScriptRunContext! This warning can be ignored when running in bare mode.
2026-10-09 21:32:58.091 Thread 'MainThread': missing ScriptRunContext! This warning can be ignored when running in bare mode.
2026-10-09 21:32:58.091 Thread 'MainThread': missing ScriptRunContext! This warning can be ignored when running in bare mode.
2026-10-09 21:32:58.091 Thread 'MainThread': missing ScriptRunContext! This warning can be ignored when running in bare mode.
2026-10-09 21:32:58.091 Thread 'MainThread': missing ScriptRunContext! This warning can be ignored when running in bare mode.
2026-10-09 21:32:58.091 Thread 'MainThread': missing ScriptRunContext! This warning can be ignored when running in bare mode.
2026-10-09 21:32:58.091 Thread 'MainThread': missing ScriptRunContext! This warning can be ignored when running in bare mode.
2026-10-09 21:32:58.091 Thread 'MainThread': missing ScriptRunContext! This warning can be ignored when running in bare mode.
2026-10-09 21:32:58.091 Thread 'MainThread': missing ScriptRunContext! This warning can be ignored when running in bare mode.
2026-10-09 21:32:58.091 Thread 'MainThread': missing ScriptRunContext! This warning can be ignored when running in bare mode.
2026-10-09 21:32:58.091 Thread 'MainThread': missing ScriptRunContext! This warning can be ignored when running in bare mode.
2026-10-09 21:32:58.091 Thread 'MainThread': missing ScriptRunContext! This warning can be ignored when running in bare mode.
2026-10-09 21:32:58.091 Thread 'MainThread': missing ScriptRunContext! This warning can be ignored when running in bare mode.
2026-10-09 21:32:58.091 Thread 'MainThread': missing ScriptRunContext! This warning can be ignored when running in bare mode.
2026-10-09 21:32:58.092 Thread 'MainThread': missing ScriptRunContext! This warning can be ignored when running in bare mode.
2026-10-09 21:32:58.092 Thread 'MainThread': missing ScriptRunContext! This warning can be ignored when running in bare mode.
2026-10-09 21:32:58.092 Thread 'MainThread': missing ScriptRunContext! This warning can be ignored when running in bare mode.
2026-10-09 21:32:58.092 Thread 'MainThread': missing ScriptRunContext! This warning can be ignored when running in bare mode.
2026-10-09 21:32:58.092 Thread 'MainThread': missing ScriptRunContext! This warning can be ignored when running in bare mode.
2026-10-09 21:32:58.092 Thread 'MainThread': missing ScriptRunContext! This warning can be ignored when running in bare mode.
2026-10-09 21:32:58.092 Thread 'MainThread': missing ScriptRunContext! This warning can be ignored when running in bare mode.
2026-10-09 21:32:58.092 Thread 'MainThread': missing ScriptRunContext! This warning can be ignored when running in bare mode.
2026-10-09 21:32:58.092 Thread 'MainThread': missing ScriptRunContext! This warning can be ignored when running in bare mode.
2026-10-09 21:32:58.092 Thread 'MainThread': missing ScriptRunContext! This warning can be ignored when running in bare mode.
2026-10-09 21:32:58.092 Thread 'MainThread': missing ScriptRunContext! This warning can be ignored when running in bare mode.
2026-10-09 21:32:58.092 Thread 'MainThread': missing ScriptRunContext! This warning can be ignored when running in bare mode.
2026-10-09 21:32:58.092 Thread 'MainThread': missing ScriptRunContext! This warning can be ignored when running in bare mode.
2026-10-09 21:32:58.092 Thread 'MainThread': missing ScriptRunContext! This warning can be ignored when running in bare mode.
2026-10-09 21:32:58.092 Thread 'MainThread': missing ScriptRunContext! This warning can be ignored when running in bare mode.
2026-10-09 21:32:58.092 Thread 'MainThread': missing ScriptRunContext! This warning can be ignored when running in bare mode.
2026-10-09 21:32:58.092 Thread 'MainThread': missing ScriptRunContext! This warning can be ignored when running in bare mode.
2026-10-09 21:32:58.092 Thread 'MainThread': missing ScriptRunContext! This warning can be ignored when running in bare mode.
2026-10-09 21:32:58.092 Thread 'MainThread': missing ScriptRunContext! This warning can be ignored when running in bare mode.
2026-10-09 21:32:58.092 Thread 'MainThread': missing ScriptRunContext! This warning can be ignored when running in bare mode.
2026-10-09 21:32:58.092 Thread 'MainThread': missing ScriptRunContext! This warning can be ignored when running in bare mode.
2026-10-09 21:32:58.092 Thread 'MainThread': missing ScriptRunContext! This warning can be ignored when running in bare mode.
2026-10-09 21:32:58.092 Thread 'MainThread': missing ScriptRunContext! This warning can be ignored when running in bare mode.
2026-10-09 21:32:58.099 Thread 'MainThread': missing ScriptRunContext! This warning can be ignored when running in bare mode.
2026-10-09 21:32:58.104 Thread 'MainThread': missing ScriptRunContext! This warning can be ignored when running in bare mode.
2026-10-09 21:32:58.153 Thread 'MainThread': missing ScriptRunContext! This warning can be ignored when running in bare mode.
2026-10-09 21:32:58.154 Thread 'MainThread': missing ScriptRunContext! This warning can be ignored when running in bare mode.
2026-10-09 21:32:58.154 Thread 'MainThread': missing ScriptRunContext! This warning can be ignored when running in bare mode.
2026-10-09 21:32:58.154 Thread 'MainThread': missing ScriptRunContext! This warning can be ignored when running in bare mode.
2026-10-09 21:32:58.154 Thread 'MainThread': missing ScriptRunContext! This warning can be ignored when running in bare mode.
2026-10-09 21:32:58.154 Thread 'MainThread': missing ScriptRunContext! This warning can be ignored when running in bare mode.
2026-10-09 21:32:58.154 Thread 'MainThread': missing ScriptRunContext! This warning can be ignored when running in bare mode.
2026-10-09 21:32:58.154 Thread 'MainThread': missing ScriptRunContext! This warning can be ignored when running in bare mode.
2026-10-09 21:32:58.154 Thread 'MainThread': missing ScriptRunContext! This warning can be ignored when running in bare mode.
2026-10-09 21:32:58.154 Thread 'MainThread': missing ScriptRunContext! This warning can be ignored when running in bare mode.
2026-10-09 21:32:58.154 Thread 'MainThread': missing ScriptRunContext! This warning can be ignored when running in bare mode.
2026-10-09 21:32:58.154 Thread 'MainThread': missing ScriptRunContext! This warning can be ignored when running in bare mode.
2026-10-09 21:32:58.154 Thread 'MainThread': missing ScriptRunContext! This warning can be ignored when running in bare mode.
2026-10-09 21:32:58.154 Thread 'MainThread': missing ScriptRunContext! This warning can be ignored when running in bare mode.
2026-10-09 21:32:58.154 Thread 'MainThread': missing ScriptRunContext! This warning can be ignored when running in bare mode.
2026-10-09 21:32:58.154 Thread 'MainThread': missing ScriptRunContext! This warning can be ignored when running in bare mode.
2026-10-09 21:32:58.154 Thread 'MainThread': missing ScriptRunContext! This warning can be ignored when running in bare mode.
2026-10-09 21:32:58.154 Thread 'MainThread': missing ScriptRunContext! This warning can be ignored when running in bare mode.
2026-10-09 21:32:58.154 Thread 'MainThread': missing ScriptRunContext! This warning can be ignored when running in bare mode.
2026-10-09 21:32:58.154 Thread 'MainThread': missing ScriptRunContext! This warning can be ignored when running in bare mode.
2026-10-09 21:32:58.154 Thread 'MainThread': missing ScriptRunContext! This warning can be ignored when running in bare mode.
2026-10-09 21:32:58.154 Thread 'MainThread': missing ScriptRunContext! This warning can be ignored when running in bare mode.
2026-10-09 21:32:58.154 Thread 'MainThread': missing ScriptRunContext! This warning can be ignored when running in bare mode.
2026-10-09 21:32:58.155 Thread 'MainThread': missing ScriptRunContext! This warning can be ignored when running in bare mode.
2026-10-09 21:32:58.155 Thread 'MainThread': missing ScriptRunContext! This warning can be ignored when running in bare mode.
2026-10-09 21:32:58.155 Thread 'MainThread': missing ScriptRunContext! This warning can be ignored when running in bare mode.
2026-10-09 21:32:58.155 Thread 'MainThread': missing ScriptRunContext! This warning can be ignored when running in bare mode.
2026-10-09 21:32:58.155 Thread 'MainThread': missing ScriptRunContext! This warning can be ignored when running in bare mode.
2026-10-09 21:32:58.155 Thread 'MainThread': missing ScriptRunContext! This warning can be ignored when running in bare mode.
2026-10-09 21:32:58.155 Thread 'MainThread': missing ScriptRunContext! This warning can be ignored when running in bare mode.
2026-10-09 21:32:58.155 Thread 'MainThread': missing ScriptRunContext! This warning can be ignored when running in bare mode.
2026-10-09 21:32:58.155 Thread 'MainThread': missing ScriptRunContext! This warning can be ignored when running in bare mode.
2026-10-09 21:32:58.155 Thread 'MainThread': missing ScriptRunContext! This warning can be ignored when running in bare mode.
2026-10-09 21:32:58.155 Thread 'MainThread': missing ScriptRunContext! This warning can be ignored when running in bare mode.
2026-10-09 21:32:58.155 Thread 'MainThread': missing ScriptRunContext! This warning can be ignored when running in bare mode.
2026-10-09 21:32:58.155 Thread 'MainThread': missing ScriptRunContext! This warning can be ignored when running in bare mode.
2026-10-09 21:32:58.155 Thread 'MainThread': missing ScriptRunContext! This warning can be ignored when running in bare mode.
2026-10-09 21:32:58.155 Thread 'MainThread': missing ScriptRunContext! This warning can be ignored when running in bare mode.
2026-10-09 21:32:58.155 Thread 'MainThread': missing ScriptRunContext! This warning can be ignored when running in bare mode.
2026-10-09 21:32:58.155 Thread 'MainThread': missing ScriptRunContext! This warning can be ignored when running in bare mode.
2026-10-09 21:32:58.155 Thread 'MainThread': missing ScriptRunContext! This warning can be ignored when running in bare mode.
2026-10-09 21:32:58.155 Thread 'MainThread': missing ScriptRunContext! This warning can be ignored when running in bare mode.
2026-10-09 21:32:58.155 Thread 'MainThread': missing ScriptRunContext! This warning can be ignored when running in bare mode.
2026-10-09 21:32:58.155 Thread 'MainThread': missing ScriptRunContext! This warning can be ignored when running in bare mode.
2026-10-09 21:32:58.155 Thread 'MainThread': missing ScriptRunContext! This warning can be ignored when running in bare mode.
2026-10-09 21:32:58.155 Thread 'MainThread': missing ScriptRunContext! This warning can be ignored when running in bare mode.
2026-10-09 21:32:58.174 Thread 'MainThread': missing ScriptRunContext! This warning can be ignored when running in bare mode.
2026-10-09 21:32:58.175 Thread 'MainThread': missing ScriptRunContext! This warning can be ignored when running in bare mode.
2026-10-09 21:32:58.175 Thread 'MainThread': missing ScriptRunContext! This warning can be ignored when running in bare mode.
2026-10-09 21:32:58.175 Thread 'MainThread': missing ScriptRunContext! This warning can be ignored when running in bare mode.
2026-10-09 21:32:58.175 Thread 'MainThread': missing ScriptRunContext! This warning can be ignored when running in bare mode.
2026-10-09 21:32:58.175 Thread 'MainThread': missing ScriptRunContext! This warning can be ignored when running in bare mode.
2026-10-09 21:32:58.175 Thread 'MainThread': missing ScriptRunContext! This warning can be ignored when running in bare mode.
2026-10-09 21:32:58.175 Thread 'MainThread': missing ScriptRunContext! This warning can be ignored when running in bare mode.
2026-10-09 21:32:58.176 Thread 'MainThread': missing ScriptRunContext! This warning can be ignored when running in bare mode.
2026-10-09 21:32:58.176 Thread 'MainThread': missing ScriptRunContext! This warning can be ignored when running in bare mode.
2026-10-09 21:32:58.176 Thread 'MainThread': missing ScriptRunContext! This warning can be ignored when running in bare mode.
2026-10-09 21:32:58.176 Thread 'MainThread': missing ScriptRunContext! This warning can be ignored when running in bare mode.
2026-10-09 21:32:58.176 Thread 'MainThread': missing ScriptRunContext! This warning can be ignored when running in bare mode.
2026-10-09 21:32:58.176 Thread 'MainThread': missing ScriptRunContext! This warning can be ignored when running in bare mode.
2026-10-09 21:32:58.176 Thread 'MainThread': missing ScriptRunContext! This warning can be ignored when running in bare mode.
2026-10-09 21:32:58.176 Thread 'MainThread': missing ScriptRunContext! This warning can be ignored when running in bare mode.
2026-10-09 21:32:58.176 Thread 'MainThread': missing ScriptRunContext! This warning can be ignored when running in bare mode.
2026-10-09 21:32:58.176 Thread 'MainThread': missing ScriptRunContext! This warning can be ignored when running in bare mode.
2026-10-09 21:32:58.176 Thread 'MainThread': missing ScriptRunContext! This warning can be ignored when running in bare mode.
2026-10-09 21:32:58.176 Thread 'MainThread': missing ScriptRunContext! This warning can be ignored when running in bare mode.
2026-10-09 21:32:58.176 Thread 'MainThread': missing ScriptRunContext! This warning can be ignored when running in bare mode.
2026-10-09 21:32:58.176 Thread 'MainThread': missing ScriptRunContext! This warning can be ignored when running in bare mode.
2026-10-09 21:32:58.176 Thread 'MainThread': missing ScriptRunContext! This warning can be ignored when running in bare mode.
2026-10-09 21:32:58.176 Thread 'MainThread': missing ScriptRunContext! This warning can be ignored when running in bare mode.
2026-10-09 21:32:58.176 Thread 'MainThread': missing ScriptRunContext! This warning can be ignored when running in bare mode.
2026-10-09 21:32:58.176 Thread 'MainThread': missing ScriptRunContext! This warning can be ignored when running in bare mode.
2026-10-09 21:32:58.176 Thread 'MainThread': missing ScriptRunContext! This warning can be ignored when running in bare mode.
2026-10-09 21:32:58.176 Thread 'MainThread': missing ScriptRunContext! This warning can be ignored when running in bare mode.
2026-10-09 21:32:58.176 Thread 'MainThread': missing ScriptRunContext! This warning can be ignored when running in bare mode.
2026-10-09 21:32:58.176 Thread 'MainThread': missing ScriptRunContext! This warning can be ignored when running in bare mode.
2026-10-09 21:32:58.176 Thread 'MainThread': missing ScriptRunContext! This warning can be ignored when running in bare mode.
2026-10-09 21:32:58.176 Thread 'MainThread': missing ScriptRunContext! This warning can be ignored when running in bare mode.
2026-10-09 21:32:58.177 Thread 'MainThread': missing ScriptRunContext! This warning can be ignored when running in bare mode.
2026-10-09 21:32:58.177 Thread 'MainThread': missing ScriptRunContext! This warning can be ignored when running in bare mode.
2026-10-09 21:32:58.177 Thread 'MainThread': missing ScriptRunContext! This warning can be ignored when running in bare mode.
2026-10-09 21:32:58.177 Thread 'MainThread': missing ScriptRunContext! This warning can be ignored when running in bare mode.
2026-10-09 21:32:58.177 Thread 'MainThread': missing ScriptRunContext! This warning can be ignored when running in bare mode.
2026-10-09 21:32:58.177 Thread 'MainThread': missing ScriptRunContext! This warning can be ignored when running in bare mode.
2026-10-09 21:32:58.177 Thread 'MainThread': missing ScriptRunContext! This warning can be ignored when running in bare mode.
2026-10-09 21:32:58.177 Thread 'MainThread': missing ScriptRunContext! This warning can be ignored when running in bare mode.
2026-10-09 21:32:58.177 Thread 'MainThread': missing ScriptRunContext! This warning can be ignored when running in bare mode.
2026-10-09 21:32:58.177 Thread 'MainThread': missing ScriptRunContext! This warning can be ignored when running in bare mode.
2026-10-09 21:32:58.177 Thread 'MainThread': missing ScriptRunContext! This warning can be ignored when running in bare mode.
2026-10-09 21:32:58.177 Thread 'MainThread': missing ScriptRunContext! This warning can be ignored when running in bare mode.
2026-10-09 21:32:58.177 Thread 'MainThread': missing ScriptRunContext! This warning can be ignored when running in bare mode.
2026-10-09 21:32:58.177 Thread 'MainThread': missing ScriptRunContext! This warning can be ignored when running in bare mode.
2026-10-09 21:32:58.180 Thread 'MainThread': missing ScriptRunContext! This warning can be ignored when running in bare mode.
2026-10-09 21:32:58.183 Thread 'MainThread': missing ScriptRunContext! This warning can be ignored when running in bare mode.
2026-10-09 21:32:58.203 Thread 'MainThread': missing ScriptRunContext! This warning can be ignored when running in bare mode.
2026-10-09 21:32:58.204 Thread 'MainThread': missing ScriptRunContext! This warning can be ignored when running in bare mode.
2026-10-09 21:32:58.204 Thread 'MainThread': missing ScriptRunContext! This warning can be ignored when running in bare mode.
2026-10-09 21:32:58.204 Thread 'MainThread': missing ScriptRunContext! This warning can be ignored when running in bare mode.
2026-10-09 21:32:58.204 Thread 'MainThread': missing ScriptRunContext! This warning can be ignored when running in bare mode.
2026-10-09 21:32:58.204 Thread 'MainThread': missing ScriptRunContext! This warning can be ignored when running in bare mode.
2026-10-09 21:32:58.204 Thread 'MainThread': missing ScriptRunContext! This warning can be ignored when running in bare mode.
2026-10-09 21:32:58.204 Thread 'MainThread': missing ScriptRunContext! This warning can be ignored when running in bare mode.
2026-10-09 21:32:58.204 Thread 'MainThread': missing ScriptRunContext! This warning can be ignored when running in bare mode.
2026-10-09 21:32:58.204 Thread 'MainThread': missing ScriptRunContext! This warning can be ignored when running in bare mode.
2026-10-09 21:32:58.204 Thread 'MainThread': missing ScriptRunContext! This warning can be ignored when running in bare mode.
2026-10-09 21:32:58.204 Thread 'MainThread': missing ScriptRunContext! This warning can be ignored when running in bare mode.
2026-10-09 21:32:58.204 Thread 'MainThread': missing ScriptRunContext! This warning can be ignored when running in bare mode.
2026-10-09 21:32:58.204 Thread 'MainThread': missing ScriptRunContext! This warning can be ignored when running in bare mode.
2026-10-09 21:32:58.204 Thread 'MainThread': missing ScriptRunContext! This warning can be ignored when running in bare mode.
2026-10-09 21:32:58.204 Thread 'MainThread': missing ScriptRunContext! This warning can be ignored when running in bare mode.
2026-10-09 21:32:58.204 Thread 'MainThread': missing ScriptRunContext! This warning can be ignored when running in bare mode.
2026-10-09 21:32:58.204 Thread 'MainThread': missing ScriptRunContext! This warning can be ignored when running in bare mode.
2026-10-09 21:32:58.204 Thread 'MainThread': missing ScriptRunContext! This warning can be ignored when running in bare mode.
2026-10-09 21:32:58.205 Thread 'MainThread': missing ScriptRunContext! This warning can be ignored when running in bare mode.
2026-10-09 21:32:58.205 Thread 'MainThread': missing ScriptRunContext! This warning can be ignored when running in bare mode.
2026-10-09 21:32:58.205 Thread 'MainThread': missing ScriptRunContext! This warning can be ignored when running in bare mode.
2026-10-09 21:32:58.205 Thread 'MainThread': missing ScriptRunContext! This warning can be ignored when running in bare mode.
2026-10-09 21:32:58.205 Thread 'MainThread': missing ScriptRunContext! This warning can be ignored when running in bare mode.
2026-10-09 21:32:58.205 Thread 'MainThread': missing ScriptRunContext! This warning can be ignored when running in bare mode.
2026-10-09 21:32:58.205 Thread 'MainThread': missing ScriptRunContext! This warning can be ignored when running in bare mode.
2026-10-09 21:32:58.205 Thread 'MainThread': missing ScriptRunContext! This warning can be ignored when running in bare mode.
2026-10-09 21:32:58.205 Thread 'MainThread': missing ScriptRunContext! This warning can be ignored when running in bare mode.
2026-10-09 21:32:58.205 Thread 'MainThread': missing ScriptRunContext! This warning can be ignored when running in bare mode.
2026-10-09 21:32:58.205 Thread 'MainThread': missing ScriptRunContext! This warning can be ignored when running in bare mode.
2026-10-09 21:32:58.205 Thread 'MainThread': missing ScriptRunContext! This warning can be ignored when running in bare mode.
2026-10-09 21:32:58.205 Thread 'MainThread': missing ScriptRunContext! This warning can be ignored when running in bare mode.
2026-10-09 21:32:58.205 Thread 'MainThread': missing ScriptRunContext! This warning can be ignored when running in bare mode.
2026-10-09 21:32:58.205 Thread 'MainThread': missing ScriptRunContext! This warning can be ignored when running in bare mode.
2026-10-09 21:32:58.205 Thread 'MainThread': missing ScriptRunContext! This warning can be ignored when running in bare mode.
2026-10-09 21:32:58.205 Thread 'MainThread': missing ScriptRunContext! This warning can be ignored when running in bare mode.
2026-10-09 21:32:58.205 Thread 'MainThread': missing ScriptRunContext! This warning can be ignored when running in bare mode.
2026-10-09 21:32:58.205 Thread 'MainThread': missing ScriptRunContext! This warning can be ignored when running in bare mode.
2026-10-09 21:32:58.205 Thread 'MainThread': missing ScriptRunContext! This warning can be ignored when running in bare mode.
2026-10-09 21:32:58.205 Thread 'MainThread': missing ScriptRunContext! This warning can be ignored when running in bare mode.
2026-10-09 21:32:58.205 Thread 'MainThread': missing ScriptRunContext! This warning can be ignored when running in bare mode.
2026-10-09 21:32:58.206 Thread 'MainThread': missing ScriptRunContext! This warning can be ignored when running in bare mode.
2026-10-09 21:32:58.206 Thread 'MainThread': missing ScriptRunContext! This warning can be ignored when running in bare mode.
2026-10-09 21:32:58.206 Thread 'MainThread': missing ScriptRunContext! This warning can be ignored when running in bare mode.
2026-10-09 21:32:58.206 Thread 'MainThread': missing ScriptRunContext! This warning can be ignored when running in bare mode.
2026-10-09 21:32:58.206 Thread 'MainThread': missing ScriptRunContext! This warning can be ignored when running in bare mode.
2026-10-09 21:32:58.215 Thread 'MainThread': missing ScriptRunContext! This warning can be ignored when running in bare mode.
2026-10-09 21:32:58.215 Thread 'MainThread': missing ScriptRunContext! This warning can be ignored when running in bare mode.
2026-10-09 21:32:58.215 Thread 'MainThread': missing ScriptRunContext! This warning can be ignored when running in bare mode.
2026-10-09 21:32:58.216 Thread 'MainThread': missing ScriptRunContext! This warning can be ignored when running in bare mode.
2026-10-09 21:32:58.216 Thread 'MainThread': missing ScriptRunContext! This warning can be ignored when running in bare mode.
2026-10-09 21:32:58.216 Thread 'MainThread': missing ScriptRunContext! This warning can be ignored when running in bare mode.
2026-10-09 21:32:58.216 Thread 'MainThread': missing ScriptRunContext! This warning can be ignored when running in bare mode.
2026-10-09 21:32:58.216 Thread 'MainThread': missing ScriptRunContext! This warning can be ignored when running in bare mode.
2026-10-09 21:32:58.216 Thread 'MainThread': missing ScriptRunContext! This warning can be ignored when running in bare mode.
2026-10-09 21:32:58.216 Thread 'MainThread': missing ScriptRunContext! This warning can be ignored when running in bare mode.
2026-10-09 21:32:58.216 Thread 'MainThread': missing ScriptRunContext! This warning can be ignored when running in bare mode.
2026-10-09 21:32:58.216 Thread 'MainThread': missing ScriptRunContext! This warning can be ignored when running in bare mode.
2026-10-09 21:32:58.216 Thread 'MainThread': missing ScriptRunContext! This warning can be ignored when running in bare mode.
2026-10-09 21:32:58.216 Thread 'MainThread': missing ScriptRunContext! This warning can be ignored when running in bare mode.
2026-10-09 21:32:58.216 Thread 'MainThread': missing ScriptRunContext! This warning can be ignored when running in bare mode.
2026-10-09 21:32:58.216 Thread 'MainThread': missing ScriptRunContext! This warning can be ignored when running in bare mode.
2026-10-09 21:32:58.216 Thread 'MainThread': missing ScriptRunContext! This warning can be ignored when running in bare mode.
2026-10-09 21:32:58.216 Thread 'MainThread': missing ScriptRunContext! This warning can be ignored when running in bare mode.
2026-10-09 21:32:58.216 Thread 'MainThread': missing ScriptRunContext! This warning can be ignored when running in bare mode.
2026-10-09 21:32:58.216 Thread 'MainThread': missing ScriptRunContext! This warning can be ignored when running in bare mode.
2026-10-09 21:32:58.216 Thread 'MainThread': missing ScriptRunContext! This warning can be ignored when running in bare mode.
2026-10-09 21:32:58.216 Thread 'MainThread': missing ScriptRunContext! This warning can be ignored when running in bare mode.
2026-10-09 21:32:58.216 Thread 'MainThread': missing ScriptRunContext! This warning can be ignored when running in bare mode.
2026-10-09 21:32:58.216 Thread 'MainThread': missing ScriptRunContext! This warning can be ignored when running in bare mode.
2026-10-09 21:32:58.217 Thread 'MainThread': missing ScriptRunContext! This warning can be ignored when running in bare mode.
2026-10-09 21:32:58.217 Thread 'MainThread': missing ScriptRunContext! This warning can be ignored when running in bare mode.
2026-10-09 21:32:58.217 Thread 'MainThread': missing ScriptRunContext! This warning can be ignored when running in bare mode.
2026-10-09 21:32:58.217 Thread 'MainThread': missing ScriptRunContext! This warning can be ignored when running in bare mode.
2026-10-09 21:32:58.217 Thread 'MainThread': missing ScriptRunContext! This warning can be ignored when running in bare mode.
2026-10-09 21:32:58.217 Thread 'MainThread': missing ScriptRunContext! This warning can be ignored when running in bare mode.
2026-10-09 21:32:58.217 Thread 'MainThread': missing ScriptRunContext! This warning can be ignored when running in bare mode.
2026-10-09 21:32:58.217 Thread 'MainThread': missing ScriptRunContext! This warning can be ignored when running in bare mode.
2026-10-09 21:32:58.217 Thread 'MainThread': missing ScriptRunContext! This warning can be ignored when running in bare mode.
2026-10-09 21:32:58.217 Thread 'MainThread': missing ScriptRunContext! This warning can be ignored when running in bare mode.
2026-10-09 21:32:58.217 Thread 'MainThread': missing ScriptRunContext! This warning can be ignored when running in bare mode.
2026-10-09 21:32:58.217 Thread 'MainThread': missing ScriptRunContext! This warning can be ignored when running in bare mode.
2026-10-09 21:32:58.217 Thread 'MainThread': missing ScriptRunContext! This warning can be ignored when running in bare mode.
2026-10-09 21:32:58.217 Thread 'MainThread': missing ScriptRunContext! This warning can be ignored when running in bare mode.
2026-10-09 21:32:58.217 Thread 'MainThread': missing ScriptRunContext! This warning can be ignored when running in bare mode.
2026-10-09 21:32:58.217 Thread 'MainThread': missing ScriptRunContext! This warning can be ignored when running in bare mode.
2026-10-09 21:32:58.217 Thread 'MainThread': missing ScriptRunContext! This warning can be ignored when running in bare mode.
2026-10-09 21:32:58.217 Thread 'MainThread': missing ScriptRunContext! This warning can be ignored when running in bare mode.
2026-10-09 21:32:58.217 Thread 'MainThread': missing ScriptRunContext! This warning can be ignored when running in bare mode.
2026-10-09 21:32:58.217 Thread 'MainThread': missing ScriptRunContext! This warning can be ignored when running in bare mode.
2026-10-09 21:32:58.217 Thread 'MainThread': missing ScriptRunContext! This warning can be ignored when running in bare mode.
2026-10-09 21:32:58.217 Thread 'MainThread': missing ScriptRunContext! This warning can be ignored when running in bare mode.
2026-10-09 21:32:58.219 Thread 'MainThread': missing ScriptRunContext! This warning can be ignored when running in bare mode.
2026-10-09 21:32:58.221 Thread 'MainThread': missing ScriptRunContext! This warning can be ignored when running in bare mode.
2026-10-09 21:32:58.315 Thread 'MainThread': missing ScriptRunContext! This warning can be ignored when running in bare mode.
2026-10-09 21:32:58.316 Thread 'MainThread': missing ScriptRunContext! This warning can be ignored when running in bare mode.
2026-10-09 21:32:58.316 Thread 'MainThread': missing ScriptRunContext! This warning can be ignored when running in bare mode.
2026-10-09 21:32:58.316 Thread 'MainThread': missing ScriptRunContext! This warning can be ignored when running in bare mode.
2026-10-09 21:32:58.316 Thread 'MainThread': missing ScriptRunContext! This warning can be ignored when running in bare mode.
2026-10-09 21:32:58.316 Thread 'MainThread': missing ScriptRunContext! This warning can be ignored when running in bare mode.
2026-10-09 21:32:58.316 Thread 'MainThread': missing ScriptRunContext! This warning can be ignored when running in bare mode.
2026-10-09 21:32:58.316 Thread 'MainThread': missing ScriptRunContext! This warning can be ignored when running in bare mode.
2026-10-09 21:32:58.316 Thread 'MainThread': missing ScriptRunContext! This warning can be ignored when running in bare mode.
2026-10-09 21:32:58.316 Thread 'MainThread': missing ScriptRunContext! This warning can be ignored when running in bare mode.
2026-10-09 21:32:58.316 Thread 'MainThread': missing ScriptRunContext! This warning can be ignored when running in bare mode.
2026-10-09 21:32:58.316 Thread 'MainThread': missing ScriptRunContext! This warning can be ignored when running in bare mode.
2026-10-09 21:32:58.316 Thread 'MainThread': missing ScriptRunContext! This warning can be ignored when running in bare mode.
2026-10-09 21:32:58.316 Thread 'MainThread': missing ScriptRunContext! This warning can be ignored when running in bare mode.
2026-10-09 21:32:58.317 Thread 'MainThread': missing ScriptRunContext! This warning can be ignored when running in bare mode.
2026-10-09 21:32:58.317 Thread 'MainThread': missing ScriptRunContext! This warning can be ignored when running in bare mode.
2026-10-09 21:32:58.317 Thread 'MainThread': missing ScriptRunContext! This warning can be ignored when running in bare mode.
2026-10-09 21:32:58.317 Thread 'MainThread': missing ScriptRunContext! This warning can be ignored when running in bare mode.
2026-10-09 21:32:58.317 Thread 'MainThread': missing ScriptRunContext! This warning can be ignored when running in bare mode.
2026-10-09 21:32:58.317 Thread 'MainThread': missing ScriptRunContext! This warning can be ignored when running in bare mode.
2026-10-09 21:32:58.317 Thread 'MainThread': missing ScriptRunContext! This warning can be ignored when running in bare mode.
2026-10-09 21:32:58.317 Thread 'MainThread': missing ScriptRunContext! This warning can be ignored when running in bare mode.
2026-10-09 21:32:58.317 Thread 'MainThread': missing ScriptRunContext! This warning can be ignored when running in bare mode.
2026-10-09 21:32:58.317 Thread 'MainThread': missing ScriptRunContext! This warning can be ignored when running in bare mode.
2026-10-09 21:32:58.317 Thread 'MainThread': missing ScriptRunContext! This warning can be ignored when running in bare mode.
2026-10-09 21:32:58.317 Thread 'MainThread': missing ScriptRunContext! This warning can be ignored when running in bare mode.
2026-10-09 21:32:58.317 Thread 'MainThread': missing ScriptRunContext! This warning can be ignored when running in bare mode.
2026-10-09 21:32:58.317 Thread 'MainThread': missing ScriptRunContext! This warning can be ignored when running in bare mode.
2026-10-09 21:32:58.317 Thread 'MainThread': missing ScriptRunContext! This warning can be ignored when running in bare mode.
2026-10-09 21:32:58.317 Thread 'MainThread': missing ScriptRunContext! This warning can be ignored when running in bare mode.
2026-10-09 21:32:58.317 Thread 'MainThread': missing ScriptRunContext! This warning can be ignored when running in bare mode.
2026-10-09 21:32:58.317 Thread 'MainThread': missing ScriptRunContext! This warning can be ignored when running in bare mode.
2026-10-09 21:32:58.317 Thread 'MainThread': missing ScriptRunContext! This warning can be ignored when running in bare mode.
2026-10-09 21:32:58.317 Thread 'MainThread': missing ScriptRunContext! This warning can be ignored when running in bare mode.
2026-10-09 21:32:58.317 Thread 'MainThread': missing ScriptRunContext! This warning can be ignored when running in bare mode.
2026-10-09 21:32:58.317 Thread 'MainThread': missing ScriptRunContext! This warning can be ignored when running in bare mode.
2026-10-09 21:32:58.317 Thread 'MainThread': missing ScriptRunContext! This warning can be ignored when running in bare mode.
2026-10-09 21:32:58.317 Thread 'MainThread': missing ScriptRunContext! This warning can be ignored when running in bare mode.
2026-10-09 21:32:58.318 Thread 'MainThread': missing ScriptRunContext! This warning can be ignored when running in bare mode.
2026-10-09 21:32:58.318 Thread 'MainThread': missing ScriptRunContext! This warning can be ignored when running in bare mode.
2026-10-09 21:32:58.318 Thread 'MainThread': missing ScriptRunContext! This warning can be ignored when running in bare mode.
2026-10-09 21:32:58.318 Thread 'MainThread': missing ScriptRunContext! This warning can be ignored when running in bare mode.
2026-10-09 21:32:58.318 Thread 'MainThread': missing ScriptRunContext! This warning can be ignored when running in bare mode.
2026-10-09 21:32:58.318 Thread 'MainThread': missing ScriptRunContext! This warning can be ignored when running in bare mode.
2026-10-09 21:32:58.318 Thread 'MainThread': missing ScriptRunContext! This warning can be ignored when running in bare mode.
2026-10-09 21:32:58.318 Thread 'MainThread': missing ScriptRunContext! This warning can be ignored when running in bare mode.
2026-10-09 21:32:58.341 Thread 'MainThread': missing ScriptRunContext! This warning can be ignored when running in bare mode.
2026-10-09 21:32:58.342 Thread 'MainThread': missing ScriptRunContext! This warning can be ignored when running in bare mode.
2026-10-09 21:32:58.342 Thread 'MainThread': missing ScriptRunContext! This warning can be ignored when running in bare mode.
2026-10-09 21:32:58.342 Thread 'MainThread': missing ScriptRunContext! This warning can be ignored when running in bare mode.
2026-10-09 21:32:58.342 Thread 'MainThread': missing ScriptRunContext! This warning can be ignored when running in bare mode.
2026-10-09 21:32:58.342 Thread 'MainThread': missing ScriptRunContext! This warning can be ignored when running in bare mode.
2026-10-09 21:32:58.342 Thread 'MainThread': missing ScriptRunContext! This warning can be ignored when running in bare mode.
2026-10-09 21:32:58.342 Thread 'MainThread': missing ScriptRunContext! This warning can be ignored when running in bare mode.
2026-10-09 21:32:58.342 Thread 'MainThread': missing ScriptRunContext! This warning can be ignored when running in bare mode.
2026-10-09 21:32:58.342 Thread 'MainThread': missing ScriptRunContext! This warning can be ignored when running in bare mode.
2026-10-09 21:32:58.342 Thread 'MainThread': missing ScriptRunContext! This warning can be ignored when running in bare mode.
2026-10-09 21:32:58.342 Thread 'MainThread': missing ScriptRunContext! This warning can be ignored when running in bare mode.
2026-10-09 21:32:58.342 Thread 'MainThread': missing ScriptRunContext! This warning can be ignored when running in bare mode.
2026-10-09 21:32:58.342 Thread 'MainThread': missing ScriptRunContext! This warning can be ignored when running in bare mode.
2026-10-09 21:32:58.342 Thread 'MainThread': missing ScriptRunContext! This warning can be ignored when running in bare mode.
2026-10-09 21:32:58.342 Thread 'MainThread': missing ScriptRunContext! This warning can be ignored when running in bare mode.
2026-10-09 21:32:58.343 Thread 'MainThread': missing ScriptRunContext! This warning can be ignored when running in bare mode.
2026-10-09 21:32:58.343 Thread 'MainThread': missing ScriptRunContext! This warning can be ignored when running in bare mode.
2026-10-09 21:32:58.343 Thread 'MainThread': missing ScriptRunContext! This warning can be ignored when running in bare mode.
2026-10-09 21:32:58.343 Thread 'MainThread': missing ScriptRunContext! This warning can be ignored when running in bare mode.
2026-10-09 21:32:58.343 Thread 'MainThread': missing ScriptRunContext! This warning can be ignored when running in bare mode.
2026-10-09 21:32:58.343 Thread 'MainThread': missing ScriptRunContext! This warning can be ignored when running in bare mode.
2026-10-09 21:32:58.343 Thread 'MainThread': missing ScriptRunContext! This warning can be ignored when running in bare mode.
2026-10-09 21:32:58.343 Thread 'MainThread': missing ScriptRunContext! This warning can be ignored when running in bare mode.
2026-10-09 21:32:58.343 Thread 'MainThread': missing ScriptRunContext! This warning can be ignored when running in bare mode.
2026-10-09 21:32:58.343 Thread 'MainThread': missing ScriptRunContext! This warning can be ignored when running in bare mode.
2026-10-09 21:32:58.343 Thread 'MainThread': missing ScriptRunContext! This warning can be ignored when running in bare mode.
2026-10-09 21:32:58.343 Thread 'MainThread': missing ScriptRunContext! This warning can be ignored when running in bare mode.
2026-10-09 21:32:58.343 Thread 'MainThread': missing ScriptRunContext! This warning can be ignored when running in bare mode.
2026-10-09 21:32:58.343 Thread 'MainThread': missing ScriptRunContext! This warning can be ignored when running in bare mode.
2026-10-09 21:32:58.343 Thread 'MainThread': missing ScriptRunContext! This warning can be ignored when running in bare mode.
2026-10-09 21:32:58.343 Thread 'MainThread': missing ScriptRunContext! This warning can be ignored when running in bare mode.
2026-10-09 21:32:58.343 Thread 'MainThread': missing ScriptRunContext! This warning can be ignored when running in bare mode.
2026-10-09 21:32:58.343 Thread 'MainThread': missing ScriptRunContext! This warning can be ignored when running in bare mode.
2026-10-09 21:32:58.343 Thread 'MainThread': missing ScriptRunContext! This warning can be ignored when running in bare mode.
2026-10-09 21:32:58.343 Thread 'MainThread': missing ScriptRunContext! This warning can be ignored when running in bare mode.
2026-10-09 21:32:58.343 Thread 'MainThread': missing ScriptRunContext! This warning can be ignored when running in bare mode.
2026-10-09 21:32:58.343 Thread 'MainThread': missing ScriptRunContext! This warning can be ignored when running in bare mode.
2026-10-09 21:32:58.343 Thread 'MainThread': missing ScriptRunContext! This warning can be ignored when running in bare mode.
2026-10-09 21:32:58.344 Thread 'MainThread': missing ScriptRunContext! This warning can be ignored when running in bare mode.
2026-10-09 21:32:58.344 Thread 'MainThread': missing ScriptRunContext! This warning can be ignored when running in bare mode.
2026-10-09 21:32:58.344 Thread 'MainThread': missing ScriptRunContext! This warning can be ignored when running in bare mode.
2026-10-09 21:32:58.344 Thread 'MainThread': missing ScriptRunContext! This warning can be ignored when running in bare mode.
2026-10-09 21:32:58.344 Thread 'MainThread': missing ScriptRunContext! This warning can be ignored when running in bare mode.
2026-10-09 21:32:58.344 Thread 'MainThread': missing ScriptRunContext! This warning can be ignored when running in bare mode.
2026-10-09 21:32:58.344 Thread 'MainThread': missing ScriptRunContext! This warning can be ignored when running in bare mode.
2026-10-09 21:32:58.347 Thread 'MainThread': missing ScriptRunContext! This warning can be ignored when running in bare mode.
2026-10-09 21:32:58.350 Thread 'MainThread': missing ScriptRunContext! This warning can be ignored when running in bare mode.
2026-10-09 21:33:02.272 Thread 'MainThread': missing ScriptRunContext! This warning can be ignored when running in bare mode.
2026-10-09 21:33:02.275 Thread 'MainThread': missing ScriptRunContext! This warning can be ignored when running in bare mode.
2026-10-09 21:33:02.275 Thread 'MainThread': missing ScriptRunContext! This warning can be ignored when running in bare mode.
2026-10-09 21:33:02.275 Thread 'MainThread': missing ScriptRunContext! This warning can be ignored when running in bare mode.
2026-10-09 21:33:02.275 Thread 'MainThread': missing ScriptRunContext! This warning can be ignored when running in bare mode.
2026-10-09 21:33:02.275 Thread 'MainThread': missing ScriptRunContext! This warning can be ignored when running in bare mode.
2026-10-09 21:33:02.275 Thread 'MainThread': missing ScriptRunContext! This warning can be ignored when running in bare mode.
2026-10-09 21:33:02.275 Thread 'MainThread': missing ScriptRunContext! This warning can be ignored when running in bare mode.
2026-10-09 21:33:02.275 Thread 'MainThread': missing ScriptRunContext! This warning can be ignored when running in bare mode.
2026-10-09 21:33:02.275 Thread 'MainThread': missing ScriptRunContext! This warning can be ignored when running in bare mode.
2026-10-09 21:33:02.275 Thread 'MainThread': missing ScriptRunContext! This warning can be ignored when running in bare mode.
2026-10-09 21:33:02.275 Thread 'MainThread': missing ScriptRunContext! This warning can be ignored when running in bare mode.
2026-10-09 21:33:02.275 Thread 'MainThread': missing ScriptRunContext! This warning can be ignored when running in bare mode.
2026-10-09 21:33:02.275 Thread 'MainThread': missing ScriptRunContext! This warning can be ignored when running in bare mode.
2026-10-09 21:33:02.275 Thread 'MainThread': missing ScriptRunContext! This warning can be ignored when running in bare mode.
2026-10-09 21:33:02.275 Thread 'MainThread': missing ScriptRunContext! This warning can be ignored when running in bare mode.
2026-10-09 21:33:02.275 Thread 'MainThread': missing ScriptRunContext! This warning can be ignored when running in bare mode.
2026-10-09 21:33:02.275 Thread 'MainThread': missing ScriptRunContext! This warning can be ignored when running in bare mode.
2026-10-09 21:33:02.275 Thread 'MainThread': missing ScriptRunContext! This warning can be ignored when running in bare mode.
2026-10-09 21:33:02.276 Thread 'MainThread': missing ScriptRunContext! This warning can be ignored when running in bare mode.
2026-10-09 21:33:02.276 Thread 'MainThread': missing ScriptRunContext! This warning can be ignored when running in bare mode.
2026-10-09 21:33:02.276 Thread 'MainThread': missing ScriptRunContext! This warning can be ignored when running in bare mode.
2026-10-09 21:33:02.276 Thread 'MainThread': missing ScriptRunContext! This warning can be ignored when running in bare mode.
2026-10-09 21:33:02.276 Thread 'MainThread': missing ScriptRunContext! This warning can be ignored when running in bare mode.
2026-10-09 21:33:02.276 Thread 'MainThread': missing ScriptRunContext! This warning can be ignored when running in bare mode.
2026-10-09 21:33:02.276 Thread 'MainThread': missing ScriptRunContext! This warning can be ignored when running in bare mode.
2026-10-09 21:33:02.276 Thread 'MainThread': missing ScriptRunContext! This warning can be ignored when running in bare mode.
2026-10-09 21:33:02.276 Thread 'MainThread': missing ScriptRunContext! This warning can be ignored when running in bare mode.
2026-10-09 21:33:02.276 Thread 'MainThread': missing ScriptRunContext! This warning can be ignored when running in bare mode.
2026-10-09 21:33:02.276 Thread 'MainThread': missing ScriptRunContext! This warning can be ignored when running in bare mode.
2026-10-09 21:33:02.276 Thread 'MainThread': missing ScriptRunContext! This warning can be ignored when running in bare mode.
2026-10-09 21:33:02.276 Thread 'MainThread': missing ScriptRunContext! This warning can be ignored when running in bare mode.
2026-10-09 21:33:02.276 Thread 'MainThread': missing ScriptRunContext! This warning can be ignored when running in bare mode.
2026-10-09 21:33:02.276 Thread 'MainThread': missing ScriptRunContext! This warning can be ignored when running in bare mode.
2026-10-09 21:33:02.276 Thread 'MainThread': missing ScriptRunContext! This warning can be ignored when running in bare mode.
2026-10-09 21:33:02.276 Thread 'MainThread': missing ScriptRunContext! This warning can be ignored when running in bare mode.
2026-10-09 21:33:02.276 Thread 'MainThread': missing ScriptRunContext! This warning can be ignored when running in bare mode.
2026-10-09 21:33:02.276 Thread 'MainThread': missing ScriptRunContext! This warning can be ignored when running in bare mode.
2026-10-09 21:33:02.276 Thread 'MainThread': missing ScriptRunContext! This warning can be ignored when running in bare mode.
2026-10-09 21:33:02.276 Thread 'MainThread': missing ScriptRunContext! This warning can be ignored when running in bare mode.
2026-10-09 21:33:02.276 Thread 'MainThread': missing ScriptRunContext! This warning can be ignored when running in bare mode.
2026-10-09 21:33:02.276 Thread 'MainThread': missing ScriptRunContext! This warning can be ignored when running in bare mode.
2026-10-09 21:33:02.277 Thread 'MainThread': missing ScriptRunContext! This warning can be ignored when running in bare mode.
2026-10-09 21:33:02.277 Thread 'MainThread': missing ScriptRunContext! This warning can be ignored when running in bare mode.
2026-10-09 21:33:02.277 Thread 'MainThread': missing ScriptRunContext! This warning can be ignored when running in bare mode.
2026-10-09 21:33:02.277 Thread 'MainThread': missing ScriptRunContext! This warning can be ignored when running in bare mode.
2026-10-09 21:33:06.404 Thread 'MainThread': missing ScriptRunContext! This warning can be ignored when running in bare mode.
2026-10-09 21:33:06.406 Thread 'MainThread': missing ScriptRunContext! This warning can be ignored when running in bare mode.
2026-10-09 21:33:06.406 Thread 'MainThread': missing ScriptRunContext! This warning can be ignored when running in bare mode.
2026-10-09 21:33:06.406 Thread 'MainThread': missing ScriptRunContext! This warning can be ignored when running in bare mode.
2026-10-09 21:33:06.406 Thread 'MainThread': missing ScriptRunContext! This warning can be ignored when running in bare mode.
2026-10-09 21:33:06.406 Thread 'MainThread': missing ScriptRunContext! This warning can be ignored when running in bare mode.
2026-10-09 21:33:06.406 Thread 'MainThread': missing ScriptRunContext! This warning can be ignored when running in bare mode.
2026-10-09 21:33:06.406 Thread 'MainThread': missing ScriptRunContext! This warning can be ignored when running in bare mode.
2026-10-09 21:33:06.406 Thread 'MainThread': missing ScriptRunContext! This warning can be ignored when running in bare mode.
2026-10-09 21:33:06.407 Thread 'MainThread': missing ScriptRunContext! This warning can be ignored when running in bare mode.
2026-10-09 21:33:06.407 Thread 'MainThread': missing ScriptRunContext! This warning can be ignored when running in bare mode.
2026-10-09 21:33:06.407 Thread 'MainThread': missing ScriptRunContext! This warning can be ignored when running in bare mode.
2026-10-09 21:33:06.407 Thread 'MainThread': missing ScriptRunContext! This warning can be ignored when running in bare mode.
2026-10-09 21:33:06.407 Thread 'MainThread': missing ScriptRunContext! This warning can be ignored when running in bare mode.
2026-10-09 21:33:06.407 Thread 'MainThread': missing ScriptRunContext! This warning can be ignored when running in bare mode.
2026-10-09 21:33:06.407 Thread 'MainThread': missing ScriptRunContext! This warning can be ignored when running in bare mode.
2026-10-09 21:33:06.407 Thread 'MainThread': missing ScriptRunContext! This warning can be ignored when running in bare mode.
2026-10-09 21:33:06.407 Thread 'MainThread': missing ScriptRunContext! This warning can be ignored when running in bare mode.
2026-10-09 21:33:06.407 Thread 'MainThread': missing ScriptRunContext! This warning can be ignored when running in bare mode.
2026-10-09 21:33:06.407 Thread 'MainThread': missing ScriptRunContext! This warning can be ignored when running in bare mode.
2026-10-09 21:33:06.407 Thread 'MainThread': missing ScriptRunContext! This warning can be ignored when running in bare mode.
2026-10-09 21:33:06.407 Thread 'MainThread': missing ScriptRunContext! This warning can be ignored when running in bare mode.
2026-10-09 21:33:06.407 Thread 'MainThread': missing ScriptRunContext! This warning can be ignored when running in bare mode.
2026-10-09 21:33:06.407 Thread 'MainThread': missing ScriptRunContext! This warning can be ignored when running in bare mode.
2026-10-09 21:33:06.407 Thread 'MainThread': missing ScriptRunContext! This warning can be ignored when running in bare mode.
2026-10-09 21:33:06.407 Thread 'MainThread': missing ScriptRunContext! This warning can be ignored when running in bare mode.
2026-10-09 21:33:06.407 Thread 'MainThread': missing ScriptRunContext! This warning can be ignored when running in bare mode.
2026-10-09 21:33:06.407 Thread 'MainThread': missing ScriptRunContext! This warning can be ignored when running in bare mode.
2026-10-09 21:33:06.407 Thread 'MainThread': missing ScriptRunContext! This warning can be ignored when running in bare mode.
2026-10-09 21:33:06.407 Thread 'MainThread': missing ScriptRunContext! This warning can be ignored when running in bare mode.
2026-10-09 21:33:06.407 Thread 'MainThread': missing ScriptRunContext! This warning can be ignored when running in bare mode.
2026-10-09 21:33:06.407 Thread 'MainThread': missing ScriptRunContext! This warning can be ignored when running in bare mode.
2026-10-09 21:33:06.408 Thread 'MainThread': missing ScriptRunContext! This warning can be ignored when running in bare mode.
2026-10-09 21:33:06.408 Thread 'MainThread': missing ScriptRunContext! This warning can be ignored when running in bare mode.
2026-10-09 21:33:06.408 Thread 'MainThread': missing ScriptRunContext! This warning can be ignored when running in bare mode.
2026-10-09 21:33:06.408 Thread 'MainThread': missing ScriptRunContext! This warning can be ignored when running in bare mode.
2026-10-09 21:33:06.408 Thread 'MainThread': missing ScriptRunContext! This warning can be ignored when running in bare mode.
2026-10-09 21:33:06.408 Thread 'MainThread': missing ScriptRunContext! This warning can be ignored when running in bare mode.
2026-10-09 21:33:06.408 Thread 'MainThread': missing ScriptRunContext! This warning can be ignored when running in bare mode.
2026-10-09 21:33:06.408 Thread 'MainThread': missing ScriptRunContext! This warning can be ignored when running in bare mode.
2026-10-09 21:33:06.408 Thread 'MainThread': missing ScriptRunContext! This warning can be ignored when running in bare mode.
2026-10-09 21:33:06.408 Thread 'MainThread': missing ScriptRunContext! This warning can be ignored when running in bare mode.
2026-10-09 21:33:06.408 Thread 'MainThread': missing ScriptRunContext! This warning can be ignored when running in bare mode.
2026-10-09 21:33:06.408 Thread 'MainThread': missing ScriptRunContext! This warning can be ignored when running in bare mode.
2026-10-09 21:33:06.408 Thread 'MainThread': missing ScriptRunContext! This warning can be ignored when running in bare mode.
2026-10-09 21:33:06.408 Thread 'MainThread': missing ScriptRunContext! This warning can be ignored when running in bare mode.
2026-10-09 21:33:06.418 Thread 'MainThread': missing ScriptRunContext! This warning can be ignored when running in bare mode.
2026-10-09 21:33:06.423 Thread 'MainThread': missing ScriptRunContext! This warning can be ignored when running in bare mode.
2026-10-09 21:33:06.430 Thread 'MainThread': missing ScriptRunContext! This warning can be ignored when running in bare mode.
2026-10-09 21:33:06.438 Thread 'MainThread': missing ScriptRunContext! This warning can be ignored when running in bare mode.
2026-10-09 21:33:06.445 Thread 'MainThread': missing ScriptRunContext! This warning can be ignored when running in bare mode.
2026-10-09 21:33:06.453 Thread 'MainThread': missing ScriptRunContext! This warning can be ignored when running in bare mode.
2026-10-09 21:33:06.460 Thread 'MainThread': missing ScriptRunContext! This warning can be ignored when running in bare mode.
2026-10-09 21:33:06.468 Thread 'MainThread': missing ScriptRunContext! This warning can be ignored when running in bare mode.
2026-10-09 21:33:06.475 Thread 'MainThread': missing ScriptRunContext! This warning can be ignored when running in bare mode.
2026-10-09 21:33:06.483 Thread 'MainThread': missing ScriptRunContext! This warning can be ignored when running in bare mode.
2026-10-09 21:33:06.490 Thread 'MainThread': missing ScriptRunContext! This warning can be ignored when running in bare mode.
2026-10-09 21:33:06.497 Thread 'MainThread': missing ScriptRunContext! This warning can be ignored when running in bare mode.
2026-10-09 21:33:06.504 Thread 'MainThread': missing ScriptRunContext! This warning can be ignored when running in bare mode.
2026-10-09 21:33:06.512 Thread 'MainThread': missing ScriptRunContext! This warning can be ignored when running in bare mode.
2026-10-09 21:33:06.520 Thread 'MainThread': missing ScriptRunContext! This warning can be ignored when running in bare mode.
2026-10-09 21:33:06.528 Thread 'MainThread': missing ScriptRunContext! This warning can be ignored when running in bare mode.
2026-10-09 21:33:06.535 Thread 'MainThread': missing ScriptRunContext! This warning can be ignored when running in bare mode.
2026-10-09 21:33:06.543 Thread 'MainThread': missing ScriptRunContext! This warning can be ignored when running in bare mode.
2026-10-09 21:33:06.550 Thread 'MainThread': missing ScriptRunContext! This warning can be ignored when running in bare mode.
2026-10-09 21:33:06.557 Thread 'MainThread': missing ScriptRunContext! This warning can be ignored when running in bare mode.
2026-10-09 21:33:06.564 Thread 'MainThread': missing ScriptRunContext! This warning can be ignored when running in bare mode.
2026-10-09 21:33:06.572 Thread 'MainThread': missing ScriptRunContext! This warning can be ignored when running in bare mode.
2026-10-09 21:33:06.580 Thread 'MainThread': missing ScriptRunContext! This warning can be ignored when running in bare mode.
2026-10-09 21:33:06.587 Thread 'MainThread': missing ScriptRunContext! This warning can be ignored when running in bare mode.
2026-10-09 21:33:06.594 Thread 'MainThread': missing ScriptRunContext! This warning can be ignored when running in bare mode.
2026-10-09 21:33:06.602 Thread 'MainThread': missing ScriptRunContext! This warning can be ignored when running in bare mode.
2026-10-09 21:33:06.609 Thread 'MainThread': missing ScriptRunContext! This warning can be ignored when running in bare mode.
2026-10-09 21:33:06.617 Thread 'MainThread': missing ScriptRunContext! This warning can be ignored when running in bare mode.
2026-10-09 21:33:06.624 Thread 'MainThread': missing ScriptRunContext! This warning can be ignored when running in bare mode.
2026-10-09 21:33:06.632 Thread 'MainThread': missing ScriptRunContext! This warning can be ignored when running in bare mode.
2026-10-09 21:33:06.640 Thread 'MainThread': missing ScriptRunContext! This warning can be ignored when running in bare mode.
2026-10-09 21:33:06.648 Thread 'MainThread': missing ScriptRunContext! This warning can be ignored when running in bare mode.
2026-10-09 21:33:06.656 Thread 'MainThread': missing ScriptRunContext! This warning can be ignored when running in bare mode.
2026-10-09 21:33:06.664 Thread 'MainThread': missing ScriptRunContext! This warning can be ignored when running in bare mode.
2026-10-09 21:33:06.672 Thread 'MainThread': missing ScriptRunContext! This warning can be ignored when running in bare mode.
2026-10-09 21:33:06.680 Thread 'MainThread': missing ScriptRunContext! This warning can be ignored when running in bare mode.
2026-10-09 21:33:06.688 Thread 'MainThread': missing ScriptRunContext! This warning can be ignored when running in bare mode.
2026-10-09 21:33:06.696 Thread 'MainThread': missing ScriptRunContext! This warning can be ignored when running in bare mode.
2026-10-09 21:33:06.704 Thread 'MainThread': missing ScriptRunContext! This warning can be ignored when running in bare mode.
2026-10-09 21:33:06.712 Thread 'MainThread': missing ScriptRunContext! This warning can be ignored when running in bare mode.
2026-10-09 21:33:06.759 Thread 'MainThread': missing ScriptRunContext! This warning can be ignored when running in bare mode.
2026-10-09 21:33:06.761 Thread 'MainThread': missing ScriptRunContext! This warning can be ignored when running in bare mode.
2026-10-09 21:33:06.761 Thread 'MainThread': missing ScriptRunContext! This warning can be ignored when running in bare mode.
2026-10-09 21:33:06.761 Thread 'MainThread': missing ScriptRunContext! This warning can be ignored when running in bare mode.
2026-10-09 21:33:06.761 Thread 'MainThread': missing ScriptRunContext! This warning can be ignored when running in bare mode.
2026-10-09 21:33:06.761 Thread 'MainThread': missing ScriptRunContext! This warning can be ignored when running in bare mode.
2026-10-09 21:33:06.761 Thread 'MainThread': missing ScriptRunContext! This warning can be ignored when running in bare mode.
2026-10-09 21:33:06.761 Thread 'MainThread': missing ScriptRunContext! This warning can be ignored when running in bare mode.
2026-10-09 21:33:06.761 Thread 'MainThread': missing ScriptRunContext! This warning can be ignored when running in bare mode.
2026-10-09 21:33:06.761 Thread 'MainThread': missing ScriptRunContext! This warning can be ignored when running in bare mode.
2026-10-09 21:33:06.761 Thread 'MainThread': missing ScriptRunContext! This warning can be ignored when running in bare mode.
2026-10-09 21:33:06.762 Thread 'MainThread': missing ScriptRunContext! This warning can be ignored when running in bare mode.
2026-10-09 21:33:06.762 Thread 'MainThread': missing ScriptRunContext! This warning can be ignored when running in bare mode.
2026-10-09 21:33:06.762 Thread 'MainThread': missing ScriptRunContext! This warning can be ignored when running in bare mode.
2026-10-09 21:33:06.762 Thread 'MainThread': missing ScriptRunContext! This warning can be ignored when running in bare mode.
2026-10-09 21:33:06.762 Thread 'MainThread': missing ScriptRunContext! This warning can be ignored when running in bare mode.
2026-10-09 21:33:06.762 Thread 'MainThread': missing ScriptRunContext! This warning can be ignored when running in bare mode.
2026-10-09 21:33:06.762 Thread 'MainThread': missing ScriptRunContext! This warning can be ignored when running in bare mode.
2026-10-09 21:33:06.762 Thread 'MainThread': missing ScriptRunContext! This warning can be ignored when running in bare mode.
2026-10-09 21:33:06.762 Thread 'MainThread': missing ScriptRunContext! This warning can be ignored when running in bare mode.
2026-10-09 21:33:06.762 Thread 'MainThread': missing ScriptRunContext! This warning can be ignored when running in bare mode.
2026-10-09 21:33:06.762 Thread 'MainThread': missing ScriptRunContext! This warning can be ignored when running in bare mode.
2026-10-09 21:33:06.762 Thread 'MainThread': missing ScriptRunContext! This warning can be ignored when running in bare mode.
2026-10-09 21:33:06.762 Thread 'MainThread': missing ScriptRunContext! This warning can be ignored when running in bare mode.
2026-10-09 21:33:06.762 Thread 'MainThread': missing ScriptRunContext! This warning can be ignored when running in bare mode.
2026-10-09 21:33:06.762 Thread 'MainThread': missing ScriptRunContext! This warning can be ignored when running in bare mode.
2026-10-09 21:33:06.762 Thread 'MainThread': missing ScriptRunContext! This warning can be ignored when running in bare mode.
2026-10-09 21:33:06.762 Thread 'MainThread': missing ScriptRunContext! This warning can be ignored when running in bare mode.
2026-10-09 21:33:06.762 Thread 'MainThread': missing ScriptRunContext! This warning can be ignored when running in bare mode.
2026-10-09 21:33:06.762 Thread 'MainThread': missing ScriptRunContext! This warning can be ignored when running in bare mode.
2026-10-09 21:33:06.762 Thread 'MainThread': missing ScriptRunContext! This warning can be ignored when running in bare mode.
2026-10-09 21:33:06.762 Thread 'MainThread': missing ScriptRunContext! This warning can be ignored when running in bare mode.
2026-10-09 21:33:06.762 Thread 'MainThread': missing ScriptRunContext! This warning can be ignored when running in bare mode.
2026-10-09 21:33:06.762 Thread 'MainThread': missing ScriptRunContext! This warning can be ignored when running in bare mode.
2026-10-09 21:33:06.762 Thread 'MainThread': missing ScriptRunContext! This warning can be ignored when running in bare mode.
2026-10-09 21:33:06.762 Thread 'MainThread': missing ScriptRunContext! This warning can be ignored when running in bare mode.
2026-10-09 21:33:06.763 Thread 'MainThread': missing ScriptRunContext! This warning can be ignored when running in bare mode.
2026-10-09 21:33:06.763 Thread 'MainThread': missing ScriptRunContext! This warning can be ignored when running in bare mode.
2026-10-09 21:33:06.763 Thread 'MainThread': missing ScriptRunContext! This warning can be ignored when running in bare mode.
2026-10-09 21:33:06.763 Thread 'MainThread': missing ScriptRunContext! This warning can be ignored when running in bare mode.
2026-10-09 21:33:06.763 Thread 'MainThread': missing ScriptRunContext! This warning can be ignored when running in bare mode.
2026-10-09 21:33:06.763 Thread 'MainThread': missing ScriptRunContext! This warning can be ignored when running in bare mode.
2026-10-09 21:33:06.763 Thread 'MainThread': missing ScriptRunContext! This warning can be ignored when running in bare mode.
2026-10-09 21:33:06.763 Thread 'MainThread': missing ScriptRunContext! This warning can be ignored when running in bare mode.
2026-10-09 21:33:06.763 Thread 'MainThread': missing ScriptRunContext! This warning can be ignored when running in bare mode.
2026-10-09 21:33:06.763 Thread 'MainThread': missing ScriptRunContext! This warning can be ignored when running in bare mode.
2026-10-09 21:33:06.810 Thread 'MainThread': missing ScriptRunContext! This warning can be ignored when running in bare mode.
2026-10-09 21:33:06.812 Thread 'MainThread': missing ScriptRunContext! This warning can be ignored when running in bare mode.
2026-10-09 21:33:06.812 Thread 'MainThread': missing ScriptRunContext! This warning can be ignored when running in bare mode.
2026-10-09 21:33:06.812 Thread 'MainThread': missing ScriptRunContext! This warning can be ignored when running in bare mode.
2026-10-09 21:33:06.812 Thread 'MainThread': missing ScriptRunContext! This warning can be ignored when running in bare mode.
2026-10-09 21:33:06.812 Thread 'MainThread': missing ScriptRunContext! This warning can be ignored when running in bare mode.
2026-10-09 21:33:06.812 Thread 'MainThread': missing ScriptRunContext! This warning can be ignored when running in bare mode.
2026-10-09 21:33:06.812 Thread 'MainThread': missing ScriptRunContext! This warning can be ignored when running in bare mode.
2026-10-09 21:33:06.812 Thread 'MainThread': missing ScriptRunContext! This warning can be ignored when running in bare mode.
2026-10-09 21:33:06.813 Thread 'MainThread': missing ScriptRunContext! This warning can be ignored when running in bare mode.
2026-10-09 21:33:06.813 Thread 'MainThread': missing ScriptRunContext! This warning can be ignored when running in bare mode.
2026-10-09 21:33:06.813 Thread 'MainThread': missing ScriptRunContext! This warning can be ignored when running in bare mode.
2026-10-09 21:33:06.813 Thread 'MainThread': missing ScriptRunContext! This warning can be ignored when running in bare mode.
2026-10-09 21:33:06.813 Thread 'MainThread': missing ScriptRunContext! This warning can be ignored when running in bare mode.
2026-10-09 21:33:06.813 Thread 'MainThread': missing ScriptRunContext! This warning can be ignored when running in bare mode.
2026-10-09 21:33:06.813 Thread 'MainThread': missing ScriptRunContext! This warning can be ignored when running in bare mode.
2026-10-09 21:33:06.813 Thread 'MainThread': missing ScriptRunContext! This warning can be ignored when running in bare mode.
2026-10-09 21:33:06.813 Thread 'MainThread': missing ScriptRunContext! This warning can be ignored when running in bare mode.
2026-10-09 21:33:06.813 Thread 'MainThread': missing ScriptRunContext! This warning can be ignored when running in bare mode.
2026-10-09 21:33:06.813 Thread 'MainThread': missing ScriptRunContext! This warning can be ignored when running in bare mode.
2026-10-09 21:33:06.813 Thread 'MainThread': missing ScriptRunContext! This warning can be ignored when running in bare mode.
2026-10-09 21:33:06.813 Thread 'MainThread': missing ScriptRunContext! This warning can be ignored when running in bare mode.
2026-10-09 21:33:06.813 Thread 'MainThread': missing ScriptRunContext! This warning can be ignored when running in bare mode.
2026-10-09 21:33:06.813 Thread 'MainThread': missing ScriptRunContext! This warning can be ignored when running in bare mode.
2026-10-09 21:33:06.813 Thread 'MainThread': missing ScriptRunContext! This warning can be ignored when running in bare mode.
2026-10-09 21:33:06.813 Thread 'MainThread': missing ScriptRunContext! This warning can be ignored when running in bare mode.
2026-10-09 21:33:06.813 Thread 'MainThread': missing ScriptRunContext! This warning can be ignored when running in bare mode.
2026-10-09 21:33:06.813 Thread 'MainThread': missing ScriptRunContext! This warning can be ignored when running in bare mode.
2026-10-09 21:33:06.813 Thread 'MainThread': missing ScriptRunContext! This warning can be ignored when running in bare mode.
2026-10-09 21:33:06.813 Thread 'MainThread': missing ScriptRunContext! This warning can be ignored when running in bare mode.
2026-10-09 21:33:06.813 Thread 'MainThread': missing ScriptRunContext! This warning can be ignored when running in bare mode.
2026-10-09 21:33:06.813 Thread 'MainThread': missing ScriptRunContext! This warning can be ignored when running in bare mode.
2026-10-09 21:33:06.813 Thread 'MainThread': missing ScriptRunContext! This warning can be ignored when running in bare mode.
2026-10-09 21:33:06.814 Thread 'MainThread': missing ScriptRunContext! This warning can be ignored when running in bare mode.
2026-10-09 21:33:06.814 Thread 'MainThread': missing ScriptRunContext! This warning can be ignored when running in bare mode.
2026-10-09 21:33:06.814 Thread 'MainThread': missing ScriptRunContext! This warning can be ignored when running in bare mode.
2026-10-09 21:33:06.814 Thread 'MainThread': missing ScriptRunContext! This warning can be ignored when running in bare mode.
2026-10-09 21:33:06.814 Thread 'MainThread': missing ScriptRunContext! This warning can be ignored when running in bare mode.
2026-10-09 21:33:06.814 Thread 'MainThread': missing ScriptRunContext! This warning can be ignored when running in bare mode.
2026-10-09 21:33:06.814 Thread 'MainThread': missing ScriptRunContext! This warning can be ignored when running in bare mode.
2026-10-09 21:33:06.814 Thread 'MainThread': missing ScriptRunContext! This warning can be ignored when running in bare mode.
2026-10-09 21:33:06.814 Thread 'MainThread': missing ScriptRunContext! This warning can be ignored when running in bare mode.
2026-10-09 21:33:06.814 Thread 'MainThread': missing ScriptRunContext! This warning can be ignored when running in bare mode.
2026-10-09 21:33:06.814 Thread 'MainThread': missing ScriptRunContext! This warning can be ignored when running in bare mode.
2026-10-09 21:33:06.814 Thread 'MainThread': missing ScriptRunContext! This warning can be ignored when running in bare mode.
2026-10-09 21:33:06.814 Thread 'MainThread': missing ScriptRunContext! This warning can be ignored when running in bare mode.
2026-10-09 21:33:06.861 Thread 'MainThread': missing ScriptRunContext! This warning can be ignored when running in bare mode.
2026-10-09 21:33:06.863 Thread 'MainThread': missing ScriptRunContext! This warning can be ignored when running in bare mode.
2026-10-09 21:33:06.863 Thread 'MainThread': missing ScriptRunContext! This warning can be ignored when running in bare mode.
2026-10-09 21:33:06.863 Thread 'MainThread': missing ScriptRunContext! This warning can be ignored when running in bare mode.
2026-10-09 21:33:06.864 Thread 'MainThread': missing ScriptRunContext! This warning can be ignored when running in bare mode.
2026-10-09 21:33:06.864 Thread 'MainThread': missing ScriptRunContext! This warning can be ignored when running in bare mode.
2026-10-09 21:33:06.864 Thread 'MainThread': missing ScriptRunContext! This warning can be ignored when running in bare mode.
2026-10-09 21:33:06.864 Thread 'MainThread': missing ScriptRunContext! This warning can be ignored when running in bare mode.
2026-10-09 21:33:06.864 Thread 'MainThread': missing ScriptRunContext! This warning can be ignored when running in bare mode.
2026-10-09 21:33:06.864 Thread 'MainThread': missing ScriptRunContext! This warning can be ignored when running in bare mode.
2026-10-09 21:33:06.864 Thread 'MainThread': missing ScriptRunContext! This warning can be ignored when running in bare mode.
2026-10-09 21:33:06.864 Thread 'MainThread': missing ScriptRunContext! This warning can be ignored when running in bare mode.
2026-10-09 21:33:06.864 Thread 'MainThread': missing ScriptRunContext! This warning can be ignored when running in bare mode.
2026-10-09 21:33:06.864 Thread 'MainThread': missing ScriptRunContext! This warning can be ignored when running in bare mode.
2026-10-09 21:33:06.864 Thread 'MainThread': missing ScriptRunContext! This warning can be ignored when running in bare mode.
2026-10-09 21:33:06.864 Thread 'MainThread': missing ScriptRunContext! This warning can be ignored when running in bare mode.
2026-10-09 21:33:06.864 Thread 'MainThread': missing ScriptRunContext! This warning can be ignored when running in bare mode.
2026-10-09 21:33:06.864 Thread 'MainThread': missing ScriptRunContext! This warning can be ignored when running in bare mode.
2026-10-09 21:33:06.864 Thread 'MainThread': missing ScriptRunContext! This warning can be ignored when running in bare mode.
2026-10-09 21:33:06.864 Thread 'MainThread': missing ScriptRunContext! This warning can be ignored when running in bare mode.
2026-10-09 21:33:06.864 Thread 'MainThread': missing ScriptRunContext! This warning can be ignored when running in bare mode.
2026-10-09 21:33:06.864 Thread 'MainThread': missing ScriptRunContext! This warning can be ignored when running in bare mode.
2026-10-09 21:33:06.864 Thread 'MainThread': missing ScriptRunContext! This warning can be ignored when running in bare mode.
2026-10-09 21:33:06.864 Thread 'MainThread': missing ScriptRunContext! This warning can be ignored when running in bare mode.
2026-10-09 21:33:06.864 Thread 'MainThread': missing ScriptRunContext! This warning can be ignored when running in bare mode.
2026-10-09 21:33:06.864 Thread 'MainThread': missing ScriptRunContext! This warning can be ignored when running in bare mode.
2026-10-09 21:33:06.864 Thread 'MainThread': missing ScriptRunContext! This warning can be ignored when running in bare mode.
2026-10-09 21:33:06.865 Thread 'MainThread': missing ScriptRunContext! This warning can be ignored when running in bare mode.
2026-10-09 21:33:06.865 Thread 'MainThread': missing ScriptRunContext! This warning can be ignored when running in bare mode.
2026-10-09 21:33:06.865 Thread 'MainThread': missing ScriptRunContext! This warning can be ignored when running in bare mode.
2026-10-09 21:33:06.865 Thread 'MainThread': missing ScriptRunContext! This warning can be ignored when running in bare mode.
2026-10-09 21:33:06.865 Thread 'MainThread': missing ScriptRunContext! This warning can be ignored when running in bare mode.
2026-10-09 21:33:06.865 Thread 'MainThread': missing ScriptRunContext! This warning can be ignored when running in bare mode.
2026-10-09 21:33:06.865 Thread 'MainThread': missing ScriptRunContext! This warning can be ignored when running in bare mode.
2026-10-09 21:33:06.865 Thread 'MainThread': missing ScriptRunContext! This warning can be ignored when running in bare mode.
2026-10-09 21:33:06.865 Thread 'MainThread': missing ScriptRunContext! This warning can be ignored when running in bare mode.
2026-10-09 21:33:06.865 Thread 'MainThread': missing ScriptRunContext! This warning can be ignored when running in bare mode.
2026-10-09 21:33:06.865 Thread 'MainThread': missing ScriptRunContext! This warning can be ignored when running in bare mode.
2026-10-09 21:33:06.865 Thread 'MainThread': missing ScriptRunContext! This warning can be ignored when running in bare mode.
2026-10-09 21:33:06.865 Thread 'MainThread': missing ScriptRunContext! This warning can be ignored when running in bare mode.
2026-10-09 21:33:06.865 Thread 'MainThread': missing ScriptRunContext! This warning can be ignored when running in bare mode.
2026-10-09 21:33:06.865 Thread 'MainThread': missing ScriptRunContext! This warning can be ignored when running in bare mode.
2026-10-09 21:33:06.865 Thread 'MainThread': missing ScriptRunContext! This warning can be ignored when running in bare mode.
2026-10-09 21:33:06.865 Thread 'MainThread': missing ScriptRunContext! This warning can be ignored when running in bare mode.
2026-10-09 21:33:06.865 Thread 'MainThread': missing ScriptRunContext! This warning can be ignored when running in bare mode.
2026-10-09 21:33:06.865 Thread 'MainThread': missing ScriptRunContext! This warning can be ignored when running in bare mode.
2026-10-09 21:33:06.912 Thread 'MainThread': missing ScriptRunContext! This warning can be ignored when running in bare mode.
2026-10-09 21:33:06.915 Thread 'MainThread': missing ScriptRunContext! This warning can be ignored when running in bare mode.
2026-10-09 21:33:06.915 Thread 'MainThread': missing ScriptRunContext! This warning can be ignored when running in bare mode.
2026-10-09 21:33:06.915 Thread 'MainThread': missing ScriptRunContext! This warning can be ignored when running in bare mode.
2026-10-09 21:33:06.915 Thread 'MainThread': missing ScriptRunContext! This warning can be ignored when running in bare mode.
2026-10-09 21:33:06.915 Thread 'MainThread': missing ScriptRunContext! This warning can be ignored when running in bare mode.
2026-10-09 21:33:06.915 Thread 'MainThread': missing ScriptRunContext! This warning can be ignored when running in bare mode.
2026-10-09 21:33:06.915 Thread 'MainThread': missing ScriptRunContext! This warning can be ignored when running in bare mode.
2026-10-09 21:33:06.915 Thread 'MainThread': missing ScriptRunContext! This warning can be ignored when running in bare mode.
2026-10-09 21:33:06.915 Thread 'MainThread': missing ScriptRunContext! This warning can be ignored when running in bare mode.
2026-10-09 21:33:06.915 Thread 'MainThread': missing ScriptRunContext! This warning can be ignored when running in bare mode.
2026-10-09 21:33:06.915 Thread 'MainThread': missing ScriptRunContext! This warning can be ignored when running in bare mode.
2026-10-09 21:33:06.915 Thread 'MainThread': missing ScriptRunContext! This warning can be ignored when running in bare mode.
2026-10-09 21:33:06.915 Thread 'MainThread': missing ScriptRunContext! This warning can be ignored when running in bare mode.
2026-10-09 21:33:06.915 Thread 'MainThread': missing ScriptRunContext! This warning can be ignored when running in bare mode.
2026-10-09 21:33:06.915 Thread 'MainThread': missing ScriptRunContext! This warning can be ignored when running in bare mode.
2026-10-09 21:33:06.915 Thread 'MainThread': missing ScriptRunContext! This warning can be ignored when running in bare mode.
2026-10-09 21:33:06.915 Thread 'MainThread': missing ScriptRunContext! This warning can be ignored when running in bare mode.
2026-10-09 21:33:06.915 Thread 'MainThread': missing ScriptRunContext! This warning can be ignored when running in bare mode.
2026-10-09 21:33:06.915 Thread 'MainThread': missing ScriptRunContext! This warning can be ignored when running in bare mode.
2026-10-09 21:33:06.915 Thread 'MainThread': missing ScriptRunContext! This warning can be ignored when running in bare mode.
2026-10-09 21:33:06.915 Thread 'MainThread': missing ScriptRunContext! This warning can be ignored when running in bare mode.
2026-10-09 21:33:06.915 Thread 'MainThread': missing ScriptRunContext! This warning can be ignored when running in bare mode.
2026-10-09 21:33:06.916 Thread 'MainThread': missing ScriptRunContext! This warning can be ignored when running in bare mode.
2026-10-09 21:33:06.916 Thread 'MainThread': missing ScriptRunContext! This warning can be ignored when running in bare mode.
2026-10-09 21:33:06.916 Thread 'MainThread': missing ScriptRunContext! This warning can be ignored when running in bare mode.
2026-10-09 21:33:06.916 Thread 'MainThread': missing ScriptRunContext! This warning can be ignored when running in bare mode.
2026-10-09 21:33:06.916 Thread 'MainThread': missing ScriptRunContext! This warning can be ignored when running in bare mode.
2026-10-09 21:33:06.916 Thread 'MainThread': missing ScriptRunContext! This warning can be ignored when running in bare mode.
2026-10-09 21:33:06.916 Thread 'MainThread': missing ScriptRunContext! This warning can be ignored when running in bare mode.
2026-10-09 21:33:06.916 Thread 'MainThread': missing ScriptRunContext! This warning can be ignored when running in bare mode.
2026-10-09 21:33:06.916 Thread 'MainThread': missing ScriptRunContext! This warning can be ignored when running in bare mode.
2026-10-09 21:33:06.916 Thread 'MainThread': missing ScriptRunContext! This warning can be ignored when running in bare mode.
2026-10-09 21:33:06.916 Thread 'MainThread': missing ScriptRunContext! This warning can be ignored when running in bare mode.
2026-10-09 21:33:06.916 Thread 'MainThread': missing ScriptRunContext! This warning can be ignored when running in bare mode.
2026-10-09 21:33:06.916 Thread 'MainThread': missing ScriptRunContext! This warning can be ignored when running in bare mode.
2026-10-09 21:33:06.916 Thread 'MainThread': missing ScriptRunContext! This warning can be ignored when running in bare mode.
2026-10-09 21:33:06.916 Thread 'MainThread': missing ScriptRunContext! This warning can be ignored when running in bare mode.
2026-10-09 21:33:06.916 Thread 'MainThread': missing ScriptRunContext! This warning can be ignored when running in bare mode.
2026-10-09 21:33:06.916 Thread 'MainThread': missing ScriptRunContext! This warning can be ignored when running in bare mode.
2026-10-09 21:33:06.916 Thread 'MainThread': missing ScriptRunContext! This warning can be ignored when running in bare mode.
2026-10-09 21:33:06.916 Thread 'MainThread': missing ScriptRunContext! This warning can be ignored when running in bare mode.
2026-10-09 21:33:06.916 Thread 'MainThread': missing ScriptRunContext! This warning can be ignored when running in bare mode.
2026-10-09 21:33:06.916 Thread 'MainThread': missing ScriptRunContext! This warning can be ignored when running in bare mode.
2026-10-09 21:33:06.916 Thread 'MainThread': missing ScriptRunContext! This warning can be ignored when running in bare mode.
2026-10-09 21:33:06.916 Thread 'MainThread': missing ScriptRunContext! This warning can be ignored when running in bare mode.
2026-10-09 21:33:06.962 Thread 'MainThread': missing ScriptRunContext! This warning can be ignored when running in bare mode.
2026-10-09 21:33:06.965 Thread 'MainThread': missing ScriptRunContext! This warning can be ignored when running in bare mode.
2026-10-09 21:33:06.965 Thread 'MainThread': missing ScriptRunContext! This warning can be ignored when running in bare mode.
2026-10-09 21:33:06.965 Thread 'MainThread': missing ScriptRunContext! This warning can be ignored when running in bare mode.
2026-10-09 21:33:06.965 Thread 'MainThread': missing ScriptRunContext! This warning can be ignored when running in bare mode.
2026-10-09 21:33:06.965 Thread 'MainThread': missing ScriptRunContext! This warning can be ignored when running in bare mode.
2026-10-09 21:33:06.966 Thread 'MainThread': missing ScriptRunContext! This warning can be ignored when running in bare mode.
2026-10-09 21:33:06.966 Thread 'MainThread': missing ScriptRunContext! This warning can be ignored when running in bare mode.
2026-10-09 21:33:06.966 Thread 'MainThread': missing ScriptRunContext! This warning can be ignored when running in bare mode.
2026-10-09 21:33:06.966 Thread 'MainThread': missing ScriptRunContext! This warning can be ignored when running in bare mode.
2026-10-09 21:33:06.966 Thread 'MainThread': missing ScriptRunContext! This warning can be ignored when running in bare mode.
2026-10-09 21:33:06.966 Thread 'MainThread': missing ScriptRunContext! This warning can be ignored when running in bare mode.
2026-10-09 21:33:06.966 Thread 'MainThread': missing ScriptRunContext! This warning can be ignored when running in bare mode.
2026-10-09 21:33:06.966 Thread 'MainThread': missing ScriptRunContext! This warning can be ignored when running in bare mode.
2026-10-09 21:33:06.966 Thread 'MainThread': missing ScriptRunContext! This warning can be ignored when running in bare mode.
2026-10-09 21:33:06.966 Thread 'MainThread': missing ScriptRunContext! This warning can be ignored when running in bare mode.
2026-10-09 21:33:06.966 Thread 'MainThread': missing ScriptRunContext! This warning can be ignored when running in bare mode.
2026-10-09 21:33:06.966 Thread 'MainThread': missing ScriptRunContext! This warning can be ignored when running in bare mode.
2026-10-09 21:33:06.966 Thread 'MainThread': missing ScriptRunContext! This warning can be ignored when running in bare mode.
2026-10-09 21:33:06.966 Thread 'MainThread': missing ScriptRunContext! This warning can be ignored when running in bare mode.
2026-10-09 21:33:06.966 Thread 'MainThread': missing ScriptRunContext! This warning can be ignored when running in bare mode.
2026-10-09 21:33:06.966 Thread 'MainThread': missing ScriptRunContext! This warning can be ignored when running in bare mode.
2026-10-09 21:33:06.967 Thread 'MainThread': missing ScriptRunContext! This warning can be ignored when running in bare mode.
2026-10-09 21:33:06.967 Thread 'MainThread': missing ScriptRunContext! This warning can be ignored when running in bare mode.
2026-10-09 21:33:06.967 Thread 'MainThread': missing ScriptRunContext! This warning can be ignored when running in bare mode.
2026-10-09 21:33:06.967 Thread 'MainThread': missing ScriptRunContext! This warning can be ignored when running in bare mode.
2026-10-09 21:33:06.967 Thread 'MainThread': missing ScriptRunContext! This warning can be ignored when running in bare mode.
2026-10-09 21:33:06.967 Thread 'MainThread': missing ScriptRunContext! This warning can be ignored when running in bare mode.
2026-10-09 21:33:06.967 Thread 'MainThread': missing ScriptRunContext! This warning can be ignored when running in bare mode.
2026-10-09 21:33:06.967 Thread 'MainThread': missing ScriptRunContext! This warning can be ignored when running in bare mode.
2026-10-09 21:33:06.967 Thread 'MainThread': missing ScriptRunContext! This warning can be ignored when running in bare mode.
2026-10-09 21:33:06.967 Thread 'MainThread': missing ScriptRunContext! This warning can be ignored when running in bare mode.
2026-10-09 21:33:06.967 Thread 'MainThread': missing ScriptRunContext! This warning can be ignored when running in bare mode.
2026-10-09 21:33:06.967 Thread 'MainThread': missing ScriptRunContext! This warning can be ignored when running in bare mode.
2026-10-09 21:33:06.967 Thread 'MainThread': missing ScriptRunContext! This warning can be ignored when running in bare mode.
2026-10-09 21:33:06.967 Thread 'MainThread': missing ScriptRunContext! This warning can be ignored when running in bare mode.
2026-10-09 21:33:06.967 Thread 'MainThread': missing ScriptRunContext! This warning can be ignored when running in bare mode.
2026-10-09 21:33:06.967 Thread 'MainThread': missing ScriptRunContext! This warning can be ignored when running in bare mode.
2026-10-09 21:33:06.968 Thread 'MainThread': missing ScriptRunContext! This warning can be ignored when running in bare mode.
2026-10-09 21:33:06.968 Thread 'MainThread': missing ScriptRunContext! This warning can be ignored when running in bare mode.
2026-10-09 21:33:06.968 Thread 'MainThread': missing ScriptRunContext! This warning can be ignored when running in bare mode.
2026-10-09 21:33:06.968 Thread 'MainThread': missing ScriptRunContext! This warning can be ignored when running in bare mode.
2026-10-09 21:33:06.968 Thread 'MainThread': missing ScriptRunContext! This warning can be ignored when running in bare mode.
2026-10-09 21:33:06.968 Thread 'MainThread': missing ScriptRunContext! This warning can be ignored when running in bare mode.
2026-10-09 21:33:06.968 Thread 'MainThread': missing ScriptRunContext! This warning can be ignored when running in bare mode.
2026-10-09 21:33:06.968 Thread 'MainThread': missing ScriptRunContext! This warning can be ignored when running in bare mode.
2026-10-09 21:33:07.015 Thread 'MainThread': missing ScriptRunContext! This warning can be ignored when running in bare mode.
2026-10-09 21:33:07.017 Thread 'MainThread': missing ScriptRunContext! This warning can be ignored when running in bare mode.
2026-10-09 21:33:07.017 Thread 'MainThread': missing ScriptRunContext! This warning can be ignored when running in bare mode.
2026-10-09 21:33:07.017 Thread 'MainThread': missing ScriptRunContext! This warning can be ignored when running in bare mode.
2026-10-09 21:33:07.017 Thread 'MainThread': missing ScriptRunContext! This warning can be ignored when running in bare mode.
2026-10-09 21:33:07.017 Thread 'MainThread': missing ScriptRunContext! This warning can be ignored when running in bare mode.
2026-10-09 21:33:07.017 Thread 'MainThread': missing ScriptRunContext! This warning can be ignored when running in bare mode.
2026-10-09 21:33:07.018 Thread 'MainThread': missing ScriptRunContext! This warning can be ignored when running in bare mode.
2026-10-09 21:33:07.018 Thread 'MainThread': missing ScriptRunContext! This warning can be ignored when running in bare mode.
2026-10-09 21:33:07.018 Thread 'MainThread': missing ScriptRunContext! This warning can be ignored when running in bare mode.
2026-10-09 21:33:07.018 Thread 'MainThread': missing ScriptRunContext! This warning can be ignored when running in bare mode.
2026-10-09 21:33:07.018 Thread 'MainThread': missing ScriptRunContext! This warning can be ignored when running in bare mode.
2026-10-09 21:33:07.018 Thread 'MainThread': missing ScriptRunContext! This warning can be ignored when running in bare mode.
2026-10-09 21:33:07.018 Thread 'MainThread': missing ScriptRunContext! This warning can be ignored when running in bare mode.
2026-10-09 21:33:07.018 Thread 'MainThread': missing ScriptRunContext! This warning can be ignored when running in bare mode.
2026-10-09 21:33:07.018 Thread 'MainThread': missing ScriptRunContext! This warning can be ignored when running in bare mode.
2026-10-09 21:33:07.018 Thread 'MainThread': missing ScriptRunContext! This warning can be ignored when running in bare mode.
2026-10-09 21:33:07.018 Thread 'MainThread': missing ScriptRunContext! This warning can be ignored when running in bare mode.
2026-10-09 21:33:07.018 Thread 'MainThread': missing ScriptRunContext! This warning can be ignored when running in bare mode.
2026-10-09 21:33:07.018 Thread 'MainThread': missing ScriptRunContext! This warning can be ignored when running in bare mode.
2026-10-09 21:33:07.018 Thread 'MainThread': missing ScriptRunContext! This warning can be ignored when running in bare mode.
2026-10-09 21:33:07.018 Thread 'MainThread': missing ScriptRunContext! This warning can be ignored when running in bare mode.
2026-10-09 21:33:07.018 Thread 'MainThread': missing ScriptRunContext! This warning can be ignored when running in bare mode.
2026-10-09 21:33:07.018 Thread 'MainThread': missing ScriptRunContext! This warning can be ignored when running in bare mode.
2026-10-09 21:33:07.018 Thread 'MainThread': missing ScriptRunContext! This warning can be ignored when running in bare mode.
2026-10-09 21:33:07.018 Thread 'MainThread': missing ScriptRunContext! This warning can be ignored when running in bare mode.
2026-10-09 21:33:07.018 Thread 'MainThread': missing ScriptRunContext! This warning can be ignored when running in bare mode.
2026-10-09 21:33:07.018 Thread 'MainThread': missing ScriptRunContext! This warning can be ignored when running in bare mode.
2026-10-09 21:33:07.018 Thread 'MainThread': missing ScriptRunContext! This warning can be ignored when running in bare mode.
2026-10-09 21:33:07.018 Thread 'MainThread': missing ScriptRunContext! This warning can be ignored when running in bare mode.
2026-10-09 21:33:07.019 Thread 'MainThread': missing ScriptRunContext! This warning can be ignored when running in bare mode.
2026-10-09 21:33:07.019 Thread 'MainThread': missing ScriptRunContext! This warning can be ignored when running in bare mode.
2026-10-09 21:33:07.019 Thread 'MainThread': missing ScriptRunContext! This warning can be ignored when running in bare mode.
2026-10-09 21:33:07.019 Thread 'MainThread': missing ScriptRunContext! This warning can be ignored when running in bare mode.
2026-10-09 21:33:07.019 Thread 'MainThread': missing ScriptRunContext! This warning can be ignored when running in bare mode.
2026-10-09 21:33:07.019 Thread 'MainThread': missing ScriptRunContext! This warning can be ignored when running in bare mode.
2026-10-09 21:33:07.019 Thread 'MainThread': missing ScriptRunContext! This warning can be ignored when running in bare mode.
2026-10-09 21:33:07.019 Thread 'MainThread': missing ScriptRunContext! This warning can be ignored when running in bare mode.
2026-10-09 21:33:07.019 Thread 'MainThread': missing ScriptRunContext! This warning can be ignored when running in bare mode.
2026-10-09 21:33:07.019 Thread 'MainThread': missing ScriptRunContext! This warning can be ignored when running in bare mode.
2026-10-09 21:33:07.019 Thread 'MainThread': missing ScriptRunContext! This warning can be ignored when running in bare mode.
2026-10-09 21:33:07.019 Thread 'MainThread': missing ScriptRunContext! This warning can be ignored when running in bare mode.
2026-10-09 21:33:07.019 Thread 'MainThread': missing ScriptRunContext! This warning can be ignored when running in bare mode.
2026-10-09 21:33:07.019 Thread 'MainThread': missing ScriptRunContext! This warning can be ignored when running in bare mode.
2026-10-09 21:33:07.019 Thread 'MainThread': missing ScriptRunContext! This warning can be ignored when running in bare mode.
2026-10-09 21:33:07.019 Thread 'MainThread': missing ScriptRunContext! This warning can be ignored when running in bare mode.
2026-10-09 21:33:07.067 Thread 'MainThread': missing ScriptRunContext! This warning can be ignored when running in bare mode.
2026-10-09 21:33:07.070 Thread 'MainThread': missing ScriptRunContext! This warning can be ignored when running in bare mode.
2026-10-09 21:33:07.070 Thread 'MainThread': missing ScriptRunContext! This warning can be ignored when running in bare mode.
2026-10-09 21:33:07.070 Thread 'MainThread': missing ScriptRunContext! This warning can be ignored when running in bare mode.
2026-10-09 21:33:07.070 Thread 'MainThread': missing ScriptRunContext! This warning can be ignored when running in bare mode.
2026-10-09 21:33:07.070 Thread 'MainThread': missing ScriptRunContext! This warning can be ignored when running in bare mode.
2026-10-09 21:33:07.070 Thread 'MainThread': missing ScriptRunContext! This warning can be ignored when running in bare mode.
2026-10-09 21:33:07.070 Thread 'MainThread': missing ScriptRunContext! This warning can be ignored when running in bare mode.
2026-10-09 21:33:07.070 Thread 'MainThread': missing ScriptRunContext! This warning can be ignored when running in bare mode.
2026-10-09 21:33:07.070 Thread 'MainThread': missing ScriptRunContext! This warning can be ignored when running in bare mode.
2026-10-09 21:33:07.070 Thread 'MainThread': missing ScriptRunContext! This warning can be ignored when running in bare mode.
2026-10-09 21:33:07.070 Thread 'MainThread': missing ScriptRunContext! This warning can be ignored when running in bare mode.
2026-10-09 21:33:07.070 Thread 'MainThread': missing ScriptRunContext! This warning can be ignored when running in bare mode.
2026-10-09 21:33:07.070 Thread 'MainThread': missing ScriptRunContext! This warning can be ignored when running in bare mode.
2026-10-09 21:33:07.070 Thread 'MainThread': missing ScriptRunContext! This warning can be ignored when running in bare mode.
2026-10-09 21:33:07.070 Thread 'MainThread': missing ScriptRunContext! This warning can be ignored when running in bare mode.
2026-10-09 21:33:07.071 Thread 'MainThread': missing ScriptRunContext! This warning can be ignored when running in bare mode.
2026-10-09 21:33:07.071 Thread 'MainThread': missing ScriptRunContext! This warning can be ignored when running in bare mode.
2026-10-09 21:33:07.071 Thread 'MainThread': missing ScriptRunContext! This warning can be ignored when running in bare mode.
2026-10-09 21:33:07.071 Thread 'MainThread': missing ScriptRunContext! This warning can be ignored when running in bare mode.
2026-10-09 21:33:07.071 Thread 'MainThread': missing ScriptRunContext! This warning can be ignored when running in bare mode.
2026-10-09 21:33:07.071 Thread 'MainThread': missing ScriptRunContext! This warning can be ignored when running in bare mode.
2026-10-09 21:33:07.071 Thread 'MainThread': missing ScriptRunContext! This warning can be ignored when running in bare mode.
2026-10-09 21:33:07.071 Thread 'MainThread': missing ScriptRunContext! This warning can be ignored when running in bare mode.
2026-10-09 21:33:07.071 Thread 'MainThread': missing ScriptRunContext! This warning can be ignored when running in bare mode.
2026-10-09 21:33:07.071 Thread 'MainThread': missing ScriptRunContext! This warning can be ignored when running in bare mode.
2026-10-09 21:33:07.071 Thread 'MainThread': missing ScriptRunContext! This warning can be ignored when running in bare mode.
2026-10-09 21:33:07.071 Thread 'MainThread': missing ScriptRunContext! This warning can be ignored when running in bare mode.
2026-10-09 21:33:07.071 Thread 'MainThread': missing ScriptRunContext! This warning can be ignored when running in bare mode.
2026-10-09 21:33:07.071 Thread 'MainThread': missing ScriptRunContext! This warning can be ignored when running in bare mode.
2026-10-09 21:33:07.071 Thread 'MainThread': missing ScriptRunContext! This warning can be ignored when running in bare mode.
2026-10-09 21:33:07.071 Thread 'MainThread': missing ScriptRunContext! This warning can be ignored when running in bare mode.
2026-10-09 21:33:07.071 Thread 'MainThread': missing ScriptRunContext! This warning can be ignored when running in bare mode.
2026-10-09 21:33:07.071 Thread 'MainThread': missing ScriptRunContext! This warning can be ignored when running in bare mode.
2026-10-09 21:33:07.071 Thread 'MainThread': missing ScriptRunContext! This warning can be ignored when running in bare mode.
2026-10-09 21:33:07.071 Thread 'MainThread': missing ScriptRunContext! This warning can be ignored when running in bare mode.
2026-10-09 21:33:07.071 Thread 'MainThread': missing ScriptRunContext! This warning can be ignored when running in bare mode.
2026-10-09 21:33:07.071 Thread 'MainThread': missing ScriptRunContext! This warning can be ignored when running in bare mode.
2026-10-09 21:33:07.071 Thread 'MainThread': missing ScriptRunContext! This warning can be ignored when running in bare mode.
2026-10-09 21:33:07.072 Thread 'MainThread': missing ScriptRunContext! This warning can be ignored when running in bare mode.
2026-10-09 21:33:07.072 Thread 'MainThread': missing ScriptRunContext! This warning can be ignored when running in bare mode.
2026-10-09 21:33:07.072 Thread 'MainThread': missing ScriptRunContext! This warning can be ignored when running in bare mode.
2026-10-09 21:33:07.072 Thread 'MainThread': missing ScriptRunContext! This warning can be ignored when running in bare mode.
2026-10-09 21:33:07.072 Thread 'MainThread': missing ScriptRunContext! This warning can be ignored when running in bare mode.
2026-10-09 21:33:07.072 Thread 'MainThread': missing ScriptRunContext! This warning can be ignored when running in bare mode.
2026-10-09 21:33:07.072 Thread 'MainThread': missing ScriptRunContext! This warning can be ignored when running in bare mode.
2026-10-09 21:33:09.038 Thread 'MainThread': missing ScriptRunContext! This warning can be ignored when running in bare mode.
2026-10-09 21:33:09.038 Thread 'MainThread': missing ScriptRunContext! This warning can be ignored when running in bare mode.
2026-10-09 21:33:09.038 Thread 'MainThread': missing ScriptRunContext! This warning can be ignored when running in bare mode.
2026-10-09 21:33:09.038 Thread 'MainThread': missing ScriptRunContext! This warning can be ignored when running in bare mode.
2026-10-09 21:33:09.038 Thread 'MainThread': missing ScriptRunContext! This warning can be ignored when running in bare mode.
2026-10-09 21:33:09.038 Thread 'MainThread': missing ScriptRunContext! This warning can be ignored when running in bare mode.
2026-10-09 21:33:09.038 Thread 'MainThread': missing ScriptRunContext! This warning can be ignored when running in bare mode.
2026-10-09 21:33:10.175 Please replace `use_container_width` with `width`.

`use_container_width` will be removed after 2025-12-31.

For `use_container_width=True`, use `width='stretch'`. For `use_container_width=False`, use `width='content'`.
2026-10-09 21:33:10.555 Please replace `use_container_width` with `width`.

`use_container_width` will be removed after 2025-12-31.

For `use_container_width=True`, use `width='stretch'`. For `use_container_width=False`, use `width='content'`.
2026-10-09 21:33:10.574 Thread 'MainThread': missing ScriptRunContext! This warning can be ignored when running in bare mode.
2026-10-09 21:33:10.574 Thread 'MainThread': missing ScriptRunContext! This warning can be ignored when running in bare mode.
2026-10-09 21:33:10.574 Thread 'MainThread': missing ScriptRunContext! This warning can be ignored when running in bare mode.
2026-10-09 21:33:10.574 Thread 'MainThread': missing ScriptRunContext! This warning can be ignored when running in bare mode.
2026-10-09 21:33:10.574 Thread 'MainThread': missing ScriptRunContext! This warning can be ignored when running in bare mode.
2026-10-09 21:33:10.574 Thread 'MainThread': missing ScriptRunContext! This warning can be ignored when running in bare mode.
2026-10-09 21:33:10.574 Thread 'MainThread': missing ScriptRunContext! This warning can be ignored when running in bare mode.
2026-10-09 21:33:11.623 Please replace `use_container_width` with `width`.

`use_container_width` will be removed after 2025-12-31.

For `use_container_width=True`, use `width='stretch'`. For `use_container_width=False`, use `width='content'`.
2026-10-09 21:33:11.892 Please replace `use_container_width` with `width`.

`use_container_width` will be removed after 2025-12-31.

For `use_container_width=True`, use `width='stretch'`. For `use_container_width=False`, use `width='content'`.
2026-10-09 21:33:12.178 Please replace `use_container_width` with `width`.

`use_container_width` will be removed after 2025-12-31.

For `use_container_width=True`, use `width='stretch'`. For `use_container_width=False`, use `width='content'`.
2026-10-09 21:33:12.684 Please replace `use_container_width` with `width`.

`use_container_width` will be removed after 2025-12-31.

For `use_container_width=True`, use `width='stretch'`. For `use_container_width=False`, use `width='content'`.
2026-10-09 21:33:13.007 Please replace `use_container_width` with `width`.

`use_container_width` will be removed after 2025-12-31.

For `use_container_width=True`, use `width='stretch'`. For `use_container_width=False`, use `width='content'`.
2026-10-09 21:33:13.243 Please replace `use_container_width` with `width`.

`use_container_width` will be removed after 2025-12-31.

For `use_container_width=True`, use `width='stretch'`. For `use_container_width=False`, use `width='content'`.
2026-10-09 21:33:13.561 Please replace `use_container_width` with `width`.

`use_container_width` will be removed after 2025-12-31.

For `use_container_width=True`, use `width='stretch'`. For `use_container_width=False`, use `width='content'`.
2026-10-09 21:33:13.809 Please replace `use_container_width` with `width`.

`use_container_width` will be removed after 2025-12-31.

For `use_container_width=True`, use `width='stretch'`. For `use_container_width=False`, use `width='content'`.
2026-10-09 21:33:14.210 Please replace `use_container_width` with `width`.

`use_container_width` will be removed after 2025-12-31.

For `use_container_width=True`, use `width='stretch'`. For `use_container_width=False`, use `width='content'`.
2026-10-09 21:33:14.492 Please replace `use_container_width` with `width`.

`use_container_width` will be removed after 2025-12-31.

For `use_container_width=True`, use `width='stretch'`. For `use_container_width=False`, use `width='content'`.
2026-10-09 21:33:14.513 Thread 'MainThread': missing ScriptRunContext! This warning can be ignored when running in bare mode.
2026-10-09 21:33:14.516 Thread 'MainThread': missing ScriptRunContext! This warning can be ignored when running in bare mode.
2026-10-09 21:33:14.517 Thread 'MainThread': missing ScriptRunContext! This warning can be ignored when running in bare mode.
2026-10-09 21:33:14.517 Thread 'MainThread': missing ScriptRunContext! This warning can be ignored when running in bare mode.
2026-10-09 21:33:14.517 Thread 'MainThread': missing ScriptRunContext! This warning can be ignored when running in bare mode.
2026-10-09 21:33:14.517 Thread 'MainThread': missing ScriptRunContext! This warning can be ignored when running in bare mode.
2026-10-09 21:33:14.517 Thread 'MainThread': missing ScriptRunContext! This warning can be ignored when running in bare mode.
2026-10-09 21:33:14.517 Thread 'MainThread': missing ScriptRunContext! This warning can be ignored when running in bare mode.
2026-10-09 21:33:14.517 Thread 'MainThread': missing ScriptRunContext! This warning can be ignored when running in bare mode.
2026-10-09 21:33:14.517 Thread 'MainThread': missing ScriptRunContext! This warning can be ignored when running in bare mode.
2026-10-09 21:33:14.517 Thread 'MainThread': missing ScriptRunContext! This warning can be ignored when running in bare mode.
2026-10-09 21:33:14.517 Thread 'MainThread': missing ScriptRunContext! This warning can be ignored when running in bare mode.
2026-10-09 21:33:14.517 Thread 'MainThread': missing ScriptRunContext! This warning can be ignored when running in bare mode.
2026-10-09 21:33:14.517 Thread 'MainThread': missing ScriptRunContext! This warning can be ignored when running in bare mode.
2026-10-09 21:33:14.517 Thread 'MainThread': missing ScriptRunContext! This warning can be ignored when running in bare mode.
2026-10-09 21:33:14.517 Thread 'MainThread': missing ScriptRunContext! This warning can be ignored when running in bare mode.
2026-10-09 21:33:14.517 Thread 'MainThread': missing ScriptRunContext! This warning can be ignored when running in bare mode.
2026-10-09 21:33:14.518 Thread 'MainThread': missing ScriptRunContext! This warning can be ignored when running in bare mode.
2026-10-09 21:33:14.518 Thread 'MainThread': missing ScriptRunContext! This warning can be ignored when running in bare mode.
2026-10-09 21:33:14.518 Thread 'MainThread': missing ScriptRunContext! This warning can be ignored when running in bare mode.
2026-10-09 21:33:14.518 Thread 'MainThread': missing ScriptRunContext! This warning can be ignored when running in bare mode.
2026-10-09 21:33:14.518 Thread 'MainThread': missing ScriptRunContext! This warning can be ignored when running in bare mode.
2026-10-09 21:33:14.518 Thread 'MainThread': missing ScriptRunContext! This warning can be ignored when running in bare mode.
2026-10-09 21:33:14.518 Thread 'MainThread': missing ScriptRunContext! This warning can be ignored when running in bare mode.
2026-10-09 21:33:14.518 Thread 'MainThread': missing ScriptRunContext! This warning can be ignored when running in bare mode.
2026-10-09 21:33:14.518 Thread 'MainThread': missing ScriptRunContext! This warning can be ignored when running in bare mode.
2026-10-09 21:33:14.518 Thread 'MainThread': missing ScriptRunContext! This warning can be ignored when running in bare mode.
2026-10-09 21:33:14.518 Thread 'MainThread': missing ScriptRunContext! This warning can be ignored when running in bare mode.
2026-10-09 21:33:14.518 Thread 'MainThread': missing ScriptRunContext! This warning can be ignored when running in bare mode.
2026-10-09 21:33:14.518 Thread 'MainThread': missing ScriptRunContext! This warning can be ignored when running in bare mode.
2026-10-09 21:33:14.518 Thread 'MainThread': missing ScriptRunContext! This warning can be ignored when running in bare mode.
2026-10-09 21:33:14.518 Thread 'MainThread': missing ScriptRunContext! This warning can be ignored when running in bare mode.
2026-10-09 21:33:14.518 Thread 'MainThread': missing ScriptRunContext! This warning can be ignored when running in bare mode.
2026-10-09 21:33:14.518 Thread 'MainThread': missing ScriptRunContext! This warning can be ignored when running in bare mode.
2026-10-09 21:33:14.519 Thread 'MainThread': missing ScriptRunContext! This warning can be ignored when running in bare mode.
2026-10-09 21:33:14.519 Thread 'MainThread': missing ScriptRunContext! This warning can be ignored when running in bare mode.
2026-10-09 21:33:14.519 Thread 'MainThread': missing ScriptRunContext! This warning can be ignored when running in bare mode.
2026-10-09 21:33:14.519 Thread 'MainThread': missing ScriptRunContext! This warning can be ignored when running in bare mode.
2026-10-09 21:33:14.519 Thread 'MainThread': missing ScriptRunContext! This warning can be ignored when running in bare mode.
2026-10-09 21:33:14.519 Thread 'MainThread': missing ScriptRunContext! This warning can be ignored when running in bare mode.
2026-10-09 21:33:14.519 Thread 'MainThread': missing ScriptRunContext! This warning can be ignored when running in bare mode.
2026-10-09 21:33:14.519 Thread 'MainThread': missing ScriptRunContext! This warning can be ignored when running in bare mode.
2026-10-09 21:33:14.519 Thread 'MainThread': missing ScriptRunContext! This warning can be ignored when running in bare mode.
2026-10-09 21:33:14.519 Thread 'MainThread': missing ScriptRunContext! This warning can be ignored when running in bare mode.
2026-10-09 21:33:14.519 Thread 'MainThread': missing ScriptRunContext! This warning can be ignored when running in bare mode.
2026-10-09 21:33:14.519 Thread 'MainThread': missing ScriptRunContext! This warning can be ignored when running in bare mode.
2026-10-09 21:33:14.537 Thread 'MainThread': missing ScriptRunContext! This warning can be ignored when running in bare mode.
2026-10-09 21:33:14.538 Thread 'MainThread': missing ScriptRunContext! This warning can be ignored when running in bare mode.
2026-10-09 21:33:14.538 Thread 'MainThread': missing ScriptRunContext! This warning can be ignored when running in bare mode.
2026-10-09 21:33:14.538 Thread 'MainThread': missing ScriptRunContext! This warning can be ignored when running in bare mode.
2026-10-09 21:33:14.538 Thread 'MainThread': missing ScriptRunContext! This warning can be ignored when running in bare mode.
2026-10-09 21:33:14.538 Thread 'MainThread': missing ScriptRunContext! This warning can be ignored when running in bare mode.
2026-10-09 21:33:14.538 Thread 'MainThread': missing ScriptRunContext! This warning can be ignored when running in bare mode.
2026-10-09 21:33:15.587 Please replace `use_container_width` with `width`.

`use_container_width` will be removed after 2025-12-31.

For `use_container_width=True`, use `width='stretch'`. For `use_container_width=False`, use `width='content'`.
2026-10-09 21:33:15.842 Please replace `use_container_width` with `width`.

`use_container_width` will be removed after 2025-12-31.

For `use_container_width=True`, use `width='stretch'`. For `use_container_width=False`, use `width='content'`.
2026-10-09 21:33:15.860 Thread 'MainThread': missing ScriptRunContext! This warning can be ignored when running in bare mode.
2026-10-09 21:33:16.109 Please replace `use_container_width` with `width`.

`use_container_width` will be removed after 2025-12-31.

For `use_container_width=True`, use `width='stretch'`. For `use_container_width=False`, use `width='content'`.
2026-10-09 21:33:16.122 Thread 'MainThread': missing ScriptRunContext! This warning can be ignored when running in bare mode.
2026-10-09 21:33:16.539 Thread 'MainThread': missing ScriptRunContext! This warning can be ignored when running in bare mode.
2026-10-09 21:33:16.539 Thread 'MainThread': missing ScriptRunContext! This warning can be ignored when running in bare mode.
2026-10-09 21:33:16.539 Thread 'MainThread': missing ScriptRunContext! This warning can be ignored when running in bare mode.
2026-10-09 21:33:16.539 Thread 'MainThread': missing ScriptRunContext! This warning can be ignored when running in bare mode.
2026-10-09 21:33:16.539 Thread 'MainThread': missing ScriptRunContext! This warning can be ignored when running in bare mode.
2026-10-09 21:33:16.539 Thread 'MainThread': missing ScriptRunContext! This warning can be ignored when running in bare mode.
2026-10-09 21:33:16.539 Thread 'MainThread': missing ScriptRunContext! This warning can be ignored when running in bare mode.
2026-10-09 21:33:17.547 Please replace `use_container_width` with `width`.

`use_container_width` will be removed after 2025-12-31.

For `use_container_width=True`, use `width='stretch'`. For `use_container_width=False`, use `width='content'`.
2026-10-09 21:33:17.822 Please replace `use_container_width` with `width`.

`use_container_width` will be removed after 2025-12-31.

For `use_container_width=True`, use `width='stretch'`. For `use_container_width=False`, use `width='content'`.
2026-10-09 21:33:17.837 Thread 'MainThread': missing ScriptRunContext! This warning can be ignored when running in bare mode.
2026-10-09 21:33:17.837 Thread 'MainThread': missing ScriptRunContext! This warning can be ignored when running in bare mode.
2026-10-09 21:33:17.837 Thread 'MainThread': missing ScriptRunContext! This warning can be ignored when running in bare mode.
2026-10-09 21:33:17.837 Thread 'MainThread': missing ScriptRunContext! This warning can be ignored when running in bare mode.
2026-10-09 21:33:17.837 Thread 'MainThread': missing ScriptRunContext! This warning can be ignored when running in bare mode.
2026-10-09 21:33:17.837 Thread 'MainThread': missing ScriptRunContext! This warning can be ignored when running in bare mode.
2026-10-09 21:33:17.837 Thread 'MainThread': missing ScriptRunContext! This warning can be ignored when running in bare mode.
Learning Scene validator rejected domain=spatial_dynamics reason=scene: missing fields=['assumptions', 'axes', 'bindings', 'learning_goal', 'metrics', 'objects', 'parameters', 'quantities', 'scene_id', 'scene_version', 'series', 'source_pages', 'time', 'title']; unknown fields=[]
2026-10-09 21:33:19.304 Thread 'MainThread': missing ScriptRunContext! This warning can be ignored when running in bare mode.
2026-10-09 21:33:19.304 Thread 'MainThread': missing ScriptRunContext! This warning can be ignored when running in bare mode.
2026-10-09 21:33:19.304 Thread 'MainThread': missing ScriptRunContext! This warning can be ignored when running in bare mode.
2026-10-09 21:33:19.304 Thread 'MainThread': missing ScriptRunContext! This warning can be ignored when running in bare mode.
2026-10-09 21:33:19.304 Thread 'MainThread': missing ScriptRunContext! This warning can be ignored when running in bare mode.
2026-10-09 21:33:19.304 Thread 'MainThread': missing ScriptRunContext! This warning can be ignored when running in bare mode.
2026-10-09 21:33:19.304 Thread 'MainThread': missing ScriptRunContext! This warning can be ignored when running in bare mode.
2026-10-09 21:33:19.948 Thread 'MainThread': missing ScriptRunContext! This warning can be ignored when running in bare mode.
2026-10-09 21:33:19.949 Thread 'MainThread': missing ScriptRunContext! This warning can be ignored when running in bare mode.
2026-10-09 21:33:19.949 Thread 'MainThread': missing ScriptRunContext! This warning can be ignored when running in bare mode.
2026-10-09 21:33:19.949 Thread 'MainThread': missing ScriptRunContext! This warning can be ignored when running in bare mode.
2026-10-09 21:33:19.949 Thread 'MainThread': missing ScriptRunContext! This warning can be ignored when running in bare mode.
2026-10-09 21:33:19.949 Thread 'MainThread': missing ScriptRunContext! This warning can be ignored when running in bare mode.
2026-10-09 21:33:19.949 Thread 'MainThread': missing ScriptRunContext! This warning can be ignored when running in bare mode.
2026-10-09 21:33:21.320 Please replace `use_container_width` with `width`.

`use_container_width` will be removed after 2025-12-31.

For `use_container_width=True`, use `width='stretch'`. For `use_container_width=False`, use `width='content'`.
2026-10-09 21:33:21.598 Please replace `use_container_width` with `width`.

`use_container_width` will be removed after 2025-12-31.

For `use_container_width=True`, use `width='stretch'`. For `use_container_width=False`, use `width='content'`.
2026-10-09 21:33:21.927 Please replace `use_container_width` with `width`.

`use_container_width` will be removed after 2025-12-31.

For `use_container_width=True`, use `width='stretch'`. For `use_container_width=False`, use `width='content'`.
2026-10-09 21:33:21.940 Thread 'MainThread': missing ScriptRunContext! This warning can be ignored when running in bare mode.
2026-10-09 21:33:21.940 Thread 'MainThread': missing ScriptRunContext! This warning can be ignored when running in bare mode.
2026-10-09 21:33:21.941 Thread 'MainThread': missing ScriptRunContext! This warning can be ignored when running in bare mode.
2026-10-09 21:33:21.941 Thread 'MainThread': missing ScriptRunContext! This warning can be ignored when running in bare mode.
2026-10-09 21:33:21.941 Thread 'MainThread': missing ScriptRunContext! This warning can be ignored when running in bare mode.
2026-10-09 21:33:21.941 Thread 'MainThread': missing ScriptRunContext! This warning can be ignored when running in bare mode.
2026-10-09 21:33:21.941 Thread 'MainThread': missing ScriptRunContext! This warning can be ignored when running in bare mode.
2026-10-09 21:33:21.941 Thread 'MainThread': missing ScriptRunContext! This warning can be ignored when running in bare mode.
2026-10-09 21:33:21.941 Thread 'MainThread': missing ScriptRunContext! This warning can be ignored when running in bare mode.
2026-10-09 21:33:21.941 Thread 'MainThread': missing ScriptRunContext! This warning can be ignored when running in bare mode.
2026-10-09 21:33:21.941 Thread 'MainThread': missing ScriptRunContext! This warning can be ignored when running in bare mode.
2026-10-09 21:33:21.941 Thread 'MainThread': missing ScriptRunContext! This warning can be ignored when running in bare mode.
2026-10-09 21:33:21.941 Thread 'MainThread': missing ScriptRunContext! This warning can be ignored when running in bare mode.
2026-10-09 21:33:21.941 Thread 'MainThread': missing ScriptRunContext! This warning can be ignored when running in bare mode.
2026-10-09 21:33:21.941 Thread 'MainThread': missing ScriptRunContext! This warning can be ignored when running in bare mode.
2026-10-09 21:33:21.941 Thread 'MainThread': missing ScriptRunContext! This warning can be ignored when running in bare mode.
2026-10-09 21:33:21.941 Thread 'MainThread': missing ScriptRunContext! This warning can be ignored when running in bare mode.
2026-10-09 21:33:21.941 Thread 'MainThread': missing ScriptRunContext! This warning can be ignored when running in bare mode.
2026-10-09 21:33:21.941 Thread 'MainThread': missing ScriptRunContext! This warning can be ignored when running in bare mode.
2026-10-09 21:33:21.941 Thread 'MainThread': missing ScriptRunContext! This warning can be ignored when running in bare mode.
2026-10-09 21:33:21.941 Thread 'MainThread': missing ScriptRunContext! This warning can be ignored when running in bare mode.
2026-10-09 21:33:21.941 Thread 'MainThread': missing ScriptRunContext! This warning can be ignored when running in bare mode.
2026-10-09 21:33:21.941 Thread 'MainThread': missing ScriptRunContext! This warning can be ignored when running in bare mode.
2026-10-09 21:33:21.942 Thread 'MainThread': missing ScriptRunContext! This warning can be ignored when running in bare mode.
2026-10-09 21:33:21.942 Thread 'MainThread': missing ScriptRunContext! This warning can be ignored when running in bare mode.
2026-10-09 21:33:21.942 Thread 'MainThread': missing ScriptRunContext! This warning can be ignored when running in bare mode.
2026-10-09 21:33:21.942 Thread 'MainThread': missing ScriptRunContext! This warning can be ignored when running in bare mode.
2026-10-09 21:33:21.942 Thread 'MainThread': missing ScriptRunContext! This warning can be ignored when running in bare mode.
2026-10-09 21:33:21.942 Thread 'MainThread': missing ScriptRunContext! This warning can be ignored when running in bare mode.
2026-10-09 21:33:21.942 Thread 'MainThread': missing ScriptRunContext! This warning can be ignored when running in bare mode.
2026-10-09 21:33:21.942 Thread 'MainThread': missing ScriptRunContext! This warning can be ignored when running in bare mode.
2026-10-09 21:33:21.942 Thread 'MainThread': missing ScriptRunContext! This warning can be ignored when running in bare mode.
2026-10-09 21:33:21.942 Thread 'MainThread': missing ScriptRunContext! This warning can be ignored when running in bare mode.
2026-10-09 21:33:21.942 Thread 'MainThread': missing ScriptRunContext! This warning can be ignored when running in bare mode.
2026-10-09 21:33:21.942 Thread 'MainThread': missing ScriptRunContext! This warning can be ignored when running in bare mode.
2026-10-09 21:33:21.942 Thread 'MainThread': missing ScriptRunContext! This warning can be ignored when running in bare mode.
2026-10-09 21:33:21.942 Thread 'MainThread': missing ScriptRunContext! This warning can be ignored when running in bare mode.
2026-10-09 21:33:21.942 Thread 'MainThread': missing ScriptRunContext! This warning can be ignored when running in bare mode.
2026-10-09 21:33:21.942 Thread 'MainThread': missing ScriptRunContext! This warning can be ignored when running in bare mode.
2026-10-09 21:33:21.942 Thread 'MainThread': missing ScriptRunContext! This warning can be ignored when running in bare mode.
2026-10-09 21:33:21.942 Thread 'MainThread': missing ScriptRunContext! This warning can be ignored when running in bare mode.
2026-10-09 21:33:21.942 Thread 'MainThread': missing ScriptRunContext! This warning can be ignored when running in bare mode.
2026-10-09 21:33:21.942 Thread 'MainThread': missing ScriptRunContext! This warning can be ignored when running in bare mode.
2026-10-09 21:33:21.943 Thread 'MainThread': missing ScriptRunContext! This warning can be ignored when running in bare mode.
2026-10-09 21:33:21.943 Thread 'MainThread': missing ScriptRunContext! This warning can be ignored when running in bare mode.
2026-10-09 21:33:21.943 Thread 'MainThread': missing ScriptRunContext! This warning can be ignored when running in bare mode.
2026-10-09 21:33:23.592 Thread 'MainThread': missing ScriptRunContext! This warning can be ignored when running in bare mode.
2026-10-09 21:33:23.595 Thread 'MainThread': missing ScriptRunContext! This warning can be ignored when running in bare mode.
2026-10-09 21:33:23.595 Thread 'MainThread': missing ScriptRunContext! This warning can be ignored when running in bare mode.
2026-10-09 21:33:23.595 Thread 'MainThread': missing ScriptRunContext! This warning can be ignored when running in bare mode.
2026-10-09 21:33:23.595 Thread 'MainThread': missing ScriptRunContext! This warning can be ignored when running in bare mode.
2026-10-09 21:33:23.595 Thread 'MainThread': missing ScriptRunContext! This warning can be ignored when running in bare mode.
2026-10-09 21:33:23.595 Thread 'MainThread': missing ScriptRunContext! This warning can be ignored when running in bare mode.
2026-10-09 21:33:23.595 Thread 'MainThread': missing ScriptRunContext! This warning can be ignored when running in bare mode.
2026-10-09 21:33:23.595 Thread 'MainThread': missing ScriptRunContext! This warning can be ignored when running in bare mode.
2026-10-09 21:33:23.595 Thread 'MainThread': missing ScriptRunContext! This warning can be ignored when running in bare mode.
2026-10-09 21:33:23.595 Thread 'MainThread': missing ScriptRunContext! This warning can be ignored when running in bare mode.
2026-10-09 21:33:23.595 Thread 'MainThread': missing ScriptRunContext! This warning can be ignored when running in bare mode.
2026-10-09 21:33:23.596 Thread 'MainThread': missing ScriptRunContext! This warning can be ignored when running in bare mode.
2026-10-09 21:33:23.596 Thread 'MainThread': missing ScriptRunContext! This warning can be ignored when running in bare mode.
2026-10-09 21:33:23.596 Thread 'MainThread': missing ScriptRunContext! This warning can be ignored when running in bare mode.
2026-10-09 21:33:23.596 Thread 'MainThread': missing ScriptRunContext! This warning can be ignored when running in bare mode.
2026-10-09 21:33:23.596 Thread 'MainThread': missing ScriptRunContext! This warning can be ignored when running in bare mode.
2026-10-09 21:33:23.596 Thread 'MainThread': missing ScriptRunContext! This warning can be ignored when running in bare mode.
2026-10-09 21:33:23.596 Thread 'MainThread': missing ScriptRunContext! This warning can be ignored when running in bare mode.
2026-10-09 21:33:23.596 Thread 'MainThread': missing ScriptRunContext! This warning can be ignored when running in bare mode.
2026-10-09 21:33:23.596 Thread 'MainThread': missing ScriptRunContext! This warning can be ignored when running in bare mode.
2026-10-09 21:33:23.596 Thread 'MainThread': missing ScriptRunContext! This warning can be ignored when running in bare mode.
2026-10-09 21:33:23.596 Thread 'MainThread': missing ScriptRunContext! This warning can be ignored when running in bare mode.
2026-10-09 21:33:23.596 Thread 'MainThread': missing ScriptRunContext! This warning can be ignored when running in bare mode.
2026-10-09 21:33:23.596 Thread 'MainThread': missing ScriptRunContext! This warning can be ignored when running in bare mode.
2026-10-09 21:33:23.596 Thread 'MainThread': missing ScriptRunContext! This warning can be ignored when running in bare mode.
2026-10-09 21:33:23.596 Thread 'MainThread': missing ScriptRunContext! This warning can be ignored when running in bare mode.
2026-10-09 21:33:23.596 Thread 'MainThread': missing ScriptRunContext! This warning can be ignored when running in bare mode.
2026-10-09 21:33:23.596 Thread 'MainThread': missing ScriptRunContext! This warning can be ignored when running in bare mode.
2026-10-09 21:33:23.596 Thread 'MainThread': missing ScriptRunContext! This warning can be ignored when running in bare mode.
2026-10-09 21:33:23.596 Thread 'MainThread': missing ScriptRunContext! This warning can be ignored when running in bare mode.
2026-10-09 21:33:23.596 Thread 'MainThread': missing ScriptRunContext! This warning can be ignored when running in bare mode.
2026-10-09 21:33:23.596 Thread 'MainThread': missing ScriptRunContext! This warning can be ignored when running in bare mode.
2026-10-09 21:33:23.596 Thread 'MainThread': missing ScriptRunContext! This warning can be ignored when running in bare mode.
2026-10-09 21:33:23.596 Thread 'MainThread': missing ScriptRunContext! This warning can be ignored when running in bare mode.
2026-10-09 21:33:23.597 Thread 'MainThread': missing ScriptRunContext! This warning can be ignored when running in bare mode.
2026-10-09 21:33:23.597 Thread 'MainThread': missing ScriptRunContext! This warning can be ignored when running in bare mode.
2026-10-09 21:33:23.597 Thread 'MainThread': missing ScriptRunContext! This warning can be ignored when running in bare mode.
2026-10-09 21:33:23.597 Thread 'MainThread': missing ScriptRunContext! This warning can be ignored when running in bare mode.
2026-10-09 21:33:23.597 Thread 'MainThread': missing ScriptRunContext! This warning can be ignored when running in bare mode.
2026-10-09 21:33:23.597 Thread 'MainThread': missing ScriptRunContext! This warning can be ignored when running in bare mode.
2026-10-09 21:33:23.597 Thread 'MainThread': missing ScriptRunContext! This warning can be ignored when running in bare mode.
2026-10-09 21:33:23.597 Thread 'MainThread': missing ScriptRunContext! This warning can be ignored when running in bare mode.
2026-10-09 21:33:23.597 Thread 'MainThread': missing ScriptRunContext! This warning can be ignored when running in bare mode.
2026-10-09 21:33:23.597 Thread 'MainThread': missing ScriptRunContext! This warning can be ignored when running in bare mode.
2026-10-09 21:33:23.597 Thread 'MainThread': missing ScriptRunContext! This warning can be ignored when running in bare mode.
2026-10-09 21:33:24.289 Thread 'MainThread': missing ScriptRunContext! This warning can be ignored when running in bare mode.
2026-10-09 21:33:24.289 Thread 'MainThread': missing ScriptRunContext! This warning can be ignored when running in bare mode.
2026-10-09 21:33:24.289 Thread 'MainThread': missing ScriptRunContext! This warning can be ignored when running in bare mode.
2026-10-09 21:33:24.289 Thread 'MainThread': missing ScriptRunContext! This warning can be ignored when running in bare mode.
2026-10-09 21:33:24.289 Thread 'MainThread': missing ScriptRunContext! This warning can be ignored when running in bare mode.
2026-10-09 21:33:24.289 Thread 'MainThread': missing ScriptRunContext! This warning can be ignored when running in bare mode.
2026-10-09 21:33:24.289 Thread 'MainThread': missing ScriptRunContext! This warning can be ignored when running in bare mode.
2026-10-09 21:33:25.318 Please replace `use_container_width` with `width`.

`use_container_width` will be removed after 2025-12-31.

For `use_container_width=True`, use `width='stretch'`. For `use_container_width=False`, use `width='content'`.
2026-10-09 21:33:25.592 Please replace `use_container_width` with `width`.

`use_container_width` will be removed after 2025-12-31.

For `use_container_width=True`, use `width='stretch'`. For `use_container_width=False`, use `width='content'`.
2026-10-09 21:33:25.947 Please replace `use_container_width` with `width`.

`use_container_width` will be removed after 2025-12-31.

For `use_container_width=True`, use `width='stretch'`. For `use_container_width=False`, use `width='content'`.
2026-10-09 21:33:25.964 Thread 'MainThread': missing ScriptRunContext! This warning can be ignored when running in bare mode.
2026-10-09 21:33:25.967 Thread 'MainThread': missing ScriptRunContext! This warning can be ignored when running in bare mode.
2026-10-09 21:33:25.967 Thread 'MainThread': missing ScriptRunContext! This warning can be ignored when running in bare mode.
2026-10-09 21:33:25.967 Thread 'MainThread': missing ScriptRunContext! This warning can be ignored when running in bare mode.
2026-10-09 21:33:25.967 Thread 'MainThread': missing ScriptRunContext! This warning can be ignored when running in bare mode.
2026-10-09 21:33:25.967 Thread 'MainThread': missing ScriptRunContext! This warning can be ignored when running in bare mode.
2026-10-09 21:33:25.967 Thread 'MainThread': missing ScriptRunContext! This warning can be ignored when running in bare mode.
2026-10-09 21:33:25.967 Thread 'MainThread': missing ScriptRunContext! This warning can be ignored when running in bare mode.
2026-10-09 21:33:25.967 Thread 'MainThread': missing ScriptRunContext! This warning can be ignored when running in bare mode.
2026-10-09 21:33:25.967 Thread 'MainThread': missing ScriptRunContext! This warning can be ignored when running in bare mode.
2026-10-09 21:33:25.967 Thread 'MainThread': missing ScriptRunContext! This warning can be ignored when running in bare mode.
2026-10-09 21:33:25.967 Thread 'MainThread': missing ScriptRunContext! This warning can be ignored when running in bare mode.
2026-10-09 21:33:25.967 Thread 'MainThread': missing ScriptRunContext! This warning can be ignored when running in bare mode.
2026-10-09 21:33:25.967 Thread 'MainThread': missing ScriptRunContext! This warning can be ignored when running in bare mode.
2026-10-09 21:33:25.968 Thread 'MainThread': missing ScriptRunContext! This warning can be ignored when running in bare mode.
2026-10-09 21:33:25.968 Thread 'MainThread': missing ScriptRunContext! This warning can be ignored when running in bare mode.
2026-10-09 21:33:25.968 Thread 'MainThread': missing ScriptRunContext! This warning can be ignored when running in bare mode.
2026-10-09 21:33:25.968 Thread 'MainThread': missing ScriptRunContext! This warning can be ignored when running in bare mode.
2026-10-09 21:33:25.968 Thread 'MainThread': missing ScriptRunContext! This warning can be ignored when running in bare mode.
2026-10-09 21:33:25.968 Thread 'MainThread': missing ScriptRunContext! This warning can be ignored when running in bare mode.
2026-10-09 21:33:25.968 Thread 'MainThread': missing ScriptRunContext! This warning can be ignored when running in bare mode.
2026-10-09 21:33:25.968 Thread 'MainThread': missing ScriptRunContext! This warning can be ignored when running in bare mode.
2026-10-09 21:33:25.968 Thread 'MainThread': missing ScriptRunContext! This warning can be ignored when running in bare mode.
2026-10-09 21:33:25.968 Thread 'MainThread': missing ScriptRunContext! This warning can be ignored when running in bare mode.
2026-10-09 21:33:25.968 Thread 'MainThread': missing ScriptRunContext! This warning can be ignored when running in bare mode.
2026-10-09 21:33:25.968 Thread 'MainThread': missing ScriptRunContext! This warning can be ignored when running in bare mode.
2026-10-09 21:33:25.968 Thread 'MainThread': missing ScriptRunContext! This warning can be ignored when running in bare mode.
2026-10-09 21:33:25.968 Thread 'MainThread': missing ScriptRunContext! This warning can be ignored when running in bare mode.
2026-10-09 21:33:25.968 Thread 'MainThread': missing ScriptRunContext! This warning can be ignored when running in bare mode.
2026-10-09 21:33:25.968 Thread 'MainThread': missing ScriptRunContext! This warning can be ignored when running in bare mode.
2026-10-09 21:33:25.968 Thread 'MainThread': missing ScriptRunContext! This warning can be ignored when running in bare mode.
2026-10-09 21:33:25.968 Thread 'MainThread': missing ScriptRunContext! This warning can be ignored when running in bare mode.
2026-10-09 21:33:25.968 Thread 'MainThread': missing ScriptRunContext! This warning can be ignored when running in bare mode.
2026-10-09 21:33:25.968 Thread 'MainThread': missing ScriptRunContext! This warning can be ignored when running in bare mode.
2026-10-09 21:33:25.969 Thread 'MainThread': missing ScriptRunContext! This warning can be ignored when running in bare mode.
2026-10-09 21:33:25.969 Thread 'MainThread': missing ScriptRunContext! This warning can be ignored when running in bare mode.
2026-10-09 21:33:25.969 Thread 'MainThread': missing ScriptRunContext! This warning can be ignored when running in bare mode.
2026-10-09 21:33:25.969 Thread 'MainThread': missing ScriptRunContext! This warning can be ignored when running in bare mode.
2026-10-09 21:33:25.969 Thread 'MainThread': missing ScriptRunContext! This warning can be ignored when running in bare mode.
2026-10-09 21:33:25.969 Thread 'MainThread': missing ScriptRunContext! This warning can be ignored when running in bare mode.
2026-10-09 21:33:25.969 Thread 'MainThread': missing ScriptRunContext! This warning can be ignored when running in bare mode.
2026-10-09 21:33:25.969 Thread 'MainThread': missing ScriptRunContext! This warning can be ignored when running in bare mode.
2026-10-09 21:33:25.969 Thread 'MainThread': missing ScriptRunContext! This warning can be ignored when running in bare mode.
2026-10-09 21:33:25.969 Thread 'MainThread': missing ScriptRunContext! This warning can be ignored when running in bare mode.
2026-10-09 21:33:25.969 Thread 'MainThread': missing ScriptRunContext! This warning can be ignored when running in bare mode.
2026-10-09 21:33:25.969 Thread 'MainThread': missing ScriptRunContext! This warning can be ignored when running in bare mode.
2026-10-09 21:33:25.976 Thread 'MainThread': missing ScriptRunContext! This warning can be ignored when running in bare mode.
2026-10-09 21:33:25.976 Thread 'MainThread': missing ScriptRunContext! This warning can be ignored when running in bare mode.
2026-10-09 21:33:25.976 Thread 'MainThread': missing ScriptRunContext! This warning can be ignored when running in bare mode.
2026-10-09 21:33:25.976 Thread 'MainThread': missing ScriptRunContext! This warning can be ignored when running in bare mode.
2026-10-09 21:33:25.977 Thread 'MainThread': missing ScriptRunContext! This warning can be ignored when running in bare mode.
2026-10-09 21:33:25.977 Thread 'MainThread': missing ScriptRunContext! This warning can be ignored when running in bare mode.
2026-10-09 21:33:25.977 Thread 'MainThread': missing ScriptRunContext! This warning can be ignored when running in bare mode.
2026-10-09 21:33:27.036 Thread 'MainThread': missing ScriptRunContext! This warning can be ignored when running in bare mode.
2026-10-09 21:33:27.036 Thread 'MainThread': missing ScriptRunContext! This warning can be ignored when running in bare mode.
2026-10-09 21:33:27.036 Thread 'MainThread': missing ScriptRunContext! This warning can be ignored when running in bare mode.
2026-10-09 21:33:27.036 Thread 'MainThread': missing ScriptRunContext! This warning can be ignored when running in bare mode.
2026-10-09 21:33:27.036 Thread 'MainThread': missing ScriptRunContext! This warning can be ignored when running in bare mode.
2026-10-09 21:33:27.036 Thread 'MainThread': missing ScriptRunContext! This warning can be ignored when running in bare mode.
2026-10-09 21:33:27.036 Thread 'MainThread': missing ScriptRunContext! This warning can be ignored when running in bare mode.
2026-10-09 21:33:28.121 Please replace `use_container_width` with `width`.

`use_container_width` will be removed after 2025-12-31.

For `use_container_width=True`, use `width='stretch'`. For `use_container_width=False`, use `width='content'`.
2026-10-09 21:33:28.133 Thread 'MainThread': missing ScriptRunContext! This warning can be ignored when running in bare mode.
2026-10-09 21:33:28.138 Thread 'MainThread': missing ScriptRunContext! This warning can be ignored when running in bare mode.
2026-10-09 21:33:28.138 Thread 'MainThread': missing ScriptRunContext! This warning can be ignored when running in bare mode.
2026-10-09 21:33:28.138 Thread 'MainThread': missing ScriptRunContext! This warning can be ignored when running in bare mode.
2026-10-09 21:33:28.138 Thread 'MainThread': missing ScriptRunContext! This warning can be ignored when running in bare mode.
2026-10-09 21:33:28.138 Thread 'MainThread': missing ScriptRunContext! This warning can be ignored when running in bare mode.
2026-10-09 21:33:28.138 Thread 'MainThread': missing ScriptRunContext! This warning can be ignored when running in bare mode.
2026-10-09 21:33:28.138 Thread 'MainThread': missing ScriptRunContext! This warning can be ignored when running in bare mode.
2026-10-09 21:33:28.138 Thread 'MainThread': missing ScriptRunContext! This warning can be ignored when running in bare mode.
2026-10-09 21:33:28.138 Thread 'MainThread': missing ScriptRunContext! This warning can be ignored when running in bare mode.
2026-10-09 21:33:28.138 Thread 'MainThread': missing ScriptRunContext! This warning can be ignored when running in bare mode.
2026-10-09 21:33:28.138 Thread 'MainThread': missing ScriptRunContext! This warning can be ignored when running in bare mode.
2026-10-09 21:33:28.138 Thread 'MainThread': missing ScriptRunContext! This warning can be ignored when running in bare mode.
2026-10-09 21:33:28.139 Thread 'MainThread': missing ScriptRunContext! This warning can be ignored when running in bare mode.
2026-10-09 21:33:28.139 Thread 'MainThread': missing ScriptRunContext! This warning can be ignored when running in bare mode.
2026-10-09 21:33:28.139 Thread 'MainThread': missing ScriptRunContext! This warning can be ignored when running in bare mode.
2026-10-09 21:33:28.139 Thread 'MainThread': missing ScriptRunContext! This warning can be ignored when running in bare mode.
2026-10-09 21:33:28.139 Thread 'MainThread': missing ScriptRunContext! This warning can be ignored when running in bare mode.
2026-10-09 21:33:28.139 Thread 'MainThread': missing ScriptRunContext! This warning can be ignored when running in bare mode.
2026-10-09 21:33:28.139 Thread 'MainThread': missing ScriptRunContext! This warning can be ignored when running in bare mode.
2026-10-09 21:33:28.139 Thread 'MainThread': missing ScriptRunContext! This warning can be ignored when running in bare mode.
2026-10-09 21:33:28.139 Thread 'MainThread': missing ScriptRunContext! This warning can be ignored when running in bare mode.
2026-10-09 21:33:28.139 Thread 'MainThread': missing ScriptRunContext! This warning can be ignored when running in bare mode.
2026-10-09 21:33:28.139 Thread 'MainThread': missing ScriptRunContext! This warning can be ignored when running in bare mode.
2026-10-09 21:33:28.139 Thread 'MainThread': missing ScriptRunContext! This warning can be ignored when running in bare mode.
2026-10-09 21:33:28.139 Thread 'MainThread': missing ScriptRunContext! This warning can be ignored when running in bare mode.
2026-10-09 21:33:28.139 Thread 'MainThread': missing ScriptRunContext! This warning can be ignored when running in bare mode.
2026-10-09 21:33:28.139 Thread 'MainThread': missing ScriptRunContext! This warning can be ignored when running in bare mode.
2026-10-09 21:33:28.140 Thread 'MainThread': missing ScriptRunContext! This warning can be ignored when running in bare mode.
2026-10-09 21:33:28.140 Thread 'MainThread': missing ScriptRunContext! This warning can be ignored when running in bare mode.
2026-10-09 21:33:28.140 Thread 'MainThread': missing ScriptRunContext! This warning can be ignored when running in bare mode.
2026-10-09 21:33:28.140 Thread 'MainThread': missing ScriptRunContext! This warning can be ignored when running in bare mode.
2026-10-09 21:33:28.140 Thread 'MainThread': missing ScriptRunContext! This warning can be ignored when running in bare mode.
2026-10-09 21:33:28.140 Thread 'MainThread': missing ScriptRunContext! This warning can be ignored when running in bare mode.
2026-10-09 21:33:28.140 Thread 'MainThread': missing ScriptRunContext! This warning can be ignored when running in bare mode.
2026-10-09 21:33:28.140 Thread 'MainThread': missing ScriptRunContext! This warning can be ignored when running in bare mode.
2026-10-09 21:33:28.140 Thread 'MainThread': missing ScriptRunContext! This warning can be ignored when running in bare mode.
2026-10-09 21:33:28.140 Thread 'MainThread': missing ScriptRunContext! This warning can be ignored when running in bare mode.
2026-10-09 21:33:28.141 Thread 'MainThread': missing ScriptRunContext! This warning can be ignored when running in bare mode.
2026-10-09 21:33:28.141 Thread 'MainThread': missing ScriptRunContext! This warning can be ignored when running in bare mode.
2026-10-09 21:33:28.141 Thread 'MainThread': missing ScriptRunContext! This warning can be ignored when running in bare mode.
2026-10-09 21:33:28.141 Thread 'MainThread': missing ScriptRunContext! This warning can be ignored when running in bare mode.
2026-10-09 21:33:28.141 Thread 'MainThread': missing ScriptRunContext! This warning can be ignored when running in bare mode.
2026-10-09 21:33:28.141 Thread 'MainThread': missing ScriptRunContext! This warning can be ignored when running in bare mode.
2026-10-09 21:33:28.141 Thread 'MainThread': missing ScriptRunContext! This warning can be ignored when running in bare mode.
2026-10-09 21:33:28.141 Thread 'MainThread': missing ScriptRunContext! This warning can be ignored when running in bare mode.
2026-10-09 21:33:28.152 Thread 'MainThread': missing ScriptRunContext! This warning can be ignored when running in bare mode.
2026-10-09 21:33:28.152 Thread 'MainThread': missing ScriptRunContext! This warning can be ignored when running in bare mode.
2026-10-09 21:33:28.152 Thread 'MainThread': missing ScriptRunContext! This warning can be ignored when running in bare mode.
2026-10-09 21:33:28.152 Thread 'MainThread': missing ScriptRunContext! This warning can be ignored when running in bare mode.
2026-10-09 21:33:28.152 Thread 'MainThread': missing ScriptRunContext! This warning can be ignored when running in bare mode.
2026-10-09 21:33:28.152 Thread 'MainThread': missing ScriptRunContext! This warning can be ignored when running in bare mode.
2026-10-09 21:33:28.152 Thread 'MainThread': missing ScriptRunContext! This warning can be ignored when running in bare mode.
2026-10-09 21:33:28.152 Thread 'MainThread': missing ScriptRunContext! This warning can be ignored when running in bare mode.
2026-10-09 21:33:28.152 Thread 'MainThread': missing ScriptRunContext! This warning can be ignored when running in bare mode.
2026-10-09 21:33:29.125 Please replace `use_container_width` with `width`.

`use_container_width` will be removed after 2025-12-31.

For `use_container_width=True`, use `width='stretch'`. For `use_container_width=False`, use `width='content'`.
2026-10-09 21:33:29.256 Thread 'MainThread': missing ScriptRunContext! This warning can be ignored when running in bare mode.
2026-10-09 21:33:29.257 Thread 'MainThread': missing ScriptRunContext! This warning can be ignored when running in bare mode.
2026-10-09 21:33:29.257 Thread 'MainThread': missing ScriptRunContext! This warning can be ignored when running in bare mode.
2026-10-09 21:33:29.257 Thread 'MainThread': missing ScriptRunContext! This warning can be ignored when running in bare mode.
2026-10-09 21:33:29.257 Thread 'MainThread': missing ScriptRunContext! This warning can be ignored when running in bare mode.
2026-10-09 21:33:29.257 Thread 'MainThread': missing ScriptRunContext! This warning can be ignored when running in bare mode.
2026-10-09 21:33:29.257 Thread 'MainThread': missing ScriptRunContext! This warning can be ignored when running in bare mode.
2026-10-09 21:33:29.257 Thread 'MainThread': missing ScriptRunContext! This warning can be ignored when running in bare mode.
2026-10-09 21:33:29.257 Thread 'MainThread': missing ScriptRunContext! This warning can be ignored when running in bare mode.
2026-10-09 21:33:29.257 Thread 'MainThread': missing ScriptRunContext! This warning can be ignored when running in bare mode.
2026-10-09 21:33:29.257 Thread 'MainThread': missing ScriptRunContext! This warning can be ignored when running in bare mode.
2026-10-09 21:33:29.257 Thread 'MainThread': missing ScriptRunContext! This warning can be ignored when running in bare mode.
2026-10-09 21:33:29.257 Thread 'MainThread': missing ScriptRunContext! This warning can be ignored when running in bare mode.
2026-10-09 21:33:29.257 Thread 'MainThread': missing ScriptRunContext! This warning can be ignored when running in bare mode.
2026-10-09 21:33:29.257 Thread 'MainThread': missing ScriptRunContext! This warning can be ignored when running in bare mode.
2026-10-09 21:33:29.257 Thread 'MainThread': missing ScriptRunContext! This warning can be ignored when running in bare mode.
2026-10-09 21:33:29.257 Thread 'MainThread': missing ScriptRunContext! This warning can be ignored when running in bare mode.
2026-10-09 21:33:29.257 Thread 'MainThread': missing ScriptRunContext! This warning can be ignored when running in bare mode.
2026-10-09 21:33:29.257 Thread 'MainThread': missing ScriptRunContext! This warning can be ignored when running in bare mode.
2026-10-09 21:33:29.258 Thread 'MainThread': missing ScriptRunContext! This warning can be ignored when running in bare mode.
2026-10-09 21:33:29.258 Thread 'MainThread': missing ScriptRunContext! This warning can be ignored when running in bare mode.
2026-10-09 21:33:29.258 Thread 'MainThread': missing ScriptRunContext! This warning can be ignored when running in bare mode.
2026-10-09 21:33:29.258 Thread 'MainThread': missing ScriptRunContext! This warning can be ignored when running in bare mode.
2026-10-09 21:33:29.258 Thread 'MainThread': missing ScriptRunContext! This warning can be ignored when running in bare mode.
2026-10-09 21:33:29.258 Thread 'MainThread': missing ScriptRunContext! This warning can be ignored when running in bare mode.
2026-10-09 21:33:29.258 Thread 'MainThread': missing ScriptRunContext! This warning can be ignored when running in bare mode.
2026-10-09 21:33:29.258 Thread 'MainThread': missing ScriptRunContext! This warning can be ignored when running in bare mode.
2026-10-09 21:33:29.258 Thread 'MainThread': missing ScriptRunContext! This warning can be ignored when running in bare mode.
2026-10-09 21:33:29.258 Thread 'MainThread': missing ScriptRunContext! This warning can be ignored when running in bare mode.
2026-10-09 21:33:29.258 Thread 'MainThread': missing ScriptRunContext! This warning can be ignored when running in bare mode.
2026-10-09 21:33:29.258 Thread 'MainThread': missing ScriptRunContext! This warning can be ignored when running in bare mode.
2026-10-09 21:33:29.258 Thread 'MainThread': missing ScriptRunContext! This warning can be ignored when running in bare mode.
2026-10-09 21:33:29.258 Thread 'MainThread': missing ScriptRunContext! This warning can be ignored when running in bare mode.
2026-10-09 21:33:29.258 Thread 'MainThread': missing ScriptRunContext! This warning can be ignored when running in bare mode.
2026-10-09 21:33:29.258 Thread 'MainThread': missing ScriptRunContext! This warning can be ignored when running in bare mode.
2026-10-09 21:33:29.258 Thread 'MainThread': missing ScriptRunContext! This warning can be ignored when running in bare mode.
2026-10-09 21:33:29.258 Thread 'MainThread': missing ScriptRunContext! This warning can be ignored when running in bare mode.
2026-10-09 21:33:29.258 Thread 'MainThread': missing ScriptRunContext! This warning can be ignored when running in bare mode.
2026-10-09 21:33:29.258 Thread 'MainThread': missing ScriptRunContext! This warning can be ignored when running in bare mode.
2026-10-09 21:33:29.258 Thread 'MainThread': missing ScriptRunContext! This warning can be ignored when running in bare mode.
2026-10-09 21:33:29.259 Thread 'MainThread': missing ScriptRunContext! This warning can be ignored when running in bare mode.
2026-10-09 21:33:29.259 Thread 'MainThread': missing ScriptRunContext! This warning can be ignored when running in bare mode.
2026-10-09 21:33:29.259 Thread 'MainThread': missing ScriptRunContext! This warning can be ignored when running in bare mode.
2026-10-09 21:33:29.259 Thread 'MainThread': missing ScriptRunContext! This warning can be ignored when running in bare mode.
2026-10-09 21:33:29.259 Thread 'MainThread': missing ScriptRunContext! This warning can be ignored when running in bare mode.
2026-10-09 21:33:29.259 Thread 'MainThread': missing ScriptRunContext! This warning can be ignored when running in bare mode.
2026-10-09 21:33:31.640 Thread 'MainThread': missing ScriptRunContext! This warning can be ignored when running in bare mode.
2026-10-09 21:33:31.643 Thread 'MainThread': missing ScriptRunContext! This warning can be ignored when running in bare mode.
2026-10-09 21:33:31.643 Thread 'MainThread': missing ScriptRunContext! This warning can be ignored when running in bare mode.
2026-10-09 21:33:31.643 Thread 'MainThread': missing ScriptRunContext! This warning can be ignored when running in bare mode.
2026-10-09 21:33:31.643 Thread 'MainThread': missing ScriptRunContext! This warning can be ignored when running in bare mode.
2026-10-09 21:33:31.644 Thread 'MainThread': missing ScriptRunContext! This warning can be ignored when running in bare mode.
2026-10-09 21:33:31.644 Thread 'MainThread': missing ScriptRunContext! This warning can be ignored when running in bare mode.
2026-10-09 21:33:31.644 Thread 'MainThread': missing ScriptRunContext! This warning can be ignored when running in bare mode.
2026-10-09 21:33:31.644 Thread 'MainThread': missing ScriptRunContext! This warning can be ignored when running in bare mode.
2026-10-09 21:33:31.644 Thread 'MainThread': missing ScriptRunContext! This warning can be ignored when running in bare mode.
2026-10-09 21:33:31.644 Thread 'MainThread': missing ScriptRunContext! This warning can be ignored when running in bare mode.
2026-10-09 21:33:31.644 Thread 'MainThread': missing ScriptRunContext! This warning can be ignored when running in bare mode.
2026-10-09 21:33:31.644 Thread 'MainThread': missing ScriptRunContext! This warning can be ignored when running in bare mode.
2026-10-09 21:33:31.645 Thread 'MainThread': missing ScriptRunContext! This warning can be ignored when running in bare mode.
2026-10-09 21:33:31.645 Thread 'MainThread': missing ScriptRunContext! This warning can be ignored when running in bare mode.
2026-10-09 21:33:31.645 Thread 'MainThread': missing ScriptRunContext! This warning can be ignored when running in bare mode.
2026-10-09 21:33:31.645 Thread 'MainThread': missing ScriptRunContext! This warning can be ignored when running in bare mode.
2026-10-09 21:33:31.645 Thread 'MainThread': missing ScriptRunContext! This warning can be ignored when running in bare mode.
2026-10-09 21:33:31.645 Thread 'MainThread': missing ScriptRunContext! This warning can be ignored when running in bare mode.
2026-10-09 21:33:31.645 Thread 'MainThread': missing ScriptRunContext! This warning can be ignored when running in bare mode.
2026-10-09 21:33:31.645 Thread 'MainThread': missing ScriptRunContext! This warning can be ignored when running in bare mode.
2026-10-09 21:33:31.645 Thread 'MainThread': missing ScriptRunContext! This warning can be ignored when running in bare mode.
2026-10-09 21:33:31.646 Thread 'MainThread': missing ScriptRunContext! This warning can be ignored when running in bare mode.
2026-10-09 21:33:31.646 Thread 'MainThread': missing ScriptRunContext! This warning can be ignored when running in bare mode.
2026-10-09 21:33:31.646 Thread 'MainThread': missing ScriptRunContext! This warning can be ignored when running in bare mode.
2026-10-09 21:33:31.646 Thread 'MainThread': missing ScriptRunContext! This warning can be ignored when running in bare mode.
2026-10-09 21:33:31.646 Thread 'MainThread': missing ScriptRunContext! This warning can be ignored when running in bare mode.
2026-10-09 21:33:31.646 Thread 'MainThread': missing ScriptRunContext! This warning can be ignored when running in bare mode.
2026-10-09 21:33:31.646 Thread 'MainThread': missing ScriptRunContext! This warning can be ignored when running in bare mode.
2026-10-09 21:33:31.646 Thread 'MainThread': missing ScriptRunContext! This warning can be ignored when running in bare mode.
2026-10-09 21:33:31.646 Thread 'MainThread': missing ScriptRunContext! This warning can be ignored when running in bare mode.
2026-10-09 21:33:31.647 Thread 'MainThread': missing ScriptRunContext! This warning can be ignored when running in bare mode.
2026-10-09 21:33:31.647 Thread 'MainThread': missing ScriptRunContext! This warning can be ignored when running in bare mode.
2026-10-09 21:33:31.647 Thread 'MainThread': missing ScriptRunContext! This warning can be ignored when running in bare mode.
2026-10-09 21:33:31.647 Thread 'MainThread': missing ScriptRunContext! This warning can be ignored when running in bare mode.
2026-10-09 21:33:31.647 Thread 'MainThread': missing ScriptRunContext! This warning can be ignored when running in bare mode.
2026-10-09 21:33:31.647 Thread 'MainThread': missing ScriptRunContext! This warning can be ignored when running in bare mode.
2026-10-09 21:33:31.647 Thread 'MainThread': missing ScriptRunContext! This warning can be ignored when running in bare mode.
2026-10-09 21:33:31.647 Thread 'MainThread': missing ScriptRunContext! This warning can be ignored when running in bare mode.
2026-10-09 21:33:31.648 Thread 'MainThread': missing ScriptRunContext! This warning can be ignored when running in bare mode.
2026-10-09 21:33:31.648 Thread 'MainThread': missing ScriptRunContext! This warning can be ignored when running in bare mode.
2026-10-09 21:33:31.648 Thread 'MainThread': missing ScriptRunContext! This warning can be ignored when running in bare mode.
2026-10-09 21:33:31.648 Thread 'MainThread': missing ScriptRunContext! This warning can be ignored when running in bare mode.
2026-10-09 21:33:31.648 Thread 'MainThread': missing ScriptRunContext! This warning can be ignored when running in bare mode.
2026-10-09 21:33:31.648 Thread 'MainThread': missing ScriptRunContext! This warning can be ignored when running in bare mode.
2026-10-09 21:33:31.648 Thread 'MainThread': missing ScriptRunContext! This warning can be ignored when running in bare mode.
2026-10-09 21:33:31.671 Thread 'MainThread': missing ScriptRunContext! This warning can be ignored when running in bare mode.
2026-10-09 21:33:31.689 Thread 'MainThread': missing ScriptRunContext! This warning can be ignored when running in bare mode.
2026-10-09 21:33:31.700 Thread 'MainThread': missing ScriptRunContext! This warning can be ignored when running in bare mode.
2026-10-09 21:33:31.701 Thread 'MainThread': missing ScriptRunContext! This warning can be ignored when running in bare mode.
2026-10-09 21:33:33.559 Thread 'MainThread': missing ScriptRunContext! This warning can be ignored when running in bare mode.
2026-10-09 21:33:33.559 Thread 'MainThread': missing ScriptRunContext! This warning can be ignored when running in bare mode.
2026-10-09 21:33:33.559 Thread 'MainThread': missing ScriptRunContext! This warning can be ignored when running in bare mode.
2026-10-09 21:33:33.559 Thread 'MainThread': missing ScriptRunContext! This warning can be ignored when running in bare mode.
2026-10-09 21:33:33.559 Thread 'MainThread': missing ScriptRunContext! This warning can be ignored when running in bare mode.
2026-10-09 21:33:33.559 Thread 'MainThread': missing ScriptRunContext! This warning can be ignored when running in bare mode.
2026-10-09 21:33:33.559 Thread 'MainThread': missing ScriptRunContext! This warning can be ignored when running in bare mode.
2026-10-09 21:33:35.144 Please replace `use_container_width` with `width`.

`use_container_width` will be removed after 2025-12-31.

For `use_container_width=True`, use `width='stretch'`. For `use_container_width=False`, use `width='content'`.
2026-10-09 21:33:35.513 Please replace `use_container_width` with `width`.

`use_container_width` will be removed after 2025-12-31.

For `use_container_width=True`, use `width='stretch'`. For `use_container_width=False`, use `width='content'`.
2026-10-09 21:33:35.947 Please replace `use_container_width` with `width`.

`use_container_width` will be removed after 2025-12-31.

For `use_container_width=True`, use `width='stretch'`. For `use_container_width=False`, use `width='content'`.
2026-10-09 21:33:36.257 Thread 'MainThread': missing ScriptRunContext! This warning can be ignored when running in bare mode.
2026-10-09 21:33:36.463 Thread 'MainThread': missing ScriptRunContext! This warning can be ignored when running in bare mode.
2026-10-09 21:33:36.463 Thread 'MainThread': missing ScriptRunContext! This warning can be ignored when running in bare mode.
2026-10-09 21:33:36.463 Thread 'MainThread': missing ScriptRunContext! This warning can be ignored when running in bare mode.
2026-10-09 21:33:36.463 Thread 'MainThread': missing ScriptRunContext! This warning can be ignored when running in bare mode.
2026-10-09 21:33:36.463 Thread 'MainThread': missing ScriptRunContext! This warning can be ignored when running in bare mode.
2026-10-09 21:33:36.463 Thread 'MainThread': missing ScriptRunContext! This warning can be ignored when running in bare mode.
2026-10-09 21:33:36.463 Thread 'MainThread': missing ScriptRunContext! This warning can be ignored when running in bare mode.
2026-10-09 21:33:36.463 Thread 'MainThread': missing ScriptRunContext! This warning can be ignored when running in bare mode.
2026-10-09 21:33:36.463 Thread 'MainThread': missing ScriptRunContext! This warning can be ignored when running in bare mode.
2026-10-09 21:33:36.463 Thread 'MainThread': missing ScriptRunContext! This warning can be ignored when running in bare mode.
2026-10-09 21:33:36.463 Thread 'MainThread': missing ScriptRunContext! This warning can be ignored when running in bare mode.
2026-10-09 21:33:36.463 Thread 'MainThread': missing ScriptRunContext! This warning can be ignored when running in bare mode.
2026-10-09 21:33:36.464 Thread 'MainThread': missing ScriptRunContext! This warning can be ignored when running in bare mode.
2026-10-09 21:33:36.464 Thread 'MainThread': missing ScriptRunContext! This warning can be ignored when running in bare mode.
2026-10-09 21:33:36.464 Thread 'MainThread': missing ScriptRunContext! This warning can be ignored when running in bare mode.
2026-10-09 21:33:36.464 Thread 'MainThread': missing ScriptRunContext! This warning can be ignored when running in bare mode.
2026-10-09 21:33:36.668 Thread 'MainThread': missing ScriptRunContext! This warning can be ignored when running in bare mode.
2026-10-09 21:33:36.668 Thread 'MainThread': missing ScriptRunContext! This warning can be ignored when running in bare mode.
2026-10-09 21:33:36.668 Thread 'MainThread': missing ScriptRunContext! This warning can be ignored when running in bare mode.
2026-10-09 21:33:36.668 Thread 'MainThread': missing ScriptRunContext! This warning can be ignored when running in bare mode.
2026-10-09 21:33:36.668 Thread 'MainThread': missing ScriptRunContext! This warning can be ignored when running in bare mode.
2026-10-09 21:33:36.668 Thread 'MainThread': missing ScriptRunContext! This warning can be ignored when running in bare mode.
2026-10-09 21:33:36.669 Thread 'MainThread': missing ScriptRunContext! This warning can be ignored when running in bare mode.
2026-10-09 21:33:36.669 Thread 'MainThread': missing ScriptRunContext! This warning can be ignored when running in bare mode.
2026-10-09 21:33:36.669 Thread 'MainThread': missing ScriptRunContext! This warning can be ignored when running in bare mode.
2026-10-09 21:33:36.669 Thread 'MainThread': missing ScriptRunContext! This warning can be ignored when running in bare mode.
2026-10-09 21:33:36.669 Thread 'MainThread': missing ScriptRunContext! This warning can be ignored when running in bare mode.
2026-10-09 21:33:36.669 Thread 'MainThread': missing ScriptRunContext! This warning can be ignored when running in bare mode.
2026-10-09 21:33:36.669 Thread 'MainThread': missing ScriptRunContext! This warning can be ignored when running in bare mode.
2026-10-09 21:33:36.669 Thread 'MainThread': missing ScriptRunContext! This warning can be ignored when running in bare mode.
2026-10-09 21:33:36.669 Thread 'MainThread': missing ScriptRunContext! This warning can be ignored when running in bare mode.
2026-10-09 21:33:36.669 Thread 'MainThread': missing ScriptRunContext! This warning can be ignored when running in bare mode.
2026-10-09 21:33:37.020 Thread 'MainThread': missing ScriptRunContext! This warning can be ignored when running in bare mode.
2026-10-09 21:33:37.055 Thread 'MainThread': missing ScriptRunContext! This warning can be ignored when running in bare mode.
2026-10-09 21:33:37.055 Thread 'MainThread': missing ScriptRunContext! This warning can be ignored when running in bare mode.
2026-10-09 21:33:37.055 Thread 'MainThread': missing ScriptRunContext! This warning can be ignored when running in bare mode.
2026-10-09 21:33:37.058 Thread 'MainThread': missing ScriptRunContext! This warning can be ignored when running in bare mode.
2026-10-09 21:33:37.058 Thread 'MainThread': missing ScriptRunContext! This warning can be ignored when running in bare mode.
2026-10-09 21:33:37.058 Thread 'MainThread': missing ScriptRunContext! This warning can be ignored when running in bare mode.
2026-10-09 21:33:37.443 Thread 'MainThread': missing ScriptRunContext! This warning can be ignored when running in bare mode.
Source Atlas rejected reason=atlas_version: unsupported
2026-10-09 21:33:39.560 Thread 'MainThread': missing ScriptRunContext! This warning can be ignored when running in bare mode.
2026-10-09 21:33:39.583 Thread 'MainThread': missing ScriptRunContext! This warning can be ignored when running in bare mode.
2026-10-09 21:33:39.583 Thread 'MainThread': missing ScriptRunContext! This warning can be ignored when running in bare mode.
2026-10-09 21:33:39.583 Thread 'MainThread': missing ScriptRunContext! This warning can be ignored when running in bare mode.
2026-10-09 21:33:39.585 Thread 'MainThread': missing ScriptRunContext! This warning can be ignored when running in bare mode.
2026-10-09 21:33:39.585 Thread 'MainThread': missing ScriptRunContext! This warning can be ignored when running in bare mode.
2026-10-09 21:33:39.585 Thread 'MainThread': missing ScriptRunContext! This warning can be ignored when running in bare mode.
2026-10-09 21:33:39.837 Thread 'MainThread': missing ScriptRunContext! This warning can be ignored when running in bare mode.
2026-10-09 21:33:41.476 Please replace `use_container_width` with `width`.

`use_container_width` will be removed after 2025-12-31.

For `use_container_width=True`, use `width='stretch'`. For `use_container_width=False`, use `width='content'`.
2026-10-09 21:33:41.834 Please replace `use_container_width` with `width`.

`use_container_width` will be removed after 2025-12-31.

For `use_container_width=True`, use `width='stretch'`. For `use_container_width=False`, use `width='content'`.
2026-10-09 21:33:42.862 Thread 'MainThread': missing ScriptRunContext! This warning can be ignored when running in bare mode.
2026-10-09 21:33:42.893 Thread 'MainThread': missing ScriptRunContext! This warning can be ignored when running in bare mode.
2026-10-09 21:33:42.893 Thread 'MainThread': missing ScriptRunContext! This warning can be ignored when running in bare mode.
2026-10-09 21:33:42.893 Thread 'MainThread': missing ScriptRunContext! This warning can be ignored when running in bare mode.
2026-10-09 21:33:42.896 Thread 'MainThread': missing ScriptRunContext! This warning can be ignored when running in bare mode.
2026-10-09 21:33:42.896 Thread 'MainThread': missing ScriptRunContext! This warning can be ignored when running in bare mode.
2026-10-09 21:33:42.896 Thread 'MainThread': missing ScriptRunContext! This warning can be ignored when running in bare mode.
2026-10-09 21:33:43.265 Thread 'MainThread': missing ScriptRunContext! This warning can be ignored when running in bare mode.
2026-10-09 21:33:43.265 Thread 'MainThread': missing ScriptRunContext! This warning can be ignored when running in bare mode.
2026-10-09 21:33:44.383 Thread 'MainThread': missing ScriptRunContext! This warning can be ignored when running in bare mode.
2026-10-09 21:33:44.426 Thread 'MainThread': missing ScriptRunContext! This warning can be ignored when running in bare mode.
2026-10-09 21:33:44.426 Thread 'MainThread': missing ScriptRunContext! This warning can be ignored when running in bare mode.
2026-10-09 21:33:44.426 Thread 'MainThread': missing ScriptRunContext! This warning can be ignored when running in bare mode.
2026-10-09 21:33:44.431 Thread 'MainThread': missing ScriptRunContext! This warning can be ignored when running in bare mode.
2026-10-09 21:33:44.431 Thread 'MainThread': missing ScriptRunContext! This warning can be ignored when running in bare mode.
2026-10-09 21:33:44.431 Thread 'MainThread': missing ScriptRunContext! This warning can be ignored when running in bare mode.
2026-10-09 21:33:44.786 Thread 'MainThread': missing ScriptRunContext! This warning can be ignored when running in bare mode.
2026-10-09 21:33:44.786 Thread 'MainThread': missing ScriptRunContext! This warning can be ignored when running in bare mode.
2026-10-09 21:33:47.159 Thread 'MainThread': missing ScriptRunContext! This warning can be ignored when running in bare mode.
2026-10-09 21:33:48.094 Please replace `use_container_width` with `width`.

`use_container_width` will be removed after 2025-12-31.

For `use_container_width=True`, use `width='stretch'`. For `use_container_width=False`, use `width='content'`.
2026-10-09 21:33:48.385 Please replace `use_container_width` with `width`.

`use_container_width` will be removed after 2025-12-31.

For `use_container_width=True`, use `width='stretch'`. For `use_container_width=False`, use `width='content'`.
2026-10-09 21:33:49.167 Thread 'MainThread': missing ScriptRunContext! This warning can be ignored when running in bare mode.
2026-10-09 21:33:49.167 Thread 'MainThread': missing ScriptRunContext! This warning can be ignored when running in bare mode.
2026-10-09 21:33:49.664 Thread 'MainThread': missing ScriptRunContext! This warning can be ignored when running in bare mode.
2026-10-09 21:33:49.664 Thread 'MainThread': missing ScriptRunContext! This warning can be ignored when running in bare mode.
2026-10-09 21:33:49.736 Thread 'MainThread': missing ScriptRunContext! This warning can be ignored when running in bare mode.
2026-10-09 21:33:49.736 Thread 'MainThread': missing ScriptRunContext! This warning can be ignored when running in bare mode.
2026-10-09 21:33:50.228 Thread 'MainThread': missing ScriptRunContext! This warning can be ignored when running in bare mode.
2026-10-09 21:33:50.228 Thread 'MainThread': missing ScriptRunContext! This warning can be ignored when running in bare mode.
2026-10-09 21:33:50.309 Thread 'MainThread': missing ScriptRunContext! This warning can be ignored when running in bare mode.
2026-10-09 21:33:50.309 Thread 'MainThread': missing ScriptRunContext! This warning can be ignored when running in bare mode.
2026-10-09 21:33:50.883 Thread 'MainThread': missing ScriptRunContext! This warning can be ignored when running in bare mode.
2026-10-09 21:33:50.884 Thread 'MainThread': missing ScriptRunContext! This warning can be ignored when running in bare mode.
2026-10-09 21:33:51.400 Thread 'MainThread': missing ScriptRunContext! This warning can be ignored when running in bare mode.
2026-10-09 21:33:51.400 Thread 'MainThread': missing ScriptRunContext! This warning can be ignored when running in bare mode.
2026-10-09 21:33:51.653 Thread 'MainThread': missing ScriptRunContext! This warning can be ignored when running in bare mode.
2026-10-09 21:33:51.653 Thread 'MainThread': missing ScriptRunContext! This warning can be ignored when running in bare mode.
2026-10-09 21:33:52.261 Thread 'MainThread': missing ScriptRunContext! This warning can be ignored when running in bare mode.
2026-10-09 21:33:52.262 Thread 'MainThread': missing ScriptRunContext! This warning can be ignored when running in bare mode.
2026-10-09 21:33:52.887 Thread 'MainThread': missing ScriptRunContext! This warning can be ignored when running in bare mode.
2026-10-09 21:33:52.887 Thread 'MainThread': missing ScriptRunContext! This warning can be ignored when running in bare mode.
2026-10-09 21:33:52.953 Thread 'MainThread': missing ScriptRunContext! This warning can be ignored when running in bare mode.
2026-10-09 21:33:52.984 Thread 'MainThread': missing ScriptRunContext! This warning can be ignored when running in bare mode.
2026-10-09 21:33:52.984 Thread 'MainThread': missing ScriptRunContext! This warning can be ignored when running in bare mode.
2026-10-09 21:33:52.984 Thread 'MainThread': missing ScriptRunContext! This warning can be ignored when running in bare mode.
2026-10-09 21:33:52.986 Thread 'MainThread': missing ScriptRunContext! This warning can be ignored when running in bare mode.
2026-10-09 21:33:52.986 Thread 'MainThread': missing ScriptRunContext! This warning can be ignored when running in bare mode.
2026-10-09 21:33:52.986 Thread 'MainThread': missing ScriptRunContext! This warning can be ignored when running in bare mode.
2026-10-09 21:33:53.230 Thread 'MainThread': missing ScriptRunContext! This warning can be ignored when running in bare mode.
2026-10-09 21:33:53.230 Thread 'MainThread': missing ScriptRunContext! This warning can be ignored when running in bare mode.
2026-10-09 21:33:54.398 Thread 'MainThread': missing ScriptRunContext! This warning can be ignored when running in bare mode.
2026-10-09 21:33:54.427 Thread 'MainThread': missing ScriptRunContext! This warning can be ignored when running in bare mode.
2026-10-09 21:33:54.427 Thread 'MainThread': missing ScriptRunContext! This warning can be ignored when running in bare mode.
2026-10-09 21:33:54.427 Thread 'MainThread': missing ScriptRunContext! This warning can be ignored when running in bare mode.
2026-10-09 21:33:54.429 Thread 'MainThread': missing ScriptRunContext! This warning can be ignored when running in bare mode.
2026-10-09 21:33:54.429 Thread 'MainThread': missing ScriptRunContext! This warning can be ignored when running in bare mode.
2026-10-09 21:33:54.429 Thread 'MainThread': missing ScriptRunContext! This warning can be ignored when running in bare mode.
2026-10-09 21:33:54.701 Thread 'MainThread': missing ScriptRunContext! This warning can be ignored when running in bare mode.
2026-10-09 21:33:55.539 Thread 'MainThread': missing ScriptRunContext! This warning can be ignored when running in bare mode.
2026-10-09 21:33:55.570 Thread 'MainThread': missing ScriptRunContext! This warning can be ignored when running in bare mode.
2026-10-09 21:33:55.570 Thread 'MainThread': missing ScriptRunContext! This warning can be ignored when running in bare mode.
2026-10-09 21:33:55.570 Thread 'MainThread': missing ScriptRunContext! This warning can be ignored when running in bare mode.
2026-10-09 21:33:55.572 Thread 'MainThread': missing ScriptRunContext! This warning can be ignored when running in bare mode.
2026-10-09 21:33:55.572 Thread 'MainThread': missing ScriptRunContext! This warning can be ignored when running in bare mode.
2026-10-09 21:33:55.572 Thread 'MainThread': missing ScriptRunContext! This warning can be ignored when running in bare mode.
2026-10-09 21:33:55.844 Thread 'MainThread': missing ScriptRunContext! This warning can be ignored when running in bare mode.
2026-10-09 21:33:57.638 Please replace `use_container_width` with `width`.

`use_container_width` will be removed after 2025-12-31.

For `use_container_width=True`, use `width='stretch'`. For `use_container_width=False`, use `width='content'`.
2026-10-09 21:33:57.926 Please replace `use_container_width` with `width`.

`use_container_width` will be removed after 2025-12-31.

For `use_container_width=True`, use `width='stretch'`. For `use_container_width=False`, use `width='content'`.
2026-10-09 21:33:58.187 Thread 'MainThread': missing ScriptRunContext! This warning can be ignored when running in bare mode.
2026-10-09 21:33:58.221 Thread 'MainThread': missing ScriptRunContext! This warning can be ignored when running in bare mode.
2026-10-09 21:33:58.221 Thread 'MainThread': missing ScriptRunContext! This warning can be ignored when running in bare mode.
2026-10-09 21:33:58.221 Thread 'MainThread': missing ScriptRunContext! This warning can be ignored when running in bare mode.
2026-10-09 21:33:58.223 Thread 'MainThread': missing ScriptRunContext! This warning can be ignored when running in bare mode.
2026-10-09 21:33:58.224 Thread 'MainThread': missing ScriptRunContext! This warning can be ignored when running in bare mode.
2026-10-09 21:33:58.224 Thread 'MainThread': missing ScriptRunContext! This warning can be ignored when running in bare mode.
2026-10-09 21:33:58.449 Thread 'MainThread': missing ScriptRunContext! This warning can be ignored when running in bare mode.
Local document UI structure_available=False parser_available=True requested_pages=[1, 2] reason=ValueError
Local document adapter rejected counts={'requested_pages': [], 'parsed_pages': [], 'chars': {}, 'regions_produced': 0, 'normalized_regions': 0} reason=document: selected pages
Local document adapter rejected counts={'requested_pages': [], 'parsed_pages': [], 'chars': {}, 'regions_produced': 0, 'normalized_regions': 0} reason=document: selected pages
Local document adapter rejected counts={'requested_pages': [], 'parsed_pages': [], 'chars': {}, 'regions_produced': 0, 'normalized_regions': 0} reason=document: selected pages
Local document adapter rejected counts={'requested_pages': [], 'parsed_pages': [], 'chars': {}, 'regions_produced': 0, 'normalized_regions': 0} reason=document: selected pages
Local document adapter rejected counts={'requested_pages': [], 'parsed_pages': [], 'chars': {}, 'regions_produced': 0, 'normalized_regions': 0} reason=document: selected pages
Local document adapter rejected counts={'requested_pages': [3], 'parsed_pages': [], 'chars': {}, 'regions_produced': 0, 'normalized_regions': 0} reason=document: page outside PDF
Local document adapter rejected counts={'requested_pages': [1], 'parsed_pages': [1], 'chars': {1: 125}, 'regions_produced': 21, 'normalized_regions': 0} reason=document: native box
Local document adapter rejected counts={'requested_pages': [1], 'parsed_pages': [1], 'chars': {1: 17}, 'regions_produced': 1, 'normalized_regions': 0} reason=document: invalid region fields: regions[0].plain_text
Local document adapter rejected counts={'requested_pages': [1], 'parsed_pages': [1], 'chars': {1: 21}, 'regions_produced': 1, 'normalized_regions': 0} reason=document: invalid region fields: regions[0].plain_text
2026-10-09 21:34:01.398 Thread 'MainThread': missing ScriptRunContext! This warning can be ignored when running in bare mode.
2026-10-09 21:34:01.420 Thread 'MainThread': missing ScriptRunContext! This warning can be ignored when running in bare mode.
2026-10-09 21:34:01.420 Thread 'MainThread': missing ScriptRunContext! This warning can be ignored when running in bare mode.
2026-10-09 21:34:01.420 Thread 'MainThread': missing ScriptRunContext! This warning can be ignored when running in bare mode.
2026-10-09 21:34:01.422 Thread 'MainThread': missing ScriptRunContext! This warning can be ignored when running in bare mode.
2026-10-09 21:34:01.422 Thread 'MainThread': missing ScriptRunContext! This warning can be ignored when running in bare mode.
2026-10-09 21:34:01.422 Thread 'MainThread': missing ScriptRunContext! This warning can be ignored when running in bare mode.
2026-10-09 21:34:01.639 Thread 'MainThread': missing ScriptRunContext! This warning can be ignored when running in bare mode.
2026-10-09 21:34:01.639 Thread 'MainThread': missing ScriptRunContext! This warning can be ignored when running in bare mode.
2026-10-09 21:34:01.644 Thread 'MainThread': missing ScriptRunContext! This warning can be ignored when running in bare mode.
2026-10-09 21:34:01.742 Thread 'MainThread': missing ScriptRunContext! This warning can be ignored when running in bare mode.
2026-10-09 21:34:01.742 Thread 'MainThread': missing ScriptRunContext! This warning can be ignored when running in bare mode.
Local document UI structure_available=False parser_available=True requested_pages=[1] reason=document: no native text regions (no OCR)
2026-10-09 21:34:02.792 Thread 'MainThread': missing ScriptRunContext! This warning can be ignored when running in bare mode.
2026-10-09 21:34:02.815 Thread 'MainThread': missing ScriptRunContext! This warning can be ignored when running in bare mode.
2026-10-09 21:34:02.815 Thread 'MainThread': missing ScriptRunContext! This warning can be ignored when running in bare mode.
2026-10-09 21:34:02.815 Thread 'MainThread': missing ScriptRunContext! This warning can be ignored when running in bare mode.
2026-10-09 21:34:02.817 Thread 'MainThread': missing ScriptRunContext! This warning can be ignored when running in bare mode.
2026-10-09 21:34:02.817 Thread 'MainThread': missing ScriptRunContext! This warning can be ignored when running in bare mode.
2026-10-09 21:34:02.817 Thread 'MainThread': missing ScriptRunContext! This warning can be ignored when running in bare mode.
2026-10-09 21:34:03.009 Thread 'MainThread': missing ScriptRunContext! This warning can be ignored when running in bare mode.
2026-10-09 21:34:03.009 Thread 'MainThread': missing ScriptRunContext! This warning can be ignored when running in bare mode.
2026-10-09 21:34:03.013 Thread 'MainThread': missing ScriptRunContext! This warning can be ignored when running in bare mode.
2026-10-09 21:34:04.195 Thread 'MainThread': missing ScriptRunContext! This warning can be ignored when running in bare mode.
2026-10-09 21:34:04.228 Thread 'MainThread': missing ScriptRunContext! This warning can be ignored when running in bare mode.
2026-10-09 21:34:04.228 Thread 'MainThread': missing ScriptRunContext! This warning can be ignored when running in bare mode.
2026-10-09 21:34:04.228 Thread 'MainThread': missing ScriptRunContext! This warning can be ignored when running in bare mode.
2026-10-09 21:34:04.230 Thread 'MainThread': missing ScriptRunContext! This warning can be ignored when running in bare mode.
2026-10-09 21:34:04.231 Thread 'MainThread': missing ScriptRunContext! This warning can be ignored when running in bare mode.
2026-10-09 21:34:04.231 Thread 'MainThread': missing ScriptRunContext! This warning can be ignored when running in bare mode.
2026-10-09 21:34:04.449 Thread 'MainThread': missing ScriptRunContext! This warning can be ignored when running in bare mode.
2026-10-09 21:34:04.449 Thread 'MainThread': missing ScriptRunContext! This warning can be ignored when running in bare mode.
2026-10-09 21:34:04.452 Thread 'MainThread': missing ScriptRunContext! This warning can be ignored when running in bare mode.
2026-10-09 21:34:05.875 Thread 'MainThread': missing ScriptRunContext! This warning can be ignored when running in bare mode.
2026-10-09 21:34:05.910 Thread 'MainThread': missing ScriptRunContext! This warning can be ignored when running in bare mode.
2026-10-09 21:34:05.911 Thread 'MainThread': missing ScriptRunContext! This warning can be ignored when running in bare mode.
2026-10-09 21:34:05.911 Thread 'MainThread': missing ScriptRunContext! This warning can be ignored when running in bare mode.
2026-10-09 21:34:05.913 Thread 'MainThread': missing ScriptRunContext! This warning can be ignored when running in bare mode.
2026-10-09 21:34:05.913 Thread 'MainThread': missing ScriptRunContext! This warning can be ignored when running in bare mode.
2026-10-09 21:34:05.913 Thread 'MainThread': missing ScriptRunContext! This warning can be ignored when running in bare mode.
2026-10-09 21:34:06.295 Thread 'MainThread': missing ScriptRunContext! This warning can be ignored when running in bare mode.
2026-10-09 21:34:06.295 Thread 'MainThread': missing ScriptRunContext! This warning can be ignored when running in bare mode.
2026-10-09 21:34:06.300 Thread 'MainThread': missing ScriptRunContext! This warning can be ignored when running in bare mode.
2026-10-09 21:34:08.230 Thread 'MainThread': missing ScriptRunContext! This warning can be ignored when running in bare mode.
2026-10-09 21:34:08.230 Thread 'MainThread': missing ScriptRunContext! This warning can be ignored when running in bare mode.
2026-10-09 21:34:08.230 Thread 'MainThread': missing ScriptRunContext! This warning can be ignored when running in bare mode.
2026-10-09 21:34:08.230 Thread 'MainThread': missing ScriptRunContext! This warning can be ignored when running in bare mode.
2026-10-09 21:34:08.230 Thread 'MainThread': missing ScriptRunContext! This warning can be ignored when running in bare mode.
2026-10-09 21:34:08.231 Thread 'MainThread': missing ScriptRunContext! This warning can be ignored when running in bare mode.
2026-10-09 21:34:09.871 Thread 'MainThread': missing ScriptRunContext! This warning can be ignored when running in bare mode.
2026-10-09 21:34:09.871 Thread 'MainThread': missing ScriptRunContext! This warning can be ignored when running in bare mode.
2026-10-09 21:34:09.871 Thread 'MainThread': missing ScriptRunContext! This warning can be ignored when running in bare mode.
2026-10-09 21:34:09.871 Thread 'MainThread': missing ScriptRunContext! This warning can be ignored when running in bare mode.
2026-10-09 21:34:09.871 Thread 'MainThread': missing ScriptRunContext! This warning can be ignored when running in bare mode.
2026-10-09 21:34:09.871 Thread 'MainThread': missing ScriptRunContext! This warning can be ignored when running in bare mode.
2026-10-09 21:34:10.908 Thread 'MainThread': missing ScriptRunContext! This warning can be ignored when running in bare mode.
2026-10-09 21:34:11.106 Thread 'MainThread': missing ScriptRunContext! This warning can be ignored when running in bare mode.
2026-10-09 21:34:11.106 Thread 'MainThread': missing ScriptRunContext! This warning can be ignored when running in bare mode.
2026-10-09 21:34:11.106 Thread 'MainThread': missing ScriptRunContext! This warning can be ignored when running in bare mode.
2026-10-09 21:34:11.106 Thread 'MainThread': missing ScriptRunContext! This warning can be ignored when running in bare mode.
2026-10-09 21:34:11.106 Thread 'MainThread': missing ScriptRunContext! This warning can be ignored when running in bare mode.
2026-10-09 21:34:11.106 Thread 'MainThread': missing ScriptRunContext! This warning can be ignored when running in bare mode.
2026-10-09 21:34:11.237 Thread 'MainThread': missing ScriptRunContext! This warning can be ignored when running in bare mode.
2026-10-09 21:34:11.239 Thread 'MainThread': missing ScriptRunContext! This warning can be ignored when running in bare mode.
2026-10-09 21:34:11.239 Thread 'MainThread': missing ScriptRunContext! This warning can be ignored when running in bare mode.
2026-10-09 21:34:11.239 Thread 'MainThread': missing ScriptRunContext! This warning can be ignored when running in bare mode.
2026-10-09 21:34:11.240 Thread 'MainThread': missing ScriptRunContext! This warning can be ignored when running in bare mode.
2026-10-09 21:34:11.351 Thread 'MainThread': missing ScriptRunContext! This warning can be ignored when running in bare mode.
2026-10-09 21:34:11.351 Thread 'MainThread': missing ScriptRunContext! This warning can be ignored when running in bare mode.
Local document UI structure_available=False parser_available=True requested_pages=[1] reason=document: no native text regions (no OCR)
2026-10-09 21:34:13.329 Please replace `use_container_width` with `width`.

`use_container_width` will be removed after 2025-12-31.

For `use_container_width=True`, use `width='stretch'`. For `use_container_width=False`, use `width='content'`.
2026-10-09 21:34:13.341 Thread 'MainThread': missing ScriptRunContext! This warning can be ignored when running in bare mode.
2026-10-09 21:34:13.341 Thread 'MainThread': missing ScriptRunContext! This warning can be ignored when running in bare mode.
2026-10-09 21:34:13.341 Thread 'MainThread': missing ScriptRunContext! This warning can be ignored when running in bare mode.
2026-10-09 21:34:13.341 Thread 'MainThread': missing ScriptRunContext! This warning can be ignored when running in bare mode.
2026-10-09 21:34:13.342 Thread 'MainThread': missing ScriptRunContext! This warning can be ignored when running in bare mode.
2026-10-09 21:34:13.342 Thread 'MainThread': missing ScriptRunContext! This warning can be ignored when running in bare mode.
2026-10-09 21:34:13.504 Thread 'MainThread': missing ScriptRunContext! This warning can be ignored when running in bare mode.
2026-10-09 21:34:13.506 Thread 'MainThread': missing ScriptRunContext! This warning can be ignored when running in bare mode.
2026-10-09 21:34:13.506 Thread 'MainThread': missing ScriptRunContext! This warning can be ignored when running in bare mode.
2026-10-09 21:34:13.506 Thread 'MainThread': missing ScriptRunContext! This warning can be ignored when running in bare mode.
2026-10-09 21:34:13.506 Thread 'MainThread': missing ScriptRunContext! This warning can be ignored when running in bare mode.
2026-10-09 21:34:13.506 Thread 'MainThread': missing ScriptRunContext! This warning can be ignored when running in bare mode.
2026-10-09 21:34:15.233 Please replace `use_container_width` with `width`.

`use_container_width` will be removed after 2025-12-31.

For `use_container_width=True`, use `width='stretch'`. For `use_container_width=False`, use `width='content'`.
2026-10-09 21:34:15.247 Thread 'MainThread': missing ScriptRunContext! This warning can be ignored when running in bare mode.
2026-10-09 21:34:15.247 Thread 'MainThread': missing ScriptRunContext! This warning can be ignored when running in bare mode.
2026-10-09 21:34:15.247 Thread 'MainThread': missing ScriptRunContext! This warning can be ignored when running in bare mode.
2026-10-09 21:34:15.247 Thread 'MainThread': missing ScriptRunContext! This warning can be ignored when running in bare mode.
2026-10-09 21:34:15.247 Thread 'MainThread': missing ScriptRunContext! This warning can be ignored when running in bare mode.
2026-10-09 21:34:15.247 Thread 'MainThread': missing ScriptRunContext! This warning can be ignored when running in bare mode.
2026-10-09 21:34:16.049 Thread 'MainThread': missing ScriptRunContext! This warning can be ignored when running in bare mode.
2026-10-09 21:34:16.049 Thread 'MainThread': missing ScriptRunContext! This warning can be ignored when running in bare mode.
2026-10-09 21:34:16.049 Thread 'MainThread': missing ScriptRunContext! This warning can be ignored when running in bare mode.
2026-10-09 21:34:16.049 Thread 'MainThread': missing ScriptRunContext! This warning can be ignored when running in bare mode.
2026-10-09 21:34:16.049 Thread 'MainThread': missing ScriptRunContext! This warning can be ignored when running in bare mode.
2026-10-09 21:34:16.049 Thread 'MainThread': missing ScriptRunContext! This warning can be ignored when running in bare mode.
2026-10-09 21:34:17.292 Thread 'MainThread': missing ScriptRunContext! This warning can be ignored when running in bare mode.
2026-10-09 21:34:17.293 Thread 'MainThread': missing ScriptRunContext! This warning can be ignored when running in bare mode.
2026-10-09 21:34:17.293 Thread 'MainThread': missing ScriptRunContext! This warning can be ignored when running in bare mode.
2026-10-09 21:34:17.293 Thread 'MainThread': missing ScriptRunContext! This warning can be ignored when running in bare mode.
2026-10-09 21:34:17.293 Thread 'MainThread': missing ScriptRunContext! This warning can be ignored when running in bare mode.
2026-10-09 21:34:17.293 Thread 'MainThread': missing ScriptRunContext! This warning can be ignored when running in bare mode.
2026-10-09 21:34:17.293 Thread 'MainThread': missing ScriptRunContext! This warning can be ignored when running in bare mode.
2026-10-09 21:34:17.293 Thread 'MainThread': missing ScriptRunContext! This warning can be ignored when running in bare mode.
2026-10-09 21:34:18.141 Thread 'MainThread': missing ScriptRunContext! This warning can be ignored when running in bare mode.
2026-10-09 21:34:18.141 Thread 'MainThread': missing ScriptRunContext! This warning can be ignored when running in bare mode.
2026-10-09 21:34:18.141 Thread 'MainThread': missing ScriptRunContext! This warning can be ignored when running in bare mode.
2026-10-09 21:34:18.141 Thread 'MainThread': missing ScriptRunContext! This warning can be ignored when running in bare mode.
2026-10-09 21:34:18.141 Thread 'MainThread': missing ScriptRunContext! This warning can be ignored when running in bare mode.
2026-10-09 21:34:18.141 Thread 'MainThread': missing ScriptRunContext! This warning can be ignored when running in bare mode.
2026-10-09 21:34:18.272 Thread 'MainThread': missing ScriptRunContext! This warning can be ignored when running in bare mode.
2026-10-09 21:34:18.274 Thread 'MainThread': missing ScriptRunContext! This warning can be ignored when running in bare mode.
2026-10-09 21:34:18.275 Thread 'MainThread': missing ScriptRunContext! This warning can be ignored when running in bare mode.
2026-10-09 21:34:18.275 Thread 'MainThread': missing ScriptRunContext! This warning can be ignored when running in bare mode.
2026-10-09 21:34:18.275 Thread 'MainThread': missing ScriptRunContext! This warning can be ignored when running in bare mode.
2026-10-09 21:34:20.523 Please replace `use_container_width` with `width`.

`use_container_width` will be removed after 2025-12-31.

For `use_container_width=True`, use `width='stretch'`. For `use_container_width=False`, use `width='content'`.
2026-10-09 21:34:20.851 Please replace `use_container_width` with `width`.

`use_container_width` will be removed after 2025-12-31.

For `use_container_width=True`, use `width='stretch'`. For `use_container_width=False`, use `width='content'`.
2026-10-09 21:34:21.317 Thread 'MainThread': missing ScriptRunContext! This warning can be ignored when running in bare mode.
2026-10-09 21:34:21.317 Thread 'MainThread': missing ScriptRunContext! This warning can be ignored when running in bare mode.
2026-10-09 21:34:21.317 Thread 'MainThread': missing ScriptRunContext! This warning can be ignored when running in bare mode.
2026-10-09 21:34:21.317 Thread 'MainThread': missing ScriptRunContext! This warning can be ignored when running in bare mode.
2026-10-09 21:34:21.318 Thread 'MainThread': missing ScriptRunContext! This warning can be ignored when running in bare mode.
2026-10-09 21:34:21.318 Thread 'MainThread': missing ScriptRunContext! This warning can be ignored when running in bare mode.
2026-10-09 21:34:21.439 Thread 'MainThread': missing ScriptRunContext! This warning can be ignored when running in bare mode.
2026-10-09 21:34:21.440 Thread 'MainThread': missing ScriptRunContext! This warning can be ignored when running in bare mode.
2026-10-09 21:34:21.440 Thread 'MainThread': missing ScriptRunContext! This warning can be ignored when running in bare mode.
2026-10-09 21:34:21.440 Thread 'MainThread': missing ScriptRunContext! This warning can be ignored when running in bare mode.
2026-10-09 21:34:21.441 Thread 'MainThread': missing ScriptRunContext! This warning can be ignored when running in bare mode.
2026-10-09 21:34:22.817 Please replace `use_container_width` with `width`.

`use_container_width` will be removed after 2025-12-31.

For `use_container_width=True`, use `width='stretch'`. For `use_container_width=False`, use `width='content'`.
2026-10-09 21:34:23.114 Please replace `use_container_width` with `width`.

`use_container_width` will be removed after 2025-12-31.

For `use_container_width=True`, use `width='stretch'`. For `use_container_width=False`, use `width='content'`.
2026-10-09 21:34:23.912 Please replace `use_container_width` with `width`.

`use_container_width` will be removed after 2025-12-31.

For `use_container_width=True`, use `width='stretch'`. For `use_container_width=False`, use `width='content'`.
2026-10-09 21:34:23.932 Thread 'MainThread': missing ScriptRunContext! This warning can be ignored when running in bare mode.
2026-10-09 21:34:23.932 Thread 'MainThread': missing ScriptRunContext! This warning can be ignored when running in bare mode.
2026-10-09 21:34:23.932 Thread 'MainThread': missing ScriptRunContext! This warning can be ignored when running in bare mode.
2026-10-09 21:34:23.932 Thread 'MainThread': missing ScriptRunContext! This warning can be ignored when running in bare mode.
2026-10-09 21:34:23.933 Thread 'MainThread': missing ScriptRunContext! This warning can be ignored when running in bare mode.
2026-10-09 21:34:23.933 Thread 'MainThread': missing ScriptRunContext! This warning can be ignored when running in bare mode.
2026-10-09 21:34:24.078 Thread 'MainThread': missing ScriptRunContext! This warning can be ignored when running in bare mode.
2026-10-09 21:34:24.081 Thread 'MainThread': missing ScriptRunContext! This warning can be ignored when running in bare mode.
2026-10-09 21:34:24.081 Thread 'MainThread': missing ScriptRunContext! This warning can be ignored when running in bare mode.
2026-10-09 21:34:24.081 Thread 'MainThread': missing ScriptRunContext! This warning can be ignored when running in bare mode.
2026-10-09 21:34:24.082 Thread 'MainThread': missing ScriptRunContext! This warning can be ignored when running in bare mode.
2026-10-09 21:34:26.485 Please replace `use_container_width` with `width`.

`use_container_width` will be removed after 2025-12-31.

For `use_container_width=True`, use `width='stretch'`. For `use_container_width=False`, use `width='content'`.
2026-10-09 21:34:26.960 Thread 'MainThread': missing ScriptRunContext! This warning can be ignored when running in bare mode.
2026-10-09 21:34:26.960 Thread 'MainThread': missing ScriptRunContext! This warning can be ignored when running in bare mode.
2026-10-09 21:34:26.961 Thread 'MainThread': missing ScriptRunContext! This warning can be ignored when running in bare mode.
2026-10-09 21:34:26.961 Thread 'MainThread': missing ScriptRunContext! This warning can be ignored when running in bare mode.
2026-10-09 21:34:26.961 Thread 'MainThread': missing ScriptRunContext! This warning can be ignored when running in bare mode.
2026-10-09 21:34:26.961 Thread 'MainThread': missing ScriptRunContext! This warning can be ignored when running in bare mode.
2026-10-09 21:34:26.989 Thread 'MainThread': missing ScriptRunContext! This warning can be ignored when running in bare mode.
2026-10-09 21:34:26.989 Thread 'MainThread': missing ScriptRunContext! This warning can be ignored when running in bare mode.
2026-10-09 21:34:26.989 Thread 'MainThread': missing ScriptRunContext! This warning can be ignored when running in bare mode.
2026-10-09 21:34:26.989 Thread 'MainThread': missing ScriptRunContext! This warning can be ignored when running in bare mode.
2026-10-09 21:34:37.528 Thread 'MainThread': missing ScriptRunContext! This warning can be ignored when running in bare mode.
2026-10-09 21:34:37.528 Thread 'MainThread': missing ScriptRunContext! This warning can be ignored when running in bare mode.
2026-10-09 21:34:37.528 Thread 'MainThread': missing ScriptRunContext! This warning can be ignored when running in bare mode.
2026-10-09 21:34:37.528 Thread 'MainThread': missing ScriptRunContext! This warning can be ignored when running in bare mode.
2026-10-09 21:34:37.528 Thread 'MainThread': missing ScriptRunContext! This warning can be ignored when running in bare mode.
2026-10-09 21:34:37.528 Thread 'MainThread': missing ScriptRunContext! This warning can be ignored when running in bare mode.
2026-10-09 21:34:37.528 Thread 'MainThread': missing ScriptRunContext! This warning can be ignored when running in bare mode.
2026-10-09 21:34:37.528 Thread 'MainThread': missing ScriptRunContext! This warning can be ignored when running in bare mode.
2026-10-09 21:34:46.102 Thread 'MainThread': missing ScriptRunContext! This warning can be ignored when running in bare mode.
2026-10-09 21:34:46.103 Thread 'MainThread': missing ScriptRunContext! This warning can be ignored when running in bare mode.
2026-10-09 21:34:46.103 Thread 'MainThread': missing ScriptRunContext! This warning can be ignored when running in bare mode.
2026-10-09 21:34:46.103 Thread 'MainThread': missing ScriptRunContext! This warning can be ignored when running in bare mode.
2026-10-09 21:34:46.103 Thread 'MainThread': missing ScriptRunContext! This warning can be ignored when running in bare mode.
2026-10-09 21:34:46.103 Thread 'MainThread': missing ScriptRunContext! This warning can be ignored when running in bare mode.
2026-10-09 21:34:46.104 Thread 'MainThread': missing ScriptRunContext! This warning can be ignored when running in bare mode.
2026-10-09 21:34:47.095 Thread 'MainThread': missing ScriptRunContext! This warning can be ignored when running in bare mode.
2026-10-09 21:34:47.096 Thread 'MainThread': missing ScriptRunContext! This warning can be ignored when running in bare mode.
2026-10-09 21:34:47.096 Thread 'MainThread': missing ScriptRunContext! This warning can be ignored when running in bare mode.
2026-10-09 21:34:47.096 Thread 'MainThread': missing ScriptRunContext! This warning can be ignored when running in bare mode.
2026-10-09 21:34:47.096 Thread 'MainThread': missing ScriptRunContext! This warning can be ignored when running in bare mode.
2026-10-09 21:34:47.096 Thread 'MainThread': missing ScriptRunContext! This warning can be ignored when running in bare mode.
2026-10-09 21:34:47.096 Thread 'MainThread': missing ScriptRunContext! This warning can be ignored when running in bare mode.
2026-10-09 21:34:47.129 Thread 'MainThread': missing ScriptRunContext! This warning can be ignored when running in bare mode.
2026-10-09 21:34:47.129 Thread 'MainThread': missing ScriptRunContext! This warning can be ignored when running in bare mode.
2026-10-09 21:34:47.129 Thread 'MainThread': missing ScriptRunContext! This warning can be ignored when running in bare mode.
2026-10-09 21:34:47.129 Thread 'MainThread': missing ScriptRunContext! This warning can be ignored when running in bare mode.
2026-10-09 21:34:48.831 Thread 'MainThread': missing ScriptRunContext! This warning can be ignored when running in bare mode.
2026-10-09 21:34:48.831 Thread 'MainThread': missing ScriptRunContext! This warning can be ignored when running in bare mode.
2026-10-09 21:34:48.831 Thread 'MainThread': missing ScriptRunContext! This warning can be ignored when running in bare mode.
2026-10-09 21:34:48.832 Thread 'MainThread': missing ScriptRunContext! This warning can be ignored when running in bare mode.
2026-10-09 21:34:48.832 Thread 'MainThread': missing ScriptRunContext! This warning can be ignored when running in bare mode.
2026-10-09 21:34:48.832 Thread 'MainThread': missing ScriptRunContext! This warning can be ignored when running in bare mode.
2026-10-09 21:34:48.832 Thread 'MainThread': missing ScriptRunContext! This warning can be ignored when running in bare mode.
2026-10-09 21:34:51.050 Thread 'MainThread': missing ScriptRunContext! This warning can be ignored when running in bare mode.
2026-10-09 21:34:51.051 Thread 'MainThread': missing ScriptRunContext! This warning can be ignored when running in bare mode.
2026-10-09 21:34:51.051 Thread 'MainThread': missing ScriptRunContext! This warning can be ignored when running in bare mode.
2026-10-09 21:34:51.051 Thread 'MainThread': missing ScriptRunContext! This warning can be ignored when running in bare mode.
2026-10-09 21:34:51.051 Thread 'MainThread': missing ScriptRunContext! This warning can be ignored when running in bare mode.
2026-10-09 21:34:51.051 Thread 'MainThread': missing ScriptRunContext! This warning can be ignored when running in bare mode.
2026-10-09 21:34:51.051 Thread 'MainThread': missing ScriptRunContext! This warning can be ignored when running in bare mode.
Learning representation rejected stage=request code=external_failure path=$
Learning representation rejected stage=response code=incomplete path=$
Learning representation rejected stage=response code=response_bound path=$
Learning representation rejected stage=normalize code=fields path=$
Learning representation rejected stage=response code=refusal path=$
Learning representation rejected stage=request code=external_failure path=$
Learning representation rejected stage=normalize code=reference path=$.process.collections[0].semantic_id
2026-10-09 21:34:53.232 Thread 'MainThread': missing ScriptRunContext! This warning can be ignored when running in bare mode.
2026-10-09 21:34:55.899 Thread 'MainThread': missing ScriptRunContext! This warning can be ignored when running in bare mode.
2026-10-09 21:34:55.900 Thread 'MainThread': missing ScriptRunContext! This warning can be ignored when running in bare mode.
2026-10-09 21:34:55.900 Thread 'MainThread': missing ScriptRunContext! This warning can be ignored when running in bare mode.
2026-10-09 21:34:55.900 Thread 'MainThread': missing ScriptRunContext! This warning can be ignored when running in bare mode.
2026-10-09 21:34:55.900 Thread 'MainThread': missing ScriptRunContext! This warning can be ignored when running in bare mode.
2026-10-09 21:34:55.900 Thread 'MainThread': missing ScriptRunContext! This warning can be ignored when running in bare mode.
Learning representation rejected stage=normalize code=reference path=$
2026-10-09 21:34:57.480 Thread 'MainThread': missing ScriptRunContext! This warning can be ignored when running in bare mode.
2026-10-09 21:34:57.480 Thread 'MainThread': missing ScriptRunContext! This warning can be ignored when running in bare mode.
2026-10-09 21:34:57.480 Thread 'MainThread': missing ScriptRunContext! This warning can be ignored when running in bare mode.
2026-10-09 21:34:57.480 Thread 'MainThread': missing ScriptRunContext! This warning can be ignored when running in bare mode.
2026-10-09 21:34:57.480 Thread 'MainThread': missing ScriptRunContext! This warning can be ignored when running in bare mode.
2026-10-09 21:34:57.480 Thread 'MainThread': missing ScriptRunContext! This warning can be ignored when running in bare mode.
2026-10-09 21:34:57.480 Thread 'MainThread': missing ScriptRunContext! This warning can be ignored when running in bare mode.
2026-10-09 21:34:57.480 Thread 'MainThread': missing ScriptRunContext! This warning can be ignored when running in bare mode.
2026-10-09 21:34:58.130 Please replace `use_container_width` with `width`.

`use_container_width` will be removed after 2025-12-31.

For `use_container_width=True`, use `width='stretch'`. For `use_container_width=False`, use `width='content'`.
2026-10-09 21:34:58.345 Please replace `use_container_width` with `width`.

`use_container_width` will be removed after 2025-12-31.

For `use_container_width=True`, use `width='stretch'`. For `use_container_width=False`, use `width='content'`.
2026-10-09 21:34:59.045 Please replace `use_container_width` with `width`.

`use_container_width` will be removed after 2025-12-31.

For `use_container_width=True`, use `width='stretch'`. For `use_container_width=False`, use `width='content'`.
2026-10-09 21:34:59.058 Thread 'MainThread': missing ScriptRunContext! This warning can be ignored when running in bare mode.
2026-10-09 21:34:59.058 Thread 'MainThread': missing ScriptRunContext! This warning can be ignored when running in bare mode.
2026-10-09 21:34:59.058 Thread 'MainThread': missing ScriptRunContext! This warning can be ignored when running in bare mode.
2026-10-09 21:34:59.058 Thread 'MainThread': missing ScriptRunContext! This warning can be ignored when running in bare mode.
2026-10-09 21:34:59.058 Thread 'MainThread': missing ScriptRunContext! This warning can be ignored when running in bare mode.
2026-10-09 21:34:59.058 Thread 'MainThread': missing ScriptRunContext! This warning can be ignored when running in bare mode.
2026-10-09 21:34:59.058 Thread 'MainThread': missing ScriptRunContext! This warning can be ignored when running in bare mode.
2026-10-09 21:34:59.058 Thread 'MainThread': missing ScriptRunContext! This warning can be ignored when running in bare mode.
2026-10-09 21:34:59.713 Please replace `use_container_width` with `width`.

`use_container_width` will be removed after 2025-12-31.

For `use_container_width=True`, use `width='stretch'`. For `use_container_width=False`, use `width='content'`.
2026-10-09 21:34:59.922 Please replace `use_container_width` with `width`.

`use_container_width` will be removed after 2025-12-31.

For `use_container_width=True`, use `width='stretch'`. For `use_container_width=False`, use `width='content'`.
2026-10-09 21:35:00.113 Please replace `use_container_width` with `width`.

`use_container_width` will be removed after 2025-12-31.

For `use_container_width=True`, use `width='stretch'`. For `use_container_width=False`, use `width='content'`.
2026-10-09 21:35:00.137 Thread 'MainThread': missing ScriptRunContext! This warning can be ignored when running in bare mode.
2026-10-09 21:35:00.138 Thread 'MainThread': missing ScriptRunContext! This warning can be ignored when running in bare mode.
2026-10-09 21:35:00.138 Thread 'MainThread': missing ScriptRunContext! This warning can be ignored when running in bare mode.
2026-10-09 21:35:00.138 Thread 'MainThread': missing ScriptRunContext! This warning can be ignored when running in bare mode.
2026-10-09 21:35:00.138 Thread 'MainThread': missing ScriptRunContext! This warning can be ignored when running in bare mode.
2026-10-09 21:35:00.138 Thread 'MainThread': missing ScriptRunContext! This warning can be ignored when running in bare mode.
2026-10-09 21:35:00.138 Thread 'MainThread': missing ScriptRunContext! This warning can be ignored when running in bare mode.
2026-10-09 21:35:00.138 Thread 'MainThread': missing ScriptRunContext! This warning can be ignored when running in bare mode.
2026-10-09 21:35:00.138 Thread 'MainThread': missing ScriptRunContext! This warning can be ignored when running in bare mode.
2026-10-09 21:35:00.699 Please replace `use_container_width` with `width`.

`use_container_width` will be removed after 2025-12-31.

For `use_container_width=True`, use `width='stretch'`. For `use_container_width=False`, use `width='content'`.
2026-10-09 21:35:00.913 Please replace `use_container_width` with `width`.

`use_container_width` will be removed after 2025-12-31.

For `use_container_width=True`, use `width='stretch'`. For `use_container_width=False`, use `width='content'`.
2026-10-09 21:35:01.296 Please replace `use_container_width` with `width`.

`use_container_width` will be removed after 2025-12-31.

For `use_container_width=True`, use `width='stretch'`. For `use_container_width=False`, use `width='content'`.
2026-10-09 21:35:01.309 Thread 'MainThread': missing ScriptRunContext! This warning can be ignored when running in bare mode.
2026-10-09 21:35:01.309 Thread 'MainThread': missing ScriptRunContext! This warning can be ignored when running in bare mode.
2026-10-09 21:35:01.309 Thread 'MainThread': missing ScriptRunContext! This warning can be ignored when running in bare mode.
2026-10-09 21:35:01.309 Thread 'MainThread': missing ScriptRunContext! This warning can be ignored when running in bare mode.
2026-10-09 21:35:01.309 Thread 'MainThread': missing ScriptRunContext! This warning can be ignored when running in bare mode.
2026-10-09 21:35:01.309 Thread 'MainThread': missing ScriptRunContext! This warning can be ignored when running in bare mode.
2026-10-09 21:35:01.309 Thread 'MainThread': missing ScriptRunContext! This warning can be ignored when running in bare mode.
2026-10-09 21:35:01.309 Thread 'MainThread': missing ScriptRunContext! This warning can be ignored when running in bare mode.
Learning representation rejected stage=normalize code=duplicate_runtime_id path=$.process.transitions[0].id
2026-10-09 21:35:02.842 Thread 'MainThread': missing ScriptRunContext! This warning can be ignored when running in bare mode.
2026-10-09 21:35:02.842 Thread 'MainThread': missing ScriptRunContext! This warning can be ignored when running in bare mode.
2026-10-09 21:35:03.281 The widget with key "product_language" was created with a default value but also had its value set via the Session State API.
Stack (most recent call last):
  File "C:\Users\88690\AppData\Local\Python\pythoncore-3.14-64\Lib\threading.py", line 1044, in _bootstrap
    self._bootstrap_inner()
  File "C:\Users\88690\AppData\Local\Python\pythoncore-3.14-64\Lib\threading.py", line 1082, in _bootstrap_inner
    self._context.run(self.run)
  File "C:\Users\88690\AppData\Local\Python\pythoncore-3.14-64\Lib\threading.py", line 1024, in run
    self._target(*self._args, **self._kwargs)
  File "C:\Users\88690\AppData\Local\Python\pythoncore-3.14-64\Lib\site-packages\streamlit\testing\v1\local_script_runner.py", line 144, in _run_script_thread
    super()._run_script_thread()
  File "C:\Users\88690\AppData\Local\Python\pythoncore-3.14-64\Lib\site-packages\streamlit\runtime\scriptrunner\script_runner.py", line 423, in _run_script_thread
    self._run_script(request.rerun_data)
  File "C:\Users\88690\AppData\Local\Python\pythoncore-3.14-64\Lib\site-packages\streamlit\runtime\scriptrunner\script_runner.py", line 934, in _run_script
    ) = exec_func_with_error_handling(code_to_exec, ctx)
  File "C:\Users\88690\AppData\Local\Python\pythoncore-3.14-64\Lib\site-packages\streamlit\runtime\scriptrunner\exec_code.py", line 136, in exec_func_with_error_handling
    result = func()
  File "C:\Users\88690\AppData\Local\Python\pythoncore-3.14-64\Lib\site-packages\streamlit\runtime\scriptrunner\script_runner.py", line 909, in code_to_exec
    exec(code, module.__dict__)  # noqa: S102
  File "D:\Projects\visual-learning-lab\tests\manual_day23.py", line 42, in <module>
    runpy.run_path(str(ROOT / "app.py"), run_name="__main__")
  File "<frozen runpy>", line 294, in run_path
  File "<frozen runpy>", line 98, in _run_module_code
  File "<frozen runpy>", line 88, in _run_code
  File "D:\Projects\visual-learning-lab\app.py", line 2788, in <module>
    render_header()
  File "D:\Projects\visual-learning-lab\presentation.py", line 101, in render_header
    st.selectbox("語言 / Language", options=list(LANGUAGE_NAMES),
  File "C:\Users\88690\AppData\Local\Python\pythoncore-3.14-64\Lib\site-packages\streamlit\runtime\metrics_util.py", line 725, in wrapped_func
    result = non_optional_func(*args, **kwargs)
  File "C:\Users\88690\AppData\Local\Python\pythoncore-3.14-64\Lib\site-packages\streamlit\elements\widgets\selectbox.py", line 636, in selectbox
    return self._selectbox(
  File "C:\Users\88690\AppData\Local\Python\pythoncore-3.14-64\Lib\site-packages\streamlit\elements\widgets\selectbox.py", line 685, in _selectbox
    check_widget_policies(
  File "C:\Users\88690\AppData\Local\Python\pythoncore-3.14-64\Lib\site-packages\streamlit\elements\lib\policies.py", line 146, in check_widget_policies
    check_session_state_rules(
  File "C:\Users\88690\AppData\Local\Python\pythoncore-3.14-64\Lib\site-packages\streamlit\elements\lib\policies.py", line 90, in check_session_state_rules
    _LOGGER.warning(
2026-10-09 21:35:03.316 Please replace `use_container_width` with `width`.

`use_container_width` will be removed after 2025-12-31.

For `use_container_width=True`, use `width='stretch'`. For `use_container_width=False`, use `width='content'`.
2026-10-09 21:35:03.329 Thread 'MainThread': missing ScriptRunContext! This warning can be ignored when running in bare mode.
2026-10-09 21:35:03.329 Thread 'MainThread': missing ScriptRunContext! This warning can be ignored when running in bare mode.
2026-10-09 21:35:03.849 Thread 'MainThread': missing ScriptRunContext! This warning can be ignored when running in bare mode.
2026-10-09 21:35:03.849 Thread 'MainThread': missing ScriptRunContext! This warning can be ignored when running in bare mode.
2026-10-09 21:35:04.494 Thread 'MainThread': missing ScriptRunContext! This warning can be ignored when running in bare mode.
2026-10-09 21:35:04.925 Please replace `use_container_width` with `width`.

`use_container_width` will be removed after 2025-12-31.

For `use_container_width=True`, use `width='stretch'`. For `use_container_width=False`, use `width='content'`.
2026-10-09 21:35:04.939 Thread 'MainThread': missing ScriptRunContext! This warning can be ignored when running in bare mode.
2026-10-09 21:35:04.939 Thread 'MainThread': missing ScriptRunContext! This warning can be ignored when running in bare mode.
2026-10-09 21:35:04.939 Thread 'MainThread': missing ScriptRunContext! This warning can be ignored when running in bare mode.
2026-10-09 21:35:04.939 Thread 'MainThread': missing ScriptRunContext! This warning can be ignored when running in bare mode.
2026-10-09 21:35:04.939 Thread 'MainThread': missing ScriptRunContext! This warning can be ignored when running in bare mode.
2026-10-09 21:35:04.939 Thread 'MainThread': missing ScriptRunContext! This warning can be ignored when running in bare mode.
2026-10-09 21:35:04.940 Thread 'MainThread': missing ScriptRunContext! This warning can be ignored when running in bare mode.
2026-10-09 21:35:04.940 Thread 'MainThread': missing ScriptRunContext! This warning can be ignored when running in bare mode.
2026-10-09 21:35:04.940 Thread 'MainThread': missing ScriptRunContext! This warning can be ignored when running in bare mode.
2026-10-09 21:35:04.940 Thread 'MainThread': missing ScriptRunContext! This warning can be ignored when running in bare mode.
2026-10-09 21:35:04.940 Thread 'MainThread': missing ScriptRunContext! This warning can be ignored when running in bare mode.
2026-10-09 21:35:04.940 Thread 'MainThread': missing ScriptRunContext! This warning can be ignored when running in bare mode.
2026-10-09 21:35:04.940 Thread 'MainThread': missing ScriptRunContext! This warning can be ignored when running in bare mode.
2026-10-09 21:35:04.940 Thread 'MainThread': missing ScriptRunContext! This warning can be ignored when running in bare mode.
2026-10-09 21:35:04.940 Thread 'MainThread': missing ScriptRunContext! This warning can be ignored when running in bare mode.
2026-10-09 21:35:04.940 Thread 'MainThread': missing ScriptRunContext! This warning can be ignored when running in bare mode.
2026-10-09 21:35:04.940 Thread 'MainThread': missing ScriptRunContext! This warning can be ignored when running in bare mode.
2026-10-09 21:35:04.940 Thread 'MainThread': missing ScriptRunContext! This warning can be ignored when running in bare mode.
2026-10-09 21:35:04.940 Thread 'MainThread': missing ScriptRunContext! This warning can be ignored when running in bare mode.
2026-10-09 21:35:04.940 Thread 'MainThread': missing ScriptRunContext! This warning can be ignored when running in bare mode.
2026-10-09 21:35:04.940 Thread 'MainThread': missing ScriptRunContext! This warning can be ignored when running in bare mode.
2026-10-09 21:35:04.940 Thread 'MainThread': missing ScriptRunContext! This warning can be ignored when running in bare mode.
2026-10-09 21:35:04.940 Thread 'MainThread': missing ScriptRunContext! This warning can be ignored when running in bare mode.
2026-10-09 21:35:04.941 Thread 'MainThread': missing ScriptRunContext! This warning can be ignored when running in bare mode.
2026-10-09 21:35:04.941 Thread 'MainThread': missing ScriptRunContext! This warning can be ignored when running in bare mode.
2026-10-09 21:35:04.941 Thread 'MainThread': missing ScriptRunContext! This warning can be ignored when running in bare mode.
2026-10-09 21:35:04.941 Thread 'MainThread': missing ScriptRunContext! This warning can be ignored when running in bare mode.
2026-10-09 21:35:04.941 Thread 'MainThread': missing ScriptRunContext! This warning can be ignored when running in bare mode.
2026-10-09 21:35:04.941 Thread 'MainThread': missing ScriptRunContext! This warning can be ignored when running in bare mode.
2026-10-09 21:35:04.941 Thread 'MainThread': missing ScriptRunContext! This warning can be ignored when running in bare mode.
2026-10-09 21:35:04.941 Thread 'MainThread': missing ScriptRunContext! This warning can be ignored when running in bare mode.
2026-10-09 21:35:04.941 Thread 'MainThread': missing ScriptRunContext! This warning can be ignored when running in bare mode.
2026-10-09 21:35:04.941 Thread 'MainThread': missing ScriptRunContext! This warning can be ignored when running in bare mode.
2026-10-09 21:35:04.941 Thread 'MainThread': missing ScriptRunContext! This warning can be ignored when running in bare mode.
2026-10-09 21:35:04.941 Thread 'MainThread': missing ScriptRunContext! This warning can be ignored when running in bare mode.
2026-10-09 21:35:04.941 Thread 'MainThread': missing ScriptRunContext! This warning can be ignored when running in bare mode.
2026-10-09 21:35:04.941 Thread 'MainThread': missing ScriptRunContext! This warning can be ignored when running in bare mode.
2026-10-09 21:35:04.941 Thread 'MainThread': missing ScriptRunContext! This warning can be ignored when running in bare mode.
2026-10-09 21:35:04.941 Thread 'MainThread': missing ScriptRunContext! This warning can be ignored when running in bare mode.
2026-10-09 21:35:04.941 Thread 'MainThread': missing ScriptRunContext! This warning can be ignored when running in bare mode.
2026-10-09 21:35:04.942 Thread 'MainThread': missing ScriptRunContext! This warning can be ignored when running in bare mode.
2026-10-09 21:35:04.942 Thread 'MainThread': missing ScriptRunContext! This warning can be ignored when running in bare mode.
2026-10-09 21:35:04.942 Thread 'MainThread': missing ScriptRunContext! This warning can be ignored when running in bare mode.
2026-10-09 21:35:04.942 Thread 'MainThread': missing ScriptRunContext! This warning can be ignored when running in bare mode.
2026-10-09 21:35:04.942 Thread 'MainThread': missing ScriptRunContext! This warning can be ignored when running in bare mode.
2026-10-09 21:35:04.942 Thread 'MainThread': missing ScriptRunContext! This warning can be ignored when running in bare mode.
2026-10-09 21:35:05.064 Thread 'MainThread': missing ScriptRunContext! This warning can be ignored when running in bare mode.
2026-10-09 21:35:05.064 Thread 'MainThread': missing ScriptRunContext! This warning can be ignored when running in bare mode.
2026-10-09 21:35:05.064 Thread 'MainThread': missing ScriptRunContext! This warning can be ignored when running in bare mode.
2026-10-09 21:35:05.064 Thread 'MainThread': missing ScriptRunContext! This warning can be ignored when running in bare mode.
2026-10-09 21:35:05.064 Thread 'MainThread': missing ScriptRunContext! This warning can be ignored when running in bare mode.
2026-10-09 21:35:05.064 Thread 'MainThread': missing ScriptRunContext! This warning can be ignored when running in bare mode.
2026-10-09 21:35:05.064 Thread 'MainThread': missing ScriptRunContext! This warning can be ignored when running in bare mode.
2026-10-09 21:35:05.065 Thread 'MainThread': missing ScriptRunContext! This warning can be ignored when running in bare mode.
2026-10-09 21:35:05.065 Thread 'MainThread': missing ScriptRunContext! This warning can be ignored when running in bare mode.
2026-10-09 21:35:07.088 Thread 'MainThread': missing ScriptRunContext! This warning can be ignored when running in bare mode.
2026-10-09 21:35:07.088 Thread 'MainThread': missing ScriptRunContext! This warning can be ignored when running in bare mode.
2026-10-09 21:35:07.088 Thread 'MainThread': missing ScriptRunContext! This warning can be ignored when running in bare mode.
2026-10-09 21:35:07.088 Thread 'MainThread': missing ScriptRunContext! This warning can be ignored when running in bare mode.
2026-10-09 21:35:07.088 Thread 'MainThread': missing ScriptRunContext! This warning can be ignored when running in bare mode.
2026-10-09 21:35:07.088 Thread 'MainThread': missing ScriptRunContext! This warning can be ignored when running in bare mode.
2026-10-09 21:35:07.088 Thread 'MainThread': missing ScriptRunContext! This warning can be ignored when running in bare mode.
2026-10-09 21:35:07.088 Thread 'MainThread': missing ScriptRunContext! This warning can be ignored when running in bare mode.
2026-10-09 21:35:07.089 Thread 'MainThread': missing ScriptRunContext! This warning can be ignored when running in bare mode.
2026-10-09 21:35:07.966 Thread 'MainThread': missing ScriptRunContext! This warning can be ignored when running in bare mode.
2026-10-09 21:35:07.966 Thread 'MainThread': missing ScriptRunContext! This warning can be ignored when running in bare mode.
2026-10-09 21:35:09.316 Thread 'MainThread': missing ScriptRunContext! This warning can be ignored when running in bare mode.
2026-10-09 21:35:09.317 Thread 'MainThread': missing ScriptRunContext! This warning can be ignored when running in bare mode.
2026-10-09 21:35:10.047 Thread 'MainThread': missing ScriptRunContext! This warning can be ignored when running in bare mode.
2026-10-09 21:35:10.047 Thread 'MainThread': missing ScriptRunContext! This warning can be ignored when running in bare mode.
2026-10-09 21:35:10.526 Please replace `use_container_width` with `width`.

`use_container_width` will be removed after 2025-12-31.

For `use_container_width=True`, use `width='stretch'`. For `use_container_width=False`, use `width='content'`.
2026-10-09 21:35:10.556 Please replace `use_container_width` with `width`.

`use_container_width` will be removed after 2025-12-31.

For `use_container_width=True`, use `width='stretch'`. For `use_container_width=False`, use `width='content'`.
2026-10-09 21:35:10.638 Please replace `use_container_width` with `width`.

`use_container_width` will be removed after 2025-12-31.

For `use_container_width=True`, use `width='stretch'`. For `use_container_width=False`, use `width='content'`.
2026-10-09 21:35:10.668 Please replace `use_container_width` with `width`.

`use_container_width` will be removed after 2025-12-31.

For `use_container_width=True`, use `width='stretch'`. For `use_container_width=False`, use `width='content'`.
2026-10-09 21:35:10.835 Please replace `use_container_width` with `width`.

`use_container_width` will be removed after 2025-12-31.

For `use_container_width=True`, use `width='stretch'`. For `use_container_width=False`, use `width='content'`.
2026-10-09 21:35:10.863 Please replace `use_container_width` with `width`.

`use_container_width` will be removed after 2025-12-31.

For `use_container_width=True`, use `width='stretch'`. For `use_container_width=False`, use `width='content'`.
2026-10-09 21:35:11.030 Thread 'MainThread': missing ScriptRunContext! This warning can be ignored when running in bare mode.
2026-10-09 21:35:11.030 Thread 'MainThread': missing ScriptRunContext! This warning can be ignored when running in bare mode.
2026-10-09 21:35:11.030 Thread 'MainThread': missing ScriptRunContext! This warning can be ignored when running in bare mode.
2026-10-09 21:35:11.030 Thread 'MainThread': missing ScriptRunContext! This warning can be ignored when running in bare mode.
2026-10-09 21:35:11.030 Thread 'MainThread': missing ScriptRunContext! This warning can be ignored when running in bare mode.
2026-10-09 21:35:11.030 Thread 'MainThread': missing ScriptRunContext! This warning can be ignored when running in bare mode.
2026-10-09 21:35:11.030 Thread 'MainThread': missing ScriptRunContext! This warning can be ignored when running in bare mode.
2026-10-09 21:35:11.030 Thread 'MainThread': missing ScriptRunContext! This warning can be ignored when running in bare mode.
2026-10-09 21:35:11.031 Thread 'MainThread': missing ScriptRunContext! This warning can be ignored when running in bare mode.
2026-10-09 21:35:11.031 Thread 'MainThread': missing ScriptRunContext! This warning can be ignored when running in bare mode.
2026-10-09 21:35:11.341 Thread 'MainThread': missing ScriptRunContext! This warning can be ignored when running in bare mode.
2026-10-09 21:35:11.341 Thread 'MainThread': missing ScriptRunContext! This warning can be ignored when running in bare mode.
2026-10-09 21:35:11.341 Thread 'MainThread': missing ScriptRunContext! This warning can be ignored when running in bare mode.
2026-10-09 21:35:11.341 Thread 'MainThread': missing ScriptRunContext! This warning can be ignored when running in bare mode.
2026-10-09 21:35:11.341 Thread 'MainThread': missing ScriptRunContext! This warning can be ignored when running in bare mode.
2026-10-09 21:35:11.341 Thread 'MainThread': missing ScriptRunContext! This warning can be ignored when running in bare mode.
2026-10-09 21:35:11.342 Thread 'MainThread': missing ScriptRunContext! This warning can be ignored when running in bare mode.
2026-10-09 21:35:11.342 Thread 'MainThread': missing ScriptRunContext! This warning can be ignored when running in bare mode.
2026-10-09 21:35:11.342 Thread 'MainThread': missing ScriptRunContext! This warning can be ignored when running in bare mode.
2026-10-09 21:35:11.342 Thread 'MainThread': missing ScriptRunContext! This warning can be ignored when running in bare mode.
2026-10-09 21:35:11.390 Thread 'MainThread': missing ScriptRunContext! This warning can be ignored when running in bare mode.
2026-10-09 21:35:11.390 Thread 'MainThread': missing ScriptRunContext! This warning can be ignored when running in bare mode.
2026-10-09 21:35:11.390 Thread 'MainThread': missing ScriptRunContext! This warning can be ignored when running in bare mode.
2026-10-09 21:35:11.390 Thread 'MainThread': missing ScriptRunContext! This warning can be ignored when running in bare mode.
2026-10-09 21:35:11.390 Thread 'MainThread': missing ScriptRunContext! This warning can be ignored when running in bare mode.
2026-10-09 21:35:11.390 Thread 'MainThread': missing ScriptRunContext! This warning can be ignored when running in bare mode.
2026-10-09 21:35:11.390 Thread 'MainThread': missing ScriptRunContext! This warning can be ignored when running in bare mode.
2026-10-09 21:35:11.390 Thread 'MainThread': missing ScriptRunContext! This warning can be ignored when running in bare mode.
2026-10-09 21:35:11.390 Thread 'MainThread': missing ScriptRunContext! This warning can be ignored when running in bare mode.
2026-10-09 21:35:11.391 Thread 'MainThread': missing ScriptRunContext! This warning can be ignored when running in bare mode.
2026-10-09 21:35:12.078 Thread 'MainThread': missing ScriptRunContext! This warning can be ignored when running in bare mode.
2026-10-09 21:35:12.078 Thread 'MainThread': missing ScriptRunContext! This warning can be ignored when running in bare mode.
2026-10-09 21:35:12.078 Thread 'MainThread': missing ScriptRunContext! This warning can be ignored when running in bare mode.
2026-10-09 21:35:12.078 Thread 'MainThread': missing ScriptRunContext! This warning can be ignored when running in bare mode.
2026-10-09 21:35:12.078 Thread 'MainThread': missing ScriptRunContext! This warning can be ignored when running in bare mode.
2026-10-09 21:35:12.078 Thread 'MainThread': missing ScriptRunContext! This warning can be ignored when running in bare mode.
2026-10-09 21:35:12.078 Thread 'MainThread': missing ScriptRunContext! This warning can be ignored when running in bare mode.
2026-10-09 21:35:12.078 Thread 'MainThread': missing ScriptRunContext! This warning can be ignored when running in bare mode.
2026-10-09 21:35:12.079 Thread 'MainThread': missing ScriptRunContext! This warning can be ignored when running in bare mode.
2026-10-09 21:35:12.079 Thread 'MainThread': missing ScriptRunContext! This warning can be ignored when running in bare mode.
2026-10-09 21:35:12.124 Thread 'MainThread': missing ScriptRunContext! This warning can be ignored when running in bare mode.
2026-10-09 21:35:12.125 Thread 'MainThread': missing ScriptRunContext! This warning can be ignored when running in bare mode.
2026-10-09 21:35:12.125 Thread 'MainThread': missing ScriptRunContext! This warning can be ignored when running in bare mode.
2026-10-09 21:35:12.125 Thread 'MainThread': missing ScriptRunContext! This warning can be ignored when running in bare mode.
2026-10-09 21:35:12.125 Thread 'MainThread': missing ScriptRunContext! This warning can be ignored when running in bare mode.
2026-10-09 21:35:12.125 Thread 'MainThread': missing ScriptRunContext! This warning can be ignored when running in bare mode.
2026-10-09 21:35:12.125 Thread 'MainThread': missing ScriptRunContext! This warning can be ignored when running in bare mode.
2026-10-09 21:35:12.125 Thread 'MainThread': missing ScriptRunContext! This warning can be ignored when running in bare mode.
2026-10-09 21:35:12.125 Thread 'MainThread': missing ScriptRunContext! This warning can be ignored when running in bare mode.
2026-10-09 21:35:12.125 Thread 'MainThread': missing ScriptRunContext! This warning can be ignored when running in bare mode.
2026-10-09 21:35:12.288 Thread 'MainThread': missing ScriptRunContext! This warning can be ignored when running in bare mode.
2026-10-09 21:35:12.288 Thread 'MainThread': missing ScriptRunContext! This warning can be ignored when running in bare mode.
2026-10-09 21:35:12.289 Thread 'MainThread': missing ScriptRunContext! This warning can be ignored when running in bare mode.
2026-10-09 21:35:12.289 Thread 'MainThread': missing ScriptRunContext! This warning can be ignored when running in bare mode.
2026-10-09 21:35:12.289 Thread 'MainThread': missing ScriptRunContext! This warning can be ignored when running in bare mode.
2026-10-09 21:35:12.289 Thread 'MainThread': missing ScriptRunContext! This warning can be ignored when running in bare mode.
2026-10-09 21:35:12.289 Thread 'MainThread': missing ScriptRunContext! This warning can be ignored when running in bare mode.
2026-10-09 21:35:12.289 Thread 'MainThread': missing ScriptRunContext! This warning can be ignored when running in bare mode.
2026-10-09 21:35:12.289 Thread 'MainThread': missing ScriptRunContext! This warning can be ignored when running in bare mode.
2026-10-09 21:35:12.289 Thread 'MainThread': missing ScriptRunContext! This warning can be ignored when running in bare mode.
2026-10-09 21:35:12.295 Thread 'MainThread': missing ScriptRunContext! This warning can be ignored when running in bare mode.
2026-10-09 21:35:12.295 Thread 'MainThread': missing ScriptRunContext! This warning can be ignored when running in bare mode.
2026-10-09 21:35:12.295 Thread 'MainThread': missing ScriptRunContext! This warning can be ignored when running in bare mode.
2026-10-09 21:35:12.295 Thread 'MainThread': missing ScriptRunContext! This warning can be ignored when running in bare mode.
2026-10-09 21:35:12.295 Thread 'MainThread': missing ScriptRunContext! This warning can be ignored when running in bare mode.
2026-10-09 21:35:12.295 Thread 'MainThread': missing ScriptRunContext! This warning can be ignored when running in bare mode.
2026-10-09 21:35:12.295 Thread 'MainThread': missing ScriptRunContext! This warning can be ignored when running in bare mode.
2026-10-09 21:35:12.295 Thread 'MainThread': missing ScriptRunContext! This warning can be ignored when running in bare mode.
2026-10-09 21:35:12.295 Thread 'MainThread': missing ScriptRunContext! This warning can be ignored when running in bare mode.
2026-10-09 21:35:12.295 Thread 'MainThread': missing ScriptRunContext! This warning can be ignored when running in bare mode.
2026-10-09 21:35:12.301 Thread 'MainThread': missing ScriptRunContext! This warning can be ignored when running in bare mode.
2026-10-09 21:35:12.301 Thread 'MainThread': missing ScriptRunContext! This warning can be ignored when running in bare mode.
2026-10-09 21:35:12.302 Thread 'MainThread': missing ScriptRunContext! This warning can be ignored when running in bare mode.
2026-10-09 21:35:12.302 Thread 'MainThread': missing ScriptRunContext! This warning can be ignored when running in bare mode.
2026-10-09 21:35:12.302 Thread 'MainThread': missing ScriptRunContext! This warning can be ignored when running in bare mode.
2026-10-09 21:35:12.302 Thread 'MainThread': missing ScriptRunContext! This warning can be ignored when running in bare mode.
2026-10-09 21:35:12.302 Thread 'MainThread': missing ScriptRunContext! This warning can be ignored when running in bare mode.
2026-10-09 21:35:12.302 Thread 'MainThread': missing ScriptRunContext! This warning can be ignored when running in bare mode.
2026-10-09 21:35:12.302 Thread 'MainThread': missing ScriptRunContext! This warning can be ignored when running in bare mode.
2026-10-09 21:35:12.302 Thread 'MainThread': missing ScriptRunContext! This warning can be ignored when running in bare mode.
2026-10-09 21:35:12.308 Thread 'MainThread': missing ScriptRunContext! This warning can be ignored when running in bare mode.
2026-10-09 21:35:12.308 Thread 'MainThread': missing ScriptRunContext! This warning can be ignored when running in bare mode.
2026-10-09 21:35:12.308 Thread 'MainThread': missing ScriptRunContext! This warning can be ignored when running in bare mode.
2026-10-09 21:35:12.308 Thread 'MainThread': missing ScriptRunContext! This warning can be ignored when running in bare mode.
2026-10-09 21:35:12.308 Thread 'MainThread': missing ScriptRunContext! This warning can be ignored when running in bare mode.
2026-10-09 21:35:12.308 Thread 'MainThread': missing ScriptRunContext! This warning can be ignored when running in bare mode.
2026-10-09 21:35:12.308 Thread 'MainThread': missing ScriptRunContext! This warning can be ignored when running in bare mode.
2026-10-09 21:35:12.309 Thread 'MainThread': missing ScriptRunContext! This warning can be ignored when running in bare mode.
2026-10-09 21:35:12.309 Thread 'MainThread': missing ScriptRunContext! This warning can be ignored when running in bare mode.
2026-10-09 21:35:12.309 Thread 'MainThread': missing ScriptRunContext! This warning can be ignored when running in bare mode.
2026-10-09 21:35:12.315 Thread 'MainThread': missing ScriptRunContext! This warning can be ignored when running in bare mode.
2026-10-09 21:35:12.315 Thread 'MainThread': missing ScriptRunContext! This warning can be ignored when running in bare mode.
2026-10-09 21:35:12.315 Thread 'MainThread': missing ScriptRunContext! This warning can be ignored when running in bare mode.
2026-10-09 21:35:12.315 Thread 'MainThread': missing ScriptRunContext! This warning can be ignored when running in bare mode.
2026-10-09 21:35:12.315 Thread 'MainThread': missing ScriptRunContext! This warning can be ignored when running in bare mode.
2026-10-09 21:35:12.315 Thread 'MainThread': missing ScriptRunContext! This warning can be ignored when running in bare mode.
2026-10-09 21:35:12.315 Thread 'MainThread': missing ScriptRunContext! This warning can be ignored when running in bare mode.
2026-10-09 21:35:12.315 Thread 'MainThread': missing ScriptRunContext! This warning can be ignored when running in bare mode.
2026-10-09 21:35:12.315 Thread 'MainThread': missing ScriptRunContext! This warning can be ignored when running in bare mode.
2026-10-09 21:35:12.316 Thread 'MainThread': missing ScriptRunContext! This warning can be ignored when running in bare mode.
2026-10-09 21:35:13.075 Thread 'MainThread': missing ScriptRunContext! This warning can be ignored when running in bare mode.
2026-10-09 21:35:13.075 Thread 'MainThread': missing ScriptRunContext! This warning can be ignored when running in bare mode.
2026-10-09 21:35:13.075 Thread 'MainThread': missing ScriptRunContext! This warning can be ignored when running in bare mode.
2026-10-09 21:35:13.075 Thread 'MainThread': missing ScriptRunContext! This warning can be ignored when running in bare mode.
2026-10-09 21:35:13.075 Thread 'MainThread': missing ScriptRunContext! This warning can be ignored when running in bare mode.
2026-10-09 21:35:13.075 Thread 'MainThread': missing ScriptRunContext! This warning can be ignored when running in bare mode.
2026-10-09 21:35:13.076 Thread 'MainThread': missing ScriptRunContext! This warning can be ignored when running in bare mode.
2026-10-09 21:35:13.076 Thread 'MainThread': missing ScriptRunContext! This warning can be ignored when running in bare mode.
2026-10-09 21:35:13.076 Thread 'MainThread': missing ScriptRunContext! This warning can be ignored when running in bare mode.
2026-10-09 21:35:13.076 Thread 'MainThread': missing ScriptRunContext! This warning can be ignored when running in bare mode.
2026-10-09 21:35:13.127 Thread 'MainThread': missing ScriptRunContext! This warning can be ignored when running in bare mode.
2026-10-09 21:35:13.128 Thread 'MainThread': missing ScriptRunContext! This warning can be ignored when running in bare mode.
2026-10-09 21:35:13.128 Thread 'MainThread': missing ScriptRunContext! This warning can be ignored when running in bare mode.
2026-10-09 21:35:13.128 Thread 'MainThread': missing ScriptRunContext! This warning can be ignored when running in bare mode.
2026-10-09 21:35:13.128 Thread 'MainThread': missing ScriptRunContext! This warning can be ignored when running in bare mode.
2026-10-09 21:35:13.128 Thread 'MainThread': missing ScriptRunContext! This warning can be ignored when running in bare mode.
2026-10-09 21:35:13.128 Thread 'MainThread': missing ScriptRunContext! This warning can be ignored when running in bare mode.
2026-10-09 21:35:13.128 Thread 'MainThread': missing ScriptRunContext! This warning can be ignored when running in bare mode.
2026-10-09 21:35:13.128 Thread 'MainThread': missing ScriptRunContext! This warning can be ignored when running in bare mode.
2026-10-09 21:35:13.128 Thread 'MainThread': missing ScriptRunContext! This warning can be ignored when running in bare mode.
2026-10-09 21:35:13.510 Thread 'MainThread': missing ScriptRunContext! This warning can be ignored when running in bare mode.
2026-10-09 21:35:13.510 Thread 'MainThread': missing ScriptRunContext! This warning can be ignored when running in bare mode.
2026-10-09 21:35:13.510 Thread 'MainThread': missing ScriptRunContext! This warning can be ignored when running in bare mode.
2026-10-09 21:35:13.510 Thread 'MainThread': missing ScriptRunContext! This warning can be ignored when running in bare mode.
2026-10-09 21:35:13.510 Thread 'MainThread': missing ScriptRunContext! This warning can be ignored when running in bare mode.
2026-10-09 21:35:13.510 Thread 'MainThread': missing ScriptRunContext! This warning can be ignored when running in bare mode.
2026-10-09 21:35:13.510 Thread 'MainThread': missing ScriptRunContext! This warning can be ignored when running in bare mode.
2026-10-09 21:35:13.510 Thread 'MainThread': missing ScriptRunContext! This warning can be ignored when running in bare mode.
2026-10-09 21:35:13.510 Thread 'MainThread': missing ScriptRunContext! This warning can be ignored when running in bare mode.
2026-10-09 21:35:13.510 Thread 'MainThread': missing ScriptRunContext! This warning can be ignored when running in bare mode.
2026-10-09 21:35:14.013 Thread 'MainThread': missing ScriptRunContext! This warning can be ignored when running in bare mode.
2026-10-09 21:35:14.869 Please replace `use_container_width` with `width`.

`use_container_width` will be removed after 2025-12-31.

For `use_container_width=True`, use `width='stretch'`. For `use_container_width=False`, use `width='content'`.
2026-10-09 21:35:15.017 Please replace `use_container_width` with `width`.

`use_container_width` will be removed after 2025-12-31.

For `use_container_width=True`, use `width='stretch'`. For `use_container_width=False`, use `width='content'`.
2026-10-09 21:35:15.204 Please replace `use_container_width` with `width`.

`use_container_width` will be removed after 2025-12-31.

For `use_container_width=True`, use `width='stretch'`. For `use_container_width=False`, use `width='content'`.
2026-10-09 21:35:15.430 Please replace `use_container_width` with `width`.

`use_container_width` will be removed after 2025-12-31.

For `use_container_width=True`, use `width='stretch'`. For `use_container_width=False`, use `width='content'`.
2026-10-09 21:35:15.618 Please replace `use_container_width` with `width`.

`use_container_width` will be removed after 2025-12-31.

For `use_container_width=True`, use `width='stretch'`. For `use_container_width=False`, use `width='content'`.
2026-10-09 21:35:15.627 Thread 'MainThread': missing ScriptRunContext! This warning can be ignored when running in bare mode.
2026-10-09 21:35:16.274 Please replace `use_container_width` with `width`.

`use_container_width` will be removed after 2025-12-31.

For `use_container_width=True`, use `width='stretch'`. For `use_container_width=False`, use `width='content'`.
2026-10-09 21:35:16.408 Please replace `use_container_width` with `width`.

`use_container_width` will be removed after 2025-12-31.

For `use_container_width=True`, use `width='stretch'`. For `use_container_width=False`, use `width='content'`.
2026-10-09 21:35:16.589 Please replace `use_container_width` with `width`.

`use_container_width` will be removed after 2025-12-31.

For `use_container_width=True`, use `width='stretch'`. For `use_container_width=False`, use `width='content'`.
2026-10-09 21:35:16.600 Thread 'MainThread': missing ScriptRunContext! This warning can be ignored when running in bare mode.
2026-10-09 21:35:17.250 Please replace `use_container_width` with `width`.

`use_container_width` will be removed after 2025-12-31.

For `use_container_width=True`, use `width='stretch'`. For `use_container_width=False`, use `width='content'`.
2026-10-09 21:35:17.883 Please replace `use_container_width` with `width`.

`use_container_width` will be removed after 2025-12-31.

For `use_container_width=True`, use `width='stretch'`. For `use_container_width=False`, use `width='content'`.
2026-10-09 21:35:17.994 Please replace `use_container_width` with `width`.

`use_container_width` will be removed after 2025-12-31.

For `use_container_width=True`, use `width='stretch'`. For `use_container_width=False`, use `width='content'`.
2026-10-09 21:35:18.488 Thread 'MainThread': missing ScriptRunContext! This warning can be ignored when running in bare mode.
2026-10-09 21:35:19.622 Please replace `use_container_width` with `width`.

`use_container_width` will be removed after 2025-12-31.

For `use_container_width=True`, use `width='stretch'`. For `use_container_width=False`, use `width='content'`.
2026-10-09 21:35:19.636 Thread 'MainThread': missing ScriptRunContext! This warning can be ignored when running in bare mode.
2026-10-09 21:35:20.623 Please replace `use_container_width` with `width`.

`use_container_width` will be removed after 2025-12-31.

For `use_container_width=True`, use `width='stretch'`. For `use_container_width=False`, use `width='content'`.
2026-10-09 21:35:20.785 Please replace `use_container_width` with `width`.

`use_container_width` will be removed after 2025-12-31.

For `use_container_width=True`, use `width='stretch'`. For `use_container_width=False`, use `width='content'`.
2026-10-09 21:35:20.868 Thread 'MainThread': missing ScriptRunContext! This warning can be ignored when running in bare mode.
2026-10-09 21:35:23.016 Please replace `use_container_width` with `width`.

`use_container_width` will be removed after 2025-12-31.

For `use_container_width=True`, use `width='stretch'`. For `use_container_width=False`, use `width='content'`.
2026-10-09 21:35:23.384 Please replace `use_container_width` with `width`.

`use_container_width` will be removed after 2025-12-31.

For `use_container_width=True`, use `width='stretch'`. For `use_container_width=False`, use `width='content'`.
2026-10-09 21:35:23.511 Thread 'MainThread': missing ScriptRunContext! This warning can be ignored when running in bare mode.
2026-10-09 21:35:25.081 Please replace `use_container_width` with `width`.

`use_container_width` will be removed after 2025-12-31.

For `use_container_width=True`, use `width='stretch'`. For `use_container_width=False`, use `width='content'`.
2026-10-09 21:35:25.296 Please replace `use_container_width` with `width`.

`use_container_width` will be removed after 2025-12-31.

For `use_container_width=True`, use `width='stretch'`. For `use_container_width=False`, use `width='content'`.
2026-10-09 21:35:25.396 Thread 'MainThread': missing ScriptRunContext! This warning can be ignored when running in bare mode.
2026-10-09 21:35:26.396 Thread 'MainThread': missing ScriptRunContext! This warning can be ignored when running in bare mode.
2026-10-09 21:35:27.540 Please replace `use_container_width` with `width`.

`use_container_width` will be removed after 2025-12-31.

For `use_container_width=True`, use `width='stretch'`. For `use_container_width=False`, use `width='content'`.
2026-10-09 21:35:27.641 Please replace `use_container_width` with `width`.

`use_container_width` will be removed after 2025-12-31.

For `use_container_width=True`, use `width='stretch'`. For `use_container_width=False`, use `width='content'`.
2026-10-09 21:35:27.719 Thread 'MainThread': missing ScriptRunContext! This warning can be ignored when running in bare mode.
2026-10-09 21:35:27.719 Thread 'MainThread': missing ScriptRunContext! This warning can be ignored when running in bare mode.
2026-10-09 21:35:27.719 Thread 'MainThread': missing ScriptRunContext! This warning can be ignored when running in bare mode.
======================================================================
FAIL: test_realistic_probability_pdf_exposes_early_localized_entry_and_collapses_relationships (test_day17.LearningSceneAppTests.test_realistic_probability_pdf_exposes_early_localized_entry_and_collapses_relationships)
----------------------------------------------------------------------
Traceback (most recent call last):
  File "D:\Projects\visual-learning-lab\tests\test_day17.py", line 338, in test_realistic_probability_pdf_exposes_early_localized_entry_and_collapses_relationships
    self.assertTrue(any("Day 20 / 30" in item.value for item in at.markdown))
    ~~~~~~~~~~~~~~~^^^^^^^^^^^^^^^^^^^^^^^^^^^^^^^^^^^^^^^^^^^^^^^^^^^^^^^^^^
AssertionError: False is not true

======================================================================
FAIL: test_normal_pdf_path_exposes_localized_cta_before_overview (test_day18.WorldProductTests.test_normal_pdf_path_exposes_localized_cta_before_overview)
----------------------------------------------------------------------
Traceback (most recent call last):
  File "D:\Projects\visual-learning-lab\tests\test_day18.py", line 375, in test_normal_pdf_path_exposes_localized_cta_before_overview
    self.assertTrue(any("Day 20 / 30" in v for v in values))
    ~~~~~~~~~~~~~~~^^^^^^^^^^^^^^^^^^^^^^^^^^^^^^^^^^^^^^^^^
AssertionError: False is not true

----------------------------------------------------------------------
Ran 431 tests in 242.092s

FAILED (failures=2)
